2025-09-26 12:08:50,840 - warehouse_app - INFO - main.py:31 - Starting Warehouse Management System v1.0.0
2025-09-26 12:08:54,371 - devices_api - INFO - devices.py:27 - Device location syncer initialized
2025-09-26 12:09:03,022 - main_window - INFO - main_window.py:122 - Dashboard widget loaded successfully
2025-09-26 12:09:03,067 - devices_api - INFO - devices.py:27 - Device location syncer initialized
2025-09-26 12:09:03,148 - device_list - INFO - device_list.py:248 - Refreshing device data...
2025-09-26 12:09:03,150 - device_list - INFO - device_list.py:268 - Loaded 12 devices from CSV
2025-09-26 12:09:03,164 - main_window - INFO - main_window.py:132 - Device Management widget loaded successfully
2025-09-26 12:09:03,463 - main_window - INFO - main_window.py:143 - Task Creation widget loaded successfully
2025-09-26 12:09:03,523 - devices_api - INFO - devices.py:27 - Device location syncer initialized
2025-09-26 12:09:03,635 - main_window - INFO - main_window.py:154 - Task Monitor widget loaded successfully
2025-09-26 12:09:03,760 - user_management - INFO - user_management.py:581 - Refreshing user data...
2025-09-26 12:09:03,762 - user_management - INFO - user_management.py:603 - Loaded 12 users from CSV
2025-09-26 12:09:03,788 - main_window - INFO - main_window.py:164 - User Management widget loaded successfully
2025-09-26 12:09:05,439 - map_management - INFO - map_management.py:53 - Map Management widget initialized
2025-09-26 12:09:05,621 - main_window - INFO - main_window.py:176 - Map Management widget loaded successfully
2025-09-26 12:09:05,647 - devices_api - INFO - devices.py:27 - Device location syncer initialized
2025-09-26 12:09:05,967 - main_window - INFO - main_window.py:187 - Device Tracking widget loaded successfully
2025-09-26 12:09:08,206 - api_client - WARNING - client.py:80 - Request attempt 1 failed: HTTPConnectionPool(host='127.0.0.1', port=8000): Max retries exceeded with url: /api/ (Caused by NewConnectionError('<urllib3.connection.HTTPConnection object at 0x0000027F62CA2CF0>: Failed to establish a new connection: [WinError 10061] No connection could be made because the target machine actively refused it'))
2025-09-26 12:09:10,237 - api_client - WARNING - client.py:80 - Request attempt 2 failed: HTTPConnectionPool(host='127.0.0.1', port=8000): Max retries exceeded with url: /api/ (Caused by NewConnectionError('<urllib3.connection.HTTPConnection object at 0x0000027F65098050>: Failed to establish a new connection: [WinError 10061] No connection could be made because the target machine actively refused it'))
2025-09-26 12:09:12,288 - api_client - WARNING - client.py:80 - Request attempt 3 failed: HTTPConnectionPool(host='127.0.0.1', port=8000): Max retries exceeded with url: /api/ (Caused by NewConnectionError('<urllib3.connection.HTTPConnection object at 0x0000027F65098550>: Failed to establish a new connection: [WinError 10061] No connection could be made because the target machine actively refused it'))
2025-09-26 12:09:12,290 - warehouse_app - INFO - main.py:47 - Main window created successfully
2025-09-26 12:09:12,581 - warehouse_app - INFO - main.py:155 - Application started successfully
2025-09-26 12:09:17,949 - main_window - INFO - main_window.py:300 - Refreshed data for Map Management
2025-09-26 12:09:20,277 - main_window - INFO - main_window.py:300 - Refreshed data for Task Monitor
2025-09-26 12:09:32,954 - device_data_handler - WARNING - device_data_handler.py:36 - No log file found for device 1
2025-09-26 12:09:33,136 - device_list - INFO - device_list.py:248 - Refreshing device data...
2025-09-26 12:09:33,140 - device_list - INFO - device_list.py:268 - Loaded 12 devices from CSV
2025-09-26 12:09:33,954 - device_data_handler - WARNING - device_data_handler.py:36 - No log file found for device 1
2025-09-26 12:09:34,953 - device_data_handler - WARNING - device_data_handler.py:36 - No log file found for device 1
2025-09-26 12:09:35,955 - device_data_handler - WARNING - device_data_handler.py:36 - No log file found for device 1
2025-09-26 12:09:35,976 - device_location_syncer - ERROR - sync_device_locations.py:241 - Error processing device d11: could not convert string to float: ''
2025-09-26 12:09:36,009 - device_location_syncer - ERROR - sync_device_locations.py:241 - Error processing device pp111: could not convert string to float: ''
2025-09-26 12:09:36,013 - device_location_syncer - ERROR - sync_device_locations.py:241 - Error processing device ppp11: could not convert string to float: ''
2025-09-26 12:09:36,014 - device_location_syncer - ERROR - sync_device_locations.py:241 - Error processing device dev1: could not convert string to float: ''
2025-09-26 12:09:36,015 - device_location_syncer - ERROR - sync_device_locations.py:241 - Error processing device dv1: could not convert string to float: ''
2025-09-26 12:09:36,017 - device_location_syncer - ERROR - sync_device_locations.py:241 - Error processing device dv11: could not convert string to float: ''
2025-09-26 12:09:36,017 - device_location_syncer - INFO - sync_device_locations.py:250 - Sync completed. No location updates needed.
2025-09-26 12:09:36,951 - device_data_handler - WARNING - device_data_handler.py:36 - No log file found for device 1
2025-09-26 12:09:37,956 - device_data_handler - WARNING - device_data_handler.py:36 - No log file found for device 1
2025-09-26 12:09:38,955 - device_data_handler - WARNING - device_data_handler.py:36 - No log file found for device 1
2025-09-26 12:09:39,954 - device_data_handler - WARNING - device_data_handler.py:36 - No log file found for device 1
2025-09-26 12:09:40,956 - device_data_handler - WARNING - device_data_handler.py:36 - No log file found for device 1
2025-09-26 12:09:41,951 - device_data_handler - WARNING - device_data_handler.py:36 - No log file found for device 1
2025-09-26 12:09:42,950 - device_data_handler - WARNING - device_data_handler.py:36 - No log file found for device 1
2025-09-26 12:09:43,955 - device_data_handler - WARNING - device_data_handler.py:36 - No log file found for device 1
2025-09-26 12:09:44,948 - device_data_handler - WARNING - device_data_handler.py:36 - No log file found for device 1
2025-09-26 12:09:45,953 - device_data_handler - WARNING - device_data_handler.py:36 - No log file found for device 1
2025-09-26 12:09:46,950 - device_data_handler - WARNING - device_data_handler.py:36 - No log file found for device 1
2025-09-26 12:09:47,950 - device_data_handler - WARNING - device_data_handler.py:36 - No log file found for device 1
2025-09-26 12:09:54,771 - device_data_handler - WARNING - device_data_handler.py:36 - No log file found for device 2
2025-09-26 12:09:55,763 - device_data_handler - WARNING - device_data_handler.py:36 - No log file found for device 2
2025-09-26 12:09:56,767 - device_data_handler - WARNING - device_data_handler.py:36 - No log file found for device 2
2025-09-26 12:09:57,768 - device_data_handler - WARNING - device_data_handler.py:36 - No log file found for device 2
2025-09-26 12:09:58,763 - device_data_handler - WARNING - device_data_handler.py:36 - No log file found for device 2
2025-09-26 12:09:59,766 - device_data_handler - WARNING - device_data_handler.py:36 - No log file found for device 2
2025-09-26 12:10:00,771 - device_data_handler - WARNING - device_data_handler.py:36 - No log file found for device 2
2025-09-26 12:10:01,771 - device_data_handler - WARNING - device_data_handler.py:36 - No log file found for device 2
2025-09-26 12:10:02,769 - device_data_handler - WARNING - device_data_handler.py:36 - No log file found for device 2
2025-09-26 12:10:03,139 - device_list - INFO - device_list.py:248 - Refreshing device data...
2025-09-26 12:10:03,142 - device_list - INFO - device_list.py:268 - Loaded 12 devices from CSV
2025-09-26 12:10:03,761 - device_data_handler - WARNING - device_data_handler.py:36 - No log file found for device 2
2025-09-26 12:10:04,765 - device_data_handler - WARNING - device_data_handler.py:36 - No log file found for device 2
2025-09-26 12:10:05,768 - device_data_handler - WARNING - device_data_handler.py:36 - No log file found for device 2
2025-09-26 12:10:07,998 - api_client - WARNING - client.py:80 - Request attempt 1 failed: HTTPConnectionPool(host='127.0.0.1', port=8000): Max retries exceeded with url: /api/ (Caused by NewConnectionError('<urllib3.connection.HTTPConnection object at 0x0000027F65078D60>: Failed to establish a new connection: [WinError 10061] No connection could be made because the target machine actively refused it'))
2025-09-26 12:10:10,038 - api_client - WARNING - client.py:80 - Request attempt 2 failed: HTTPConnectionPool(host='127.0.0.1', port=8000): Max retries exceeded with url: /api/ (Caused by NewConnectionError('<urllib3.connection.HTTPConnection object at 0x0000027F65078E90>: Failed to establish a new connection: [WinError 10061] No connection could be made because the target machine actively refused it'))
2025-09-26 12:10:12,072 - api_client - WARNING - client.py:80 - Request attempt 3 failed: HTTPConnectionPool(host='127.0.0.1', port=8000): Max retries exceeded with url: /api/ (Caused by NewConnectionError('<urllib3.connection.HTTPConnection object at 0x0000027F62CB9A30>: Failed to establish a new connection: [WinError 10061] No connection could be made because the target machine actively refused it'))
2025-09-26 12:10:12,094 - device_location_syncer - ERROR - sync_device_locations.py:241 - Error processing device d11: could not convert string to float: ''
2025-09-26 12:10:12,097 - device_location_syncer - ERROR - sync_device_locations.py:241 - Error processing device pp111: could not convert string to float: ''
2025-09-26 12:10:12,099 - device_location_syncer - ERROR - sync_device_locations.py:241 - Error processing device ppp11: could not convert string to float: ''
2025-09-26 12:10:12,102 - device_location_syncer - ERROR - sync_device_locations.py:241 - Error processing device dev1: could not convert string to float: ''
2025-09-26 12:10:12,105 - device_location_syncer - ERROR - sync_device_locations.py:241 - Error processing device dv1: could not convert string to float: ''
2025-09-26 12:10:12,110 - device_location_syncer - ERROR - sync_device_locations.py:241 - Error processing device dv11: could not convert string to float: ''
2025-09-26 12:10:12,111 - device_location_syncer - INFO - sync_device_locations.py:250 - Sync completed. No location updates needed.
2025-09-26 12:10:12,131 - device_data_handler - WARNING - device_data_handler.py:36 - No log file found for device 2
2025-09-26 12:10:12,780 - device_data_handler - WARNING - device_data_handler.py:36 - No log file found for device 2
2025-09-26 12:10:13,780 - device_data_handler - WARNING - device_data_handler.py:36 - No log file found for device 2
2025-09-26 12:10:14,780 - device_data_handler - WARNING - device_data_handler.py:36 - No log file found for device 2
2025-09-26 12:10:15,778 - device_data_handler - WARNING - device_data_handler.py:36 - No log file found for device 2
2025-09-26 12:10:16,779 - device_data_handler - WARNING - device_data_handler.py:36 - No log file found for device 2
2025-09-26 12:10:17,777 - device_data_handler - WARNING - device_data_handler.py:36 - No log file found for device 2
2025-09-26 12:10:18,784 - device_data_handler - WARNING - device_data_handler.py:36 - No log file found for device 2
2025-09-26 12:10:19,783 - device_data_handler - WARNING - device_data_handler.py:36 - No log file found for device 2
2025-09-26 12:10:20,784 - device_data_handler - WARNING - device_data_handler.py:36 - No log file found for device 2
2025-09-26 12:10:21,781 - device_data_handler - WARNING - device_data_handler.py:36 - No log file found for device 2
2025-09-26 12:10:22,781 - device_data_handler - WARNING - device_data_handler.py:36 - No log file found for device 2
2025-09-26 12:10:23,783 - device_data_handler - WARNING - device_data_handler.py:36 - No log file found for device 2
2025-09-26 12:10:24,780 - device_data_handler - WARNING - device_data_handler.py:36 - No log file found for device 2
2025-09-26 12:10:25,784 - device_data_handler - WARNING - device_data_handler.py:36 - No log file found for device 2
2025-09-26 12:10:26,783 - device_data_handler - WARNING - device_data_handler.py:36 - No log file found for device 2
2025-09-26 12:10:27,782 - device_data_handler - WARNING - device_data_handler.py:36 - No log file found for device 2
2025-09-26 12:10:28,782 - device_data_handler - WARNING - device_data_handler.py:36 - No log file found for device 2
2025-09-26 12:10:29,783 - device_data_handler - WARNING - device_data_handler.py:36 - No log file found for device 2
2025-09-26 12:10:30,778 - device_data_handler - WARNING - device_data_handler.py:36 - No log file found for device 2
2025-09-26 12:10:31,781 - device_data_handler - WARNING - device_data_handler.py:36 - No log file found for device 2
2025-09-26 12:10:32,780 - device_data_handler - WARNING - device_data_handler.py:36 - No log file found for device 2
2025-09-26 12:10:33,137 - device_list - INFO - device_list.py:248 - Refreshing device data...
2025-09-26 12:10:33,142 - device_list - INFO - device_list.py:268 - Loaded 12 devices from CSV
2025-09-26 12:10:33,780 - device_data_handler - WARNING - device_data_handler.py:36 - No log file found for device 2
2025-09-26 12:10:34,780 - device_data_handler - WARNING - device_data_handler.py:36 - No log file found for device 2
2025-09-26 12:10:35,780 - device_data_handler - WARNING - device_data_handler.py:36 - No log file found for device 2
2025-09-26 12:10:35,981 - device_location_syncer - ERROR - sync_device_locations.py:241 - Error processing device d11: could not convert string to float: ''
2025-09-26 12:10:35,982 - device_location_syncer - ERROR - sync_device_locations.py:241 - Error processing device pp111: could not convert string to float: ''
2025-09-26 12:10:35,983 - device_location_syncer - ERROR - sync_device_locations.py:241 - Error processing device ppp11: could not convert string to float: ''
2025-09-26 12:10:35,984 - device_location_syncer - ERROR - sync_device_locations.py:241 - Error processing device dev1: could not convert string to float: ''
2025-09-26 12:10:35,986 - device_location_syncer - ERROR - sync_device_locations.py:241 - Error processing device dv1: could not convert string to float: ''
2025-09-26 12:10:35,987 - device_location_syncer - ERROR - sync_device_locations.py:241 - Error processing device dv11: could not convert string to float: ''
2025-09-26 12:10:35,987 - device_location_syncer - INFO - sync_device_locations.py:250 - Sync completed. No location updates needed.
2025-09-26 12:10:36,780 - device_data_handler - WARNING - device_data_handler.py:36 - No log file found for device 2
2025-09-26 12:10:37,784 - device_data_handler - WARNING - device_data_handler.py:36 - No log file found for device 2
2025-09-26 12:10:38,779 - device_data_handler - WARNING - device_data_handler.py:36 - No log file found for device 2
2025-09-26 12:10:39,809 - device_data_handler - WARNING - device_data_handler.py:36 - No log file found for device 2
2025-09-26 12:10:40,782 - device_data_handler - WARNING - device_data_handler.py:36 - No log file found for device 2
2025-09-26 12:10:41,782 - device_data_handler - WARNING - device_data_handler.py:36 - No log file found for device 2
2025-09-26 12:10:42,789 - device_data_handler - WARNING - device_data_handler.py:36 - No log file found for device 2
2025-09-26 12:10:43,783 - device_data_handler - WARNING - device_data_handler.py:36 - No log file found for device 2
2025-09-26 12:10:44,778 - device_data_handler - WARNING - device_data_handler.py:36 - No log file found for device 2
2025-09-26 12:10:45,781 - device_data_handler - WARNING - device_data_handler.py:36 - No log file found for device 2
2025-09-26 12:10:46,781 - device_data_handler - WARNING - device_data_handler.py:36 - No log file found for device 2
2025-09-26 12:10:47,783 - device_data_handler - WARNING - device_data_handler.py:36 - No log file found for device 2
2025-09-26 12:10:48,781 - device_data_handler - WARNING - device_data_handler.py:36 - No log file found for device 2
2025-09-26 12:10:49,781 - device_data_handler - WARNING - device_data_handler.py:36 - No log file found for device 2
2025-09-26 12:10:50,780 - device_data_handler - WARNING - device_data_handler.py:36 - No log file found for device 2
2025-09-26 12:10:51,778 - device_data_handler - WARNING - device_data_handler.py:36 - No log file found for device 2
2025-09-26 12:10:52,778 - device_data_handler - WARNING - device_data_handler.py:36 - No log file found for device 2
2025-09-26 12:10:53,779 - device_data_handler - WARNING - device_data_handler.py:36 - No log file found for device 2
2025-09-26 12:10:54,782 - device_data_handler - WARNING - device_data_handler.py:36 - No log file found for device 2
2025-09-26 12:10:55,793 - device_data_handler - WARNING - device_data_handler.py:36 - No log file found for device 2
2025-09-26 12:10:56,780 - device_data_handler - WARNING - device_data_handler.py:36 - No log file found for device 2
2025-09-26 12:10:57,780 - device_data_handler - WARNING - device_data_handler.py:36 - No log file found for device 2
2025-09-26 12:10:58,785 - device_data_handler - WARNING - device_data_handler.py:36 - No log file found for device 2
2025-09-26 12:10:59,780 - device_data_handler - WARNING - device_data_handler.py:36 - No log file found for device 2
2025-09-26 12:11:00,782 - device_data_handler - WARNING - device_data_handler.py:36 - No log file found for device 2
2025-09-26 12:11:01,780 - device_data_handler - WARNING - device_data_handler.py:36 - No log file found for device 2
2025-09-26 12:11:02,788 - device_data_handler - WARNING - device_data_handler.py:36 - No log file found for device 2
2025-09-26 12:11:03,138 - device_list - INFO - device_list.py:248 - Refreshing device data...
2025-09-26 12:11:03,141 - device_list - INFO - device_list.py:268 - Loaded 12 devices from CSV
2025-09-26 12:11:03,781 - device_data_handler - WARNING - device_data_handler.py:36 - No log file found for device 2
2025-09-26 12:11:04,787 - device_data_handler - WARNING - device_data_handler.py:36 - No log file found for device 2
2025-09-26 12:11:05,779 - device_data_handler - WARNING - device_data_handler.py:36 - No log file found for device 2
2025-09-26 12:11:08,022 - api_client - WARNING - client.py:80 - Request attempt 1 failed: HTTPConnectionPool(host='127.0.0.1', port=8000): Max retries exceeded with url: /api/ (Caused by NewConnectionError('<urllib3.connection.HTTPConnection object at 0x0000027F65074380>: Failed to establish a new connection: [WinError 10061] No connection could be made because the target machine actively refused it'))
2025-09-26 12:11:10,055 - api_client - WARNING - client.py:80 - Request attempt 2 failed: HTTPConnectionPool(host='127.0.0.1', port=8000): Max retries exceeded with url: /api/ (Caused by NewConnectionError('<urllib3.connection.HTTPConnection object at 0x0000027F65074F30>: Failed to establish a new connection: [WinError 10061] No connection could be made because the target machine actively refused it'))
2025-09-26 12:11:12,103 - api_client - WARNING - client.py:80 - Request attempt 3 failed: HTTPConnectionPool(host='127.0.0.1', port=8000): Max retries exceeded with url: /api/ (Caused by NewConnectionError('<urllib3.connection.HTTPConnection object at 0x0000027F65075150>: Failed to establish a new connection: [WinError 10061] No connection could be made because the target machine actively refused it'))
2025-09-26 12:11:12,125 - device_location_syncer - ERROR - sync_device_locations.py:241 - Error processing device d11: could not convert string to float: ''
2025-09-26 12:11:12,127 - device_location_syncer - ERROR - sync_device_locations.py:241 - Error processing device pp111: could not convert string to float: ''
2025-09-26 12:11:12,131 - device_location_syncer - ERROR - sync_device_locations.py:241 - Error processing device ppp11: could not convert string to float: ''
2025-09-26 12:11:12,134 - device_location_syncer - ERROR - sync_device_locations.py:241 - Error processing device dev1: could not convert string to float: ''
2025-09-26 12:11:12,136 - device_location_syncer - ERROR - sync_device_locations.py:241 - Error processing device dv1: could not convert string to float: ''
2025-09-26 12:11:12,139 - device_location_syncer - ERROR - sync_device_locations.py:241 - Error processing device dv11: could not convert string to float: ''
2025-09-26 12:11:12,139 - device_location_syncer - INFO - sync_device_locations.py:250 - Sync completed. No location updates needed.
2025-09-26 12:11:12,161 - device_data_handler - WARNING - device_data_handler.py:36 - No log file found for device 2
2025-09-26 12:11:12,781 - device_data_handler - WARNING - device_data_handler.py:36 - No log file found for device 2
2025-09-26 12:11:13,788 - device_data_handler - WARNING - device_data_handler.py:36 - No log file found for device 2
2025-09-26 12:11:14,805 - device_data_handler - WARNING - device_data_handler.py:36 - No log file found for device 2
2025-09-26 12:11:15,778 - device_data_handler - WARNING - device_data_handler.py:36 - No log file found for device 2
2025-09-26 12:11:16,779 - device_data_handler - WARNING - device_data_handler.py:36 - No log file found for device 2
2025-09-26 12:11:17,779 - device_data_handler - WARNING - device_data_handler.py:36 - No log file found for device 2
2025-09-26 12:11:18,780 - device_data_handler - WARNING - device_data_handler.py:36 - No log file found for device 2
2025-09-26 12:11:19,780 - device_data_handler - WARNING - device_data_handler.py:36 - No log file found for device 2
2025-09-26 12:11:20,780 - device_data_handler - WARNING - device_data_handler.py:36 - No log file found for device 2
2025-09-26 12:11:21,779 - device_data_handler - WARNING - device_data_handler.py:36 - No log file found for device 2
2025-09-26 12:11:22,783 - device_data_handler - WARNING - device_data_handler.py:36 - No log file found for device 2
2025-09-26 12:11:23,778 - device_data_handler - WARNING - device_data_handler.py:36 - No log file found for device 2
2025-09-26 12:11:24,781 - device_data_handler - WARNING - device_data_handler.py:36 - No log file found for device 2
2025-09-26 12:11:25,779 - device_data_handler - WARNING - device_data_handler.py:36 - No log file found for device 2
2025-09-26 12:11:26,778 - device_data_handler - WARNING - device_data_handler.py:36 - No log file found for device 2
2025-09-26 12:11:27,784 - device_data_handler - WARNING - device_data_handler.py:36 - No log file found for device 2
2025-09-26 12:11:28,782 - device_data_handler - WARNING - device_data_handler.py:36 - No log file found for device 2
2025-09-26 12:11:29,776 - device_data_handler - WARNING - device_data_handler.py:36 - No log file found for device 2
2025-09-26 12:11:30,780 - device_data_handler - WARNING - device_data_handler.py:36 - No log file found for device 2
2025-09-26 12:11:31,815 - device_data_handler - WARNING - device_data_handler.py:36 - No log file found for device 2
2025-09-26 12:11:32,781 - device_data_handler - WARNING - device_data_handler.py:36 - No log file found for device 2
2025-09-26 12:11:33,136 - device_list - INFO - device_list.py:248 - Refreshing device data...
2025-09-26 12:11:33,139 - device_list - INFO - device_list.py:268 - Loaded 12 devices from CSV
2025-09-26 12:11:33,778 - device_data_handler - WARNING - device_data_handler.py:36 - No log file found for device 2
2025-09-26 12:11:34,784 - device_data_handler - WARNING - device_data_handler.py:36 - No log file found for device 2
2025-09-26 12:11:35,824 - device_data_handler - WARNING - device_data_handler.py:36 - No log file found for device 2
2025-09-26 12:11:35,982 - device_location_syncer - ERROR - sync_device_locations.py:241 - Error processing device d11: could not convert string to float: ''
2025-09-26 12:11:35,983 - device_location_syncer - ERROR - sync_device_locations.py:241 - Error processing device pp111: could not convert string to float: ''
2025-09-26 12:11:35,984 - device_location_syncer - ERROR - sync_device_locations.py:241 - Error processing device ppp11: could not convert string to float: ''
2025-09-26 12:11:35,986 - device_location_syncer - ERROR - sync_device_locations.py:241 - Error processing device dev1: could not convert string to float: ''
2025-09-26 12:11:35,987 - device_location_syncer - ERROR - sync_device_locations.py:241 - Error processing device dv1: could not convert string to float: ''
2025-09-26 12:11:35,988 - device_location_syncer - ERROR - sync_device_locations.py:241 - Error processing device dv11: could not convert string to float: ''
2025-09-26 12:11:35,988 - device_location_syncer - INFO - sync_device_locations.py:250 - Sync completed. No location updates needed.
2025-09-26 12:11:36,780 - device_data_handler - WARNING - device_data_handler.py:36 - No log file found for device 2
2025-09-26 12:11:37,835 - device_data_handler - WARNING - device_data_handler.py:36 - No log file found for device 2
2025-09-26 12:11:38,791 - device_data_handler - WARNING - device_data_handler.py:36 - No log file found for device 2
2025-09-26 12:11:39,408 - device_list - INFO - device_list.py:248 - Refreshing device data...
2025-09-26 12:11:39,411 - device_list - INFO - device_list.py:268 - Loaded 12 devices from CSV
2025-09-26 12:11:39,412 - main_window - INFO - main_window.py:300 - Refreshed data for Device Management
2025-09-26 12:11:39,782 - device_data_handler - WARNING - device_data_handler.py:36 - No log file found for device 2
2025-09-26 12:11:40,788 - device_data_handler - WARNING - device_data_handler.py:36 - No log file found for device 2
2025-09-26 12:11:41,791 - device_data_handler - WARNING - device_data_handler.py:36 - No log file found for device 2
2025-09-26 12:11:42,787 - device_data_handler - WARNING - device_data_handler.py:36 - No log file found for device 2
2025-09-26 12:11:43,792 - device_data_handler - WARNING - device_data_handler.py:36 - No log file found for device 2
2025-09-26 12:11:44,790 - device_data_handler - WARNING - device_data_handler.py:36 - No log file found for device 2
2025-09-26 12:11:45,789 - device_data_handler - WARNING - device_data_handler.py:36 - No log file found for device 2
2025-09-26 12:11:46,787 - device_data_handler - WARNING - device_data_handler.py:36 - No log file found for device 2
2025-09-26 12:11:47,787 - device_data_handler - WARNING - device_data_handler.py:36 - No log file found for device 2
2025-09-26 12:11:48,787 - device_data_handler - WARNING - device_data_handler.py:36 - No log file found for device 2
2025-09-26 12:11:49,787 - device_data_handler - WARNING - device_data_handler.py:36 - No log file found for device 2
2025-09-26 12:11:50,787 - device_data_handler - WARNING - device_data_handler.py:36 - No log file found for device 2
2025-09-26 12:11:51,788 - device_data_handler - WARNING - device_data_handler.py:36 - No log file found for device 2
2025-09-26 12:11:52,780 - device_data_handler - WARNING - device_data_handler.py:36 - No log file found for device 2
2025-09-26 12:11:53,788 - device_data_handler - WARNING - device_data_handler.py:36 - No log file found for device 2
2025-09-26 12:11:54,787 - device_data_handler - WARNING - device_data_handler.py:36 - No log file found for device 2
2025-09-26 12:11:55,787 - device_data_handler - WARNING - device_data_handler.py:36 - No log file found for device 2
2025-09-26 12:11:56,787 - device_data_handler - WARNING - device_data_handler.py:36 - No log file found for device 2
2025-09-26 12:11:57,787 - device_data_handler - WARNING - device_data_handler.py:36 - No log file found for device 2
2025-09-26 12:11:58,781 - device_data_handler - WARNING - device_data_handler.py:36 - No log file found for device 2
2025-09-26 12:11:59,786 - device_data_handler - WARNING - device_data_handler.py:36 - No log file found for device 2
2025-09-26 12:12:00,784 - device_data_handler - WARNING - device_data_handler.py:36 - No log file found for device 2
2025-09-26 12:12:01,783 - device_data_handler - WARNING - device_data_handler.py:36 - No log file found for device 2
2025-09-26 12:12:02,785 - device_data_handler - WARNING - device_data_handler.py:36 - No log file found for device 2
2025-09-26 12:12:03,137 - device_list - INFO - device_list.py:248 - Refreshing device data...
2025-09-26 12:12:03,140 - device_list - INFO - device_list.py:268 - Loaded 12 devices from CSV
2025-09-26 12:12:03,787 - device_data_handler - WARNING - device_data_handler.py:36 - No log file found for device 2
2025-09-26 12:12:04,787 - device_data_handler - WARNING - device_data_handler.py:36 - No log file found for device 2
2025-09-26 12:12:05,786 - device_data_handler - WARNING - device_data_handler.py:36 - No log file found for device 2
2025-09-26 12:12:08,006 - api_client - WARNING - client.py:80 - Request attempt 1 failed: HTTPConnectionPool(host='127.0.0.1', port=8000): Max retries exceeded with url: /api/ (Caused by NewConnectionError('<urllib3.connection.HTTPConnection object at 0x0000027F65075480>: Failed to establish a new connection: [WinError 10061] No connection could be made because the target machine actively refused it'))
2025-09-26 12:12:10,037 - api_client - WARNING - client.py:80 - Request attempt 2 failed: HTTPConnectionPool(host='127.0.0.1', port=8000): Max retries exceeded with url: /api/ (Caused by NewConnectionError('<urllib3.connection.HTTPConnection object at 0x0000027F65075590>: Failed to establish a new connection: [WinError 10061] No connection could be made because the target machine actively refused it'))
2025-09-26 12:12:12,087 - api_client - WARNING - client.py:80 - Request attempt 3 failed: HTTPConnectionPool(host='127.0.0.1', port=8000): Max retries exceeded with url: /api/ (Caused by NewConnectionError('<urllib3.connection.HTTPConnection object at 0x0000027F650757B0>: Failed to establish a new connection: [WinError 10061] No connection could be made because the target machine actively refused it'))
2025-09-26 12:12:12,093 - device_location_syncer - ERROR - sync_device_locations.py:241 - Error processing device d11: could not convert string to float: ''
2025-09-26 12:12:12,096 - device_location_syncer - ERROR - sync_device_locations.py:241 - Error processing device pp111: could not convert string to float: ''
2025-09-26 12:12:12,100 - device_location_syncer - ERROR - sync_device_locations.py:241 - Error processing device ppp11: could not convert string to float: ''
2025-09-26 12:12:12,104 - device_location_syncer - ERROR - sync_device_locations.py:241 - Error processing device dev1: could not convert string to float: ''
2025-09-26 12:12:12,108 - device_location_syncer - ERROR - sync_device_locations.py:241 - Error processing device dv1: could not convert string to float: ''
2025-09-26 12:12:12,111 - device_location_syncer - ERROR - sync_device_locations.py:241 - Error processing device dv11: could not convert string to float: ''
2025-09-26 12:12:12,111 - device_location_syncer - INFO - sync_device_locations.py:250 - Sync completed. No location updates needed.
2025-09-26 12:12:12,112 - device_list - INFO - device_list.py:248 - Refreshing device data...
2025-09-26 12:12:12,123 - device_list - INFO - device_list.py:268 - Loaded 12 devices from CSV
2025-09-26 12:12:12,128 - device_data_handler - WARNING - device_data_handler.py:36 - No log file found for device 2
2025-09-26 12:12:12,783 - device_data_handler - WARNING - device_data_handler.py:36 - No log file found for device 2
2025-09-26 12:12:13,783 - device_data_handler - WARNING - device_data_handler.py:36 - No log file found for device 2
2025-09-26 12:12:14,782 - device_data_handler - WARNING - device_data_handler.py:36 - No log file found for device 2
2025-09-26 12:12:15,781 - device_data_handler - WARNING - device_data_handler.py:36 - No log file found for device 2
2025-09-26 12:12:16,782 - device_data_handler - WARNING - device_data_handler.py:36 - No log file found for device 2
2025-09-26 12:12:17,781 - device_data_handler - WARNING - device_data_handler.py:36 - No log file found for device 2
2025-09-26 12:12:18,780 - device_data_handler - WARNING - device_data_handler.py:36 - No log file found for device 2
2025-09-26 12:12:19,781 - device_data_handler - WARNING - device_data_handler.py:36 - No log file found for device 2
2025-09-26 12:12:20,781 - device_data_handler - WARNING - device_data_handler.py:36 - No log file found for device 2
2025-09-26 12:12:21,780 - device_data_handler - WARNING - device_data_handler.py:36 - No log file found for device 2
2025-09-26 12:12:22,786 - device_data_handler - WARNING - device_data_handler.py:36 - No log file found for device 2
2025-09-26 12:12:23,782 - device_data_handler - WARNING - device_data_handler.py:36 - No log file found for device 2
2025-09-26 12:12:24,786 - device_data_handler - WARNING - device_data_handler.py:36 - No log file found for device 2
2025-09-26 12:12:25,779 - device_data_handler - WARNING - device_data_handler.py:36 - No log file found for device 2
2025-09-26 12:12:26,779 - device_data_handler - WARNING - device_data_handler.py:36 - No log file found for device 2
2025-09-26 12:12:27,779 - device_data_handler - WARNING - device_data_handler.py:36 - No log file found for device 2
2025-09-26 12:12:28,778 - device_data_handler - WARNING - device_data_handler.py:36 - No log file found for device 2
2025-09-26 12:12:29,779 - device_data_handler - WARNING - device_data_handler.py:36 - No log file found for device 2
2025-09-26 12:12:30,787 - device_data_handler - WARNING - device_data_handler.py:36 - No log file found for device 2
2025-09-26 12:12:31,779 - device_data_handler - WARNING - device_data_handler.py:36 - No log file found for device 2
2025-09-26 12:12:32,778 - device_data_handler - WARNING - device_data_handler.py:36 - No log file found for device 2
2025-09-26 12:12:33,155 - device_list - INFO - device_list.py:248 - Refreshing device data...
2025-09-26 12:12:33,159 - device_list - INFO - device_list.py:268 - Loaded 12 devices from CSV
2025-09-26 12:12:33,779 - device_data_handler - WARNING - device_data_handler.py:36 - No log file found for device 2
2025-09-26 12:12:34,778 - device_data_handler - WARNING - device_data_handler.py:36 - No log file found for device 2
2025-09-26 12:12:35,787 - device_data_handler - WARNING - device_data_handler.py:36 - No log file found for device 2
2025-09-26 12:12:36,022 - device_location_syncer - ERROR - sync_device_locations.py:241 - Error processing device d11: could not convert string to float: ''
2025-09-26 12:12:36,026 - device_location_syncer - ERROR - sync_device_locations.py:241 - Error processing device pp111: could not convert string to float: ''
2025-09-26 12:12:36,032 - device_location_syncer - ERROR - sync_device_locations.py:241 - Error processing device ppp11: could not convert string to float: ''
2025-09-26 12:12:36,034 - device_location_syncer - ERROR - sync_device_locations.py:241 - Error processing device dev1: could not convert string to float: ''
2025-09-26 12:12:36,036 - device_location_syncer - ERROR - sync_device_locations.py:241 - Error processing device dv1: could not convert string to float: ''
2025-09-26 12:12:36,040 - device_location_syncer - ERROR - sync_device_locations.py:241 - Error processing device dv11: could not convert string to float: ''
2025-09-26 12:12:36,041 - device_location_syncer - INFO - sync_device_locations.py:250 - Sync completed. No location updates needed.
2025-09-26 12:12:36,042 - device_list - INFO - device_list.py:248 - Refreshing device data...
2025-09-26 12:12:36,053 - device_list - INFO - device_list.py:268 - Loaded 12 devices from CSV
2025-09-26 12:12:36,777 - device_data_handler - WARNING - device_data_handler.py:36 - No log file found for device 2
2025-09-26 12:12:37,777 - device_data_handler - WARNING - device_data_handler.py:36 - No log file found for device 2
2025-09-26 12:12:38,776 - device_data_handler - WARNING - device_data_handler.py:36 - No log file found for device 2
2025-09-26 12:12:39,776 - device_data_handler - WARNING - device_data_handler.py:36 - No log file found for device 2
2025-09-26 12:12:40,791 - device_data_handler - WARNING - device_data_handler.py:36 - No log file found for device 2
2025-09-26 12:12:41,795 - device_data_handler - WARNING - device_data_handler.py:36 - No log file found for device 2
2025-09-26 12:12:42,802 - device_data_handler - WARNING - device_data_handler.py:36 - No log file found for device 2
2025-09-26 12:12:43,808 - device_data_handler - WARNING - device_data_handler.py:36 - No log file found for device 2
2025-09-26 12:12:44,808 - device_data_handler - WARNING - device_data_handler.py:36 - No log file found for device 2
2025-09-26 12:12:45,840 - device_data_handler - WARNING - device_data_handler.py:36 - No log file found for device 2
2025-09-26 12:12:46,809 - device_data_handler - WARNING - device_data_handler.py:36 - No log file found for device 2
2025-09-26 12:12:47,820 - device_data_handler - WARNING - device_data_handler.py:36 - No log file found for device 2
2025-09-26 12:12:48,823 - device_data_handler - WARNING - device_data_handler.py:36 - No log file found for device 2
2025-09-26 12:12:49,824 - device_data_handler - WARNING - device_data_handler.py:36 - No log file found for device 2
2025-09-26 12:12:50,838 - device_data_handler - WARNING - device_data_handler.py:36 - No log file found for device 2
2025-09-26 12:12:51,825 - device_data_handler - WARNING - device_data_handler.py:36 - No log file found for device 2
2025-09-26 12:12:52,838 - device_data_handler - WARNING - device_data_handler.py:36 - No log file found for device 2
2025-09-26 12:12:53,837 - device_data_handler - WARNING - device_data_handler.py:36 - No log file found for device 2
2025-09-26 12:12:54,839 - device_data_handler - WARNING - device_data_handler.py:36 - No log file found for device 2
2025-09-26 12:12:55,839 - device_data_handler - WARNING - device_data_handler.py:36 - No log file found for device 2
2025-09-26 12:12:56,856 - device_data_handler - WARNING - device_data_handler.py:36 - No log file found for device 2
2025-09-26 12:12:57,854 - device_data_handler - WARNING - device_data_handler.py:36 - No log file found for device 2
2025-09-26 12:12:58,858 - device_data_handler - WARNING - device_data_handler.py:36 - No log file found for device 2
2025-09-26 12:12:59,854 - device_data_handler - WARNING - device_data_handler.py:36 - No log file found for device 2
2025-09-26 12:13:00,854 - device_data_handler - WARNING - device_data_handler.py:36 - No log file found for device 2
2025-09-26 12:13:01,854 - device_data_handler - WARNING - device_data_handler.py:36 - No log file found for device 2
2025-09-26 12:13:02,858 - device_data_handler - WARNING - device_data_handler.py:36 - No log file found for device 2
2025-09-26 12:13:03,169 - device_list - INFO - device_list.py:248 - Refreshing device data...
2025-09-26 12:13:03,186 - device_list - INFO - device_list.py:268 - Loaded 12 devices from CSV
2025-09-26 12:13:03,871 - device_data_handler - WARNING - device_data_handler.py:36 - No log file found for device 2
2025-09-26 12:13:04,807 - main_window - INFO - main_window.py:300 - Refreshed data for Map Management
2025-09-26 12:13:04,870 - device_data_handler - WARNING - device_data_handler.py:36 - No log file found for device 2
2025-09-26 12:13:05,876 - device_data_handler - WARNING - device_data_handler.py:36 - No log file found for device 2
2025-09-26 12:13:08,007 - api_client - WARNING - client.py:80 - Request attempt 1 failed: HTTPConnectionPool(host='127.0.0.1', port=8000): Max retries exceeded with url: /api/ (Caused by NewConnectionError('<urllib3.connection.HTTPConnection object at 0x0000027F65075AE0>: Failed to establish a new connection: [WinError 10061] No connection could be made because the target machine actively refused it'))
2025-09-26 12:13:10,056 - api_client - WARNING - client.py:80 - Request attempt 2 failed: HTTPConnectionPool(host='127.0.0.1', port=8000): Max retries exceeded with url: /api/ (Caused by NewConnectionError('<urllib3.connection.HTTPConnection object at 0x0000027F65075BF0>: Failed to establish a new connection: [WinError 10061] No connection could be made because the target machine actively refused it'))
2025-09-26 12:13:12,106 - api_client - WARNING - client.py:80 - Request attempt 3 failed: HTTPConnectionPool(host='127.0.0.1', port=8000): Max retries exceeded with url: /api/ (Caused by NewConnectionError('<urllib3.connection.HTTPConnection object at 0x0000027F65075E10>: Failed to establish a new connection: [WinError 10061] No connection could be made because the target machine actively refused it'))
2025-09-26 12:13:12,136 - device_location_syncer - ERROR - sync_device_locations.py:241 - Error processing device d11: could not convert string to float: ''
2025-09-26 12:13:12,141 - device_location_syncer - ERROR - sync_device_locations.py:241 - Error processing device pp111: could not convert string to float: ''
2025-09-26 12:13:12,145 - device_location_syncer - ERROR - sync_device_locations.py:241 - Error processing device ppp11: could not convert string to float: ''
2025-09-26 12:13:12,146 - device_location_syncer - ERROR - sync_device_locations.py:241 - Error processing device dev1: could not convert string to float: ''
2025-09-26 12:13:12,148 - device_location_syncer - ERROR - sync_device_locations.py:241 - Error processing device dv1: could not convert string to float: ''
2025-09-26 12:13:12,149 - device_location_syncer - ERROR - sync_device_locations.py:241 - Error processing device dv11: could not convert string to float: ''
2025-09-26 12:13:12,149 - device_location_syncer - INFO - sync_device_locations.py:250 - Sync completed. No location updates needed.
2025-09-26 12:13:12,162 - device_data_handler - WARNING - device_data_handler.py:36 - No log file found for device 2
2025-09-26 12:13:12,885 - device_data_handler - WARNING - device_data_handler.py:36 - No log file found for device 2
2025-09-26 12:13:13,872 - device_data_handler - WARNING - device_data_handler.py:36 - No log file found for device 2
2025-09-26 12:13:14,871 - device_data_handler - WARNING - device_data_handler.py:36 - No log file found for device 2
2025-09-26 12:13:15,884 - device_data_handler - WARNING - device_data_handler.py:36 - No log file found for device 2
2025-09-26 12:13:16,885 - device_data_handler - WARNING - device_data_handler.py:36 - No log file found for device 2
2025-09-26 12:13:17,884 - device_data_handler - WARNING - device_data_handler.py:36 - No log file found for device 2
2025-09-26 12:13:18,883 - device_data_handler - WARNING - device_data_handler.py:36 - No log file found for device 2
2025-09-26 12:13:19,884 - device_data_handler - WARNING - device_data_handler.py:36 - No log file found for device 2
2025-09-26 12:13:20,872 - device_data_handler - WARNING - device_data_handler.py:36 - No log file found for device 2
2025-09-26 12:13:21,885 - device_data_handler - WARNING - device_data_handler.py:36 - No log file found for device 2
2025-09-26 12:13:22,882 - device_data_handler - WARNING - device_data_handler.py:36 - No log file found for device 2
2025-09-26 12:13:23,883 - device_data_handler - WARNING - device_data_handler.py:36 - No log file found for device 2
2025-09-26 12:13:24,871 - device_data_handler - WARNING - device_data_handler.py:36 - No log file found for device 2
2025-09-26 12:13:25,880 - device_data_handler - WARNING - device_data_handler.py:36 - No log file found for device 2
2025-09-26 12:13:26,881 - device_data_handler - WARNING - device_data_handler.py:36 - No log file found for device 2
2025-09-26 12:13:27,876 - device_data_handler - WARNING - device_data_handler.py:36 - No log file found for device 2
2025-09-26 12:13:28,880 - device_data_handler - WARNING - device_data_handler.py:36 - No log file found for device 2
2025-09-26 12:13:29,880 - device_data_handler - WARNING - device_data_handler.py:36 - No log file found for device 2
2025-09-26 12:13:30,872 - device_data_handler - WARNING - device_data_handler.py:36 - No log file found for device 2
2025-09-26 12:13:31,879 - device_data_handler - WARNING - device_data_handler.py:36 - No log file found for device 2
2025-09-26 12:13:32,880 - device_data_handler - WARNING - device_data_handler.py:36 - No log file found for device 2
2025-09-26 12:13:33,156 - device_list - INFO - device_list.py:248 - Refreshing device data...
2025-09-26 12:13:33,162 - device_list - INFO - device_list.py:268 - Loaded 12 devices from CSV
2025-09-26 12:13:33,880 - device_data_handler - WARNING - device_data_handler.py:36 - No log file found for device 2
2025-09-26 12:13:34,871 - device_data_handler - WARNING - device_data_handler.py:36 - No log file found for device 2
2025-09-26 12:13:35,877 - device_data_handler - WARNING - device_data_handler.py:36 - No log file found for device 2
2025-09-26 12:13:35,987 - device_location_syncer - ERROR - sync_device_locations.py:241 - Error processing device d11: could not convert string to float: ''
2025-09-26 12:13:35,989 - device_location_syncer - ERROR - sync_device_locations.py:241 - Error processing device pp111: could not convert string to float: ''
2025-09-26 12:13:35,990 - device_location_syncer - ERROR - sync_device_locations.py:241 - Error processing device ppp11: could not convert string to float: ''
2025-09-26 12:13:35,992 - device_location_syncer - ERROR - sync_device_locations.py:241 - Error processing device dev1: could not convert string to float: ''
2025-09-26 12:13:35,993 - device_location_syncer - ERROR - sync_device_locations.py:241 - Error processing device dv1: could not convert string to float: ''
2025-09-26 12:13:35,995 - device_location_syncer - ERROR - sync_device_locations.py:241 - Error processing device dv11: could not convert string to float: ''
2025-09-26 12:13:35,996 - device_location_syncer - INFO - sync_device_locations.py:250 - Sync completed. No location updates needed.
2025-09-26 12:13:36,880 - device_data_handler - WARNING - device_data_handler.py:36 - No log file found for device 2
2025-09-26 12:13:37,887 - device_data_handler - WARNING - device_data_handler.py:36 - No log file found for device 2
2025-09-26 12:13:38,896 - device_data_handler - WARNING - device_data_handler.py:36 - No log file found for device 2
2025-09-26 12:13:39,888 - device_data_handler - WARNING - device_data_handler.py:36 - No log file found for device 2
2025-09-26 12:13:40,895 - device_data_handler - WARNING - device_data_handler.py:36 - No log file found for device 2
2025-09-26 12:13:41,896 - device_data_handler - WARNING - device_data_handler.py:36 - No log file found for device 2
2025-09-26 12:13:42,894 - device_data_handler - WARNING - device_data_handler.py:36 - No log file found for device 2
2025-09-26 12:13:43,894 - device_data_handler - WARNING - device_data_handler.py:36 - No log file found for device 2
2025-09-26 12:13:44,897 - device_data_handler - WARNING - device_data_handler.py:36 - No log file found for device 2
2025-09-26 12:13:45,893 - device_data_handler - WARNING - device_data_handler.py:36 - No log file found for device 2
2025-09-26 12:13:46,896 - device_data_handler - WARNING - device_data_handler.py:36 - No log file found for device 2
2025-09-26 12:13:47,893 - device_data_handler - WARNING - device_data_handler.py:36 - No log file found for device 2
2025-09-26 12:13:48,946 - device_data_handler - WARNING - device_data_handler.py:36 - No log file found for device 2
2025-09-26 12:13:49,906 - device_data_handler - WARNING - device_data_handler.py:36 - No log file found for device 2
2025-09-26 12:13:50,906 - device_data_handler - WARNING - device_data_handler.py:36 - No log file found for device 2
2025-09-26 12:13:51,906 - device_data_handler - WARNING - device_data_handler.py:36 - No log file found for device 2
2025-09-26 12:13:52,907 - device_data_handler - WARNING - device_data_handler.py:36 - No log file found for device 2
2025-09-26 12:13:53,907 - device_data_handler - WARNING - device_data_handler.py:36 - No log file found for device 2
2025-09-26 12:13:54,921 - device_data_handler - WARNING - device_data_handler.py:36 - No log file found for device 2
2025-09-26 12:13:55,926 - device_data_handler - WARNING - device_data_handler.py:36 - No log file found for device 2
2025-09-26 12:13:56,927 - device_data_handler - WARNING - device_data_handler.py:36 - No log file found for device 2
2025-09-26 12:13:57,930 - device_data_handler - WARNING - device_data_handler.py:36 - No log file found for device 2
2025-09-26 12:13:58,936 - device_data_handler - WARNING - device_data_handler.py:36 - No log file found for device 2
2025-09-26 12:13:59,923 - device_data_handler - WARNING - device_data_handler.py:36 - No log file found for device 2
2025-09-26 12:14:00,923 - device_data_handler - WARNING - device_data_handler.py:36 - No log file found for device 2
2025-09-26 12:14:01,930 - device_data_handler - WARNING - device_data_handler.py:36 - No log file found for device 2
2025-09-26 12:14:02,924 - device_data_handler - WARNING - device_data_handler.py:36 - No log file found for device 2
2025-09-26 12:14:03,155 - device_list - INFO - device_list.py:248 - Refreshing device data...
2025-09-26 12:14:03,159 - device_list - INFO - device_list.py:268 - Loaded 12 devices from CSV
2025-09-26 12:14:03,923 - device_data_handler - WARNING - device_data_handler.py:36 - No log file found for device 2
2025-09-26 12:14:04,924 - device_data_handler - WARNING - device_data_handler.py:36 - No log file found for device 2
2025-09-26 12:14:05,917 - device_data_handler - WARNING - device_data_handler.py:36 - No log file found for device 2
2025-09-26 12:14:08,010 - api_client - WARNING - client.py:80 - Request attempt 1 failed: HTTPConnectionPool(host='127.0.0.1', port=8000): Max retries exceeded with url: /api/ (Caused by NewConnectionError('<urllib3.connection.HTTPConnection object at 0x0000027F65076030>: Failed to establish a new connection: [WinError 10061] No connection could be made because the target machine actively refused it'))
2025-09-26 12:14:10,037 - api_client - WARNING - client.py:80 - Request attempt 2 failed: HTTPConnectionPool(host='127.0.0.1', port=8000): Max retries exceeded with url: /api/ (Caused by NewConnectionError('<urllib3.connection.HTTPConnection object at 0x0000027F65076250>: Failed to establish a new connection: [WinError 10061] No connection could be made because the target machine actively refused it'))
2025-09-26 12:14:12,072 - api_client - WARNING - client.py:80 - Request attempt 3 failed: HTTPConnectionPool(host='127.0.0.1', port=8000): Max retries exceeded with url: /api/ (Caused by NewConnectionError('<urllib3.connection.HTTPConnection object at 0x0000027F65076470>: Failed to establish a new connection: [WinError 10061] No connection could be made because the target machine actively refused it'))
2025-09-26 12:14:12,099 - device_location_syncer - ERROR - sync_device_locations.py:241 - Error processing device d11: could not convert string to float: ''
2025-09-26 12:14:12,101 - device_location_syncer - ERROR - sync_device_locations.py:241 - Error processing device pp111: could not convert string to float: ''
2025-09-26 12:14:12,102 - device_location_syncer - ERROR - sync_device_locations.py:241 - Error processing device ppp11: could not convert string to float: ''
2025-09-26 12:14:12,106 - device_location_syncer - ERROR - sync_device_locations.py:241 - Error processing device dev1: could not convert string to float: ''
2025-09-26 12:14:12,107 - device_location_syncer - ERROR - sync_device_locations.py:241 - Error processing device dv1: could not convert string to float: ''
2025-09-26 12:14:12,109 - device_location_syncer - ERROR - sync_device_locations.py:241 - Error processing device dv11: could not convert string to float: ''
2025-09-26 12:14:12,109 - device_location_syncer - INFO - sync_device_locations.py:250 - Sync completed. No location updates needed.
2025-09-26 12:14:12,151 - device_data_handler - WARNING - device_data_handler.py:36 - No log file found for device 2
2025-09-26 12:14:12,923 - device_data_handler - WARNING - device_data_handler.py:36 - No log file found for device 2
2025-09-26 12:14:13,920 - device_data_handler - WARNING - device_data_handler.py:36 - No log file found for device 2
2025-09-26 12:14:14,921 - device_data_handler - WARNING - device_data_handler.py:36 - No log file found for device 2
2025-09-26 12:14:15,920 - device_data_handler - WARNING - device_data_handler.py:36 - No log file found for device 2
2025-09-26 12:14:16,919 - device_data_handler - WARNING - device_data_handler.py:36 - No log file found for device 2
2025-09-26 12:14:17,919 - device_data_handler - WARNING - device_data_handler.py:36 - No log file found for device 2
2025-09-26 12:14:18,919 - device_data_handler - WARNING - device_data_handler.py:36 - No log file found for device 2
2025-09-26 12:14:19,922 - device_data_handler - WARNING - device_data_handler.py:36 - No log file found for device 2
2025-09-26 12:14:20,920 - device_data_handler - WARNING - device_data_handler.py:36 - No log file found for device 2
2025-09-26 12:14:21,919 - device_data_handler - WARNING - device_data_handler.py:36 - No log file found for device 2
2025-09-26 12:14:22,919 - device_data_handler - WARNING - device_data_handler.py:36 - No log file found for device 2
2025-09-26 12:14:23,918 - device_data_handler - WARNING - device_data_handler.py:36 - No log file found for device 2
2025-09-26 12:14:24,918 - device_data_handler - WARNING - device_data_handler.py:36 - No log file found for device 2
2025-09-26 12:14:25,917 - device_data_handler - WARNING - device_data_handler.py:36 - No log file found for device 2
2025-09-26 12:14:26,917 - device_data_handler - WARNING - device_data_handler.py:36 - No log file found for device 2
2025-09-26 12:14:27,919 - device_data_handler - WARNING - device_data_handler.py:36 - No log file found for device 2
2025-09-26 12:14:28,916 - device_data_handler - WARNING - device_data_handler.py:36 - No log file found for device 2
2025-09-26 12:14:29,932 - device_data_handler - WARNING - device_data_handler.py:36 - No log file found for device 2
2025-09-26 12:14:30,936 - device_data_handler - WARNING - device_data_handler.py:36 - No log file found for device 2
2025-09-26 12:14:31,932 - device_data_handler - WARNING - device_data_handler.py:36 - No log file found for device 2
2025-09-26 12:14:32,937 - device_data_handler - WARNING - device_data_handler.py:36 - No log file found for device 2
2025-09-26 12:14:33,171 - device_list - INFO - device_list.py:248 - Refreshing device data...
2025-09-26 12:14:33,174 - device_list - INFO - device_list.py:268 - Loaded 12 devices from CSV
2025-09-26 12:14:33,935 - device_data_handler - WARNING - device_data_handler.py:36 - No log file found for device 2
2025-09-26 12:14:34,949 - device_data_handler - WARNING - device_data_handler.py:36 - No log file found for device 2
2025-09-26 12:14:35,950 - device_data_handler - WARNING - device_data_handler.py:36 - No log file found for device 2
2025-09-26 12:14:36,012 - device_location_syncer - ERROR - sync_device_locations.py:241 - Error processing device d11: could not convert string to float: ''
2025-09-26 12:14:36,017 - device_location_syncer - ERROR - sync_device_locations.py:241 - Error processing device pp111: could not convert string to float: ''
2025-09-26 12:14:36,023 - device_location_syncer - ERROR - sync_device_locations.py:241 - Error processing device ppp11: could not convert string to float: ''
2025-09-26 12:14:36,025 - device_location_syncer - ERROR - sync_device_locations.py:241 - Error processing device dev1: could not convert string to float: ''
2025-09-26 12:14:36,027 - device_location_syncer - ERROR - sync_device_locations.py:241 - Error processing device dv1: could not convert string to float: ''
2025-09-26 12:14:36,029 - device_location_syncer - ERROR - sync_device_locations.py:241 - Error processing device dv11: could not convert string to float: ''
2025-09-26 12:14:36,030 - device_location_syncer - INFO - sync_device_locations.py:250 - Sync completed. No location updates needed.
2025-09-26 12:14:36,949 - device_data_handler - WARNING - device_data_handler.py:36 - No log file found for device 2
2025-09-26 12:14:37,949 - device_data_handler - WARNING - device_data_handler.py:36 - No log file found for device 2
2025-09-26 12:14:38,960 - device_data_handler - WARNING - device_data_handler.py:36 - No log file found for device 2
2025-09-26 12:14:39,966 - device_data_handler - WARNING - device_data_handler.py:36 - No log file found for device 2
2025-09-26 12:14:40,970 - device_data_handler - WARNING - device_data_handler.py:36 - No log file found for device 2
2025-09-26 12:14:41,967 - device_data_handler - WARNING - device_data_handler.py:36 - No log file found for device 2
2025-09-26 12:14:42,978 - device_data_handler - WARNING - device_data_handler.py:36 - No log file found for device 2
2025-09-26 12:14:43,971 - device_data_handler - WARNING - device_data_handler.py:36 - No log file found for device 2
2025-09-26 12:14:44,978 - device_data_handler - WARNING - device_data_handler.py:36 - No log file found for device 2
2025-09-26 12:14:45,980 - device_data_handler - WARNING - device_data_handler.py:36 - No log file found for device 2
2025-09-26 12:14:46,996 - device_data_handler - WARNING - device_data_handler.py:36 - No log file found for device 2
2025-09-26 12:14:48,001 - device_data_handler - WARNING - device_data_handler.py:36 - No log file found for device 2
2025-09-26 12:14:49,000 - device_data_handler - WARNING - device_data_handler.py:36 - No log file found for device 2
2025-09-26 12:14:50,010 - device_data_handler - WARNING - device_data_handler.py:36 - No log file found for device 2
2025-09-26 12:14:50,995 - device_data_handler - WARNING - device_data_handler.py:36 - No log file found for device 2
2025-09-26 12:14:52,006 - device_data_handler - WARNING - device_data_handler.py:36 - No log file found for device 2
2025-09-26 12:14:52,998 - device_data_handler - WARNING - device_data_handler.py:36 - No log file found for device 2
2025-09-26 12:14:54,001 - device_data_handler - WARNING - device_data_handler.py:36 - No log file found for device 2
2025-09-26 12:14:54,995 - device_data_handler - WARNING - device_data_handler.py:36 - No log file found for device 2
2025-09-26 12:14:56,053 - device_data_handler - WARNING - device_data_handler.py:36 - No log file found for device 2
2025-09-26 12:14:57,011 - device_data_handler - WARNING - device_data_handler.py:36 - No log file found for device 2
2025-09-26 12:14:58,009 - device_data_handler - WARNING - device_data_handler.py:36 - No log file found for device 2
2025-09-26 12:14:59,008 - device_data_handler - WARNING - device_data_handler.py:36 - No log file found for device 2
2025-09-26 12:15:00,019 - device_data_handler - WARNING - device_data_handler.py:36 - No log file found for device 2
2025-09-26 12:15:01,007 - device_data_handler - WARNING - device_data_handler.py:36 - No log file found for device 2
2025-09-26 12:15:01,999 - device_data_handler - WARNING - device_data_handler.py:36 - No log file found for device 2
2025-09-26 12:15:03,011 - device_data_handler - WARNING - device_data_handler.py:36 - No log file found for device 2
2025-09-26 12:15:03,178 - device_list - INFO - device_list.py:248 - Refreshing device data...
2025-09-26 12:15:03,182 - device_list - INFO - device_list.py:268 - Loaded 12 devices from CSV
2025-09-26 12:15:03,997 - device_data_handler - WARNING - device_data_handler.py:36 - No log file found for device 2
2025-09-26 12:15:05,005 - device_data_handler - WARNING - device_data_handler.py:36 - No log file found for device 2
2025-09-26 12:15:07,989 - api_client - WARNING - client.py:80 - Request attempt 1 failed: HTTPConnectionPool(host='127.0.0.1', port=8000): Max retries exceeded with url: /api/ (Caused by NewConnectionError('<urllib3.connection.HTTPConnection object at 0x0000027F65076690>: Failed to establish a new connection: [WinError 10061] No connection could be made because the target machine actively refused it'))
2025-09-26 12:15:10,037 - api_client - WARNING - client.py:80 - Request attempt 2 failed: HTTPConnectionPool(host='127.0.0.1', port=8000): Max retries exceeded with url: /api/ (Caused by NewConnectionError('<urllib3.connection.HTTPConnection object at 0x0000027F650768B0>: Failed to establish a new connection: [WinError 10061] No connection could be made because the target machine actively refused it'))
2025-09-26 12:15:12,071 - api_client - WARNING - client.py:80 - Request attempt 3 failed: HTTPConnectionPool(host='127.0.0.1', port=8000): Max retries exceeded with url: /api/ (Caused by NewConnectionError('<urllib3.connection.HTTPConnection object at 0x0000027F65076AD0>: Failed to establish a new connection: [WinError 10061] No connection could be made because the target machine actively refused it'))
2025-09-26 12:15:12,128 - device_location_syncer - ERROR - sync_device_locations.py:241 - Error processing device d11: could not convert string to float: ''
2025-09-26 12:15:12,130 - device_location_syncer - ERROR - sync_device_locations.py:241 - Error processing device pp111: could not convert string to float: ''
2025-09-26 12:15:12,131 - device_location_syncer - ERROR - sync_device_locations.py:241 - Error processing device ppp11: could not convert string to float: ''
2025-09-26 12:15:12,132 - device_location_syncer - ERROR - sync_device_locations.py:241 - Error processing device dev1: could not convert string to float: ''
2025-09-26 12:15:12,133 - device_location_syncer - ERROR - sync_device_locations.py:241 - Error processing device dv1: could not convert string to float: ''
2025-09-26 12:15:12,135 - device_location_syncer - ERROR - sync_device_locations.py:241 - Error processing device dv11: could not convert string to float: ''
2025-09-26 12:15:12,135 - device_location_syncer - INFO - sync_device_locations.py:250 - Sync completed. No location updates needed.
2025-09-26 12:15:12,181 - device_data_handler - WARNING - device_data_handler.py:36 - No log file found for device 2
2025-09-26 12:15:13,006 - device_data_handler - WARNING - device_data_handler.py:36 - No log file found for device 2
2025-09-26 12:15:14,006 - device_data_handler - WARNING - device_data_handler.py:36 - No log file found for device 2
2025-09-26 12:15:15,004 - device_data_handler - WARNING - device_data_handler.py:36 - No log file found for device 2
2025-09-26 12:15:16,014 - device_data_handler - WARNING - device_data_handler.py:36 - No log file found for device 2
2025-09-26 12:15:17,003 - device_data_handler - WARNING - device_data_handler.py:36 - No log file found for device 2
2025-09-26 12:15:18,004 - device_data_handler - WARNING - device_data_handler.py:36 - No log file found for device 2
2025-09-26 12:15:19,010 - device_data_handler - WARNING - device_data_handler.py:36 - No log file found for device 2
2025-09-26 12:15:20,016 - device_data_handler - WARNING - device_data_handler.py:36 - No log file found for device 2
2025-09-26 12:15:21,004 - device_data_handler - WARNING - device_data_handler.py:36 - No log file found for device 2
2025-09-26 12:15:22,009 - device_data_handler - WARNING - device_data_handler.py:36 - No log file found for device 2
2025-09-26 12:15:23,000 - device_data_handler - WARNING - device_data_handler.py:36 - No log file found for device 2
2025-09-26 12:15:24,003 - device_data_handler - WARNING - device_data_handler.py:36 - No log file found for device 2
2025-09-26 12:15:25,003 - device_data_handler - WARNING - device_data_handler.py:36 - No log file found for device 2
2025-09-26 12:15:26,001 - device_data_handler - WARNING - device_data_handler.py:36 - No log file found for device 2
2025-09-26 12:15:27,003 - device_data_handler - WARNING - device_data_handler.py:36 - No log file found for device 2
2025-09-26 12:15:27,998 - device_data_handler - WARNING - device_data_handler.py:36 - No log file found for device 2
2025-09-26 12:15:29,001 - device_data_handler - WARNING - device_data_handler.py:36 - No log file found for device 2
2025-09-26 12:15:30,057 - device_data_handler - WARNING - device_data_handler.py:36 - No log file found for device 2
2025-09-26 12:15:31,010 - device_data_handler - WARNING - device_data_handler.py:36 - No log file found for device 2
2025-09-26 12:15:32,093 - device_data_handler - WARNING - device_data_handler.py:36 - No log file found for device 2
2025-09-26 12:15:32,998 - device_data_handler - WARNING - device_data_handler.py:36 - No log file found for device 2
2025-09-26 12:15:33,182 - device_list - INFO - device_list.py:248 - Refreshing device data...
2025-09-26 12:15:33,190 - device_list - INFO - device_list.py:268 - Loaded 12 devices from CSV
2025-09-26 12:15:34,000 - device_data_handler - WARNING - device_data_handler.py:36 - No log file found for device 2
2025-09-26 12:15:34,998 - device_data_handler - WARNING - device_data_handler.py:36 - No log file found for device 2
2025-09-26 12:15:35,996 - device_location_syncer - ERROR - sync_device_locations.py:241 - Error processing device d11: could not convert string to float: ''
2025-09-26 12:15:35,999 - device_location_syncer - ERROR - sync_device_locations.py:241 - Error processing device pp111: could not convert string to float: ''
2025-09-26 12:15:36,002 - device_location_syncer - ERROR - sync_device_locations.py:241 - Error processing device ppp11: could not convert string to float: ''
2025-09-26 12:15:36,006 - device_location_syncer - ERROR - sync_device_locations.py:241 - Error processing device dev1: could not convert string to float: ''
2025-09-26 12:15:36,007 - device_location_syncer - ERROR - sync_device_locations.py:241 - Error processing device dv1: could not convert string to float: ''
2025-09-26 12:15:36,008 - device_location_syncer - ERROR - sync_device_locations.py:241 - Error processing device dv11: could not convert string to float: ''
2025-09-26 12:15:36,009 - device_location_syncer - INFO - sync_device_locations.py:250 - Sync completed. No location updates needed.
2025-09-26 12:15:36,044 - device_data_handler - WARNING - device_data_handler.py:36 - No log file found for device 2
2025-09-26 12:15:37,004 - device_data_handler - WARNING - device_data_handler.py:36 - No log file found for device 2
2025-09-26 12:15:38,000 - device_data_handler - WARNING - device_data_handler.py:36 - No log file found for device 2
2025-09-26 12:15:39,000 - device_data_handler - WARNING - device_data_handler.py:36 - No log file found for device 2
2025-09-26 12:15:40,000 - device_data_handler - WARNING - device_data_handler.py:36 - No log file found for device 2
2025-09-26 12:15:40,999 - device_data_handler - WARNING - device_data_handler.py:36 - No log file found for device 2
2025-09-26 12:15:42,000 - device_data_handler - WARNING - device_data_handler.py:36 - No log file found for device 2
2025-09-26 12:15:43,002 - device_data_handler - WARNING - device_data_handler.py:36 - No log file found for device 2
2025-09-26 12:15:44,014 - device_data_handler - WARNING - device_data_handler.py:36 - No log file found for device 2
2025-09-26 12:15:45,002 - device_data_handler - WARNING - device_data_handler.py:36 - No log file found for device 2
2025-09-26 12:15:46,007 - device_data_handler - WARNING - device_data_handler.py:36 - No log file found for device 2
2025-09-26 12:15:47,023 - device_data_handler - WARNING - device_data_handler.py:36 - No log file found for device 2
2025-09-26 12:15:48,001 - device_data_handler - WARNING - device_data_handler.py:36 - No log file found for device 2
2025-09-26 12:15:49,001 - device_data_handler - WARNING - device_data_handler.py:36 - No log file found for device 2
2025-09-26 12:15:49,997 - device_data_handler - WARNING - device_data_handler.py:36 - No log file found for device 2
2025-09-26 12:15:50,998 - device_data_handler - WARNING - device_data_handler.py:36 - No log file found for device 2
2025-09-26 12:15:52,018 - device_data_handler - WARNING - device_data_handler.py:36 - No log file found for device 2
2025-09-26 12:15:52,998 - device_data_handler - WARNING - device_data_handler.py:36 - No log file found for device 2
2025-09-26 12:15:53,997 - device_data_handler - WARNING - device_data_handler.py:36 - No log file found for device 2
2025-09-26 12:15:55,002 - device_data_handler - WARNING - device_data_handler.py:36 - No log file found for device 2
2025-09-26 12:15:55,999 - device_data_handler - WARNING - device_data_handler.py:36 - No log file found for device 2
2025-09-26 12:15:56,997 - device_data_handler - WARNING - device_data_handler.py:36 - No log file found for device 2
2025-09-26 12:15:57,996 - device_data_handler - WARNING - device_data_handler.py:36 - No log file found for device 2
2025-09-26 12:15:58,996 - device_data_handler - WARNING - device_data_handler.py:36 - No log file found for device 2
2025-09-26 12:16:00,001 - device_data_handler - WARNING - device_data_handler.py:36 - No log file found for device 2
2025-09-26 12:16:01,015 - device_data_handler - WARNING - device_data_handler.py:36 - No log file found for device 2
2025-09-26 12:16:01,997 - device_data_handler - WARNING - device_data_handler.py:36 - No log file found for device 2
2025-09-26 12:16:03,001 - device_data_handler - WARNING - device_data_handler.py:36 - No log file found for device 2
2025-09-26 12:16:03,177 - device_list - INFO - device_list.py:248 - Refreshing device data...
2025-09-26 12:16:03,183 - device_list - INFO - device_list.py:268 - Loaded 12 devices from CSV
2025-09-26 12:16:03,999 - device_data_handler - WARNING - device_data_handler.py:36 - No log file found for device 2
2025-09-26 12:16:05,032 - device_data_handler - WARNING - device_data_handler.py:36 - No log file found for device 2
2025-09-26 12:16:08,037 - api_client - WARNING - client.py:80 - Request attempt 1 failed: HTTPConnectionPool(host='127.0.0.1', port=8000): Max retries exceeded with url: /api/ (Caused by NewConnectionError('<urllib3.connection.HTTPConnection object at 0x0000027F65076CF0>: Failed to establish a new connection: [WinError 10061] No connection could be made because the target machine actively refused it'))
2025-09-26 12:16:10,072 - api_client - WARNING - client.py:80 - Request attempt 2 failed: HTTPConnectionPool(host='127.0.0.1', port=8000): Max retries exceeded with url: /api/ (Caused by NewConnectionError('<urllib3.connection.HTTPConnection object at 0x0000027F65076F10>: Failed to establish a new connection: [WinError 10061] No connection could be made because the target machine actively refused it'))
2025-09-26 12:16:12,107 - api_client - WARNING - client.py:80 - Request attempt 3 failed: HTTPConnectionPool(host='127.0.0.1', port=8000): Max retries exceeded with url: /api/ (Caused by NewConnectionError('<urllib3.connection.HTTPConnection object at 0x0000027F65077130>: Failed to establish a new connection: [WinError 10061] No connection could be made because the target machine actively refused it'))
2025-09-26 12:16:12,212 - device_location_syncer - ERROR - sync_device_locations.py:241 - Error processing device d11: could not convert string to float: ''
2025-09-26 12:16:12,214 - device_location_syncer - ERROR - sync_device_locations.py:241 - Error processing device pp111: could not convert string to float: ''
2025-09-26 12:16:12,215 - device_location_syncer - ERROR - sync_device_locations.py:241 - Error processing device ppp11: could not convert string to float: ''
2025-09-26 12:16:12,216 - device_location_syncer - ERROR - sync_device_locations.py:241 - Error processing device dev1: could not convert string to float: ''
2025-09-26 12:16:12,218 - device_location_syncer - ERROR - sync_device_locations.py:241 - Error processing device dv1: could not convert string to float: ''
2025-09-26 12:16:12,219 - device_location_syncer - ERROR - sync_device_locations.py:241 - Error processing device dv11: could not convert string to float: ''
2025-09-26 12:16:12,219 - device_location_syncer - INFO - sync_device_locations.py:250 - Sync completed. No location updates needed.
2025-09-26 12:16:33,177 - device_list - INFO - device_list.py:248 - Refreshing device data...
2025-09-26 12:16:33,182 - device_list - INFO - device_list.py:268 - Loaded 12 devices from CSV
2025-09-26 12:16:36,006 - device_location_syncer - ERROR - sync_device_locations.py:241 - Error processing device d11: could not convert string to float: ''
2025-09-26 12:16:36,008 - device_location_syncer - ERROR - sync_device_locations.py:241 - Error processing device pp111: could not convert string to float: ''
2025-09-26 12:16:36,010 - device_location_syncer - ERROR - sync_device_locations.py:241 - Error processing device ppp11: could not convert string to float: ''
2025-09-26 12:16:36,011 - device_location_syncer - ERROR - sync_device_locations.py:241 - Error processing device dev1: could not convert string to float: ''
2025-09-26 12:16:36,012 - device_location_syncer - ERROR - sync_device_locations.py:241 - Error processing device dv1: could not convert string to float: ''
2025-09-26 12:16:36,013 - device_location_syncer - ERROR - sync_device_locations.py:241 - Error processing device dv11: could not convert string to float: ''
2025-09-26 12:16:36,013 - device_location_syncer - INFO - sync_device_locations.py:250 - Sync completed. No location updates needed.
2025-09-26 12:17:03,183 - device_list - INFO - device_list.py:248 - Refreshing device data...
2025-09-26 12:17:03,187 - device_list - INFO - device_list.py:268 - Loaded 12 devices from CSV
2025-09-26 12:17:08,021 - api_client - WARNING - client.py:80 - Request attempt 1 failed: HTTPConnectionPool(host='127.0.0.1', port=8000): Max retries exceeded with url: /api/ (Caused by NewConnectionError('<urllib3.connection.HTTPConnection object at 0x0000027F65077130>: Failed to establish a new connection: [WinError 10061] No connection could be made because the target machine actively refused it'))
2025-09-26 12:17:10,056 - api_client - WARNING - client.py:80 - Request attempt 2 failed: HTTPConnectionPool(host='127.0.0.1', port=8000): Max retries exceeded with url: /api/ (Caused by NewConnectionError('<urllib3.connection.HTTPConnection object at 0x0000027F65076F10>: Failed to establish a new connection: [WinError 10061] No connection could be made because the target machine actively refused it'))
2025-09-26 12:17:12,087 - api_client - WARNING - client.py:80 - Request attempt 3 failed: HTTPConnectionPool(host='127.0.0.1', port=8000): Max retries exceeded with url: /api/ (Caused by NewConnectionError('<urllib3.connection.HTTPConnection object at 0x0000027F65076CF0>: Failed to establish a new connection: [WinError 10061] No connection could be made because the target machine actively refused it'))
2025-09-26 12:17:12,158 - device_location_syncer - ERROR - sync_device_locations.py:241 - Error processing device d11: could not convert string to float: ''
2025-09-26 12:17:12,159 - device_location_syncer - ERROR - sync_device_locations.py:241 - Error processing device pp111: could not convert string to float: ''
2025-09-26 12:17:12,163 - device_location_syncer - ERROR - sync_device_locations.py:241 - Error processing device ppp11: could not convert string to float: ''
2025-09-26 12:17:12,165 - device_location_syncer - ERROR - sync_device_locations.py:241 - Error processing device dev1: could not convert string to float: ''
2025-09-26 12:17:12,167 - device_location_syncer - ERROR - sync_device_locations.py:241 - Error processing device dv1: could not convert string to float: ''
2025-09-26 12:17:12,168 - device_location_syncer - ERROR - sync_device_locations.py:241 - Error processing device dv11: could not convert string to float: ''
2025-09-26 12:17:12,169 - device_location_syncer - INFO - sync_device_locations.py:250 - Sync completed. No location updates needed.
2025-09-26 12:17:33,185 - device_list - INFO - device_list.py:248 - Refreshing device data...
2025-09-26 12:17:33,201 - device_list - INFO - device_list.py:268 - Loaded 12 devices from CSV
2025-09-26 12:17:35,995 - device_location_syncer - ERROR - sync_device_locations.py:241 - Error processing device d11: could not convert string to float: ''
2025-09-26 12:17:35,997 - device_location_syncer - ERROR - sync_device_locations.py:241 - Error processing device pp111: could not convert string to float: ''
2025-09-26 12:17:35,998 - device_location_syncer - ERROR - sync_device_locations.py:241 - Error processing device ppp11: could not convert string to float: ''
2025-09-26 12:17:35,999 - device_location_syncer - ERROR - sync_device_locations.py:241 - Error processing device dev1: could not convert string to float: ''
2025-09-26 12:17:36,001 - device_location_syncer - ERROR - sync_device_locations.py:241 - Error processing device dv1: could not convert string to float: ''
2025-09-26 12:17:36,002 - device_location_syncer - ERROR - sync_device_locations.py:241 - Error processing device dv11: could not convert string to float: ''
2025-09-26 12:17:36,002 - device_location_syncer - INFO - sync_device_locations.py:250 - Sync completed. No location updates needed.
2025-09-26 12:18:03,179 - device_list - INFO - device_list.py:248 - Refreshing device data...
2025-09-26 12:18:03,182 - device_list - INFO - device_list.py:268 - Loaded 12 devices from CSV
2025-09-26 12:18:08,037 - api_client - WARNING - client.py:80 - Request attempt 1 failed: HTTPConnectionPool(host='127.0.0.1', port=8000): Max retries exceeded with url: /api/ (Caused by NewConnectionError('<urllib3.connection.HTTPConnection object at 0x0000027F65076AD0>: Failed to establish a new connection: [WinError 10061] No connection could be made because the target machine actively refused it'))
2025-09-26 12:18:10,087 - api_client - WARNING - client.py:80 - Request attempt 2 failed: HTTPConnectionPool(host='127.0.0.1', port=8000): Max retries exceeded with url: /api/ (Caused by NewConnectionError('<urllib3.connection.HTTPConnection object at 0x0000027F650768B0>: Failed to establish a new connection: [WinError 10061] No connection could be made because the target machine actively refused it'))
2025-09-26 12:18:12,148 - api_client - WARNING - client.py:80 - Request attempt 3 failed: HTTPConnectionPool(host='127.0.0.1', port=8000): Max retries exceeded with url: /api/ (Caused by NewConnectionError('<urllib3.connection.HTTPConnection object at 0x0000027F65076690>: Failed to establish a new connection: [WinError 10061] No connection could be made because the target machine actively refused it'))
2025-09-26 12:18:12,160 - device_location_syncer - ERROR - sync_device_locations.py:241 - Error processing device d11: could not convert string to float: ''
2025-09-26 12:18:12,161 - device_location_syncer - ERROR - sync_device_locations.py:241 - Error processing device pp111: could not convert string to float: ''
2025-09-26 12:18:12,165 - device_location_syncer - ERROR - sync_device_locations.py:241 - Error processing device ppp11: could not convert string to float: ''
2025-09-26 12:18:12,173 - device_location_syncer - ERROR - sync_device_locations.py:241 - Error processing device dev1: could not convert string to float: ''
2025-09-26 12:18:12,175 - device_location_syncer - ERROR - sync_device_locations.py:241 - Error processing device dv1: could not convert string to float: ''
2025-09-26 12:18:12,177 - device_location_syncer - ERROR - sync_device_locations.py:241 - Error processing device dv11: could not convert string to float: ''
2025-09-26 12:18:12,177 - device_location_syncer - INFO - sync_device_locations.py:250 - Sync completed. No location updates needed.
2025-09-26 12:18:33,173 - device_list - INFO - device_list.py:248 - Refreshing device data...
2025-09-26 12:18:33,180 - device_list - INFO - device_list.py:268 - Loaded 12 devices from CSV
2025-09-26 12:18:35,999 - device_location_syncer - ERROR - sync_device_locations.py:241 - Error processing device d11: could not convert string to float: ''
2025-09-26 12:18:36,000 - device_location_syncer - ERROR - sync_device_locations.py:241 - Error processing device pp111: could not convert string to float: ''
2025-09-26 12:18:36,001 - device_location_syncer - ERROR - sync_device_locations.py:241 - Error processing device ppp11: could not convert string to float: ''
2025-09-26 12:18:36,002 - device_location_syncer - ERROR - sync_device_locations.py:241 - Error processing device dev1: could not convert string to float: ''
2025-09-26 12:18:36,004 - device_location_syncer - ERROR - sync_device_locations.py:241 - Error processing device dv1: could not convert string to float: ''
2025-09-26 12:18:36,005 - device_location_syncer - ERROR - sync_device_locations.py:241 - Error processing device dv11: could not convert string to float: ''
2025-09-26 12:18:36,005 - device_location_syncer - INFO - sync_device_locations.py:250 - Sync completed. No location updates needed.
2025-09-26 12:18:58,596 - device_list - INFO - device_list.py:248 - Refreshing device data...
2025-09-26 12:18:58,599 - device_list - INFO - device_list.py:268 - Loaded 12 devices from CSV
2025-09-26 12:18:58,599 - main_window - INFO - main_window.py:300 - Refreshed data for Device Management
2025-09-26 12:19:03,171 - device_list - INFO - device_list.py:248 - Refreshing device data...
2025-09-26 12:19:03,179 - device_list - INFO - device_list.py:268 - Loaded 12 devices from CSV
2025-09-26 12:19:08,022 - api_client - WARNING - client.py:80 - Request attempt 1 failed: HTTPConnectionPool(host='127.0.0.1', port=8000): Max retries exceeded with url: /api/ (Caused by NewConnectionError('<urllib3.connection.HTTPConnection object at 0x0000027F65076580>: Failed to establish a new connection: [WinError 10061] No connection could be made because the target machine actively refused it'))
2025-09-26 12:19:10,072 - api_client - WARNING - client.py:80 - Request attempt 2 failed: HTTPConnectionPool(host='127.0.0.1', port=8000): Max retries exceeded with url: /api/ (Caused by NewConnectionError('<urllib3.connection.HTTPConnection object at 0x0000027F65076250>: Failed to establish a new connection: [WinError 10061] No connection could be made because the target machine actively refused it'))
2025-09-26 12:19:12,107 - api_client - WARNING - client.py:80 - Request attempt 3 failed: HTTPConnectionPool(host='127.0.0.1', port=8000): Max retries exceeded with url: /api/ (Caused by NewConnectionError('<urllib3.connection.HTTPConnection object at 0x0000027F65076030>: Failed to establish a new connection: [WinError 10061] No connection could be made because the target machine actively refused it'))
2025-09-26 12:19:12,127 - device_location_syncer - ERROR - sync_device_locations.py:241 - Error processing device d11: could not convert string to float: ''
2025-09-26 12:19:12,129 - device_location_syncer - ERROR - sync_device_locations.py:241 - Error processing device pp111: could not convert string to float: ''
2025-09-26 12:19:12,131 - device_location_syncer - ERROR - sync_device_locations.py:241 - Error processing device ppp11: could not convert string to float: ''
2025-09-26 12:19:12,134 - device_location_syncer - ERROR - sync_device_locations.py:241 - Error processing device dev1: could not convert string to float: ''
2025-09-26 12:19:12,137 - device_location_syncer - ERROR - sync_device_locations.py:241 - Error processing device dv1: could not convert string to float: ''
2025-09-26 12:19:12,140 - device_location_syncer - ERROR - sync_device_locations.py:241 - Error processing device dv11: could not convert string to float: ''
2025-09-26 12:19:12,143 - device_location_syncer - INFO - sync_device_locations.py:250 - Sync completed. No location updates needed.
2025-09-26 12:19:12,144 - device_list - INFO - device_list.py:248 - Refreshing device data...
2025-09-26 12:19:12,151 - device_list - INFO - device_list.py:268 - Loaded 12 devices from CSV
2025-09-26 12:19:33,171 - device_list - INFO - device_list.py:248 - Refreshing device data...
2025-09-26 12:19:33,182 - device_list - INFO - device_list.py:268 - Loaded 12 devices from CSV
2025-09-26 12:19:35,995 - device_location_syncer - ERROR - sync_device_locations.py:241 - Error processing device d11: could not convert string to float: ''
2025-09-26 12:19:35,997 - device_location_syncer - ERROR - sync_device_locations.py:241 - Error processing device pp111: could not convert string to float: ''
2025-09-26 12:19:35,998 - device_location_syncer - ERROR - sync_device_locations.py:241 - Error processing device ppp11: could not convert string to float: ''
2025-09-26 12:19:36,000 - device_location_syncer - ERROR - sync_device_locations.py:241 - Error processing device dev1: could not convert string to float: ''
2025-09-26 12:19:36,002 - device_location_syncer - ERROR - sync_device_locations.py:241 - Error processing device dv1: could not convert string to float: ''
2025-09-26 12:19:36,004 - device_location_syncer - ERROR - sync_device_locations.py:241 - Error processing device dv11: could not convert string to float: ''
2025-09-26 12:19:36,007 - device_location_syncer - INFO - sync_device_locations.py:250 - Sync completed. No location updates needed.
2025-09-26 12:19:36,008 - device_list - INFO - device_list.py:248 - Refreshing device data...
2025-09-26 12:19:36,013 - device_list - INFO - device_list.py:268 - Loaded 12 devices from CSV
2025-09-26 12:20:03,172 - device_list - INFO - device_list.py:248 - Refreshing device data...
2025-09-26 12:20:03,181 - device_list - INFO - device_list.py:268 - Loaded 12 devices from CSV
2025-09-26 12:20:08,031 - api_client - WARNING - client.py:80 - Request attempt 1 failed: HTTPConnectionPool(host='127.0.0.1', port=8000): Max retries exceeded with url: /api/ (Caused by NewConnectionError('<urllib3.connection.HTTPConnection object at 0x0000027F65075E10>: Failed to establish a new connection: [WinError 10061] No connection could be made because the target machine actively refused it'))
2025-09-26 12:20:10,072 - api_client - WARNING - client.py:80 - Request attempt 2 failed: HTTPConnectionPool(host='127.0.0.1', port=8000): Max retries exceeded with url: /api/ (Caused by NewConnectionError('<urllib3.connection.HTTPConnection object at 0x0000027F65075BF0>: Failed to establish a new connection: [WinError 10061] No connection could be made because the target machine actively refused it'))
2025-09-26 12:20:12,107 - api_client - WARNING - client.py:80 - Request attempt 3 failed: HTTPConnectionPool(host='127.0.0.1', port=8000): Max retries exceeded with url: /api/ (Caused by NewConnectionError('<urllib3.connection.HTTPConnection object at 0x0000027F65075AE0>: Failed to establish a new connection: [WinError 10061] No connection could be made because the target machine actively refused it'))
2025-09-26 12:20:12,129 - device_location_syncer - ERROR - sync_device_locations.py:241 - Error processing device d11: could not convert string to float: ''
2025-09-26 12:20:12,133 - device_location_syncer - ERROR - sync_device_locations.py:241 - Error processing device pp111: could not convert string to float: ''
2025-09-26 12:20:12,135 - device_location_syncer - ERROR - sync_device_locations.py:241 - Error processing device ppp11: could not convert string to float: ''
2025-09-26 12:20:12,139 - device_location_syncer - ERROR - sync_device_locations.py:241 - Error processing device dev1: could not convert string to float: ''
2025-09-26 12:20:12,143 - device_location_syncer - ERROR - sync_device_locations.py:241 - Error processing device dv1: could not convert string to float: ''
2025-09-26 12:20:12,149 - device_location_syncer - ERROR - sync_device_locations.py:241 - Error processing device dv11: could not convert string to float: ''
2025-09-26 12:20:12,150 - device_location_syncer - INFO - sync_device_locations.py:250 - Sync completed. No location updates needed.
2025-09-26 12:20:12,152 - device_list - INFO - device_list.py:248 - Refreshing device data...
2025-09-26 12:20:12,158 - device_list - INFO - device_list.py:268 - Loaded 12 devices from CSV
2025-09-26 12:20:33,172 - device_list - INFO - device_list.py:248 - Refreshing device data...
2025-09-26 12:20:33,186 - device_list - INFO - device_list.py:268 - Loaded 12 devices from CSV
2025-09-26 12:20:36,007 - device_location_syncer - ERROR - sync_device_locations.py:241 - Error processing device d11: could not convert string to float: ''
2025-09-26 12:20:36,012 - device_location_syncer - ERROR - sync_device_locations.py:241 - Error processing device pp111: could not convert string to float: ''
2025-09-26 12:20:36,017 - device_location_syncer - ERROR - sync_device_locations.py:241 - Error processing device ppp11: could not convert string to float: ''
2025-09-26 12:20:36,022 - device_location_syncer - ERROR - sync_device_locations.py:241 - Error processing device dev1: could not convert string to float: ''
2025-09-26 12:20:36,027 - device_location_syncer - ERROR - sync_device_locations.py:241 - Error processing device dv1: could not convert string to float: ''
2025-09-26 12:20:36,032 - device_location_syncer - ERROR - sync_device_locations.py:241 - Error processing device dv11: could not convert string to float: ''
2025-09-26 12:20:36,033 - device_location_syncer - INFO - sync_device_locations.py:250 - Sync completed. No location updates needed.
2025-09-26 12:20:36,033 - device_list - INFO - device_list.py:248 - Refreshing device data...
2025-09-26 12:20:36,039 - device_list - INFO - device_list.py:268 - Loaded 12 devices from CSV
2025-09-26 12:21:03,169 - device_list - INFO - device_list.py:248 - Refreshing device data...
2025-09-26 12:21:03,177 - device_list - INFO - device_list.py:268 - Loaded 12 devices from CSV
2025-09-26 12:21:08,022 - api_client - WARNING - client.py:80 - Request attempt 1 failed: HTTPConnectionPool(host='127.0.0.1', port=8000): Max retries exceeded with url: /api/ (Caused by NewConnectionError('<urllib3.connection.HTTPConnection object at 0x0000027F650757B0>: Failed to establish a new connection: [WinError 10061] No connection could be made because the target machine actively refused it'))
2025-09-26 12:21:10,052 - api_client - WARNING - client.py:80 - Request attempt 2 failed: HTTPConnectionPool(host='127.0.0.1', port=8000): Max retries exceeded with url: /api/ (Caused by NewConnectionError('<urllib3.connection.HTTPConnection object at 0x0000027F65075590>: Failed to establish a new connection: [WinError 10061] No connection could be made because the target machine actively refused it'))
2025-09-26 12:21:12,106 - api_client - WARNING - client.py:80 - Request attempt 3 failed: HTTPConnectionPool(host='127.0.0.1', port=8000): Max retries exceeded with url: /api/ (Caused by NewConnectionError('<urllib3.connection.HTTPConnection object at 0x0000027F65075480>: Failed to establish a new connection: [WinError 10061] No connection could be made because the target machine actively refused it'))
2025-09-26 12:21:12,129 - device_location_syncer - ERROR - sync_device_locations.py:241 - Error processing device d11: could not convert string to float: ''
2025-09-26 12:21:12,132 - device_location_syncer - ERROR - sync_device_locations.py:241 - Error processing device pp111: could not convert string to float: ''
2025-09-26 12:21:12,134 - device_location_syncer - ERROR - sync_device_locations.py:241 - Error processing device ppp11: could not convert string to float: ''
2025-09-26 12:21:12,138 - device_location_syncer - ERROR - sync_device_locations.py:241 - Error processing device dev1: could not convert string to float: ''
2025-09-26 12:21:12,141 - device_location_syncer - ERROR - sync_device_locations.py:241 - Error processing device dv1: could not convert string to float: ''
2025-09-26 12:21:12,147 - device_location_syncer - ERROR - sync_device_locations.py:241 - Error processing device dv11: could not convert string to float: ''
2025-09-26 12:21:12,149 - device_location_syncer - INFO - sync_device_locations.py:250 - Sync completed. No location updates needed.
2025-09-26 12:21:12,150 - device_list - INFO - device_list.py:248 - Refreshing device data...
2025-09-26 12:21:12,155 - device_list - INFO - device_list.py:268 - Loaded 12 devices from CSV
2025-09-26 12:21:33,172 - device_list - INFO - device_list.py:248 - Refreshing device data...
2025-09-26 12:21:33,179 - device_list - INFO - device_list.py:268 - Loaded 12 devices from CSV
2025-09-26 12:21:36,005 - device_location_syncer - ERROR - sync_device_locations.py:241 - Error processing device d11: could not convert string to float: ''
2025-09-26 12:21:36,007 - device_location_syncer - ERROR - sync_device_locations.py:241 - Error processing device pp111: could not convert string to float: ''
2025-09-26 12:21:36,010 - device_location_syncer - ERROR - sync_device_locations.py:241 - Error processing device ppp11: could not convert string to float: ''
2025-09-26 12:21:36,012 - device_location_syncer - ERROR - sync_device_locations.py:241 - Error processing device dev1: could not convert string to float: ''
2025-09-26 12:21:36,015 - device_location_syncer - ERROR - sync_device_locations.py:241 - Error processing device dv1: could not convert string to float: ''
2025-09-26 12:21:36,017 - device_location_syncer - ERROR - sync_device_locations.py:241 - Error processing device dv11: could not convert string to float: ''
2025-09-26 12:21:36,018 - device_location_syncer - INFO - sync_device_locations.py:250 - Sync completed. No location updates needed.
2025-09-26 12:21:36,019 - device_list - INFO - device_list.py:248 - Refreshing device data...
2025-09-26 12:21:36,024 - device_list - INFO - device_list.py:268 - Loaded 12 devices from CSV
2025-09-26 12:22:03,172 - device_list - INFO - device_list.py:248 - Refreshing device data...
2025-09-26 12:22:03,181 - device_list - INFO - device_list.py:268 - Loaded 12 devices from CSV
2025-09-26 12:22:08,055 - api_client - WARNING - client.py:80 - Request attempt 1 failed: HTTPConnectionPool(host='127.0.0.1', port=8000): Max retries exceeded with url: /api/ (Caused by NewConnectionError('<urllib3.connection.HTTPConnection object at 0x0000027F65075150>: Failed to establish a new connection: [WinError 10061] No connection could be made because the target machine actively refused it'))
2025-09-26 12:22:10,103 - api_client - WARNING - client.py:80 - Request attempt 2 failed: HTTPConnectionPool(host='127.0.0.1', port=8000): Max retries exceeded with url: /api/ (Caused by NewConnectionError('<urllib3.connection.HTTPConnection object at 0x0000027F65074E20>: Failed to establish a new connection: [WinError 10061] No connection could be made because the target machine actively refused it'))
2025-09-26 12:22:12,142 - api_client - WARNING - client.py:80 - Request attempt 3 failed: HTTPConnectionPool(host='127.0.0.1', port=8000): Max retries exceeded with url: /api/ (Caused by NewConnectionError('<urllib3.connection.HTTPConnection object at 0x0000027F65074F30>: Failed to establish a new connection: [WinError 10061] No connection could be made because the target machine actively refused it'))
2025-09-26 12:22:12,164 - device_location_syncer - ERROR - sync_device_locations.py:241 - Error processing device d11: could not convert string to float: ''
2025-09-26 12:22:12,169 - device_location_syncer - ERROR - sync_device_locations.py:241 - Error processing device pp111: could not convert string to float: ''
2025-09-26 12:22:12,180 - device_location_syncer - ERROR - sync_device_locations.py:241 - Error processing device ppp11: could not convert string to float: ''
2025-09-26 12:22:12,184 - device_location_syncer - ERROR - sync_device_locations.py:241 - Error processing device dev1: could not convert string to float: ''
2025-09-26 12:22:12,186 - device_location_syncer - ERROR - sync_device_locations.py:241 - Error processing device dv1: could not convert string to float: ''
2025-09-26 12:22:12,188 - device_location_syncer - ERROR - sync_device_locations.py:241 - Error processing device dv11: could not convert string to float: ''
2025-09-26 12:22:12,189 - device_location_syncer - INFO - sync_device_locations.py:250 - Sync completed. No location updates needed.
2025-09-26 12:22:12,192 - device_list - INFO - device_list.py:248 - Refreshing device data...
2025-09-26 12:22:12,198 - device_list - INFO - device_list.py:268 - Loaded 12 devices from CSV
2025-09-26 12:22:33,168 - device_list - INFO - device_list.py:248 - Refreshing device data...
2025-09-26 12:22:33,176 - device_list - INFO - device_list.py:268 - Loaded 12 devices from CSV
2025-09-26 12:22:36,009 - device_location_syncer - ERROR - sync_device_locations.py:241 - Error processing device d11: could not convert string to float: ''
2025-09-26 12:22:36,012 - device_location_syncer - ERROR - sync_device_locations.py:241 - Error processing device pp111: could not convert string to float: ''
2025-09-26 12:22:36,014 - device_location_syncer - ERROR - sync_device_locations.py:241 - Error processing device ppp11: could not convert string to float: ''
2025-09-26 12:22:36,016 - device_location_syncer - ERROR - sync_device_locations.py:241 - Error processing device dev1: could not convert string to float: ''
2025-09-26 12:22:36,019 - device_location_syncer - ERROR - sync_device_locations.py:241 - Error processing device dv1: could not convert string to float: ''
2025-09-26 12:22:36,023 - device_location_syncer - ERROR - sync_device_locations.py:241 - Error processing device dv11: could not convert string to float: ''
2025-09-26 12:22:36,024 - device_location_syncer - INFO - sync_device_locations.py:250 - Sync completed. No location updates needed.
2025-09-26 12:22:36,026 - device_list - INFO - device_list.py:248 - Refreshing device data...
2025-09-26 12:22:36,033 - device_list - INFO - device_list.py:268 - Loaded 12 devices from CSV
2025-09-26 12:22:37,749 - device_list - INFO - device_list.py:248 - Refreshing device data...
2025-09-26 12:22:37,752 - device_list - INFO - device_list.py:268 - Loaded 12 devices from CSV
2025-09-26 12:22:37,752 - main_window - INFO - main_window.py:300 - Refreshed data for Device Management
2025-09-26 12:23:03,170 - device_list - INFO - device_list.py:248 - Refreshing device data...
2025-09-26 12:23:03,179 - device_list - INFO - device_list.py:268 - Loaded 12 devices from CSV
2025-09-26 12:23:08,038 - api_client - WARNING - client.py:80 - Request attempt 1 failed: HTTPConnectionPool(host='127.0.0.1', port=8000): Max retries exceeded with url: /api/ (Caused by NewConnectionError('<urllib3.connection.HTTPConnection object at 0x0000027F650745A0>: Failed to establish a new connection: [WinError 10061] No connection could be made because the target machine actively refused it'))
2025-09-26 12:23:10,088 - api_client - WARNING - client.py:80 - Request attempt 2 failed: HTTPConnectionPool(host='127.0.0.1', port=8000): Max retries exceeded with url: /api/ (Caused by NewConnectionError('<urllib3.connection.HTTPConnection object at 0x0000027F65074380>: Failed to establish a new connection: [WinError 10061] No connection could be made because the target machine actively refused it'))
2025-09-26 12:23:12,138 - api_client - WARNING - client.py:80 - Request attempt 3 failed: HTTPConnectionPool(host='127.0.0.1', port=8000): Max retries exceeded with url: /api/ (Caused by NewConnectionError('<urllib3.connection.HTTPConnection object at 0x0000027F65074490>: Failed to establish a new connection: [WinError 10061] No connection could be made because the target machine actively refused it'))
2025-09-26 12:23:12,158 - device_location_syncer - ERROR - sync_device_locations.py:241 - Error processing device d11: could not convert string to float: ''
2025-09-26 12:23:12,161 - device_location_syncer - ERROR - sync_device_locations.py:241 - Error processing device pp111: could not convert string to float: ''
2025-09-26 12:23:12,163 - device_location_syncer - ERROR - sync_device_locations.py:241 - Error processing device ppp11: could not convert string to float: ''
2025-09-26 12:23:12,166 - device_location_syncer - ERROR - sync_device_locations.py:241 - Error processing device dev1: could not convert string to float: ''
2025-09-26 12:23:12,168 - device_location_syncer - ERROR - sync_device_locations.py:241 - Error processing device dv1: could not convert string to float: ''
2025-09-26 12:23:12,170 - device_location_syncer - ERROR - sync_device_locations.py:241 - Error processing device dv11: could not convert string to float: ''
2025-09-26 12:23:12,171 - device_location_syncer - INFO - sync_device_locations.py:250 - Sync completed. No location updates needed.
2025-09-26 12:23:12,172 - device_list - INFO - device_list.py:248 - Refreshing device data...
2025-09-26 12:23:12,180 - device_list - INFO - device_list.py:268 - Loaded 12 devices from CSV
2025-09-26 12:23:33,171 - device_list - INFO - device_list.py:248 - Refreshing device data...
2025-09-26 12:23:33,179 - device_list - INFO - device_list.py:268 - Loaded 12 devices from CSV
2025-09-26 12:23:36,004 - device_location_syncer - ERROR - sync_device_locations.py:241 - Error processing device d11: could not convert string to float: ''
2025-09-26 12:23:36,008 - device_location_syncer - ERROR - sync_device_locations.py:241 - Error processing device pp111: could not convert string to float: ''
2025-09-26 12:23:36,011 - device_location_syncer - ERROR - sync_device_locations.py:241 - Error processing device ppp11: could not convert string to float: ''
2025-09-26 12:23:36,016 - device_location_syncer - ERROR - sync_device_locations.py:241 - Error processing device dev1: could not convert string to float: ''
2025-09-26 12:23:36,021 - device_location_syncer - ERROR - sync_device_locations.py:241 - Error processing device dv1: could not convert string to float: ''
2025-09-26 12:23:36,027 - device_location_syncer - ERROR - sync_device_locations.py:241 - Error processing device dv11: could not convert string to float: ''
2025-09-26 12:23:36,028 - device_location_syncer - INFO - sync_device_locations.py:250 - Sync completed. No location updates needed.
2025-09-26 12:23:36,030 - device_list - INFO - device_list.py:248 - Refreshing device data...
2025-09-26 12:23:36,036 - device_list - INFO - device_list.py:268 - Loaded 12 devices from CSV
2025-09-26 12:24:03,171 - device_list - INFO - device_list.py:248 - Refreshing device data...
2025-09-26 12:24:03,176 - device_list - INFO - device_list.py:268 - Loaded 12 devices from CSV
2025-09-26 12:24:08,056 - api_client - WARNING - client.py:80 - Request attempt 1 failed: HTTPConnectionPool(host='127.0.0.1', port=8000): Max retries exceeded with url: /api/ (Caused by NewConnectionError('<urllib3.connection.HTTPConnection object at 0x0000027F650749E0>: Failed to establish a new connection: [WinError 10061] No connection could be made because the target machine actively refused it'))
2025-09-26 12:24:10,107 - api_client - WARNING - client.py:80 - Request attempt 2 failed: HTTPConnectionPool(host='127.0.0.1', port=8000): Max retries exceeded with url: /api/ (Caused by NewConnectionError('<urllib3.connection.HTTPConnection object at 0x0000027F650747C0>: Failed to establish a new connection: [WinError 10061] No connection could be made because the target machine actively refused it'))
2025-09-26 12:24:12,138 - api_client - WARNING - client.py:80 - Request attempt 3 failed: HTTPConnectionPool(host='127.0.0.1', port=8000): Max retries exceeded with url: /api/ (Caused by NewConnectionError('<urllib3.connection.HTTPConnection object at 0x0000027F65077460>: Failed to establish a new connection: [WinError 10061] No connection could be made because the target machine actively refused it'))
2025-09-26 12:24:12,160 - device_location_syncer - ERROR - sync_device_locations.py:241 - Error processing device d11: could not convert string to float: ''
2025-09-26 12:24:12,163 - device_location_syncer - ERROR - sync_device_locations.py:241 - Error processing device pp111: could not convert string to float: ''
2025-09-26 12:24:12,165 - device_location_syncer - ERROR - sync_device_locations.py:241 - Error processing device ppp11: could not convert string to float: ''
2025-09-26 12:24:12,168 - device_location_syncer - ERROR - sync_device_locations.py:241 - Error processing device dev1: could not convert string to float: ''
2025-09-26 12:24:12,171 - device_location_syncer - ERROR - sync_device_locations.py:241 - Error processing device dv1: could not convert string to float: ''
2025-09-26 12:24:12,178 - device_location_syncer - ERROR - sync_device_locations.py:241 - Error processing device dv11: could not convert string to float: ''
2025-09-26 12:24:12,180 - device_location_syncer - INFO - sync_device_locations.py:250 - Sync completed. No location updates needed.
2025-09-26 12:24:12,181 - device_list - INFO - device_list.py:248 - Refreshing device data...
2025-09-26 12:24:12,186 - device_list - INFO - device_list.py:268 - Loaded 12 devices from CSV
2025-09-26 12:24:33,171 - device_list - INFO - device_list.py:248 - Refreshing device data...
2025-09-26 12:24:33,178 - device_list - INFO - device_list.py:268 - Loaded 12 devices from CSV
2025-09-26 12:24:36,026 - device_location_syncer - ERROR - sync_device_locations.py:241 - Error processing device d11: could not convert string to float: ''
2025-09-26 12:24:36,030 - device_location_syncer - ERROR - sync_device_locations.py:241 - Error processing device pp111: could not convert string to float: ''
2025-09-26 12:24:36,033 - device_location_syncer - ERROR - sync_device_locations.py:241 - Error processing device ppp11: could not convert string to float: ''
2025-09-26 12:24:36,037 - device_location_syncer - ERROR - sync_device_locations.py:241 - Error processing device dev1: could not convert string to float: ''
2025-09-26 12:24:36,040 - device_location_syncer - ERROR - sync_device_locations.py:241 - Error processing device dv1: could not convert string to float: ''
2025-09-26 12:24:36,043 - device_location_syncer - ERROR - sync_device_locations.py:241 - Error processing device dv11: could not convert string to float: ''
2025-09-26 12:24:36,043 - device_location_syncer - INFO - sync_device_locations.py:250 - Sync completed. No location updates needed.
2025-09-26 12:24:36,045 - device_list - INFO - device_list.py:248 - Refreshing device data...
2025-09-26 12:24:36,050 - device_list - INFO - device_list.py:268 - Loaded 12 devices from CSV
2025-09-26 12:25:03,181 - device_list - INFO - device_list.py:248 - Refreshing device data...
2025-09-26 12:25:03,190 - device_list - INFO - device_list.py:268 - Loaded 12 devices from CSV
2025-09-26 12:25:08,056 - api_client - WARNING - client.py:80 - Request attempt 1 failed: HTTPConnectionPool(host='127.0.0.1', port=8000): Max retries exceeded with url: /api/ (Caused by NewConnectionError('<urllib3.connection.HTTPConnection object at 0x0000027F65077680>: Failed to establish a new connection: [WinError 10061] No connection could be made because the target machine actively refused it'))
2025-09-26 12:25:10,106 - api_client - WARNING - client.py:80 - Request attempt 2 failed: HTTPConnectionPool(host='127.0.0.1', port=8000): Max retries exceeded with url: /api/ (Caused by NewConnectionError('<urllib3.connection.HTTPConnection object at 0x0000027F650778A0>: Failed to establish a new connection: [WinError 10061] No connection could be made because the target machine actively refused it'))
2025-09-26 12:25:12,153 - api_client - WARNING - client.py:80 - Request attempt 3 failed: HTTPConnectionPool(host='127.0.0.1', port=8000): Max retries exceeded with url: /api/ (Caused by NewConnectionError('<urllib3.connection.HTTPConnection object at 0x0000027F65077AC0>: Failed to establish a new connection: [WinError 10061] No connection could be made because the target machine actively refused it'))
2025-09-26 12:25:12,178 - device_location_syncer - ERROR - sync_device_locations.py:241 - Error processing device d11: could not convert string to float: ''
2025-09-26 12:25:12,183 - device_location_syncer - ERROR - sync_device_locations.py:241 - Error processing device pp111: could not convert string to float: ''
2025-09-26 12:25:12,185 - device_location_syncer - ERROR - sync_device_locations.py:241 - Error processing device ppp11: could not convert string to float: ''
2025-09-26 12:25:12,189 - device_location_syncer - ERROR - sync_device_locations.py:241 - Error processing device dev1: could not convert string to float: ''
2025-09-26 12:25:12,192 - device_location_syncer - ERROR - sync_device_locations.py:241 - Error processing device dv1: could not convert string to float: ''
2025-09-26 12:25:12,197 - device_location_syncer - ERROR - sync_device_locations.py:241 - Error processing device dv11: could not convert string to float: ''
2025-09-26 12:25:12,199 - device_location_syncer - INFO - sync_device_locations.py:250 - Sync completed. No location updates needed.
2025-09-26 12:25:12,199 - device_list - INFO - device_list.py:248 - Refreshing device data...
2025-09-26 12:25:12,206 - device_list - INFO - device_list.py:268 - Loaded 12 devices from CSV
2025-09-26 12:25:33,178 - device_list - INFO - device_list.py:248 - Refreshing device data...
2025-09-26 12:25:33,181 - device_list - INFO - device_list.py:268 - Loaded 12 devices from CSV
2025-09-26 12:25:36,015 - device_location_syncer - ERROR - sync_device_locations.py:241 - Error processing device d11: could not convert string to float: ''
2025-09-26 12:25:36,016 - device_location_syncer - ERROR - sync_device_locations.py:241 - Error processing device pp111: could not convert string to float: ''
2025-09-26 12:25:36,017 - device_location_syncer - ERROR - sync_device_locations.py:241 - Error processing device ppp11: could not convert string to float: ''
2025-09-26 12:25:36,019 - device_location_syncer - ERROR - sync_device_locations.py:241 - Error processing device dev1: could not convert string to float: ''
2025-09-26 12:25:36,020 - device_location_syncer - ERROR - sync_device_locations.py:241 - Error processing device dv1: could not convert string to float: ''
2025-09-26 12:25:36,021 - device_location_syncer - ERROR - sync_device_locations.py:241 - Error processing device dv11: could not convert string to float: ''
2025-09-26 12:25:36,022 - device_location_syncer - INFO - sync_device_locations.py:250 - Sync completed. No location updates needed.
2025-09-26 12:25:36,023 - device_list - INFO - device_list.py:248 - Refreshing device data...
2025-09-26 12:25:36,027 - device_list - INFO - device_list.py:268 - Loaded 12 devices from CSV
2025-09-26 12:26:03,171 - device_list - INFO - device_list.py:248 - Refreshing device data...
2025-09-26 12:26:03,175 - device_list - INFO - device_list.py:268 - Loaded 12 devices from CSV
2025-09-26 12:26:08,052 - api_client - WARNING - client.py:80 - Request attempt 1 failed: HTTPConnectionPool(host='127.0.0.1', port=8000): Max retries exceeded with url: /api/ (Caused by NewConnectionError('<urllib3.connection.HTTPConnection object at 0x0000027F65077AC0>: Failed to establish a new connection: [WinError 10061] No connection could be made because the target machine actively refused it'))
2025-09-26 12:26:10,088 - api_client - WARNING - client.py:80 - Request attempt 2 failed: HTTPConnectionPool(host='127.0.0.1', port=8000): Max retries exceeded with url: /api/ (Caused by NewConnectionError('<urllib3.connection.HTTPConnection object at 0x0000027F650778A0>: Failed to establish a new connection: [WinError 10061] No connection could be made because the target machine actively refused it'))
2025-09-26 12:26:12,122 - api_client - WARNING - client.py:80 - Request attempt 3 failed: HTTPConnectionPool(host='127.0.0.1', port=8000): Max retries exceeded with url: /api/ (Caused by NewConnectionError('<urllib3.connection.HTTPConnection object at 0x0000027F65077680>: Failed to establish a new connection: [WinError 10061] No connection could be made because the target machine actively refused it'))
2025-09-26 12:26:12,165 - device_location_syncer - ERROR - sync_device_locations.py:241 - Error processing device d11: could not convert string to float: ''
2025-09-26 12:26:12,170 - device_location_syncer - ERROR - sync_device_locations.py:241 - Error processing device pp111: could not convert string to float: ''
2025-09-26 12:26:12,174 - device_location_syncer - ERROR - sync_device_locations.py:241 - Error processing device ppp11: could not convert string to float: ''
2025-09-26 12:26:12,176 - device_location_syncer - ERROR - sync_device_locations.py:241 - Error processing device dev1: could not convert string to float: ''
2025-09-26 12:26:12,178 - device_location_syncer - ERROR - sync_device_locations.py:241 - Error processing device dv1: could not convert string to float: ''
2025-09-26 12:26:12,180 - device_location_syncer - ERROR - sync_device_locations.py:241 - Error processing device dv11: could not convert string to float: ''
2025-09-26 12:26:12,181 - device_location_syncer - INFO - sync_device_locations.py:250 - Sync completed. No location updates needed.
2025-09-26 12:26:12,182 - device_list - INFO - device_list.py:248 - Refreshing device data...
2025-09-26 12:26:12,190 - device_list - INFO - device_list.py:268 - Loaded 12 devices from CSV
2025-09-26 12:26:33,172 - device_list - INFO - device_list.py:248 - Refreshing device data...
2025-09-26 12:26:33,183 - device_list - INFO - device_list.py:268 - Loaded 12 devices from CSV
2025-09-26 12:26:36,025 - device_location_syncer - ERROR - sync_device_locations.py:241 - Error processing device d11: could not convert string to float: ''
2025-09-26 12:26:36,029 - device_location_syncer - ERROR - sync_device_locations.py:241 - Error processing device pp111: could not convert string to float: ''
2025-09-26 12:26:36,033 - device_location_syncer - ERROR - sync_device_locations.py:241 - Error processing device ppp11: could not convert string to float: ''
2025-09-26 12:26:36,037 - device_location_syncer - ERROR - sync_device_locations.py:241 - Error processing device dev1: could not convert string to float: ''
2025-09-26 12:26:36,039 - device_location_syncer - ERROR - sync_device_locations.py:241 - Error processing device dv1: could not convert string to float: ''
2025-09-26 12:26:36,041 - device_location_syncer - ERROR - sync_device_locations.py:241 - Error processing device dv11: could not convert string to float: ''
2025-09-26 12:26:36,042 - device_location_syncer - INFO - sync_device_locations.py:250 - Sync completed. No location updates needed.
2025-09-26 12:26:36,043 - device_list - INFO - device_list.py:248 - Refreshing device data...
2025-09-26 12:26:36,048 - device_list - INFO - device_list.py:268 - Loaded 12 devices from CSV
2025-09-26 12:27:03,171 - device_list - INFO - device_list.py:248 - Refreshing device data...
2025-09-26 12:27:03,180 - device_list - INFO - device_list.py:268 - Loaded 12 devices from CSV
2025-09-26 12:27:08,038 - api_client - WARNING - client.py:80 - Request attempt 1 failed: HTTPConnectionPool(host='127.0.0.1', port=8000): Max retries exceeded with url: /api/ (Caused by NewConnectionError('<urllib3.connection.HTTPConnection object at 0x0000027F65077460>: Failed to establish a new connection: [WinError 10061] No connection could be made because the target machine actively refused it'))
2025-09-26 12:27:10,087 - api_client - WARNING - client.py:80 - Request attempt 2 failed: HTTPConnectionPool(host='127.0.0.1', port=8000): Max retries exceeded with url: /api/ (Caused by NewConnectionError('<urllib3.connection.HTTPConnection object at 0x0000027F650747C0>: Failed to establish a new connection: [WinError 10061] No connection could be made because the target machine actively refused it'))
2025-09-26 12:27:12,136 - api_client - WARNING - client.py:80 - Request attempt 3 failed: HTTPConnectionPool(host='127.0.0.1', port=8000): Max retries exceeded with url: /api/ (Caused by NewConnectionError('<urllib3.connection.HTTPConnection object at 0x0000027F650749E0>: Failed to establish a new connection: [WinError 10061] No connection could be made because the target machine actively refused it'))
2025-09-26 12:27:12,146 - device_location_syncer - ERROR - sync_device_locations.py:241 - Error processing device d11: could not convert string to float: ''
2025-09-26 12:27:12,147 - device_location_syncer - ERROR - sync_device_locations.py:241 - Error processing device pp111: could not convert string to float: ''
2025-09-26 12:27:12,149 - device_location_syncer - ERROR - sync_device_locations.py:241 - Error processing device ppp11: could not convert string to float: ''
2025-09-26 12:27:12,152 - device_location_syncer - ERROR - sync_device_locations.py:241 - Error processing device dev1: could not convert string to float: ''
2025-09-26 12:27:12,154 - device_location_syncer - ERROR - sync_device_locations.py:241 - Error processing device dv1: could not convert string to float: ''
2025-09-26 12:27:12,156 - device_location_syncer - ERROR - sync_device_locations.py:241 - Error processing device dv11: could not convert string to float: ''
2025-09-26 12:27:12,156 - device_location_syncer - INFO - sync_device_locations.py:250 - Sync completed. No location updates needed.
2025-09-26 12:27:12,157 - device_list - INFO - device_list.py:248 - Refreshing device data...
2025-09-26 12:27:12,161 - device_list - INFO - device_list.py:268 - Loaded 12 devices from CSV
2025-09-26 12:27:33,167 - device_list - INFO - device_list.py:248 - Refreshing device data...
2025-09-26 12:27:33,175 - device_list - INFO - device_list.py:268 - Loaded 12 devices from CSV
2025-09-26 12:27:36,017 - device_location_syncer - ERROR - sync_device_locations.py:241 - Error processing device d11: could not convert string to float: ''
2025-09-26 12:27:36,021 - device_location_syncer - ERROR - sync_device_locations.py:241 - Error processing device pp111: could not convert string to float: ''
2025-09-26 12:27:36,026 - device_location_syncer - ERROR - sync_device_locations.py:241 - Error processing device ppp11: could not convert string to float: ''
2025-09-26 12:27:36,031 - device_location_syncer - ERROR - sync_device_locations.py:241 - Error processing device dev1: could not convert string to float: ''
2025-09-26 12:27:36,034 - device_location_syncer - ERROR - sync_device_locations.py:241 - Error processing device dv1: could not convert string to float: ''
2025-09-26 12:27:36,036 - device_location_syncer - ERROR - sync_device_locations.py:241 - Error processing device dv11: could not convert string to float: ''
2025-09-26 12:27:36,037 - device_location_syncer - INFO - sync_device_locations.py:250 - Sync completed. No location updates needed.
2025-09-26 12:27:36,037 - device_list - INFO - device_list.py:248 - Refreshing device data...
2025-09-26 12:27:36,043 - device_list - INFO - device_list.py:268 - Loaded 12 devices from CSV
2025-09-26 12:28:03,172 - device_list - INFO - device_list.py:248 - Refreshing device data...
2025-09-26 12:28:03,182 - device_list - INFO - device_list.py:268 - Loaded 12 devices from CSV
2025-09-26 12:28:08,057 - api_client - WARNING - client.py:80 - Request attempt 1 failed: HTTPConnectionPool(host='127.0.0.1', port=8000): Max retries exceeded with url: /api/ (Caused by NewConnectionError('<urllib3.connection.HTTPConnection object at 0x0000027F65074490>: Failed to establish a new connection: [WinError 10061] No connection could be made because the target machine actively refused it'))
2025-09-26 12:28:10,106 - api_client - WARNING - client.py:80 - Request attempt 2 failed: HTTPConnectionPool(host='127.0.0.1', port=8000): Max retries exceeded with url: /api/ (Caused by NewConnectionError('<urllib3.connection.HTTPConnection object at 0x0000027F65074380>: Failed to establish a new connection: [WinError 10061] No connection could be made because the target machine actively refused it'))
2025-09-26 12:28:12,149 - api_client - WARNING - client.py:80 - Request attempt 3 failed: HTTPConnectionPool(host='127.0.0.1', port=8000): Max retries exceeded with url: /api/ (Caused by NewConnectionError('<urllib3.connection.HTTPConnection object at 0x0000027F650745A0>: Failed to establish a new connection: [WinError 10061] No connection could be made because the target machine actively refused it'))
2025-09-26 12:28:12,172 - device_location_syncer - ERROR - sync_device_locations.py:241 - Error processing device d11: could not convert string to float: ''
2025-09-26 12:28:12,177 - device_location_syncer - ERROR - sync_device_locations.py:241 - Error processing device pp111: could not convert string to float: ''
2025-09-26 12:28:12,182 - device_location_syncer - ERROR - sync_device_locations.py:241 - Error processing device ppp11: could not convert string to float: ''
2025-09-26 12:28:12,184 - device_location_syncer - ERROR - sync_device_locations.py:241 - Error processing device dev1: could not convert string to float: ''
2025-09-26 12:28:12,186 - device_location_syncer - ERROR - sync_device_locations.py:241 - Error processing device dv1: could not convert string to float: ''
2025-09-26 12:28:12,189 - device_location_syncer - ERROR - sync_device_locations.py:241 - Error processing device dv11: could not convert string to float: ''
2025-09-26 12:28:12,190 - device_location_syncer - INFO - sync_device_locations.py:250 - Sync completed. No location updates needed.
2025-09-26 12:28:12,191 - device_list - INFO - device_list.py:248 - Refreshing device data...
2025-09-26 12:28:12,199 - device_list - INFO - device_list.py:268 - Loaded 12 devices from CSV
2025-09-26 12:28:33,172 - device_list - INFO - device_list.py:248 - Refreshing device data...
2025-09-26 12:28:33,181 - device_list - INFO - device_list.py:268 - Loaded 12 devices from CSV
2025-09-26 12:28:36,027 - device_location_syncer - ERROR - sync_device_locations.py:241 - Error processing device d11: could not convert string to float: ''
2025-09-26 12:28:36,031 - device_location_syncer - ERROR - sync_device_locations.py:241 - Error processing device pp111: could not convert string to float: ''
2025-09-26 12:28:36,034 - device_location_syncer - ERROR - sync_device_locations.py:241 - Error processing device ppp11: could not convert string to float: ''
2025-09-26 12:28:36,036 - device_location_syncer - ERROR - sync_device_locations.py:241 - Error processing device dev1: could not convert string to float: ''
2025-09-26 12:28:36,039 - device_location_syncer - ERROR - sync_device_locations.py:241 - Error processing device dv1: could not convert string to float: ''
2025-09-26 12:28:36,041 - device_location_syncer - ERROR - sync_device_locations.py:241 - Error processing device dv11: could not convert string to float: ''
2025-09-26 12:28:36,042 - device_location_syncer - INFO - sync_device_locations.py:250 - Sync completed. No location updates needed.
2025-09-26 12:28:36,043 - device_list - INFO - device_list.py:248 - Refreshing device data...
2025-09-26 12:28:36,047 - device_list - INFO - device_list.py:268 - Loaded 12 devices from CSV
2025-09-26 12:29:03,172 - device_list - INFO - device_list.py:248 - Refreshing device data...
2025-09-26 12:29:03,180 - device_list - INFO - device_list.py:268 - Loaded 12 devices from CSV
2025-09-26 12:29:08,056 - api_client - WARNING - client.py:80 - Request attempt 1 failed: HTTPConnectionPool(host='127.0.0.1', port=8000): Max retries exceeded with url: /api/ (Caused by NewConnectionError('<urllib3.connection.HTTPConnection object at 0x0000027F65074F30>: Failed to establish a new connection: [WinError 10061] No connection could be made because the target machine actively refused it'))
2025-09-26 12:29:10,106 - api_client - WARNING - client.py:80 - Request attempt 2 failed: HTTPConnectionPool(host='127.0.0.1', port=8000): Max retries exceeded with url: /api/ (Caused by NewConnectionError('<urllib3.connection.HTTPConnection object at 0x0000027F65074E20>: Failed to establish a new connection: [WinError 10061] No connection could be made because the target machine actively refused it'))
2025-09-26 12:29:12,156 - api_client - WARNING - client.py:80 - Request attempt 3 failed: HTTPConnectionPool(host='127.0.0.1', port=8000): Max retries exceeded with url: /api/ (Caused by NewConnectionError('<urllib3.connection.HTTPConnection object at 0x0000027F65075150>: Failed to establish a new connection: [WinError 10061] No connection could be made because the target machine actively refused it'))
2025-09-26 12:29:12,178 - device_location_syncer - ERROR - sync_device_locations.py:241 - Error processing device d11: could not convert string to float: ''
2025-09-26 12:29:12,181 - device_location_syncer - ERROR - sync_device_locations.py:241 - Error processing device pp111: could not convert string to float: ''
2025-09-26 12:29:12,184 - device_location_syncer - ERROR - sync_device_locations.py:241 - Error processing device ppp11: could not convert string to float: ''
2025-09-26 12:29:12,186 - device_location_syncer - ERROR - sync_device_locations.py:241 - Error processing device dev1: could not convert string to float: ''
2025-09-26 12:29:12,188 - device_location_syncer - ERROR - sync_device_locations.py:241 - Error processing device dv1: could not convert string to float: ''
2025-09-26 12:29:12,191 - device_location_syncer - ERROR - sync_device_locations.py:241 - Error processing device dv11: could not convert string to float: ''
2025-09-26 12:29:12,191 - device_location_syncer - INFO - sync_device_locations.py:250 - Sync completed. No location updates needed.
2025-09-26 12:29:12,194 - device_list - INFO - device_list.py:248 - Refreshing device data...
2025-09-26 12:29:12,202 - device_list - INFO - device_list.py:268 - Loaded 12 devices from CSV
2025-09-26 12:29:33,172 - device_list - INFO - device_list.py:248 - Refreshing device data...
2025-09-26 12:29:33,180 - device_list - INFO - device_list.py:268 - Loaded 12 devices from CSV
2025-09-26 12:29:36,025 - device_location_syncer - ERROR - sync_device_locations.py:241 - Error processing device d11: could not convert string to float: ''
2025-09-26 12:29:36,030 - device_location_syncer - ERROR - sync_device_locations.py:241 - Error processing device pp111: could not convert string to float: ''
2025-09-26 12:29:36,034 - device_location_syncer - ERROR - sync_device_locations.py:241 - Error processing device ppp11: could not convert string to float: ''
2025-09-26 12:29:36,038 - device_location_syncer - ERROR - sync_device_locations.py:241 - Error processing device dev1: could not convert string to float: ''
2025-09-26 12:29:36,040 - device_location_syncer - ERROR - sync_device_locations.py:241 - Error processing device dv1: could not convert string to float: ''
2025-09-26 12:29:36,043 - device_location_syncer - ERROR - sync_device_locations.py:241 - Error processing device dv11: could not convert string to float: ''
2025-09-26 12:29:36,043 - device_location_syncer - INFO - sync_device_locations.py:250 - Sync completed. No location updates needed.
2025-09-26 12:29:36,044 - device_list - INFO - device_list.py:248 - Refreshing device data...
2025-09-26 12:29:36,049 - device_list - INFO - device_list.py:268 - Loaded 12 devices from CSV
2025-09-26 12:30:03,169 - device_list - INFO - device_list.py:248 - Refreshing device data...
2025-09-26 12:30:03,178 - device_list - INFO - device_list.py:268 - Loaded 12 devices from CSV
2025-09-26 12:30:08,052 - api_client - WARNING - client.py:80 - Request attempt 1 failed: HTTPConnectionPool(host='127.0.0.1', port=8000): Max retries exceeded with url: /api/ (Caused by NewConnectionError('<urllib3.connection.HTTPConnection object at 0x0000027F65075480>: Failed to establish a new connection: [WinError 10061] No connection could be made because the target machine actively refused it'))
2025-09-26 12:30:10,106 - api_client - WARNING - client.py:80 - Request attempt 2 failed: HTTPConnectionPool(host='127.0.0.1', port=8000): Max retries exceeded with url: /api/ (Caused by NewConnectionError('<urllib3.connection.HTTPConnection object at 0x0000027F65075590>: Failed to establish a new connection: [WinError 10061] No connection could be made because the target machine actively refused it'))
2025-09-26 12:30:12,156 - api_client - WARNING - client.py:80 - Request attempt 3 failed: HTTPConnectionPool(host='127.0.0.1', port=8000): Max retries exceeded with url: /api/ (Caused by NewConnectionError('<urllib3.connection.HTTPConnection object at 0x0000027F650757B0>: Failed to establish a new connection: [WinError 10061] No connection could be made because the target machine actively refused it'))
2025-09-26 12:30:12,181 - device_location_syncer - ERROR - sync_device_locations.py:241 - Error processing device d11: could not convert string to float: ''
2025-09-26 12:30:12,184 - device_location_syncer - ERROR - sync_device_locations.py:241 - Error processing device pp111: could not convert string to float: ''
2025-09-26 12:30:12,186 - device_location_syncer - ERROR - sync_device_locations.py:241 - Error processing device ppp11: could not convert string to float: ''
2025-09-26 12:30:12,189 - device_location_syncer - ERROR - sync_device_locations.py:241 - Error processing device dev1: could not convert string to float: ''
2025-09-26 12:30:12,191 - device_location_syncer - ERROR - sync_device_locations.py:241 - Error processing device dv1: could not convert string to float: ''
2025-09-26 12:30:12,193 - device_location_syncer - ERROR - sync_device_locations.py:241 - Error processing device dv11: could not convert string to float: ''
2025-09-26 12:30:12,194 - device_location_syncer - INFO - sync_device_locations.py:250 - Sync completed. No location updates needed.
2025-09-26 12:30:12,198 - device_list - INFO - device_list.py:248 - Refreshing device data...
2025-09-26 12:30:12,202 - device_list - INFO - device_list.py:268 - Loaded 12 devices from CSV
2025-09-26 12:30:19,844 - device_data_handler - WARNING - device_data_handler.py:153 - Device dv11 Zone 2: No zone connected in direction west from 2
2025-09-26 12:30:20,653 - device_data_handler - INFO - device_data_handler.py:73 - Device dv11 Zone 2: Turn detected: Turning Right from south. Direction locked to south. Moving to zone 1.
2025-09-26 12:30:20,664 - device_data_handler - WARNING - device_data_handler.py:153 - Device dv11 Zone 2: No zone connected in direction west from 2
2025-09-26 12:30:21,320 - device_data_handler - WARNING - device_data_handler.py:153 - Device dv11 Zone 2: No zone connected in direction west from 2
2025-09-26 12:30:21,334 - device_data_handler - INFO - device_data_handler.py:73 - Device dv11 Zone 2: Turn detected: Turning Right from south. Direction locked to south. Moving to zone 1.
2025-09-26 12:30:21,345 - device_data_handler - WARNING - device_data_handler.py:153 - Device dv11 Zone 2: No zone connected in direction west from 2
2025-09-26 12:30:21,652 - device_data_handler - WARNING - device_data_handler.py:77 - Device dv11 Zone 2: No zone connected in direction west from 2
2025-09-26 12:30:21,664 - device_data_handler - WARNING - device_data_handler.py:153 - Device dv11 Zone 2: No zone connected in direction west from 2
2025-09-26 12:30:22,645 - device_data_handler - WARNING - device_data_handler.py:77 - Device dv11 Zone 2: No zone connected in direction west from 2
2025-09-26 12:30:22,652 - device_data_handler - WARNING - device_data_handler.py:153 - Device dv11 Zone 2: No zone connected in direction west from 2
2025-09-26 12:30:23,645 - device_data_handler - WARNING - device_data_handler.py:77 - Device dv11 Zone 2: No zone connected in direction west from 2
2025-09-26 12:30:23,652 - device_data_handler - WARNING - device_data_handler.py:153 - Device dv11 Zone 2: No zone connected in direction west from 2
2025-09-26 12:30:24,644 - device_data_handler - WARNING - device_data_handler.py:77 - Device dv11 Zone 2: No zone connected in direction west from 2
2025-09-26 12:30:24,651 - device_data_handler - WARNING - device_data_handler.py:153 - Device dv11 Zone 2: No zone connected in direction west from 2
2025-09-26 12:30:25,660 - device_data_handler - WARNING - device_data_handler.py:77 - Device dv11 Zone 2: No zone connected in direction west from 2
2025-09-26 12:30:25,669 - device_data_handler - WARNING - device_data_handler.py:153 - Device dv11 Zone 2: No zone connected in direction west from 2
2025-09-26 12:30:26,248 - device_data_handler - WARNING - device_data_handler.py:153 - Device dv11 Zone 2: No zone connected in direction west from 2
2025-09-26 12:30:26,262 - device_data_handler - INFO - device_data_handler.py:73 - Device dv11 Zone 2: Turn detected: Turning Right from south. Direction locked to south. Moving to zone 1.
2025-09-26 12:30:26,268 - device_data_handler - WARNING - device_data_handler.py:153 - Device dv11 Zone 2: No zone connected in direction west from 2
2025-09-26 12:30:26,663 - device_data_handler - WARNING - device_data_handler.py:77 - Device dv11 Zone 2: No zone connected in direction west from 2
2025-09-26 12:30:26,678 - device_data_handler - WARNING - device_data_handler.py:153 - Device dv11 Zone 2: No zone connected in direction west from 2
2025-09-26 12:30:26,967 - device_data_handler - INFO - device_data_handler.py:149 - Device dv1 Zone 3: Robot is stationary
2025-09-26 12:30:27,646 - device_data_handler - INFO - device_data_handler.py:73 - Device dv1 Zone 3: Robot is stationary
2025-09-26 12:30:27,654 - device_data_handler - INFO - device_data_handler.py:149 - Device dv1 Zone 3: Robot is stationary
2025-09-26 12:30:28,645 - device_data_handler - INFO - device_data_handler.py:73 - Device dv1 Zone 3: Robot is stationary
2025-09-26 12:30:28,653 - device_data_handler - INFO - device_data_handler.py:149 - Device dv1 Zone 3: Robot is stationary
2025-09-26 12:30:29,645 - device_data_handler - INFO - device_data_handler.py:73 - Device dv1 Zone 3: Robot is stationary
2025-09-26 12:30:29,703 - device_data_handler - INFO - device_data_handler.py:149 - Device dv1 Zone 3: Robot is stationary
2025-09-26 12:30:30,657 - device_data_handler - INFO - device_data_handler.py:73 - Device dv1 Zone 3: Robot is stationary
2025-09-26 12:30:30,666 - device_data_handler - INFO - device_data_handler.py:149 - Device dv1 Zone 3: Robot is stationary
2025-09-26 12:30:31,245 - device_data_handler - INFO - device_data_handler.py:149 - Device dv1 Zone 3: Robot is stationary
2025-09-26 12:30:31,249 - device_data_handler - INFO - device_data_handler.py:73 - Device dv1 Zone 3: Robot is stationary
2025-09-26 12:30:31,260 - device_data_handler - INFO - device_data_handler.py:149 - Device dv1 Zone 3: Robot is stationary
2025-09-26 12:30:31,645 - device_data_handler - INFO - device_data_handler.py:73 - Device dv1 Zone 3: Robot is stationary
2025-09-26 12:30:31,655 - device_data_handler - INFO - device_data_handler.py:149 - Device dv1 Zone 3: Robot is stationary
2025-09-26 12:30:32,640 - device_data_handler - INFO - device_data_handler.py:73 - Device dv1 Zone 3: Robot is stationary
2025-09-26 12:30:32,649 - device_data_handler - INFO - device_data_handler.py:149 - Device dv1 Zone 3: Robot is stationary
2025-09-26 12:30:33,181 - device_list - INFO - device_list.py:248 - Refreshing device data...
2025-09-26 12:30:33,184 - device_list - INFO - device_list.py:268 - Loaded 12 devices from CSV
2025-09-26 12:30:33,638 - device_data_handler - INFO - device_data_handler.py:73 - Device dv1 Zone 3: Robot is stationary
2025-09-26 12:30:33,647 - device_data_handler - INFO - device_data_handler.py:149 - Device dv1 Zone 3: Robot is stationary
2025-09-26 12:30:34,641 - device_data_handler - INFO - device_data_handler.py:73 - Device dv1 Zone 3: Robot is stationary
2025-09-26 12:30:34,649 - device_data_handler - INFO - device_data_handler.py:149 - Device dv1 Zone 3: Robot is stationary
2025-09-26 12:30:35,642 - device_data_handler - INFO - device_data_handler.py:73 - Device dv1 Zone 3: Robot is stationary
2025-09-26 12:30:35,650 - device_data_handler - INFO - device_data_handler.py:149 - Device dv1 Zone 3: Robot is stationary
2025-09-26 12:30:36,014 - device_location_syncer - ERROR - sync_device_locations.py:241 - Error processing device d11: could not convert string to float: ''
2025-09-26 12:30:36,015 - device_location_syncer - ERROR - sync_device_locations.py:241 - Error processing device pp111: could not convert string to float: ''
2025-09-26 12:30:36,017 - device_location_syncer - ERROR - sync_device_locations.py:241 - Error processing device ppp11: could not convert string to float: ''
2025-09-26 12:30:36,018 - device_location_syncer - ERROR - sync_device_locations.py:241 - Error processing device dev1: could not convert string to float: ''
2025-09-26 12:30:36,019 - device_location_syncer - ERROR - sync_device_locations.py:241 - Error processing device dv1: could not convert string to float: ''
2025-09-26 12:30:36,024 - device_location_syncer - ERROR - sync_device_locations.py:241 - Error processing device dv11: could not convert string to float: ''
2025-09-26 12:30:36,024 - device_location_syncer - INFO - sync_device_locations.py:250 - Sync completed. No location updates needed.
2025-09-26 12:30:36,259 - device_data_handler - INFO - device_data_handler.py:149 - Device dv1 Zone 3: Robot is stationary
2025-09-26 12:30:36,264 - device_data_handler - INFO - device_data_handler.py:73 - Device dv1 Zone 3: Robot is stationary
2025-09-26 12:30:36,275 - device_data_handler - INFO - device_data_handler.py:149 - Device dv1 Zone 3: Robot is stationary
2025-09-26 12:30:36,639 - device_data_handler - INFO - device_data_handler.py:73 - Device dv1 Zone 3: Robot is stationary
2025-09-26 12:30:36,650 - device_data_handler - INFO - device_data_handler.py:149 - Device dv1 Zone 3: Robot is stationary
2025-09-26 12:30:37,647 - device_data_handler - INFO - device_data_handler.py:73 - Device dv1 Zone 3: Robot is stationary
2025-09-26 12:30:37,657 - device_data_handler - INFO - device_data_handler.py:149 - Device dv1 Zone 3: Robot is stationary
2025-09-26 12:30:38,640 - device_data_handler - INFO - device_data_handler.py:73 - Device dv1 Zone 3: Robot is stationary
2025-09-26 12:30:38,648 - device_data_handler - INFO - device_data_handler.py:149 - Device dv1 Zone 3: Robot is stationary
2025-09-26 12:30:39,641 - device_data_handler - INFO - device_data_handler.py:73 - Device dv1 Zone 3: Robot is stationary
2025-09-26 12:30:39,649 - device_data_handler - INFO - device_data_handler.py:149 - Device dv1 Zone 3: Robot is stationary
2025-09-26 12:30:40,641 - device_data_handler - INFO - device_data_handler.py:73 - Device dv1 Zone 3: Robot is stationary
2025-09-26 12:30:40,648 - device_data_handler - INFO - device_data_handler.py:149 - Device dv1 Zone 3: Robot is stationary
2025-09-26 12:30:41,245 - device_data_handler - INFO - device_data_handler.py:149 - Device dv1 Zone 3: Robot is stationary
2025-09-26 12:30:41,250 - device_data_handler - INFO - device_data_handler.py:73 - Device dv1 Zone 3: Robot is stationary
2025-09-26 12:30:41,260 - device_data_handler - INFO - device_data_handler.py:149 - Device dv1 Zone 3: Robot is stationary
2025-09-26 12:30:41,643 - device_data_handler - INFO - device_data_handler.py:73 - Device dv1 Zone 3: Robot is stationary
2025-09-26 12:30:41,650 - device_data_handler - INFO - device_data_handler.py:149 - Device dv1 Zone 3: Robot is stationary
2025-09-26 12:30:42,641 - device_data_handler - INFO - device_data_handler.py:73 - Device dv1 Zone 3: Robot is stationary
2025-09-26 12:30:42,649 - device_data_handler - INFO - device_data_handler.py:149 - Device dv1 Zone 3: Robot is stationary
2025-09-26 12:30:43,644 - device_data_handler - INFO - device_data_handler.py:73 - Device dv1 Zone 3: Robot is stationary
2025-09-26 12:30:43,657 - device_data_handler - INFO - device_data_handler.py:149 - Device dv1 Zone 3: Robot is stationary
2025-09-26 12:30:44,659 - device_data_handler - INFO - device_data_handler.py:73 - Device dv1 Zone 3: Robot is stationary
2025-09-26 12:30:44,670 - device_data_handler - INFO - device_data_handler.py:149 - Device dv1 Zone 3: Robot is stationary
2025-09-26 12:30:45,680 - device_data_handler - INFO - device_data_handler.py:73 - Device dv1 Zone 3: Robot is stationary
2025-09-26 12:30:45,694 - device_data_handler - INFO - device_data_handler.py:149 - Device dv1 Zone 3: Robot is stationary
2025-09-26 12:30:46,249 - device_data_handler - INFO - device_data_handler.py:149 - Device dv1 Zone 3: Robot is stationary
2025-09-26 12:30:46,258 - device_data_handler - INFO - device_data_handler.py:73 - Device dv1 Zone 3: Robot is stationary
2025-09-26 12:30:46,265 - device_data_handler - INFO - device_data_handler.py:149 - Device dv1 Zone 3: Robot is stationary
2025-09-26 12:30:46,656 - device_data_handler - INFO - device_data_handler.py:73 - Device dv1 Zone 3: Robot is stationary
2025-09-26 12:30:46,665 - device_data_handler - INFO - device_data_handler.py:149 - Device dv1 Zone 3: Robot is stationary
2025-09-26 12:30:47,673 - device_data_handler - INFO - device_data_handler.py:73 - Device dv1 Zone 3: Robot is stationary
2025-09-26 12:30:47,681 - device_data_handler - INFO - device_data_handler.py:149 - Device dv1 Zone 3: Robot is stationary
2025-09-26 12:30:48,695 - device_data_handler - INFO - device_data_handler.py:73 - Device dv1 Zone 3: Robot is stationary
2025-09-26 12:30:48,706 - device_data_handler - INFO - device_data_handler.py:149 - Device dv1 Zone 3: Robot is stationary
2025-09-26 12:30:49,673 - device_data_handler - INFO - device_data_handler.py:73 - Device dv1 Zone 3: Robot is stationary
2025-09-26 12:30:49,681 - device_data_handler - INFO - device_data_handler.py:149 - Device dv1 Zone 3: Robot is stationary
2025-09-26 12:30:50,675 - device_data_handler - INFO - device_data_handler.py:73 - Device dv1 Zone 3: Robot is stationary
2025-09-26 12:30:50,684 - device_data_handler - INFO - device_data_handler.py:149 - Device dv1 Zone 3: Robot is stationary
2025-09-26 12:30:51,241 - device_data_handler - INFO - device_data_handler.py:149 - Device dv1 Zone 3: Robot is stationary
2025-09-26 12:30:51,246 - device_data_handler - INFO - device_data_handler.py:73 - Device dv1 Zone 3: Robot is stationary
2025-09-26 12:30:51,258 - device_data_handler - INFO - device_data_handler.py:149 - Device dv1 Zone 3: Robot is stationary
2025-09-26 12:30:51,689 - device_data_handler - INFO - device_data_handler.py:73 - Device dv1 Zone 3: Robot is stationary
2025-09-26 12:30:51,696 - device_data_handler - INFO - device_data_handler.py:149 - Device dv1 Zone 3: Robot is stationary
2025-09-26 12:30:52,691 - device_data_handler - INFO - device_data_handler.py:73 - Device dv1 Zone 3: Robot is stationary
2025-09-26 12:30:52,701 - device_data_handler - INFO - device_data_handler.py:149 - Device dv1 Zone 3: Robot is stationary
2025-09-26 12:30:53,692 - device_data_handler - INFO - device_data_handler.py:73 - Device dv1 Zone 3: Robot is stationary
2025-09-26 12:30:53,702 - device_data_handler - INFO - device_data_handler.py:149 - Device dv1 Zone 3: Robot is stationary
2025-09-26 12:30:54,684 - device_data_handler - INFO - device_data_handler.py:73 - Device dv1 Zone 3: Robot is stationary
2025-09-26 12:30:54,695 - device_data_handler - INFO - device_data_handler.py:149 - Device dv1 Zone 3: Robot is stationary
2025-09-26 12:30:55,689 - device_data_handler - INFO - device_data_handler.py:73 - Device dv1 Zone 3: Robot is stationary
2025-09-26 12:30:55,697 - device_data_handler - INFO - device_data_handler.py:149 - Device dv1 Zone 3: Robot is stationary
2025-09-26 12:30:56,248 - device_data_handler - INFO - device_data_handler.py:149 - Device dv1 Zone 3: Robot is stationary
2025-09-26 12:30:56,255 - device_data_handler - INFO - device_data_handler.py:73 - Device dv1 Zone 3: Robot is stationary
2025-09-26 12:30:56,263 - device_data_handler - INFO - device_data_handler.py:149 - Device dv1 Zone 3: Robot is stationary
2025-09-26 12:30:56,690 - device_data_handler - INFO - device_data_handler.py:73 - Device dv1 Zone 3: Robot is stationary
2025-09-26 12:30:56,697 - device_data_handler - INFO - device_data_handler.py:149 - Device dv1 Zone 3: Robot is stationary
2025-09-26 12:30:57,689 - device_data_handler - INFO - device_data_handler.py:73 - Device dv1 Zone 3: Robot is stationary
2025-09-26 12:30:57,696 - device_data_handler - INFO - device_data_handler.py:149 - Device dv1 Zone 3: Robot is stationary
2025-09-26 12:30:58,694 - device_data_handler - INFO - device_data_handler.py:73 - Device dv1 Zone 3: Robot is stationary
2025-09-26 12:30:58,705 - device_data_handler - INFO - device_data_handler.py:149 - Device dv1 Zone 3: Robot is stationary
2025-09-26 12:30:59,692 - device_data_handler - INFO - device_data_handler.py:73 - Device dv1 Zone 3: Robot is stationary
2025-09-26 12:30:59,704 - device_data_handler - INFO - device_data_handler.py:149 - Device dv1 Zone 3: Robot is stationary
2025-09-26 12:31:00,704 - device_data_handler - INFO - device_data_handler.py:73 - Device dv1 Zone 3: Robot is stationary
2025-09-26 12:31:00,712 - device_data_handler - INFO - device_data_handler.py:149 - Device dv1 Zone 3: Robot is stationary
2025-09-26 12:31:01,251 - device_data_handler - INFO - device_data_handler.py:149 - Device dv1 Zone 3: Robot is stationary
2025-09-26 12:31:01,255 - device_data_handler - INFO - device_data_handler.py:73 - Device dv1 Zone 3: Robot is stationary
2025-09-26 12:31:01,264 - device_data_handler - INFO - device_data_handler.py:149 - Device dv1 Zone 3: Robot is stationary
2025-09-26 12:31:01,719 - device_data_handler - INFO - device_data_handler.py:73 - Device dv1 Zone 3: Robot is stationary
2025-09-26 12:31:01,727 - device_data_handler - INFO - device_data_handler.py:149 - Device dv1 Zone 3: Robot is stationary
2025-09-26 12:31:02,708 - device_data_handler - INFO - device_data_handler.py:73 - Device dv1 Zone 3: Robot is stationary
2025-09-26 12:31:02,720 - device_data_handler - INFO - device_data_handler.py:149 - Device dv1 Zone 3: Robot is stationary
2025-09-26 12:31:03,177 - device_list - INFO - device_list.py:248 - Refreshing device data...
2025-09-26 12:31:03,183 - device_list - INFO - device_list.py:268 - Loaded 12 devices from CSV
2025-09-26 12:31:03,707 - device_data_handler - INFO - device_data_handler.py:73 - Device dv1 Zone 3: Robot is stationary
2025-09-26 12:31:03,718 - device_data_handler - INFO - device_data_handler.py:149 - Device dv1 Zone 3: Robot is stationary
2025-09-26 12:31:04,708 - device_data_handler - INFO - device_data_handler.py:73 - Device dv1 Zone 3: Robot is stationary
2025-09-26 12:31:04,720 - device_data_handler - INFO - device_data_handler.py:149 - Device dv1 Zone 3: Robot is stationary
2025-09-26 12:31:05,723 - device_data_handler - INFO - device_data_handler.py:73 - Device dv1 Zone 3: Robot is stationary
2025-09-26 12:31:05,735 - device_data_handler - INFO - device_data_handler.py:149 - Device dv1 Zone 3: Robot is stationary
2025-09-26 12:31:08,056 - api_client - WARNING - client.py:80 - Request attempt 1 failed: HTTPConnectionPool(host='127.0.0.1', port=8000): Max retries exceeded with url: /api/ (Caused by NewConnectionError('<urllib3.connection.HTTPConnection object at 0x0000027F65075D00>: Failed to establish a new connection: [WinError 10061] No connection could be made because the target machine actively refused it'))
2025-09-26 12:31:10,088 - api_client - WARNING - client.py:80 - Request attempt 2 failed: HTTPConnectionPool(host='127.0.0.1', port=8000): Max retries exceeded with url: /api/ (Caused by NewConnectionError('<urllib3.connection.HTTPConnection object at 0x0000027F650757B0>: Failed to establish a new connection: [WinError 10061] No connection could be made because the target machine actively refused it'))
2025-09-26 12:31:12,148 - api_client - WARNING - client.py:80 - Request attempt 3 failed: HTTPConnectionPool(host='127.0.0.1', port=8000): Max retries exceeded with url: /api/ (Caused by NewConnectionError('<urllib3.connection.HTTPConnection object at 0x0000027F65075590>: Failed to establish a new connection: [WinError 10061] No connection could be made because the target machine actively refused it'))
2025-09-26 12:31:12,179 - device_location_syncer - ERROR - sync_device_locations.py:241 - Error processing device d11: could not convert string to float: ''
2025-09-26 12:31:12,183 - device_location_syncer - ERROR - sync_device_locations.py:241 - Error processing device pp111: could not convert string to float: ''
2025-09-26 12:31:12,185 - device_location_syncer - ERROR - sync_device_locations.py:241 - Error processing device ppp11: could not convert string to float: ''
2025-09-26 12:31:12,187 - device_location_syncer - ERROR - sync_device_locations.py:241 - Error processing device dev1: could not convert string to float: ''
2025-09-26 12:31:12,189 - device_location_syncer - ERROR - sync_device_locations.py:241 - Error processing device dv1: could not convert string to float: ''
2025-09-26 12:31:12,193 - device_location_syncer - ERROR - sync_device_locations.py:241 - Error processing device dv11: could not convert string to float: ''
2025-09-26 12:31:12,195 - device_location_syncer - INFO - sync_device_locations.py:250 - Sync completed. No location updates needed.
2025-09-26 12:31:12,234 - device_data_handler - INFO - device_data_handler.py:149 - Device dv1 Zone 3: Robot is stationary
2025-09-26 12:31:12,239 - device_data_handler - INFO - device_data_handler.py:73 - Device dv1 Zone 3: Robot is stationary
2025-09-26 12:31:12,251 - device_data_handler - INFO - device_data_handler.py:149 - Device dv1 Zone 3: Robot is stationary
2025-09-26 12:31:12,257 - device_data_handler - INFO - device_data_handler.py:73 - Device dv1 Zone 3: Robot is stationary
2025-09-26 12:31:12,267 - device_data_handler - INFO - device_data_handler.py:149 - Device dv1 Zone 3: Robot is stationary
2025-09-26 12:31:12,708 - device_data_handler - INFO - device_data_handler.py:73 - Device dv1 Zone 3: Robot is stationary
2025-09-26 12:31:12,721 - device_data_handler - INFO - device_data_handler.py:149 - Device dv1 Zone 3: Robot is stationary
2025-09-26 12:31:13,709 - device_data_handler - INFO - device_data_handler.py:73 - Device dv1 Zone 3: Robot is stationary
2025-09-26 12:31:13,720 - device_data_handler - INFO - device_data_handler.py:149 - Device dv1 Zone 3: Robot is stationary
2025-09-26 12:31:14,700 - device_data_handler - INFO - device_data_handler.py:73 - Device dv1 Zone 3: Robot is stationary
2025-09-26 12:31:14,707 - device_data_handler - INFO - device_data_handler.py:149 - Device dv1 Zone 3: Robot is stationary
2025-09-26 12:31:15,772 - device_data_handler - INFO - device_data_handler.py:73 - Device dv1 Zone 3: Robot is stationary
2025-09-26 12:31:15,790 - device_data_handler - INFO - device_data_handler.py:149 - Device dv1 Zone 3: Robot is stationary
2025-09-26 12:31:16,266 - device_data_handler - INFO - device_data_handler.py:149 - Device dv1 Zone 3: Robot is stationary
2025-09-26 12:31:16,270 - device_data_handler - INFO - device_data_handler.py:73 - Device dv1 Zone 3: Robot is stationary
2025-09-26 12:31:16,281 - device_data_handler - INFO - device_data_handler.py:149 - Device dv1 Zone 3: Robot is stationary
2025-09-26 12:31:16,701 - device_data_handler - INFO - device_data_handler.py:73 - Device dv1 Zone 3: Robot is stationary
2025-09-26 12:31:16,709 - device_data_handler - INFO - device_data_handler.py:149 - Device dv1 Zone 3: Robot is stationary
2025-09-26 12:31:17,700 - device_data_handler - INFO - device_data_handler.py:73 - Device dv1 Zone 3: Robot is stationary
2025-09-26 12:31:17,711 - device_data_handler - INFO - device_data_handler.py:149 - Device dv1 Zone 3: Robot is stationary
2025-09-26 12:31:18,714 - device_data_handler - INFO - device_data_handler.py:73 - Device dv1 Zone 3: Robot is stationary
2025-09-26 12:31:18,722 - device_data_handler - INFO - device_data_handler.py:149 - Device dv1 Zone 3: Robot is stationary
2025-09-26 12:31:19,700 - device_data_handler - INFO - device_data_handler.py:73 - Device dv1 Zone 3: Robot is stationary
2025-09-26 12:31:19,708 - device_data_handler - INFO - device_data_handler.py:149 - Device dv1 Zone 3: Robot is stationary
2025-09-26 12:31:20,705 - device_data_handler - INFO - device_data_handler.py:73 - Device dv1 Zone 3: Robot is stationary
2025-09-26 12:31:20,717 - device_data_handler - INFO - device_data_handler.py:149 - Device dv1 Zone 3: Robot is stationary
2025-09-26 12:31:21,254 - device_data_handler - INFO - device_data_handler.py:149 - Device dv1 Zone 3: Robot is stationary
2025-09-26 12:31:21,263 - device_data_handler - INFO - device_data_handler.py:73 - Device dv1 Zone 3: Robot is stationary
2025-09-26 12:31:21,270 - device_data_handler - INFO - device_data_handler.py:149 - Device dv1 Zone 3: Robot is stationary
2025-09-26 12:31:21,703 - device_data_handler - INFO - device_data_handler.py:73 - Device dv1 Zone 3: Robot is stationary
2025-09-26 12:31:21,714 - device_data_handler - INFO - device_data_handler.py:149 - Device dv1 Zone 3: Robot is stationary
2025-09-26 12:31:22,703 - device_data_handler - INFO - device_data_handler.py:73 - Device dv1 Zone 3: Robot is stationary
2025-09-26 12:31:22,714 - device_data_handler - INFO - device_data_handler.py:149 - Device dv1 Zone 3: Robot is stationary
2025-09-26 12:31:23,704 - device_data_handler - INFO - device_data_handler.py:73 - Device dv1 Zone 3: Robot is stationary
2025-09-26 12:31:23,716 - device_data_handler - INFO - device_data_handler.py:149 - Device dv1 Zone 3: Robot is stationary
2025-09-26 12:31:24,699 - device_data_handler - INFO - device_data_handler.py:73 - Device dv1 Zone 3: Robot is stationary
2025-09-26 12:31:24,707 - device_data_handler - INFO - device_data_handler.py:149 - Device dv1 Zone 3: Robot is stationary
2025-09-26 12:31:25,714 - device_data_handler - INFO - device_data_handler.py:73 - Device dv1 Zone 3: Robot is stationary
2025-09-26 12:31:25,722 - device_data_handler - INFO - device_data_handler.py:149 - Device dv1 Zone 3: Robot is stationary
2025-09-26 12:31:26,264 - device_data_handler - INFO - device_data_handler.py:149 - Device dv1 Zone 3: Robot is stationary
2025-09-26 12:31:26,269 - device_data_handler - INFO - device_data_handler.py:73 - Device dv1 Zone 3: Robot is stationary
2025-09-26 12:31:26,280 - device_data_handler - INFO - device_data_handler.py:149 - Device dv1 Zone 3: Robot is stationary
2025-09-26 12:31:26,746 - device_data_handler - INFO - device_data_handler.py:73 - Device dv1 Zone 3: Robot is stationary
2025-09-26 12:31:26,809 - device_data_handler - INFO - device_data_handler.py:149 - Device dv1 Zone 3: Robot is stationary
2025-09-26 12:31:27,704 - device_data_handler - INFO - device_data_handler.py:73 - Device dv1 Zone 3: Robot is stationary
2025-09-26 12:31:28,754 - device_data_handler - INFO - device_data_handler.py:149 - Device dv1 Zone 3: Robot is stationary
2025-09-26 12:31:29,703 - device_data_handler - INFO - device_data_handler.py:73 - Device dv1 Zone 3: Robot is stationary
2025-09-26 12:31:29,714 - device_data_handler - INFO - device_data_handler.py:149 - Device dv1 Zone 3: Robot is stationary
2025-09-26 12:31:30,714 - device_data_handler - INFO - device_data_handler.py:73 - Device dv1 Zone 3: Robot is stationary
2025-09-26 12:31:30,722 - device_data_handler - INFO - device_data_handler.py:149 - Device dv1 Zone 3: Robot is stationary
2025-09-26 12:31:31,247 - device_data_handler - INFO - device_data_handler.py:149 - Device dv1 Zone 3: Robot is stationary
2025-09-26 12:31:31,251 - device_data_handler - INFO - device_data_handler.py:73 - Device dv1 Zone 3: Robot is stationary
2025-09-26 12:31:31,262 - device_data_handler - INFO - device_data_handler.py:149 - Device dv1 Zone 3: Robot is stationary
2025-09-26 12:31:31,702 - device_data_handler - INFO - device_data_handler.py:73 - Device dv1 Zone 3: Robot is stationary
2025-09-26 12:31:31,713 - device_data_handler - INFO - device_data_handler.py:149 - Device dv1 Zone 3: Robot is stationary
2025-09-26 12:31:32,709 - device_data_handler - INFO - device_data_handler.py:73 - Device dv1 Zone 3: Robot is stationary
2025-09-26 12:31:32,719 - device_data_handler - INFO - device_data_handler.py:149 - Device dv1 Zone 3: Robot is stationary
2025-09-26 12:31:33,178 - device_list - INFO - device_list.py:248 - Refreshing device data...
2025-09-26 12:31:33,181 - device_list - INFO - device_list.py:268 - Loaded 12 devices from CSV
2025-09-26 12:31:33,751 - device_data_handler - INFO - device_data_handler.py:73 - Device dv1 Zone 3: Robot is stationary
2025-09-26 12:31:33,779 - device_data_handler - INFO - device_data_handler.py:149 - Device dv1 Zone 3: Robot is stationary
2025-09-26 12:31:34,704 - device_data_handler - INFO - device_data_handler.py:73 - Device dv1 Zone 3: Robot is stationary
2025-09-26 12:31:34,716 - device_data_handler - INFO - device_data_handler.py:149 - Device dv1 Zone 3: Robot is stationary
2025-09-26 12:31:35,713 - device_data_handler - INFO - device_data_handler.py:73 - Device dv1 Zone 3: Robot is stationary
2025-09-26 12:31:35,720 - device_data_handler - INFO - device_data_handler.py:149 - Device dv1 Zone 3: Robot is stationary
2025-09-26 12:31:36,017 - device_location_syncer - ERROR - sync_device_locations.py:241 - Error processing device d11: could not convert string to float: ''
2025-09-26 12:31:36,019 - device_location_syncer - ERROR - sync_device_locations.py:241 - Error processing device pp111: could not convert string to float: ''
2025-09-26 12:31:36,020 - device_location_syncer - ERROR - sync_device_locations.py:241 - Error processing device ppp11: could not convert string to float: ''
2025-09-26 12:31:36,021 - device_location_syncer - ERROR - sync_device_locations.py:241 - Error processing device dev1: could not convert string to float: ''
2025-09-26 12:31:36,025 - device_location_syncer - ERROR - sync_device_locations.py:241 - Error processing device dv1: could not convert string to float: ''
2025-09-26 12:31:36,026 - device_location_syncer - ERROR - sync_device_locations.py:241 - Error processing device dv11: could not convert string to float: ''
2025-09-26 12:31:36,027 - device_location_syncer - INFO - sync_device_locations.py:250 - Sync completed. No location updates needed.
2025-09-26 12:31:36,260 - device_data_handler - INFO - device_data_handler.py:149 - Device dv1 Zone 3: Robot is stationary
2025-09-26 12:31:36,264 - device_data_handler - INFO - device_data_handler.py:73 - Device dv1 Zone 3: Robot is stationary
2025-09-26 12:31:36,272 - device_data_handler - INFO - device_data_handler.py:149 - Device dv1 Zone 3: Robot is stationary
2025-09-26 12:31:36,710 - device_data_handler - INFO - device_data_handler.py:73 - Device dv1 Zone 3: Robot is stationary
2025-09-26 12:31:36,717 - device_data_handler - INFO - device_data_handler.py:149 - Device dv1 Zone 3: Robot is stationary
2025-09-26 12:31:37,710 - device_data_handler - INFO - device_data_handler.py:73 - Device dv1 Zone 3: Robot is stationary
2025-09-26 12:31:37,720 - device_data_handler - INFO - device_data_handler.py:149 - Device dv1 Zone 3: Robot is stationary
2025-09-26 12:31:38,715 - device_data_handler - INFO - device_data_handler.py:73 - Device dv1 Zone 3: Robot is stationary
2025-09-26 12:31:38,726 - device_data_handler - INFO - device_data_handler.py:149 - Device dv1 Zone 3: Robot is stationary
2025-09-26 12:31:39,714 - device_data_handler - INFO - device_data_handler.py:73 - Device dv1 Zone 3: Robot is stationary
2025-09-26 12:31:39,725 - device_data_handler - INFO - device_data_handler.py:149 - Device dv1 Zone 3: Robot is stationary
2025-09-26 12:31:40,710 - device_data_handler - INFO - device_data_handler.py:73 - Device dv1 Zone 3: Robot is stationary
2025-09-26 12:31:40,720 - device_data_handler - INFO - device_data_handler.py:149 - Device dv1 Zone 3: Robot is stationary
2025-09-26 12:31:41,244 - device_data_handler - INFO - device_data_handler.py:149 - Device dv1 Zone 3: Robot is stationary
2025-09-26 12:31:41,248 - device_data_handler - INFO - device_data_handler.py:73 - Device dv1 Zone 3: Robot is stationary
2025-09-26 12:31:41,258 - device_data_handler - INFO - device_data_handler.py:149 - Device dv1 Zone 3: Robot is stationary
2025-09-26 12:31:41,717 - device_data_handler - INFO - device_data_handler.py:73 - Device dv1 Zone 3: Robot is stationary
2025-09-26 12:31:41,730 - device_data_handler - INFO - device_data_handler.py:149 - Device dv1 Zone 3: Robot is stationary
2025-09-26 12:31:42,715 - device_data_handler - INFO - device_data_handler.py:73 - Device dv1 Zone 3: Robot is stationary
2025-09-26 12:31:42,727 - device_data_handler - INFO - device_data_handler.py:149 - Device dv1 Zone 3: Robot is stationary
2025-09-26 12:31:43,714 - device_data_handler - INFO - device_data_handler.py:73 - Device dv1 Zone 3: Robot is stationary
2025-09-26 12:31:43,724 - device_data_handler - INFO - device_data_handler.py:149 - Device dv1 Zone 3: Robot is stationary
2025-09-26 12:31:44,715 - device_data_handler - INFO - device_data_handler.py:73 - Device dv1 Zone 3: Robot is stationary
2025-09-26 12:31:44,726 - device_data_handler - INFO - device_data_handler.py:149 - Device dv1 Zone 3: Robot is stationary
2025-09-26 12:31:45,713 - device_data_handler - INFO - device_data_handler.py:73 - Device dv1 Zone 3: Robot is stationary
2025-09-26 12:31:45,725 - device_data_handler - INFO - device_data_handler.py:149 - Device dv1 Zone 3: Robot is stationary
2025-09-26 12:31:46,259 - device_data_handler - INFO - device_data_handler.py:149 - Device dv1 Zone 3: Robot is stationary
2025-09-26 12:31:46,263 - device_data_handler - INFO - device_data_handler.py:73 - Device dv1 Zone 3: Robot is stationary
2025-09-26 12:31:46,273 - device_data_handler - INFO - device_data_handler.py:149 - Device dv1 Zone 3: Robot is stationary
2025-09-26 12:31:46,704 - device_data_handler - INFO - device_data_handler.py:73 - Device dv1 Zone 3: Robot is stationary
2025-09-26 12:31:46,715 - device_data_handler - INFO - device_data_handler.py:149 - Device dv1 Zone 3: Robot is stationary
2025-09-26 12:31:47,709 - device_data_handler - INFO - device_data_handler.py:73 - Device dv1 Zone 3: Robot is stationary
2025-09-26 12:31:47,716 - device_data_handler - INFO - device_data_handler.py:149 - Device dv1 Zone 3: Robot is stationary
2025-09-26 12:31:48,708 - device_data_handler - INFO - device_data_handler.py:73 - Device dv1 Zone 3: Robot is stationary
2025-09-26 12:31:48,716 - device_data_handler - INFO - device_data_handler.py:149 - Device dv1 Zone 3: Robot is stationary
2025-09-26 12:31:49,716 - device_data_handler - INFO - device_data_handler.py:73 - Device dv1 Zone 3: Robot is stationary
2025-09-26 12:31:49,728 - device_data_handler - INFO - device_data_handler.py:149 - Device dv1 Zone 3: Robot is stationary
2025-09-26 12:31:50,711 - device_data_handler - INFO - device_data_handler.py:73 - Device dv1 Zone 3: Robot is stationary
2025-09-26 12:31:50,722 - device_data_handler - INFO - device_data_handler.py:149 - Device dv1 Zone 3: Robot is stationary
2025-09-26 12:31:51,267 - device_data_handler - INFO - device_data_handler.py:149 - Device dv1 Zone 3: Robot is stationary
2025-09-26 12:31:51,274 - device_data_handler - INFO - device_data_handler.py:73 - Device dv1 Zone 3: Robot is stationary
2025-09-26 12:31:51,282 - device_data_handler - INFO - device_data_handler.py:149 - Device dv1 Zone 3: Robot is stationary
2025-09-26 12:31:51,835 - device_data_handler - INFO - device_data_handler.py:73 - Device dv1 Zone 3: Robot is stationary
2025-09-26 12:31:51,846 - device_data_handler - INFO - device_data_handler.py:149 - Device dv1 Zone 3: Robot is stationary
2025-09-26 12:31:52,708 - device_data_handler - INFO - device_data_handler.py:73 - Device dv1 Zone 3: Robot is stationary
2025-09-26 12:31:52,716 - device_data_handler - INFO - device_data_handler.py:149 - Device dv1 Zone 3: Robot is stationary
2025-09-26 12:31:53,708 - device_data_handler - INFO - device_data_handler.py:73 - Device dv1 Zone 3: Robot is stationary
2025-09-26 12:31:53,716 - device_data_handler - INFO - device_data_handler.py:149 - Device dv1 Zone 3: Robot is stationary
2025-09-26 12:31:54,698 - device_data_handler - INFO - device_data_handler.py:73 - Device dv1 Zone 3: Robot is stationary
2025-09-26 12:31:54,710 - device_data_handler - INFO - device_data_handler.py:149 - Device dv1 Zone 3: Robot is stationary
2025-09-26 12:31:55,712 - device_data_handler - INFO - device_data_handler.py:73 - Device dv1 Zone 3: Robot is stationary
2025-09-26 12:31:55,725 - device_data_handler - INFO - device_data_handler.py:149 - Device dv1 Zone 3: Robot is stationary
2025-09-26 12:31:56,256 - device_data_handler - INFO - device_data_handler.py:149 - Device dv1 Zone 3: Robot is stationary
2025-09-26 12:31:56,260 - device_data_handler - INFO - device_data_handler.py:73 - Device dv1 Zone 3: Robot is stationary
2025-09-26 12:31:56,270 - device_data_handler - INFO - device_data_handler.py:149 - Device dv1 Zone 3: Robot is stationary
2025-09-26 12:31:56,707 - device_data_handler - INFO - device_data_handler.py:73 - Device dv1 Zone 3: Robot is stationary
2025-09-26 12:31:56,715 - device_data_handler - INFO - device_data_handler.py:149 - Device dv1 Zone 3: Robot is stationary
2025-09-26 12:31:57,721 - device_data_handler - INFO - device_data_handler.py:73 - Device dv1 Zone 3: Robot is stationary
2025-09-26 12:31:57,728 - device_data_handler - INFO - device_data_handler.py:149 - Device dv1 Zone 3: Robot is stationary
2025-09-26 12:31:58,720 - device_data_handler - INFO - device_data_handler.py:73 - Device dv1 Zone 3: Robot is stationary
2025-09-26 12:31:58,732 - device_data_handler - INFO - device_data_handler.py:149 - Device dv1 Zone 3: Robot is stationary
2025-09-26 12:31:59,705 - device_data_handler - INFO - device_data_handler.py:73 - Device dv1 Zone 3: Robot is stationary
2025-09-26 12:31:59,713 - device_data_handler - INFO - device_data_handler.py:149 - Device dv1 Zone 3: Robot is stationary
2025-09-26 12:32:00,710 - device_data_handler - INFO - device_data_handler.py:73 - Device dv1 Zone 3: Robot is stationary
2025-09-26 12:32:00,722 - device_data_handler - INFO - device_data_handler.py:149 - Device dv1 Zone 3: Robot is stationary
2025-09-26 12:32:01,242 - device_data_handler - INFO - device_data_handler.py:149 - Device dv1 Zone 3: Robot is stationary
2025-09-26 12:32:01,245 - device_data_handler - INFO - device_data_handler.py:73 - Device dv1 Zone 3: Robot is stationary
2025-09-26 12:32:01,257 - device_data_handler - INFO - device_data_handler.py:149 - Device dv1 Zone 3: Robot is stationary
2025-09-26 12:32:01,711 - device_data_handler - INFO - device_data_handler.py:73 - Device dv1 Zone 3: Robot is stationary
2025-09-26 12:32:01,724 - device_data_handler - INFO - device_data_handler.py:149 - Device dv1 Zone 3: Robot is stationary
2025-09-26 12:32:02,711 - device_data_handler - INFO - device_data_handler.py:73 - Device dv1 Zone 3: Robot is stationary
2025-09-26 12:32:02,722 - device_data_handler - INFO - device_data_handler.py:149 - Device dv1 Zone 3: Robot is stationary
2025-09-26 12:32:03,175 - device_list - INFO - device_list.py:248 - Refreshing device data...
2025-09-26 12:32:03,178 - device_list - INFO - device_list.py:268 - Loaded 12 devices from CSV
2025-09-26 12:32:03,709 - device_data_handler - INFO - device_data_handler.py:73 - Device dv1 Zone 3: Robot is stationary
2025-09-26 12:32:03,719 - device_data_handler - INFO - device_data_handler.py:149 - Device dv1 Zone 3: Robot is stationary
2025-09-26 12:32:04,708 - device_data_handler - INFO - device_data_handler.py:73 - Device dv1 Zone 3: Robot is stationary
2025-09-26 12:32:04,718 - device_data_handler - INFO - device_data_handler.py:149 - Device dv1 Zone 3: Robot is stationary
2025-09-26 12:32:05,711 - device_data_handler - INFO - device_data_handler.py:73 - Device dv1 Zone 3: Robot is stationary
2025-09-26 12:32:05,726 - device_data_handler - INFO - device_data_handler.py:149 - Device dv1 Zone 3: Robot is stationary
2025-09-26 12:32:08,041 - api_client - WARNING - client.py:80 - Request attempt 1 failed: HTTPConnectionPool(host='127.0.0.1', port=8000): Max retries exceeded with url: /api/ (Caused by NewConnectionError('<urllib3.connection.HTTPConnection object at 0x0000027F650756A0>: Failed to establish a new connection: [WinError 10061] No connection could be made because the target machine actively refused it'))
2025-09-26 12:32:10,087 - api_client - WARNING - client.py:80 - Request attempt 2 failed: HTTPConnectionPool(host='127.0.0.1', port=8000): Max retries exceeded with url: /api/ (Caused by NewConnectionError('<urllib3.connection.HTTPConnection object at 0x0000027F650757B0>: Failed to establish a new connection: [WinError 10061] No connection could be made because the target machine actively refused it'))
2025-09-26 12:32:12,114 - api_client - WARNING - client.py:80 - Request attempt 3 failed: HTTPConnectionPool(host='127.0.0.1', port=8000): Max retries exceeded with url: /api/ (Caused by NewConnectionError('<urllib3.connection.HTTPConnection object at 0x0000027F65075D00>: Failed to establish a new connection: [WinError 10061] No connection could be made because the target machine actively refused it'))
2025-09-26 12:32:12,138 - device_location_syncer - ERROR - sync_device_locations.py:241 - Error processing device d11: could not convert string to float: ''
2025-09-26 12:32:12,145 - device_location_syncer - ERROR - sync_device_locations.py:241 - Error processing device pp111: could not convert string to float: ''
2025-09-26 12:32:12,150 - device_location_syncer - ERROR - sync_device_locations.py:241 - Error processing device ppp11: could not convert string to float: ''
2025-09-26 12:32:12,154 - device_location_syncer - ERROR - sync_device_locations.py:241 - Error processing device dev1: could not convert string to float: ''
2025-09-26 12:32:12,156 - device_location_syncer - ERROR - sync_device_locations.py:241 - Error processing device dv1: could not convert string to float: ''
2025-09-26 12:32:12,158 - device_location_syncer - ERROR - sync_device_locations.py:241 - Error processing device dv11: could not convert string to float: ''
2025-09-26 12:32:12,161 - device_location_syncer - INFO - sync_device_locations.py:250 - Sync completed. No location updates needed.
2025-09-26 12:32:12,188 - device_data_handler - INFO - device_data_handler.py:149 - Device dv1 Zone 3: Robot is stationary
2025-09-26 12:32:12,193 - device_data_handler - INFO - device_data_handler.py:73 - Device dv1 Zone 3: Robot is stationary
2025-09-26 12:32:12,206 - device_data_handler - INFO - device_data_handler.py:149 - Device dv1 Zone 3: Robot is stationary
2025-09-26 12:32:12,211 - device_data_handler - INFO - device_data_handler.py:73 - Device dv1 Zone 3: Robot is stationary
2025-09-26 12:32:12,223 - device_data_handler - INFO - device_data_handler.py:149 - Device dv1 Zone 3: Robot is stationary
2025-09-26 12:32:12,719 - device_data_handler - INFO - device_data_handler.py:73 - Device dv1 Zone 3: Robot is stationary
2025-09-26 12:32:12,729 - device_data_handler - INFO - device_data_handler.py:149 - Device dv1 Zone 3: Robot is stationary
2025-09-26 12:32:13,720 - device_data_handler - INFO - device_data_handler.py:73 - Device dv1 Zone 3: Robot is stationary
2025-09-26 12:32:13,728 - device_data_handler - INFO - device_data_handler.py:149 - Device dv1 Zone 3: Robot is stationary
2025-09-26 12:32:14,734 - device_data_handler - INFO - device_data_handler.py:73 - Device dv1 Zone 3: Robot is stationary
2025-09-26 12:32:14,742 - device_data_handler - INFO - device_data_handler.py:149 - Device dv1 Zone 3: Robot is stationary
2025-09-26 12:32:15,738 - device_data_handler - INFO - device_data_handler.py:73 - Device dv1 Zone 3: Robot is stationary
2025-09-26 12:32:15,750 - device_data_handler - INFO - device_data_handler.py:149 - Device dv1 Zone 3: Robot is stationary
2025-09-26 12:32:16,268 - device_data_handler - INFO - device_data_handler.py:149 - Device dv1 Zone 3: Robot is stationary
2025-09-26 12:32:16,272 - device_data_handler - INFO - device_data_handler.py:73 - Device dv1 Zone 3: Robot is stationary
2025-09-26 12:32:16,283 - device_data_handler - INFO - device_data_handler.py:149 - Device dv1 Zone 3: Robot is stationary
2025-09-26 12:32:16,751 - device_data_handler - INFO - device_data_handler.py:73 - Device dv1 Zone 3: Robot is stationary
2025-09-26 12:32:16,758 - device_data_handler - INFO - device_data_handler.py:149 - Device dv1 Zone 3: Robot is stationary
2025-09-26 12:32:17,754 - device_data_handler - INFO - device_data_handler.py:73 - Device dv1 Zone 3: Robot is stationary
2025-09-26 12:32:17,764 - device_data_handler - INFO - device_data_handler.py:149 - Device dv1 Zone 3: Robot is stationary
2025-09-26 12:32:18,746 - device_data_handler - INFO - device_data_handler.py:73 - Device dv1 Zone 3: Robot is stationary
2025-09-26 12:32:18,769 - device_data_handler - INFO - device_data_handler.py:149 - Device dv1 Zone 3: Robot is stationary
2025-09-26 12:32:19,752 - device_data_handler - INFO - device_data_handler.py:73 - Device dv1 Zone 3: Robot is stationary
2025-09-26 12:32:19,760 - device_data_handler - INFO - device_data_handler.py:149 - Device dv1 Zone 3: Robot is stationary
2025-09-26 12:32:20,751 - device_data_handler - INFO - device_data_handler.py:73 - Device dv1 Zone 3: Robot is stationary
2025-09-26 12:32:20,759 - device_data_handler - INFO - device_data_handler.py:149 - Device dv1 Zone 3: Robot is stationary
2025-09-26 12:32:21,275 - device_data_handler - INFO - device_data_handler.py:149 - Device dv1 Zone 3: Robot is stationary
2025-09-26 12:32:21,284 - device_data_handler - INFO - device_data_handler.py:73 - Device dv1 Zone 3: Robot is stationary
2025-09-26 12:32:21,297 - device_data_handler - INFO - device_data_handler.py:149 - Device dv1 Zone 3: Robot is stationary
2025-09-26 12:32:21,756 - device_data_handler - INFO - device_data_handler.py:73 - Device dv1 Zone 3: Robot is stationary
2025-09-26 12:32:21,768 - device_data_handler - INFO - device_data_handler.py:149 - Device dv1 Zone 3: Robot is stationary
2025-09-26 12:32:22,750 - device_data_handler - INFO - device_data_handler.py:73 - Device dv1 Zone 3: Robot is stationary
2025-09-26 12:32:22,757 - device_data_handler - INFO - device_data_handler.py:149 - Device dv1 Zone 3: Robot is stationary
2025-09-26 12:32:23,763 - device_data_handler - INFO - device_data_handler.py:73 - Device dv1 Zone 3: Robot is stationary
2025-09-26 12:32:23,772 - device_data_handler - INFO - device_data_handler.py:149 - Device dv1 Zone 3: Robot is stationary
2025-09-26 12:32:24,786 - device_data_handler - INFO - device_data_handler.py:73 - Device dv1 Zone 3: Robot is stationary
2025-09-26 12:32:24,798 - device_data_handler - INFO - device_data_handler.py:149 - Device dv1 Zone 3: Robot is stationary
2025-09-26 12:32:25,783 - device_data_handler - INFO - device_data_handler.py:73 - Device dv1 Zone 3: Robot is stationary
2025-09-26 12:32:25,791 - device_data_handler - INFO - device_data_handler.py:149 - Device dv1 Zone 3: Robot is stationary
2025-09-26 12:32:26,288 - device_data_handler - INFO - device_data_handler.py:149 - Device dv1 Zone 3: Robot is stationary
2025-09-26 12:32:26,292 - device_data_handler - INFO - device_data_handler.py:73 - Device dv1 Zone 3: Robot is stationary
2025-09-26 12:32:26,303 - device_data_handler - INFO - device_data_handler.py:149 - Device dv1 Zone 3: Robot is stationary
2025-09-26 12:32:26,788 - device_data_handler - INFO - device_data_handler.py:73 - Device dv1 Zone 3: Robot is stationary
2025-09-26 12:32:26,801 - device_data_handler - INFO - device_data_handler.py:149 - Device dv1 Zone 3: Robot is stationary
2025-09-26 12:32:27,780 - device_data_handler - INFO - device_data_handler.py:73 - Device dv1 Zone 3: Robot is stationary
2025-09-26 12:32:27,788 - device_data_handler - INFO - device_data_handler.py:149 - Device dv1 Zone 3: Robot is stationary
2025-09-26 12:32:28,787 - device_data_handler - INFO - device_data_handler.py:73 - Device dv1 Zone 3: Robot is stationary
2025-09-26 12:32:28,799 - device_data_handler - INFO - device_data_handler.py:149 - Device dv1 Zone 3: Robot is stationary
2025-09-26 12:32:29,787 - device_data_handler - INFO - device_data_handler.py:73 - Device dv1 Zone 3: Robot is stationary
2025-09-26 12:32:29,799 - device_data_handler - INFO - device_data_handler.py:149 - Device dv1 Zone 3: Robot is stationary
2025-09-26 12:32:30,782 - device_data_handler - INFO - device_data_handler.py:73 - Device dv1 Zone 3: Robot is stationary
2025-09-26 12:32:30,790 - device_data_handler - INFO - device_data_handler.py:149 - Device dv1 Zone 3: Robot is stationary
2025-09-26 12:32:31,284 - device_data_handler - INFO - device_data_handler.py:149 - Device dv1 Zone 3: Robot is stationary
2025-09-26 12:32:31,288 - device_data_handler - INFO - device_data_handler.py:73 - Device dv1 Zone 3: Robot is stationary
2025-09-26 12:32:31,301 - device_data_handler - INFO - device_data_handler.py:149 - Device dv1 Zone 3: Robot is stationary
2025-09-26 12:32:31,787 - device_data_handler - INFO - device_data_handler.py:73 - Device dv1 Zone 3: Robot is stationary
2025-09-26 12:32:31,798 - device_data_handler - INFO - device_data_handler.py:149 - Device dv1 Zone 3: Robot is stationary
2025-09-26 12:32:32,787 - device_data_handler - INFO - device_data_handler.py:73 - Device dv1 Zone 3: Robot is stationary
2025-09-26 12:32:32,800 - device_data_handler - INFO - device_data_handler.py:149 - Device dv1 Zone 3: Robot is stationary
2025-09-26 12:32:33,181 - device_list - INFO - device_list.py:248 - Refreshing device data...
2025-09-26 12:32:33,183 - device_list - INFO - device_list.py:268 - Loaded 12 devices from CSV
2025-09-26 12:32:33,786 - device_data_handler - INFO - device_data_handler.py:73 - Device dv1 Zone 3: Robot is stationary
2025-09-26 12:32:33,799 - device_data_handler - INFO - device_data_handler.py:149 - Device dv1 Zone 3: Robot is stationary
2025-09-26 12:32:34,788 - device_data_handler - INFO - device_data_handler.py:73 - Device dv1 Zone 3: Robot is stationary
2025-09-26 12:32:34,801 - device_data_handler - INFO - device_data_handler.py:149 - Device dv1 Zone 3: Robot is stationary
2025-09-26 12:32:35,869 - device_data_handler - INFO - device_data_handler.py:73 - Device dv1 Zone 3: Robot is stationary
2025-09-26 12:32:35,914 - device_data_handler - INFO - device_data_handler.py:149 - Device dv1 Zone 3: Robot is stationary
2025-09-26 12:32:36,015 - device_location_syncer - ERROR - sync_device_locations.py:241 - Error processing device d11: could not convert string to float: ''
2025-09-26 12:32:36,017 - device_location_syncer - ERROR - sync_device_locations.py:241 - Error processing device pp111: could not convert string to float: ''
2025-09-26 12:32:36,018 - device_location_syncer - ERROR - sync_device_locations.py:241 - Error processing device ppp11: could not convert string to float: ''
2025-09-26 12:32:36,019 - device_location_syncer - ERROR - sync_device_locations.py:241 - Error processing device dev1: could not convert string to float: ''
2025-09-26 12:32:36,020 - device_location_syncer - ERROR - sync_device_locations.py:241 - Error processing device dv1: could not convert string to float: ''
2025-09-26 12:32:36,021 - device_location_syncer - ERROR - sync_device_locations.py:241 - Error processing device dv11: could not convert string to float: ''
2025-09-26 12:32:36,022 - device_location_syncer - INFO - sync_device_locations.py:250 - Sync completed. No location updates needed.
2025-09-26 12:32:36,278 - device_data_handler - INFO - device_data_handler.py:149 - Device dv1 Zone 3: Robot is stationary
2025-09-26 12:32:36,282 - device_data_handler - INFO - device_data_handler.py:73 - Device dv1 Zone 3: Robot is stationary
2025-09-26 12:32:36,291 - device_data_handler - INFO - device_data_handler.py:149 - Device dv1 Zone 3: Robot is stationary
2025-09-26 12:32:36,783 - device_data_handler - INFO - device_data_handler.py:73 - Device dv1 Zone 3: Robot is stationary
2025-09-26 12:32:36,793 - device_data_handler - INFO - device_data_handler.py:149 - Device dv1 Zone 3: Robot is stationary
2025-09-26 12:32:37,786 - device_data_handler - INFO - device_data_handler.py:73 - Device dv1 Zone 3: Robot is stationary
2025-09-26 12:32:37,797 - device_data_handler - INFO - device_data_handler.py:149 - Device dv1 Zone 3: Robot is stationary
2025-09-26 12:32:38,795 - device_data_handler - INFO - device_data_handler.py:73 - Device dv1 Zone 3: Robot is stationary
2025-09-26 12:32:38,804 - device_data_handler - INFO - device_data_handler.py:149 - Device dv1 Zone 3: Robot is stationary
2025-09-26 12:32:39,794 - device_data_handler - INFO - device_data_handler.py:73 - Device dv1 Zone 3: Robot is stationary
2025-09-26 12:32:39,805 - device_data_handler - INFO - device_data_handler.py:149 - Device dv1 Zone 3: Robot is stationary
2025-09-26 12:32:40,798 - device_data_handler - INFO - device_data_handler.py:73 - Device dv1 Zone 3: Robot is stationary
2025-09-26 12:32:40,811 - device_data_handler - INFO - device_data_handler.py:149 - Device dv1 Zone 3: Robot is stationary
2025-09-26 12:32:41,289 - device_data_handler - INFO - device_data_handler.py:149 - Device dv1 Zone 3: Robot is stationary
2025-09-26 12:32:41,297 - device_data_handler - INFO - device_data_handler.py:73 - Device dv1 Zone 3: Robot is stationary
2025-09-26 12:32:41,309 - device_data_handler - INFO - device_data_handler.py:149 - Device dv1 Zone 3: Robot is stationary
2025-09-26 12:32:41,797 - device_data_handler - INFO - device_data_handler.py:73 - Device dv1 Zone 3: Robot is stationary
2025-09-26 12:32:41,808 - device_data_handler - INFO - device_data_handler.py:149 - Device dv1 Zone 3: Robot is stationary
2025-09-26 12:32:42,815 - device_data_handler - INFO - device_data_handler.py:73 - Device dv1 Zone 3: Robot is stationary
2025-09-26 12:32:42,828 - device_data_handler - INFO - device_data_handler.py:149 - Device dv1 Zone 3: Robot is stationary
2025-09-26 12:32:43,818 - device_data_handler - INFO - device_data_handler.py:73 - Device dv1 Zone 3: Robot is stationary
2025-09-26 12:32:43,831 - device_data_handler - INFO - device_data_handler.py:149 - Device dv1 Zone 3: Robot is stationary
2025-09-26 12:32:44,798 - device_data_handler - INFO - device_data_handler.py:73 - Device dv1 Zone 3: Robot is stationary
2025-09-26 12:32:44,813 - device_data_handler - INFO - device_data_handler.py:149 - Device dv1 Zone 3: Robot is stationary
2025-09-26 12:32:45,797 - device_data_handler - INFO - device_data_handler.py:73 - Device dv1 Zone 3: Robot is stationary
2025-09-26 12:32:45,804 - device_data_handler - INFO - device_data_handler.py:149 - Device dv1 Zone 3: Robot is stationary
2025-09-26 12:32:46,265 - device_data_handler - INFO - device_data_handler.py:149 - Device dv1 Zone 3: Robot is stationary
2025-09-26 12:32:46,269 - device_data_handler - INFO - device_data_handler.py:73 - Device dv1 Zone 3: Robot is stationary
2025-09-26 12:32:46,280 - device_data_handler - INFO - device_data_handler.py:149 - Device dv1 Zone 3: Robot is stationary
2025-09-26 12:32:46,801 - device_data_handler - INFO - device_data_handler.py:73 - Device dv1 Zone 3: Robot is stationary
2025-09-26 12:32:46,815 - device_data_handler - INFO - device_data_handler.py:149 - Device dv1 Zone 3: Robot is stationary
2025-09-26 12:32:47,799 - device_data_handler - INFO - device_data_handler.py:73 - Device dv1 Zone 3: Robot is stationary
2025-09-26 12:32:47,812 - device_data_handler - INFO - device_data_handler.py:149 - Device dv1 Zone 3: Robot is stationary
2025-09-26 12:32:48,798 - device_data_handler - INFO - device_data_handler.py:73 - Device dv1 Zone 3: Robot is stationary
2025-09-26 12:32:48,809 - device_data_handler - INFO - device_data_handler.py:149 - Device dv1 Zone 3: Robot is stationary
2025-09-26 12:32:49,817 - device_data_handler - INFO - device_data_handler.py:73 - Device dv1 Zone 3: Robot is stationary
2025-09-26 12:32:49,829 - device_data_handler - INFO - device_data_handler.py:149 - Device dv1 Zone 3: Robot is stationary
2025-09-26 12:32:50,828 - device_data_handler - INFO - device_data_handler.py:73 - Device dv1 Zone 3: Robot is stationary
2025-09-26 12:32:50,842 - device_data_handler - INFO - device_data_handler.py:149 - Device dv1 Zone 3: Robot is stationary
2025-09-26 12:32:51,287 - device_data_handler - INFO - device_data_handler.py:149 - Device dv1 Zone 3: Robot is stationary
2025-09-26 12:32:51,294 - device_data_handler - INFO - device_data_handler.py:73 - Device dv1 Zone 3: Robot is stationary
2025-09-26 12:32:51,302 - device_data_handler - INFO - device_data_handler.py:149 - Device dv1 Zone 3: Robot is stationary
2025-09-26 12:32:51,803 - device_data_handler - INFO - device_data_handler.py:73 - Device dv1 Zone 3: Robot is stationary
2025-09-26 12:32:51,819 - device_data_handler - INFO - device_data_handler.py:149 - Device dv1 Zone 3: Robot is stationary
2025-09-26 12:32:52,794 - device_data_handler - INFO - device_data_handler.py:73 - Device dv1 Zone 3: Robot is stationary
2025-09-26 12:32:52,802 - device_data_handler - INFO - device_data_handler.py:149 - Device dv1 Zone 3: Robot is stationary
2025-09-26 12:32:53,794 - device_data_handler - INFO - device_data_handler.py:73 - Device dv1 Zone 3: Robot is stationary
2025-09-26 12:32:53,802 - device_data_handler - INFO - device_data_handler.py:149 - Device dv1 Zone 3: Robot is stationary
2025-09-26 12:32:54,795 - device_data_handler - INFO - device_data_handler.py:73 - Device dv1 Zone 3: Robot is stationary
2025-09-26 12:32:54,809 - device_data_handler - INFO - device_data_handler.py:149 - Device dv1 Zone 3: Robot is stationary
2025-09-26 12:32:55,809 - device_data_handler - INFO - device_data_handler.py:73 - Device dv1 Zone 3: Robot is stationary
2025-09-26 12:32:55,822 - device_data_handler - INFO - device_data_handler.py:149 - Device dv1 Zone 3: Robot is stationary
2025-09-26 12:32:56,279 - device_data_handler - INFO - device_data_handler.py:149 - Device dv1 Zone 3: Robot is stationary
2025-09-26 12:32:56,284 - device_data_handler - INFO - device_data_handler.py:73 - Device dv1 Zone 3: Robot is stationary
2025-09-26 12:32:56,299 - device_data_handler - INFO - device_data_handler.py:149 - Device dv1 Zone 3: Robot is stationary
2025-09-26 12:32:56,811 - device_data_handler - INFO - device_data_handler.py:73 - Device dv1 Zone 3: Robot is stationary
2025-09-26 12:32:56,825 - device_data_handler - INFO - device_data_handler.py:149 - Device dv1 Zone 3: Robot is stationary
2025-09-26 12:32:57,816 - device_data_handler - INFO - device_data_handler.py:73 - Device dv1 Zone 3: Robot is stationary
2025-09-26 12:32:57,828 - device_data_handler - INFO - device_data_handler.py:149 - Device dv1 Zone 3: Robot is stationary
2025-09-26 12:32:58,813 - device_data_handler - INFO - device_data_handler.py:73 - Device dv1 Zone 3: Robot is stationary
2025-09-26 12:32:58,826 - device_data_handler - INFO - device_data_handler.py:149 - Device dv1 Zone 3: Robot is stationary
2025-09-26 12:32:59,810 - device_data_handler - INFO - device_data_handler.py:73 - Device dv1 Zone 3: Robot is stationary
2025-09-26 12:32:59,823 - device_data_handler - INFO - device_data_handler.py:149 - Device dv1 Zone 3: Robot is stationary
2025-09-26 12:33:00,811 - device_data_handler - INFO - device_data_handler.py:73 - Device dv1 Zone 3: Robot is stationary
2025-09-26 12:33:00,823 - device_data_handler - INFO - device_data_handler.py:149 - Device dv1 Zone 3: Robot is stationary
2025-09-26 12:33:01,279 - device_data_handler - INFO - device_data_handler.py:149 - Device dv1 Zone 3: Robot is stationary
2025-09-26 12:33:01,283 - device_data_handler - INFO - device_data_handler.py:73 - Device dv1 Zone 3: Robot is stationary
2025-09-26 12:33:01,294 - device_data_handler - INFO - device_data_handler.py:149 - Device dv1 Zone 3: Robot is stationary
2025-09-26 12:33:01,813 - device_data_handler - INFO - device_data_handler.py:73 - Device dv1 Zone 3: Robot is stationary
2025-09-26 12:33:01,825 - device_data_handler - INFO - device_data_handler.py:149 - Device dv1 Zone 3: Robot is stationary
2025-09-26 12:33:02,828 - device_data_handler - INFO - device_data_handler.py:73 - Device dv1 Zone 3: Robot is stationary
2025-09-26 12:33:02,840 - device_data_handler - INFO - device_data_handler.py:149 - Device dv1 Zone 3: Robot is stationary
2025-09-26 12:33:03,185 - device_list - INFO - device_list.py:248 - Refreshing device data...
2025-09-26 12:33:03,190 - device_list - INFO - device_list.py:268 - Loaded 12 devices from CSV
2025-09-26 12:33:03,838 - device_data_handler - INFO - device_data_handler.py:73 - Device dv1 Zone 3: Robot is stationary
2025-09-26 12:33:03,854 - device_data_handler - INFO - device_data_handler.py:149 - Device dv1 Zone 3: Robot is stationary
2025-09-26 12:33:04,812 - device_data_handler - INFO - device_data_handler.py:73 - Device dv1 Zone 3: Robot is stationary
2025-09-26 12:33:04,827 - device_data_handler - INFO - device_data_handler.py:149 - Device dv1 Zone 3: Robot is stationary
2025-09-26 12:33:05,809 - device_data_handler - INFO - device_data_handler.py:73 - Device dv1 Zone 3: Robot is stationary
2025-09-26 12:33:05,822 - device_data_handler - INFO - device_data_handler.py:149 - Device dv1 Zone 3: Robot is stationary
2025-09-26 12:33:08,037 - api_client - WARNING - client.py:80 - Request attempt 1 failed: HTTPConnectionPool(host='127.0.0.1', port=8000): Max retries exceeded with url: /api/ (Caused by NewConnectionError('<urllib3.connection.HTTPConnection object at 0x0000027F65075D00>: Failed to establish a new connection: [WinError 10061] No connection could be made because the target machine actively refused it'))
2025-09-26 12:33:10,088 - api_client - WARNING - client.py:80 - Request attempt 2 failed: HTTPConnectionPool(host='127.0.0.1', port=8000): Max retries exceeded with url: /api/ (Caused by NewConnectionError('<urllib3.connection.HTTPConnection object at 0x0000027F650757B0>: Failed to establish a new connection: [WinError 10061] No connection could be made because the target machine actively refused it'))
2025-09-26 12:33:12,138 - api_client - WARNING - client.py:80 - Request attempt 3 failed: HTTPConnectionPool(host='127.0.0.1', port=8000): Max retries exceeded with url: /api/ (Caused by NewConnectionError('<urllib3.connection.HTTPConnection object at 0x0000027F650756A0>: Failed to establish a new connection: [WinError 10061] No connection could be made because the target machine actively refused it'))
2025-09-26 12:33:12,196 - device_location_syncer - ERROR - sync_device_locations.py:241 - Error processing device d11: could not convert string to float: ''
2025-09-26 12:33:12,197 - device_location_syncer - ERROR - sync_device_locations.py:241 - Error processing device pp111: could not convert string to float: ''
2025-09-26 12:33:12,202 - device_location_syncer - ERROR - sync_device_locations.py:241 - Error processing device ppp11: could not convert string to float: ''
2025-09-26 12:33:12,205 - device_location_syncer - ERROR - sync_device_locations.py:241 - Error processing device dev1: could not convert string to float: ''
2025-09-26 12:33:12,207 - device_location_syncer - ERROR - sync_device_locations.py:241 - Error processing device dv1: could not convert string to float: ''
2025-09-26 12:33:12,208 - device_location_syncer - ERROR - sync_device_locations.py:241 - Error processing device dv11: could not convert string to float: ''
2025-09-26 12:33:12,209 - device_location_syncer - INFO - sync_device_locations.py:250 - Sync completed. No location updates needed.
2025-09-26 12:33:12,238 - device_data_handler - INFO - device_data_handler.py:149 - Device dv1 Zone 3: Robot is stationary
2025-09-26 12:33:12,245 - device_data_handler - INFO - device_data_handler.py:73 - Device dv1 Zone 3: Robot is stationary
2025-09-26 12:33:12,257 - device_data_handler - INFO - device_data_handler.py:149 - Device dv1 Zone 3: Robot is stationary
2025-09-26 12:33:12,261 - device_data_handler - INFO - device_data_handler.py:73 - Device dv1 Zone 3: Robot is stationary
2025-09-26 12:33:12,272 - device_data_handler - INFO - device_data_handler.py:149 - Device dv1 Zone 3: Robot is stationary
2025-09-26 12:33:12,814 - device_data_handler - INFO - device_data_handler.py:73 - Device dv1 Zone 3: Robot is stationary
2025-09-26 12:33:12,826 - device_data_handler - INFO - device_data_handler.py:149 - Device dv1 Zone 3: Robot is stationary
2025-09-26 12:33:13,829 - device_data_handler - INFO - device_data_handler.py:73 - Device dv1 Zone 3: Robot is stationary
2025-09-26 12:33:13,841 - device_data_handler - INFO - device_data_handler.py:149 - Device dv1 Zone 3: Robot is stationary
2025-09-26 12:33:14,822 - device_data_handler - INFO - device_data_handler.py:73 - Device dv1 Zone 3: Robot is stationary
2025-09-26 12:33:14,832 - device_data_handler - INFO - device_data_handler.py:149 - Device dv1 Zone 3: Robot is stationary
2025-09-26 12:33:15,814 - device_data_handler - INFO - device_data_handler.py:73 - Device dv1 Zone 3: Robot is stationary
2025-09-26 12:33:15,825 - device_data_handler - INFO - device_data_handler.py:149 - Device dv1 Zone 3: Robot is stationary
2025-09-26 12:33:16,415 - device_data_handler - INFO - device_data_handler.py:149 - Device dv1 Zone 3: Robot is stationary
2025-09-26 12:33:16,420 - device_data_handler - INFO - device_data_handler.py:73 - Device dv1 Zone 3: Robot is stationary
2025-09-26 12:33:16,431 - device_data_handler - INFO - device_data_handler.py:149 - Device dv1 Zone 3: Robot is stationary
2025-09-26 12:33:16,809 - device_data_handler - INFO - device_data_handler.py:73 - Device dv1 Zone 3: Robot is stationary
2025-09-26 12:33:16,820 - device_data_handler - INFO - device_data_handler.py:149 - Device dv1 Zone 3: Robot is stationary
2025-09-26 12:33:17,819 - device_data_handler - INFO - device_data_handler.py:73 - Device dv1 Zone 3: Robot is stationary
2025-09-26 12:33:17,828 - device_data_handler - INFO - device_data_handler.py:149 - Device dv1 Zone 3: Robot is stationary
2025-09-26 12:33:18,825 - device_data_handler - INFO - device_data_handler.py:73 - Device dv1 Zone 3: Robot is stationary
2025-09-26 12:33:18,837 - device_data_handler - INFO - device_data_handler.py:149 - Device dv1 Zone 3: Robot is stationary
2025-09-26 12:33:19,824 - device_data_handler - INFO - device_data_handler.py:73 - Device dv1 Zone 3: Robot is stationary
2025-09-26 12:33:19,836 - device_data_handler - INFO - device_data_handler.py:149 - Device dv1 Zone 3: Robot is stationary
2025-09-26 12:33:20,811 - device_data_handler - INFO - device_data_handler.py:73 - Device dv1 Zone 3: Robot is stationary
2025-09-26 12:33:20,823 - device_data_handler - INFO - device_data_handler.py:149 - Device dv1 Zone 3: Robot is stationary
2025-09-26 12:33:21,274 - device_data_handler - INFO - device_data_handler.py:149 - Device dv1 Zone 3: Robot is stationary
2025-09-26 12:33:21,278 - device_data_handler - INFO - device_data_handler.py:73 - Device dv1 Zone 3: Robot is stationary
2025-09-26 12:33:21,289 - device_data_handler - INFO - device_data_handler.py:149 - Device dv1 Zone 3: Robot is stationary
2025-09-26 12:33:21,827 - device_data_handler - INFO - device_data_handler.py:73 - Device dv1 Zone 3: Robot is stationary
2025-09-26 12:33:21,840 - device_data_handler - INFO - device_data_handler.py:149 - Device dv1 Zone 3: Robot is stationary
2025-09-26 12:33:22,817 - device_data_handler - INFO - device_data_handler.py:73 - Device dv1 Zone 3: Robot is stationary
2025-09-26 12:33:22,824 - device_data_handler - INFO - device_data_handler.py:149 - Device dv1 Zone 3: Robot is stationary
2025-09-26 12:33:23,828 - device_data_handler - INFO - device_data_handler.py:73 - Device dv1 Zone 3: Robot is stationary
2025-09-26 12:33:23,842 - device_data_handler - INFO - device_data_handler.py:149 - Device dv1 Zone 3: Robot is stationary
2025-09-26 12:33:24,821 - device_data_handler - INFO - device_data_handler.py:73 - Device dv1 Zone 3: Robot is stationary
2025-09-26 12:33:24,832 - device_data_handler - INFO - device_data_handler.py:149 - Device dv1 Zone 3: Robot is stationary
2025-09-26 12:33:25,817 - device_data_handler - INFO - device_data_handler.py:73 - Device dv1 Zone 3: Robot is stationary
2025-09-26 12:33:25,825 - device_data_handler - INFO - device_data_handler.py:149 - Device dv1 Zone 3: Robot is stationary
2025-09-26 12:33:26,274 - device_data_handler - INFO - device_data_handler.py:149 - Device dv1 Zone 3: Robot is stationary
2025-09-26 12:33:26,279 - device_data_handler - INFO - device_data_handler.py:73 - Device dv1 Zone 3: Robot is stationary
2025-09-26 12:33:26,289 - device_data_handler - INFO - device_data_handler.py:149 - Device dv1 Zone 3: Robot is stationary
2025-09-26 12:33:26,820 - device_data_handler - INFO - device_data_handler.py:73 - Device dv1 Zone 3: Robot is stationary
2025-09-26 12:33:26,828 - device_data_handler - INFO - device_data_handler.py:149 - Device dv1 Zone 3: Robot is stationary
2025-09-26 12:33:27,821 - device_data_handler - INFO - device_data_handler.py:73 - Device dv1 Zone 3: Robot is stationary
2025-09-26 12:33:27,830 - device_data_handler - INFO - device_data_handler.py:149 - Device dv1 Zone 3: Robot is stationary
2025-09-26 12:33:28,823 - device_data_handler - INFO - device_data_handler.py:73 - Device dv1 Zone 3: Robot is stationary
2025-09-26 12:33:28,835 - device_data_handler - INFO - device_data_handler.py:149 - Device dv1 Zone 3: Robot is stationary
2025-09-26 12:33:29,817 - device_data_handler - INFO - device_data_handler.py:73 - Device dv1 Zone 3: Robot is stationary
2025-09-26 12:33:29,829 - device_data_handler - INFO - device_data_handler.py:149 - Device dv1 Zone 3: Robot is stationary
2025-09-26 12:33:30,822 - device_data_handler - INFO - device_data_handler.py:73 - Device dv1 Zone 3: Robot is stationary
2025-09-26 12:33:30,832 - device_data_handler - INFO - device_data_handler.py:149 - Device dv1 Zone 3: Robot is stationary
2025-09-26 12:33:31,273 - device_data_handler - INFO - device_data_handler.py:149 - Device dv1 Zone 3: Robot is stationary
2025-09-26 12:33:31,277 - device_data_handler - INFO - device_data_handler.py:73 - Device dv1 Zone 3: Robot is stationary
2025-09-26 12:33:31,287 - device_data_handler - INFO - device_data_handler.py:149 - Device dv1 Zone 3: Robot is stationary
2025-09-26 12:33:31,817 - device_data_handler - INFO - device_data_handler.py:73 - Device dv1 Zone 3: Robot is stationary
2025-09-26 12:33:31,825 - device_data_handler - INFO - device_data_handler.py:149 - Device dv1 Zone 3: Robot is stationary
2025-09-26 12:33:32,830 - device_data_handler - INFO - device_data_handler.py:73 - Device dv1 Zone 3: Robot is stationary
2025-09-26 12:33:32,838 - device_data_handler - INFO - device_data_handler.py:149 - Device dv1 Zone 3: Robot is stationary
2025-09-26 12:33:33,171 - device_list - INFO - device_list.py:248 - Refreshing device data...
2025-09-26 12:33:33,174 - device_list - INFO - device_list.py:268 - Loaded 12 devices from CSV
2025-09-26 12:33:33,828 - device_data_handler - INFO - device_data_handler.py:73 - Device dv1 Zone 3: Robot is stationary
2025-09-26 12:33:33,838 - device_data_handler - INFO - device_data_handler.py:149 - Device dv1 Zone 3: Robot is stationary
2025-09-26 12:33:34,821 - device_data_handler - INFO - device_data_handler.py:73 - Device dv1 Zone 3: Robot is stationary
2025-09-26 12:33:34,833 - device_data_handler - INFO - device_data_handler.py:149 - Device dv1 Zone 3: Robot is stationary
2025-09-26 12:33:35,819 - device_data_handler - INFO - device_data_handler.py:73 - Device dv1 Zone 3: Robot is stationary
2025-09-26 12:33:35,831 - device_data_handler - INFO - device_data_handler.py:149 - Device dv1 Zone 3: Robot is stationary
2025-09-26 12:33:36,017 - device_location_syncer - ERROR - sync_device_locations.py:241 - Error processing device d11: could not convert string to float: ''
2025-09-26 12:33:36,018 - device_location_syncer - ERROR - sync_device_locations.py:241 - Error processing device pp111: could not convert string to float: ''
2025-09-26 12:33:36,019 - device_location_syncer - ERROR - sync_device_locations.py:241 - Error processing device ppp11: could not convert string to float: ''
2025-09-26 12:33:36,021 - device_location_syncer - ERROR - sync_device_locations.py:241 - Error processing device dev1: could not convert string to float: ''
2025-09-26 12:33:36,022 - device_location_syncer - ERROR - sync_device_locations.py:241 - Error processing device dv1: could not convert string to float: ''
2025-09-26 12:33:36,024 - device_location_syncer - ERROR - sync_device_locations.py:241 - Error processing device dv11: could not convert string to float: ''
2025-09-26 12:33:36,024 - device_location_syncer - INFO - sync_device_locations.py:250 - Sync completed. No location updates needed.
2025-09-26 12:33:36,283 - device_data_handler - INFO - device_data_handler.py:149 - Device dv1 Zone 3: Robot is stationary
2025-09-26 12:33:36,287 - device_data_handler - INFO - device_data_handler.py:73 - Device dv1 Zone 3: Robot is stationary
2025-09-26 12:33:36,298 - device_data_handler - INFO - device_data_handler.py:149 - Device dv1 Zone 3: Robot is stationary
2025-09-26 12:33:36,820 - device_data_handler - INFO - device_data_handler.py:73 - Device dv1 Zone 3: Robot is stationary
2025-09-26 12:33:36,832 - device_data_handler - INFO - device_data_handler.py:149 - Device dv1 Zone 3: Robot is stationary
2025-09-26 12:33:37,817 - device_data_handler - INFO - device_data_handler.py:73 - Device dv1 Zone 3: Robot is stationary
2025-09-26 12:33:37,825 - device_data_handler - INFO - device_data_handler.py:149 - Device dv1 Zone 3: Robot is stationary
2025-09-26 12:33:38,833 - device_data_handler - INFO - device_data_handler.py:73 - Device dv1 Zone 3: Robot is stationary
2025-09-26 12:33:38,847 - device_data_handler - INFO - device_data_handler.py:149 - Device dv1 Zone 3: Robot is stationary
2025-09-26 12:33:39,816 - device_data_handler - INFO - device_data_handler.py:73 - Device dv1 Zone 3: Robot is stationary
2025-09-26 12:33:39,824 - device_data_handler - INFO - device_data_handler.py:149 - Device dv1 Zone 3: Robot is stationary
2025-09-26 12:33:40,820 - device_data_handler - INFO - device_data_handler.py:73 - Device dv1 Zone 3: Robot is stationary
2025-09-26 12:33:40,832 - device_data_handler - INFO - device_data_handler.py:149 - Device dv1 Zone 3: Robot is stationary
2025-09-26 12:33:41,297 - device_data_handler - INFO - device_data_handler.py:149 - Device dv1 Zone 3: Robot is stationary
2025-09-26 12:33:41,304 - device_data_handler - INFO - device_data_handler.py:73 - Device dv1 Zone 3: Robot is stationary
2025-09-26 12:33:41,317 - device_data_handler - INFO - device_data_handler.py:149 - Device dv1 Zone 3: Robot is stationary
2025-09-26 12:33:41,826 - device_data_handler - INFO - device_data_handler.py:73 - Device dv1 Zone 3: Robot is stationary
2025-09-26 12:33:41,836 - device_data_handler - INFO - device_data_handler.py:149 - Device dv1 Zone 3: Robot is stationary
2025-09-26 12:33:42,810 - device_data_handler - INFO - device_data_handler.py:73 - Device dv1 Zone 3: Robot is stationary
2025-09-26 12:33:42,848 - device_data_handler - INFO - device_data_handler.py:149 - Device dv1 Zone 3: Robot is stationary
2025-09-26 12:33:43,814 - device_data_handler - INFO - device_data_handler.py:73 - Device dv1 Zone 3: Robot is stationary
2025-09-26 12:33:43,822 - device_data_handler - INFO - device_data_handler.py:149 - Device dv1 Zone 3: Robot is stationary
2025-09-26 12:33:44,819 - device_data_handler - INFO - device_data_handler.py:73 - Device dv1 Zone 3: Robot is stationary
2025-09-26 12:33:44,832 - device_data_handler - INFO - device_data_handler.py:149 - Device dv1 Zone 3: Robot is stationary
2025-09-26 12:33:45,817 - device_data_handler - INFO - device_data_handler.py:73 - Device dv1 Zone 3: Robot is stationary
2025-09-26 12:33:45,830 - device_data_handler - INFO - device_data_handler.py:149 - Device dv1 Zone 3: Robot is stationary
2025-09-26 12:33:46,283 - device_data_handler - INFO - device_data_handler.py:149 - Device dv1 Zone 3: Robot is stationary
2025-09-26 12:33:46,287 - device_data_handler - INFO - device_data_handler.py:73 - Device dv1 Zone 3: Robot is stationary
2025-09-26 12:33:46,298 - device_data_handler - INFO - device_data_handler.py:149 - Device dv1 Zone 3: Robot is stationary
2025-09-26 12:33:46,816 - device_data_handler - INFO - device_data_handler.py:73 - Device dv1 Zone 3: Robot is stationary
2025-09-26 12:33:46,826 - device_data_handler - INFO - device_data_handler.py:149 - Device dv1 Zone 3: Robot is stationary
2025-09-26 12:33:47,818 - device_data_handler - INFO - device_data_handler.py:73 - Device dv1 Zone 3: Robot is stationary
2025-09-26 12:33:47,830 - device_data_handler - INFO - device_data_handler.py:149 - Device dv1 Zone 3: Robot is stationary
2025-09-26 12:33:48,815 - device_data_handler - INFO - device_data_handler.py:73 - Device dv1 Zone 3: Robot is stationary
2025-09-26 12:33:48,830 - device_data_handler - INFO - device_data_handler.py:149 - Device dv1 Zone 3: Robot is stationary
2025-09-26 12:33:49,817 - device_data_handler - INFO - device_data_handler.py:73 - Device dv1 Zone 3: Robot is stationary
2025-09-26 12:33:49,833 - device_data_handler - INFO - device_data_handler.py:149 - Device dv1 Zone 3: Robot is stationary
2025-09-26 12:33:50,813 - device_data_handler - INFO - device_data_handler.py:73 - Device dv1 Zone 3: Robot is stationary
2025-09-26 12:33:50,820 - device_data_handler - INFO - device_data_handler.py:149 - Device dv1 Zone 3: Robot is stationary
2025-09-26 12:33:51,294 - device_data_handler - INFO - device_data_handler.py:149 - Device dv1 Zone 3: Robot is stationary
2025-09-26 12:33:51,298 - device_data_handler - INFO - device_data_handler.py:73 - Device dv1 Zone 3: Robot is stationary
2025-09-26 12:33:51,306 - device_data_handler - INFO - device_data_handler.py:149 - Device dv1 Zone 3: Robot is stationary
2025-09-26 12:33:51,819 - device_data_handler - INFO - device_data_handler.py:73 - Device dv1 Zone 3: Robot is stationary
2025-09-26 12:33:51,830 - device_data_handler - INFO - device_data_handler.py:149 - Device dv1 Zone 3: Robot is stationary
2025-09-26 12:33:52,825 - device_data_handler - INFO - device_data_handler.py:73 - Device dv1 Zone 3: Robot is stationary
2025-09-26 12:33:52,836 - device_data_handler - INFO - device_data_handler.py:149 - Device dv1 Zone 3: Robot is stationary
2025-09-26 12:33:53,818 - device_data_handler - INFO - device_data_handler.py:73 - Device dv1 Zone 3: Robot is stationary
2025-09-26 12:33:53,832 - device_data_handler - INFO - device_data_handler.py:149 - Device dv1 Zone 3: Robot is stationary
2025-09-26 12:33:54,819 - device_data_handler - INFO - device_data_handler.py:73 - Device dv1 Zone 3: Robot is stationary
2025-09-26 12:33:54,831 - device_data_handler - INFO - device_data_handler.py:149 - Device dv1 Zone 3: Robot is stationary
2025-09-26 12:33:55,822 - device_data_handler - INFO - device_data_handler.py:73 - Device dv1 Zone 3: Robot is stationary
2025-09-26 12:33:55,832 - device_data_handler - INFO - device_data_handler.py:149 - Device dv1 Zone 3: Robot is stationary
2025-09-26 12:33:56,314 - device_data_handler - INFO - device_data_handler.py:149 - Device dv1 Zone 3: Robot is stationary
2025-09-26 12:33:56,319 - device_data_handler - INFO - device_data_handler.py:73 - Device dv1 Zone 3: Robot is stationary
2025-09-26 12:33:56,331 - device_data_handler - INFO - device_data_handler.py:149 - Device dv1 Zone 3: Robot is stationary
2025-09-26 12:33:56,832 - device_data_handler - INFO - device_data_handler.py:73 - Device dv1 Zone 3: Robot is stationary
2025-09-26 12:33:56,844 - device_data_handler - INFO - device_data_handler.py:149 - Device dv1 Zone 3: Robot is stationary
2025-09-26 12:33:57,814 - device_data_handler - INFO - device_data_handler.py:73 - Device dv1 Zone 3: Robot is stationary
2025-09-26 12:33:57,825 - device_data_handler - INFO - device_data_handler.py:149 - Device dv1 Zone 3: Robot is stationary
2025-09-26 12:33:58,814 - device_data_handler - INFO - device_data_handler.py:73 - Device dv1 Zone 3: Robot is stationary
2025-09-26 12:33:58,825 - device_data_handler - INFO - device_data_handler.py:149 - Device dv1 Zone 3: Robot is stationary
2025-09-26 12:33:59,813 - device_data_handler - INFO - device_data_handler.py:73 - Device dv1 Zone 3: Robot is stationary
2025-09-26 12:33:59,824 - device_data_handler - INFO - device_data_handler.py:149 - Device dv1 Zone 3: Robot is stationary
2025-09-26 12:34:00,827 - device_data_handler - INFO - device_data_handler.py:73 - Device dv1 Zone 3: Robot is stationary
2025-09-26 12:34:00,834 - device_data_handler - INFO - device_data_handler.py:149 - Device dv1 Zone 3: Robot is stationary
2025-09-26 12:34:01,382 - device_data_handler - INFO - device_data_handler.py:149 - Device dv1 Zone 3: Robot is stationary
2025-09-26 12:34:01,386 - device_data_handler - INFO - device_data_handler.py:73 - Device dv1 Zone 3: Robot is stationary
2025-09-26 12:34:01,399 - device_data_handler - INFO - device_data_handler.py:149 - Device dv1 Zone 3: Robot is stationary
2025-09-26 12:34:01,810 - device_data_handler - INFO - device_data_handler.py:73 - Device dv1 Zone 3: Robot is stationary
2025-09-26 12:34:01,818 - device_data_handler - INFO - device_data_handler.py:149 - Device dv1 Zone 3: Robot is stationary
2025-09-26 12:34:02,809 - device_data_handler - INFO - device_data_handler.py:73 - Device dv1 Zone 3: Robot is stationary
2025-09-26 12:34:02,816 - device_data_handler - INFO - device_data_handler.py:149 - Device dv1 Zone 3: Robot is stationary
2025-09-26 12:34:03,179 - device_list - INFO - device_list.py:248 - Refreshing device data...
2025-09-26 12:34:03,181 - device_list - INFO - device_list.py:268 - Loaded 12 devices from CSV
2025-09-26 12:34:03,816 - device_data_handler - INFO - device_data_handler.py:73 - Device dv1 Zone 3: Robot is stationary
2025-09-26 12:34:03,827 - device_data_handler - INFO - device_data_handler.py:149 - Device dv1 Zone 3: Robot is stationary
2025-09-26 12:34:04,812 - device_data_handler - INFO - device_data_handler.py:73 - Device dv1 Zone 3: Robot is stationary
2025-09-26 12:34:04,822 - device_data_handler - INFO - device_data_handler.py:149 - Device dv1 Zone 3: Robot is stationary
2025-09-26 12:34:05,809 - device_data_handler - INFO - device_data_handler.py:73 - Device dv1 Zone 3: Robot is stationary
2025-09-26 12:34:05,817 - device_data_handler - INFO - device_data_handler.py:149 - Device dv1 Zone 3: Robot is stationary
2025-09-26 12:34:08,057 - api_client - WARNING - client.py:80 - Request attempt 1 failed: HTTPConnectionPool(host='127.0.0.1', port=8000): Max retries exceeded with url: /api/ (Caused by NewConnectionError('<urllib3.connection.HTTPConnection object at 0x0000027F650756A0>: Failed to establish a new connection: [WinError 10061] No connection could be made because the target machine actively refused it'))
2025-09-26 12:34:10,087 - api_client - WARNING - client.py:80 - Request attempt 2 failed: HTTPConnectionPool(host='127.0.0.1', port=8000): Max retries exceeded with url: /api/ (Caused by NewConnectionError('<urllib3.connection.HTTPConnection object at 0x0000027F650757B0>: Failed to establish a new connection: [WinError 10061] No connection could be made because the target machine actively refused it'))
2025-09-26 12:34:12,122 - api_client - WARNING - client.py:80 - Request attempt 3 failed: HTTPConnectionPool(host='127.0.0.1', port=8000): Max retries exceeded with url: /api/ (Caused by NewConnectionError('<urllib3.connection.HTTPConnection object at 0x0000027F65075D00>: Failed to establish a new connection: [WinError 10061] No connection could be made because the target machine actively refused it'))
2025-09-26 12:34:12,150 - device_location_syncer - ERROR - sync_device_locations.py:241 - Error processing device d11: could not convert string to float: ''
2025-09-26 12:34:12,153 - device_location_syncer - ERROR - sync_device_locations.py:241 - Error processing device pp111: could not convert string to float: ''
2025-09-26 12:34:12,156 - device_location_syncer - ERROR - sync_device_locations.py:241 - Error processing device ppp11: could not convert string to float: ''
2025-09-26 12:34:12,158 - device_location_syncer - ERROR - sync_device_locations.py:241 - Error processing device dev1: could not convert string to float: ''
2025-09-26 12:34:12,161 - device_location_syncer - ERROR - sync_device_locations.py:241 - Error processing device dv1: could not convert string to float: ''
2025-09-26 12:34:12,163 - device_location_syncer - ERROR - sync_device_locations.py:241 - Error processing device dv11: could not convert string to float: ''
2025-09-26 12:34:12,165 - device_location_syncer - INFO - sync_device_locations.py:250 - Sync completed. No location updates needed.
2025-09-26 12:34:12,197 - device_data_handler - INFO - device_data_handler.py:149 - Device dv1 Zone 3: Robot is stationary
2025-09-26 12:34:12,203 - device_data_handler - INFO - device_data_handler.py:73 - Device dv1 Zone 3: Robot is stationary
2025-09-26 12:34:12,213 - device_data_handler - INFO - device_data_handler.py:149 - Device dv1 Zone 3: Robot is stationary
2025-09-26 12:34:12,217 - device_data_handler - INFO - device_data_handler.py:73 - Device dv1 Zone 3: Robot is stationary
2025-09-26 12:34:12,229 - device_data_handler - INFO - device_data_handler.py:149 - Device dv1 Zone 3: Robot is stationary
2025-09-26 12:34:12,822 - device_data_handler - INFO - device_data_handler.py:73 - Device dv1 Zone 3: Robot is stationary
2025-09-26 12:34:12,830 - device_data_handler - INFO - device_data_handler.py:149 - Device dv1 Zone 3: Robot is stationary
2025-09-26 12:34:13,815 - device_data_handler - INFO - device_data_handler.py:73 - Device dv1 Zone 3: Robot is stationary
2025-09-26 12:34:13,826 - device_data_handler - INFO - device_data_handler.py:149 - Device dv1 Zone 3: Robot is stationary
2025-09-26 12:34:14,903 - device_data_handler - INFO - device_data_handler.py:73 - Device dv1 Zone 3: Robot is stationary
2025-09-26 12:34:14,944 - device_data_handler - INFO - device_data_handler.py:149 - Device dv1 Zone 3: Robot is stationary
2025-09-26 12:34:15,823 - device_data_handler - INFO - device_data_handler.py:73 - Device dv1 Zone 3: Robot is stationary
2025-09-26 12:34:15,831 - device_data_handler - INFO - device_data_handler.py:149 - Device dv1 Zone 3: Robot is stationary
2025-09-26 12:34:16,290 - device_data_handler - INFO - device_data_handler.py:149 - Device dv1 Zone 3: Robot is stationary
2025-09-26 12:34:16,297 - device_data_handler - INFO - device_data_handler.py:73 - Device dv1 Zone 3: Robot is stationary
2025-09-26 12:34:16,308 - device_data_handler - INFO - device_data_handler.py:149 - Device dv1 Zone 3: Robot is stationary
2025-09-26 12:34:16,823 - device_data_handler - INFO - device_data_handler.py:73 - Device dv1 Zone 3: Robot is stationary
2025-09-26 12:34:16,831 - device_data_handler - INFO - device_data_handler.py:149 - Device dv1 Zone 3: Robot is stationary
2025-09-26 12:34:17,809 - device_data_handler - INFO - device_data_handler.py:73 - Device dv1 Zone 3: Robot is stationary
2025-09-26 12:34:17,818 - device_data_handler - INFO - device_data_handler.py:149 - Device dv1 Zone 3: Robot is stationary
2025-09-26 12:34:18,812 - device_data_handler - INFO - device_data_handler.py:73 - Device dv1 Zone 3: Robot is stationary
2025-09-26 12:34:18,824 - device_data_handler - INFO - device_data_handler.py:149 - Device dv1 Zone 3: Robot is stationary
2025-09-26 12:34:19,826 - device_data_handler - INFO - device_data_handler.py:73 - Device dv1 Zone 3: Robot is stationary
2025-09-26 12:34:19,837 - device_data_handler - INFO - device_data_handler.py:149 - Device dv1 Zone 3: Robot is stationary
2025-09-26 12:34:20,812 - device_data_handler - INFO - device_data_handler.py:73 - Device dv1 Zone 3: Robot is stationary
2025-09-26 12:34:20,824 - device_data_handler - INFO - device_data_handler.py:149 - Device dv1 Zone 3: Robot is stationary
2025-09-26 12:34:21,323 - device_data_handler - INFO - device_data_handler.py:149 - Device dv1 Zone 3: Robot is stationary
2025-09-26 12:34:21,327 - device_data_handler - INFO - device_data_handler.py:73 - Device dv1 Zone 3: Robot is stationary
2025-09-26 12:34:21,338 - device_data_handler - INFO - device_data_handler.py:149 - Device dv1 Zone 3: Robot is stationary
2025-09-26 12:34:21,823 - device_data_handler - INFO - device_data_handler.py:73 - Device dv1 Zone 3: Robot is stationary
2025-09-26 12:34:21,830 - device_data_handler - INFO - device_data_handler.py:149 - Device dv1 Zone 3: Robot is stationary
2025-09-26 12:34:22,811 - device_data_handler - INFO - device_data_handler.py:73 - Device dv1 Zone 3: Robot is stationary
2025-09-26 12:34:22,822 - device_data_handler - INFO - device_data_handler.py:149 - Device dv1 Zone 3: Robot is stationary
2025-09-26 12:34:23,824 - device_data_handler - INFO - device_data_handler.py:73 - Device dv1 Zone 3: Robot is stationary
2025-09-26 12:34:23,839 - device_data_handler - INFO - device_data_handler.py:149 - Device dv1 Zone 3: Robot is stationary
2025-09-26 12:34:24,814 - device_data_handler - INFO - device_data_handler.py:73 - Device dv1 Zone 3: Robot is stationary
2025-09-26 12:34:24,828 - device_data_handler - INFO - device_data_handler.py:149 - Device dv1 Zone 3: Robot is stationary
2025-09-26 12:34:25,825 - device_data_handler - INFO - device_data_handler.py:73 - Device dv1 Zone 3: Robot is stationary
2025-09-26 12:34:25,838 - device_data_handler - INFO - device_data_handler.py:149 - Device dv1 Zone 3: Robot is stationary
2025-09-26 12:34:26,291 - device_data_handler - INFO - device_data_handler.py:149 - Device dv1 Zone 3: Robot is stationary
2025-09-26 12:34:26,295 - device_data_handler - INFO - device_data_handler.py:73 - Device dv1 Zone 3: Robot is stationary
2025-09-26 12:34:26,307 - device_data_handler - INFO - device_data_handler.py:149 - Device dv1 Zone 3: Robot is stationary
2025-09-26 12:34:26,821 - device_data_handler - INFO - device_data_handler.py:73 - Device dv1 Zone 3: Robot is stationary
2025-09-26 12:34:26,829 - device_data_handler - INFO - device_data_handler.py:149 - Device dv1 Zone 3: Robot is stationary
2025-09-26 12:34:27,828 - device_data_handler - INFO - device_data_handler.py:73 - Device dv1 Zone 3: Robot is stationary
2025-09-26 12:34:27,840 - device_data_handler - INFO - device_data_handler.py:149 - Device dv1 Zone 3: Robot is stationary
2025-09-26 12:34:28,810 - device_data_handler - INFO - device_data_handler.py:73 - Device dv1 Zone 3: Robot is stationary
2025-09-26 12:34:28,821 - device_data_handler - INFO - device_data_handler.py:149 - Device dv1 Zone 3: Robot is stationary
2025-09-26 12:34:29,826 - device_data_handler - INFO - device_data_handler.py:73 - Device dv1 Zone 3: Robot is stationary
2025-09-26 12:34:29,838 - device_data_handler - INFO - device_data_handler.py:149 - Device dv1 Zone 3: Robot is stationary
2025-09-26 12:34:30,819 - device_data_handler - INFO - device_data_handler.py:73 - Device dv1 Zone 3: Robot is stationary
2025-09-26 12:34:30,827 - device_data_handler - INFO - device_data_handler.py:149 - Device dv1 Zone 3: Robot is stationary
2025-09-26 12:34:31,290 - device_data_handler - INFO - device_data_handler.py:149 - Device dv1 Zone 3: Robot is stationary
2025-09-26 12:34:31,293 - device_data_handler - INFO - device_data_handler.py:73 - Device dv1 Zone 3: Robot is stationary
2025-09-26 12:34:31,304 - device_data_handler - INFO - device_data_handler.py:149 - Device dv1 Zone 3: Robot is stationary
2025-09-26 12:34:31,824 - device_data_handler - INFO - device_data_handler.py:73 - Device dv1 Zone 3: Robot is stationary
2025-09-26 12:34:31,835 - device_data_handler - INFO - device_data_handler.py:149 - Device dv1 Zone 3: Robot is stationary
2025-09-26 12:34:32,821 - device_data_handler - INFO - device_data_handler.py:73 - Device dv1 Zone 3: Robot is stationary
2025-09-26 12:34:32,829 - device_data_handler - INFO - device_data_handler.py:149 - Device dv1 Zone 3: Robot is stationary
2025-09-26 12:34:33,171 - device_list - INFO - device_list.py:248 - Refreshing device data...
2025-09-26 12:34:33,174 - device_list - INFO - device_list.py:268 - Loaded 12 devices from CSV
2025-09-26 12:34:33,820 - device_data_handler - INFO - device_data_handler.py:73 - Device dv1 Zone 3: Robot is stationary
2025-09-26 12:34:33,828 - device_data_handler - INFO - device_data_handler.py:149 - Device dv1 Zone 3: Robot is stationary
2025-09-26 12:34:34,826 - device_data_handler - INFO - device_data_handler.py:73 - Device dv1 Zone 3: Robot is stationary
2025-09-26 12:34:34,838 - device_data_handler - INFO - device_data_handler.py:149 - Device dv1 Zone 3: Robot is stationary
2025-09-26 12:34:35,819 - device_data_handler - INFO - device_data_handler.py:73 - Device dv1 Zone 3: Robot is stationary
2025-09-26 12:34:35,826 - device_data_handler - INFO - device_data_handler.py:149 - Device dv1 Zone 3: Robot is stationary
2025-09-26 12:34:36,010 - device_location_syncer - ERROR - sync_device_locations.py:241 - Error processing device d11: could not convert string to float: ''
2025-09-26 12:34:36,012 - device_location_syncer - ERROR - sync_device_locations.py:241 - Error processing device pp111: could not convert string to float: ''
2025-09-26 12:34:36,015 - device_location_syncer - ERROR - sync_device_locations.py:241 - Error processing device ppp11: could not convert string to float: ''
2025-09-26 12:34:36,018 - device_location_syncer - ERROR - sync_device_locations.py:241 - Error processing device dev1: could not convert string to float: ''
2025-09-26 12:34:36,020 - device_location_syncer - ERROR - sync_device_locations.py:241 - Error processing device dv1: could not convert string to float: ''
2025-09-26 12:34:36,021 - device_location_syncer - ERROR - sync_device_locations.py:241 - Error processing device dv11: could not convert string to float: ''
2025-09-26 12:34:36,021 - device_location_syncer - INFO - sync_device_locations.py:250 - Sync completed. No location updates needed.
2025-09-26 12:34:36,298 - device_data_handler - INFO - device_data_handler.py:149 - Device dv1 Zone 3: Robot is stationary
2025-09-26 12:34:36,303 - device_data_handler - INFO - device_data_handler.py:73 - Device dv1 Zone 3: Robot is stationary
2025-09-26 12:34:36,311 - device_data_handler - INFO - device_data_handler.py:149 - Device dv1 Zone 3: Robot is stationary
2025-09-26 12:34:36,817 - device_data_handler - INFO - device_data_handler.py:73 - Device dv1 Zone 3: Robot is stationary
2025-09-26 12:34:36,825 - device_data_handler - INFO - device_data_handler.py:149 - Device dv1 Zone 3: Robot is stationary
2025-09-26 12:34:37,820 - device_data_handler - INFO - device_data_handler.py:73 - Device dv1 Zone 3: Robot is stationary
2025-09-26 12:34:37,829 - device_data_handler - INFO - device_data_handler.py:149 - Device dv1 Zone 3: Robot is stationary
2025-09-26 12:34:38,820 - device_data_handler - INFO - device_data_handler.py:73 - Device dv1 Zone 3: Robot is stationary
2025-09-26 12:34:38,827 - device_data_handler - INFO - device_data_handler.py:149 - Device dv1 Zone 3: Robot is stationary
2025-09-26 12:34:39,823 - device_data_handler - INFO - device_data_handler.py:73 - Device dv1 Zone 3: Robot is stationary
2025-09-26 12:34:39,835 - device_data_handler - INFO - device_data_handler.py:149 - Device dv1 Zone 3: Robot is stationary
2025-09-26 12:34:40,810 - device_data_handler - INFO - device_data_handler.py:73 - Device dv1 Zone 3: Robot is stationary
2025-09-26 12:34:40,823 - device_data_handler - INFO - device_data_handler.py:149 - Device dv1 Zone 3: Robot is stationary
2025-09-26 12:34:41,290 - device_data_handler - INFO - device_data_handler.py:149 - Device dv1 Zone 3: Robot is stationary
2025-09-26 12:34:41,298 - device_data_handler - INFO - device_data_handler.py:73 - Device dv1 Zone 3: Robot is stationary
2025-09-26 12:34:41,305 - device_data_handler - INFO - device_data_handler.py:149 - Device dv1 Zone 3: Robot is stationary
2025-09-26 12:34:41,830 - device_data_handler - INFO - device_data_handler.py:73 - Device dv1 Zone 3: Robot is stationary
2025-09-26 12:34:41,839 - device_data_handler - INFO - device_data_handler.py:149 - Device dv1 Zone 3: Robot is stationary
2025-09-26 12:34:42,820 - device_data_handler - INFO - device_data_handler.py:73 - Device dv1 Zone 3: Robot is stationary
2025-09-26 12:34:42,842 - device_data_handler - INFO - device_data_handler.py:149 - Device dv1 Zone 3: Robot is stationary
2025-09-26 12:34:43,840 - device_data_handler - INFO - device_data_handler.py:73 - Device dv1 Zone 3: Robot is stationary
2025-09-26 12:34:43,854 - device_data_handler - INFO - device_data_handler.py:149 - Device dv1 Zone 3: Robot is stationary
2025-09-26 12:34:44,811 - device_data_handler - INFO - device_data_handler.py:73 - Device dv1 Zone 3: Robot is stationary
2025-09-26 12:34:44,823 - device_data_handler - INFO - device_data_handler.py:149 - Device dv1 Zone 3: Robot is stationary
2025-09-26 12:34:45,825 - device_data_handler - INFO - device_data_handler.py:73 - Device dv1 Zone 3: Robot is stationary
2025-09-26 12:34:45,837 - device_data_handler - INFO - device_data_handler.py:149 - Device dv1 Zone 3: Robot is stationary
2025-09-26 12:34:46,287 - device_data_handler - INFO - device_data_handler.py:149 - Device dv1 Zone 3: Robot is stationary
2025-09-26 12:34:46,292 - device_data_handler - INFO - device_data_handler.py:73 - Device dv1 Zone 3: Robot is stationary
2025-09-26 12:34:46,302 - device_data_handler - INFO - device_data_handler.py:149 - Device dv1 Zone 3: Robot is stationary
2025-09-26 12:34:46,813 - device_data_handler - INFO - device_data_handler.py:73 - Device dv1 Zone 3: Robot is stationary
2025-09-26 12:34:46,825 - device_data_handler - INFO - device_data_handler.py:149 - Device dv1 Zone 3: Robot is stationary
2025-09-26 12:34:47,816 - device_data_handler - INFO - device_data_handler.py:73 - Device dv1 Zone 3: Robot is stationary
2025-09-26 12:34:47,825 - device_data_handler - INFO - device_data_handler.py:149 - Device dv1 Zone 3: Robot is stationary
2025-09-26 12:34:48,812 - device_data_handler - INFO - device_data_handler.py:73 - Device dv1 Zone 3: Robot is stationary
2025-09-26 12:34:48,822 - device_data_handler - INFO - device_data_handler.py:149 - Device dv1 Zone 3: Robot is stationary
2025-09-26 12:34:49,816 - device_data_handler - INFO - device_data_handler.py:73 - Device dv1 Zone 3: Robot is stationary
2025-09-26 12:34:49,832 - device_data_handler - INFO - device_data_handler.py:149 - Device dv1 Zone 3: Robot is stationary
2025-09-26 12:34:50,816 - device_data_handler - INFO - device_data_handler.py:73 - Device dv1 Zone 3: Robot is stationary
2025-09-26 12:34:50,827 - device_data_handler - INFO - device_data_handler.py:149 - Device dv1 Zone 3: Robot is stationary
2025-09-26 12:34:51,284 - device_data_handler - INFO - device_data_handler.py:149 - Device dv1 Zone 3: Robot is stationary
2025-09-26 12:34:51,288 - device_data_handler - INFO - device_data_handler.py:73 - Device dv1 Zone 3: Robot is stationary
2025-09-26 12:34:51,300 - device_data_handler - INFO - device_data_handler.py:149 - Device dv1 Zone 3: Robot is stationary
2025-09-26 12:34:51,823 - device_data_handler - INFO - device_data_handler.py:73 - Device dv1 Zone 3: Robot is stationary
2025-09-26 12:34:51,835 - device_data_handler - INFO - device_data_handler.py:149 - Device dv1 Zone 3: Robot is stationary
2025-09-26 12:34:52,822 - device_data_handler - INFO - device_data_handler.py:73 - Device dv1 Zone 3: Robot is stationary
2025-09-26 12:34:52,837 - device_data_handler - INFO - device_data_handler.py:149 - Device dv1 Zone 3: Robot is stationary
2025-09-26 12:34:53,819 - device_data_handler - INFO - device_data_handler.py:73 - Device dv1 Zone 3: Robot is stationary
2025-09-26 12:34:53,831 - device_data_handler - INFO - device_data_handler.py:149 - Device dv1 Zone 3: Robot is stationary
2025-09-26 12:34:54,828 - device_data_handler - INFO - device_data_handler.py:73 - Device dv1 Zone 3: Robot is stationary
2025-09-26 12:34:54,836 - device_data_handler - INFO - device_data_handler.py:149 - Device dv1 Zone 3: Robot is stationary
2025-09-26 12:34:55,835 - device_data_handler - INFO - device_data_handler.py:73 - Device dv1 Zone 3: Robot is stationary
2025-09-26 12:34:55,845 - device_data_handler - INFO - device_data_handler.py:149 - Device dv1 Zone 3: Robot is stationary
2025-09-26 12:34:56,291 - device_data_handler - INFO - device_data_handler.py:149 - Device dv1 Zone 3: Robot is stationary
2025-09-26 12:34:56,298 - device_data_handler - INFO - device_data_handler.py:73 - Device dv1 Zone 3: Robot is stationary
2025-09-26 12:34:56,305 - device_data_handler - INFO - device_data_handler.py:149 - Device dv1 Zone 3: Robot is stationary
2025-09-26 12:34:56,847 - device_data_handler - INFO - device_data_handler.py:73 - Device dv1 Zone 3: Robot is stationary
2025-09-26 12:34:56,854 - device_data_handler - INFO - device_data_handler.py:149 - Device dv1 Zone 3: Robot is stationary
2025-09-26 12:34:57,969 - device_data_handler - INFO - device_data_handler.py:73 - Device dv1 Zone 3: Robot is stationary
2025-09-26 12:34:58,017 - device_data_handler - INFO - device_data_handler.py:149 - Device dv1 Zone 3: Robot is stationary
2025-09-26 12:34:58,826 - device_data_handler - INFO - device_data_handler.py:73 - Device dv1 Zone 3: Robot is stationary
2025-09-26 12:34:58,838 - device_data_handler - INFO - device_data_handler.py:149 - Device dv1 Zone 3: Robot is stationary
2025-09-26 12:34:59,827 - device_data_handler - INFO - device_data_handler.py:73 - Device dv1 Zone 3: Robot is stationary
2025-09-26 12:34:59,835 - device_data_handler - INFO - device_data_handler.py:149 - Device dv1 Zone 3: Robot is stationary
2025-09-26 12:35:00,831 - device_data_handler - INFO - device_data_handler.py:73 - Device dv1 Zone 3: Robot is stationary
2025-09-26 12:35:00,839 - device_data_handler - INFO - device_data_handler.py:149 - Device dv1 Zone 3: Robot is stationary
2025-09-26 12:35:01,301 - device_data_handler - INFO - device_data_handler.py:149 - Device dv1 Zone 3: Robot is stationary
2025-09-26 12:35:01,305 - device_data_handler - INFO - device_data_handler.py:73 - Device dv1 Zone 3: Robot is stationary
2025-09-26 12:35:01,315 - device_data_handler - INFO - device_data_handler.py:149 - Device dv1 Zone 3: Robot is stationary
2025-09-26 12:35:01,828 - device_data_handler - INFO - device_data_handler.py:73 - Device dv1 Zone 3: Robot is stationary
2025-09-26 12:35:01,836 - device_data_handler - INFO - device_data_handler.py:149 - Device dv1 Zone 3: Robot is stationary
2025-09-26 12:35:02,835 - device_data_handler - INFO - device_data_handler.py:73 - Device dv1 Zone 3: Robot is stationary
2025-09-26 12:35:02,847 - device_data_handler - INFO - device_data_handler.py:149 - Device dv1 Zone 3: Robot is stationary
2025-09-26 12:35:03,188 - device_list - INFO - device_list.py:248 - Refreshing device data...
2025-09-26 12:35:03,194 - device_list - INFO - device_list.py:268 - Loaded 12 devices from CSV
2025-09-26 12:35:03,832 - device_data_handler - INFO - device_data_handler.py:73 - Device dv1 Zone 3: Robot is stationary
2025-09-26 12:35:03,841 - device_data_handler - INFO - device_data_handler.py:149 - Device dv1 Zone 3: Robot is stationary
2025-09-26 12:35:04,830 - device_data_handler - INFO - device_data_handler.py:73 - Device dv1 Zone 3: Robot is stationary
2025-09-26 12:35:04,840 - device_data_handler - INFO - device_data_handler.py:149 - Device dv1 Zone 3: Robot is stationary
2025-09-26 12:35:05,835 - device_data_handler - INFO - device_data_handler.py:73 - Device dv1 Zone 3: Robot is stationary
2025-09-26 12:35:05,847 - device_data_handler - INFO - device_data_handler.py:149 - Device dv1 Zone 3: Robot is stationary
2025-09-26 12:35:08,056 - api_client - WARNING - client.py:80 - Request attempt 1 failed: HTTPConnectionPool(host='127.0.0.1', port=8000): Max retries exceeded with url: /api/ (Caused by NewConnectionError('<urllib3.connection.HTTPConnection object at 0x0000027F65075D00>: Failed to establish a new connection: [WinError 10061] No connection could be made because the target machine actively refused it'))
2025-09-26 12:35:10,106 - api_client - WARNING - client.py:80 - Request attempt 2 failed: HTTPConnectionPool(host='127.0.0.1', port=8000): Max retries exceeded with url: /api/ (Caused by NewConnectionError('<urllib3.connection.HTTPConnection object at 0x0000027F650757B0>: Failed to establish a new connection: [WinError 10061] No connection could be made because the target machine actively refused it'))
2025-09-26 12:35:12,171 - api_client - WARNING - client.py:80 - Request attempt 3 failed: HTTPConnectionPool(host='127.0.0.1', port=8000): Max retries exceeded with url: /api/ (Caused by NewConnectionError('<urllib3.connection.HTTPConnection object at 0x0000027F650756A0>: Failed to establish a new connection: [WinError 10061] No connection could be made because the target machine actively refused it'))
2025-09-26 12:35:12,197 - device_location_syncer - ERROR - sync_device_locations.py:241 - Error processing device d11: could not convert string to float: ''
2025-09-26 12:35:12,201 - device_location_syncer - ERROR - sync_device_locations.py:241 - Error processing device pp111: could not convert string to float: ''
2025-09-26 12:35:12,207 - device_location_syncer - ERROR - sync_device_locations.py:241 - Error processing device ppp11: could not convert string to float: ''
2025-09-26 12:35:12,211 - device_location_syncer - ERROR - sync_device_locations.py:241 - Error processing device dev1: could not convert string to float: ''
2025-09-26 12:35:12,215 - device_location_syncer - ERROR - sync_device_locations.py:241 - Error processing device dv1: could not convert string to float: ''
2025-09-26 12:35:12,220 - device_location_syncer - ERROR - sync_device_locations.py:241 - Error processing device dv11: could not convert string to float: ''
2025-09-26 12:35:12,223 - device_location_syncer - INFO - sync_device_locations.py:250 - Sync completed. No location updates needed.
2025-09-26 12:35:12,252 - device_data_handler - INFO - device_data_handler.py:149 - Device dv1 Zone 3: Robot is stationary
2025-09-26 12:35:12,262 - device_data_handler - INFO - device_data_handler.py:73 - Device dv1 Zone 3: Robot is stationary
2025-09-26 12:35:12,269 - device_data_handler - INFO - device_data_handler.py:149 - Device dv1 Zone 3: Robot is stationary
2025-09-26 12:35:12,278 - device_data_handler - INFO - device_data_handler.py:73 - Device dv1 Zone 3: Robot is stationary
2025-09-26 12:35:12,285 - device_data_handler - INFO - device_data_handler.py:149 - Device dv1 Zone 3: Robot is stationary
2025-09-26 12:35:12,828 - device_data_handler - INFO - device_data_handler.py:73 - Device dv1 Zone 3: Robot is stationary
2025-09-26 12:35:12,835 - device_data_handler - INFO - device_data_handler.py:149 - Device dv1 Zone 3: Robot is stationary
2025-09-26 12:35:13,832 - device_data_handler - INFO - device_data_handler.py:73 - Device dv1 Zone 3: Robot is stationary
2025-09-26 12:35:13,844 - device_data_handler - INFO - device_data_handler.py:149 - Device dv1 Zone 3: Robot is stationary
2025-09-26 12:35:14,830 - device_data_handler - INFO - device_data_handler.py:73 - Device dv1 Zone 3: Robot is stationary
2025-09-26 12:35:14,841 - device_data_handler - INFO - device_data_handler.py:149 - Device dv1 Zone 3: Robot is stationary
2025-09-26 12:35:15,841 - device_data_handler - INFO - device_data_handler.py:73 - Device dv1 Zone 3: Robot is stationary
2025-09-26 12:35:15,849 - device_data_handler - INFO - device_data_handler.py:149 - Device dv1 Zone 3: Robot is stationary
2025-09-26 12:35:16,317 - device_data_handler - INFO - device_data_handler.py:149 - Device dv1 Zone 3: Robot is stationary
2025-09-26 12:35:16,324 - device_data_handler - INFO - device_data_handler.py:73 - Device dv1 Zone 3: Robot is stationary
2025-09-26 12:35:16,332 - device_data_handler - INFO - device_data_handler.py:149 - Device dv1 Zone 3: Robot is stationary
2025-09-26 12:35:16,831 - device_data_handler - INFO - device_data_handler.py:73 - Device dv1 Zone 3: Robot is stationary
2025-09-26 12:35:16,843 - device_data_handler - INFO - device_data_handler.py:149 - Device dv1 Zone 3: Robot is stationary
2025-09-26 12:35:17,844 - device_data_handler - INFO - device_data_handler.py:73 - Device dv1 Zone 3: Robot is stationary
2025-09-26 12:35:17,857 - device_data_handler - INFO - device_data_handler.py:149 - Device dv1 Zone 3: Robot is stationary
2025-09-26 12:35:18,833 - device_data_handler - INFO - device_data_handler.py:73 - Device dv1 Zone 3: Robot is stationary
2025-09-26 12:35:18,845 - device_data_handler - INFO - device_data_handler.py:149 - Device dv1 Zone 3: Robot is stationary
2025-09-26 12:35:19,837 - device_data_handler - INFO - device_data_handler.py:73 - Device dv1 Zone 3: Robot is stationary
2025-09-26 12:35:19,846 - device_data_handler - INFO - device_data_handler.py:149 - Device dv1 Zone 3: Robot is stationary
2025-09-26 12:35:20,844 - device_data_handler - INFO - device_data_handler.py:73 - Device dv1 Zone 3: Robot is stationary
2025-09-26 12:35:20,857 - device_data_handler - INFO - device_data_handler.py:149 - Device dv1 Zone 3: Robot is stationary
2025-09-26 12:35:21,314 - device_data_handler - INFO - device_data_handler.py:149 - Device dv1 Zone 3: Robot is stationary
2025-09-26 12:35:21,319 - device_data_handler - INFO - device_data_handler.py:73 - Device dv1 Zone 3: Robot is stationary
2025-09-26 12:35:21,328 - device_data_handler - INFO - device_data_handler.py:149 - Device dv1 Zone 3: Robot is stationary
2025-09-26 12:35:21,824 - device_data_handler - INFO - device_data_handler.py:73 - Device dv1 Zone 3: Robot is stationary
2025-09-26 12:35:21,831 - device_data_handler - INFO - device_data_handler.py:149 - Device dv1 Zone 3: Robot is stationary
2025-09-26 12:35:22,839 - device_data_handler - INFO - device_data_handler.py:73 - Device dv1 Zone 3: Robot is stationary
2025-09-26 12:35:22,847 - device_data_handler - INFO - device_data_handler.py:149 - Device dv1 Zone 3: Robot is stationary
2025-09-26 12:35:23,839 - device_data_handler - INFO - device_data_handler.py:73 - Device dv1 Zone 3: Robot is stationary
2025-09-26 12:35:23,846 - device_data_handler - INFO - device_data_handler.py:149 - Device dv1 Zone 3: Robot is stationary
2025-09-26 12:35:24,838 - device_data_handler - INFO - device_data_handler.py:73 - Device dv1 Zone 3: Robot is stationary
2025-09-26 12:35:24,846 - device_data_handler - INFO - device_data_handler.py:149 - Device dv1 Zone 3: Robot is stationary
2025-09-26 12:35:25,829 - device_data_handler - INFO - device_data_handler.py:73 - Device dv1 Zone 3: Robot is stationary
2025-09-26 12:35:25,840 - device_data_handler - INFO - device_data_handler.py:149 - Device dv1 Zone 3: Robot is stationary
2025-09-26 12:35:26,314 - device_data_handler - INFO - device_data_handler.py:149 - Device dv1 Zone 3: Robot is stationary
2025-09-26 12:35:26,322 - device_data_handler - INFO - device_data_handler.py:73 - Device dv1 Zone 3: Robot is stationary
2025-09-26 12:35:26,329 - device_data_handler - INFO - device_data_handler.py:149 - Device dv1 Zone 3: Robot is stationary
2025-09-26 12:35:26,830 - device_data_handler - INFO - device_data_handler.py:73 - Device dv1 Zone 3: Robot is stationary
2025-09-26 12:35:26,844 - device_data_handler - INFO - device_data_handler.py:149 - Device dv1 Zone 3: Robot is stationary
2025-09-26 12:35:27,841 - device_data_handler - INFO - device_data_handler.py:73 - Device dv1 Zone 3: Robot is stationary
2025-09-26 12:35:27,848 - device_data_handler - INFO - device_data_handler.py:149 - Device dv1 Zone 3: Robot is stationary
2025-09-26 12:35:28,840 - device_data_handler - INFO - device_data_handler.py:73 - Device dv1 Zone 3: Robot is stationary
2025-09-26 12:35:28,847 - device_data_handler - INFO - device_data_handler.py:149 - Device dv1 Zone 3: Robot is stationary
2025-09-26 12:35:29,842 - device_data_handler - INFO - device_data_handler.py:73 - Device dv1 Zone 3: Robot is stationary
2025-09-26 12:35:29,852 - device_data_handler - INFO - device_data_handler.py:149 - Device dv1 Zone 3: Robot is stationary
2025-09-26 12:35:30,846 - device_data_handler - INFO - device_data_handler.py:73 - Device dv1 Zone 3: Robot is stationary
2025-09-26 12:35:30,859 - device_data_handler - INFO - device_data_handler.py:149 - Device dv1 Zone 3: Robot is stationary
2025-09-26 12:35:31,324 - device_data_handler - INFO - device_data_handler.py:149 - Device dv1 Zone 3: Robot is stationary
2025-09-26 12:35:31,329 - device_data_handler - INFO - device_data_handler.py:73 - Device dv1 Zone 3: Robot is stationary
2025-09-26 12:35:31,342 - device_data_handler - INFO - device_data_handler.py:149 - Device dv1 Zone 3: Robot is stationary
2025-09-26 12:35:31,825 - device_data_handler - INFO - device_data_handler.py:73 - Device dv1 Zone 3: Robot is stationary
2025-09-26 12:35:31,837 - device_data_handler - INFO - device_data_handler.py:149 - Device dv1 Zone 3: Robot is stationary
2025-09-26 12:35:32,838 - device_data_handler - INFO - device_data_handler.py:73 - Device dv1 Zone 3: Robot is stationary
2025-09-26 12:35:32,845 - device_data_handler - INFO - device_data_handler.py:149 - Device dv1 Zone 3: Robot is stationary
2025-09-26 12:35:33,173 - device_list - INFO - device_list.py:248 - Refreshing device data...
2025-09-26 12:35:33,176 - device_list - INFO - device_list.py:268 - Loaded 12 devices from CSV
2025-09-26 12:35:33,837 - device_data_handler - INFO - device_data_handler.py:73 - Device dv1 Zone 3: Robot is stationary
2025-09-26 12:35:33,845 - device_data_handler - INFO - device_data_handler.py:149 - Device dv1 Zone 3: Robot is stationary
2025-09-26 12:35:34,845 - device_data_handler - INFO - device_data_handler.py:73 - Device dv1 Zone 3: Robot is stationary
2025-09-26 12:35:34,859 - device_data_handler - INFO - device_data_handler.py:149 - Device dv1 Zone 3: Robot is stationary
2025-09-26 12:35:35,853 - device_data_handler - INFO - device_data_handler.py:73 - Device dv1 Zone 3: Robot is stationary
2025-09-26 12:35:35,861 - device_data_handler - INFO - device_data_handler.py:149 - Device dv1 Zone 3: Robot is stationary
2025-09-26 12:35:36,016 - device_location_syncer - ERROR - sync_device_locations.py:241 - Error processing device d11: could not convert string to float: ''
2025-09-26 12:35:36,020 - device_location_syncer - ERROR - sync_device_locations.py:241 - Error processing device pp111: could not convert string to float: ''
2025-09-26 12:35:36,021 - device_location_syncer - ERROR - sync_device_locations.py:241 - Error processing device ppp11: could not convert string to float: ''
2025-09-26 12:35:36,023 - device_location_syncer - ERROR - sync_device_locations.py:241 - Error processing device dev1: could not convert string to float: ''
2025-09-26 12:35:36,024 - device_location_syncer - ERROR - sync_device_locations.py:241 - Error processing device dv1: could not convert string to float: ''
2025-09-26 12:35:36,025 - device_location_syncer - ERROR - sync_device_locations.py:241 - Error processing device dv11: could not convert string to float: ''
2025-09-26 12:35:36,025 - device_location_syncer - INFO - sync_device_locations.py:250 - Sync completed. No location updates needed.
2025-09-26 12:35:36,309 - device_data_handler - INFO - device_data_handler.py:149 - Device dv1 Zone 3: Robot is stationary
2025-09-26 12:35:36,314 - device_data_handler - INFO - device_data_handler.py:73 - Device dv1 Zone 3: Robot is stationary
2025-09-26 12:35:36,324 - device_data_handler - INFO - device_data_handler.py:149 - Device dv1 Zone 3: Robot is stationary
2025-09-26 12:35:36,839 - device_data_handler - INFO - device_data_handler.py:73 - Device dv1 Zone 3: Robot is stationary
2025-09-26 12:35:36,846 - device_data_handler - INFO - device_data_handler.py:149 - Device dv1 Zone 3: Robot is stationary
2025-09-26 12:35:37,854 - device_data_handler - INFO - device_data_handler.py:73 - Device dv1 Zone 3: Robot is stationary
2025-09-26 12:35:37,861 - device_data_handler - INFO - device_data_handler.py:149 - Device dv1 Zone 3: Robot is stationary
2025-09-26 12:35:38,838 - device_data_handler - INFO - device_data_handler.py:73 - Device dv1 Zone 3: Robot is stationary
2025-09-26 12:35:38,853 - device_data_handler - INFO - device_data_handler.py:149 - Device dv1 Zone 3: Robot is stationary
2025-09-26 12:35:39,837 - device_data_handler - INFO - device_data_handler.py:73 - Device dv1 Zone 3: Robot is stationary
2025-09-26 12:35:39,844 - device_data_handler - INFO - device_data_handler.py:149 - Device dv1 Zone 3: Robot is stationary
2025-09-26 12:35:40,836 - device_data_handler - INFO - device_data_handler.py:73 - Device dv1 Zone 3: Robot is stationary
2025-09-26 12:35:40,844 - device_data_handler - INFO - device_data_handler.py:149 - Device dv1 Zone 3: Robot is stationary
2025-09-26 12:35:41,313 - device_data_handler - INFO - device_data_handler.py:149 - Device dv1 Zone 3: Robot is stationary
2025-09-26 12:35:41,320 - device_data_handler - INFO - device_data_handler.py:73 - Device dv1 Zone 3: Robot is stationary
2025-09-26 12:35:41,327 - device_data_handler - INFO - device_data_handler.py:149 - Device dv1 Zone 3: Robot is stationary
2025-09-26 12:35:41,837 - device_data_handler - INFO - device_data_handler.py:73 - Device dv1 Zone 3: Robot is stationary
2025-09-26 12:35:41,844 - device_data_handler - INFO - device_data_handler.py:149 - Device dv1 Zone 3: Robot is stationary
2025-09-26 12:35:42,827 - device_data_handler - INFO - device_data_handler.py:73 - Device dv1 Zone 3: Robot is stationary
2025-09-26 12:35:42,840 - device_data_handler - INFO - device_data_handler.py:149 - Device dv1 Zone 3: Robot is stationary
2025-09-26 12:35:43,835 - device_data_handler - INFO - device_data_handler.py:73 - Device dv1 Zone 3: Robot is stationary
2025-09-26 12:35:43,844 - device_data_handler - INFO - device_data_handler.py:149 - Device dv1 Zone 3: Robot is stationary
2025-09-26 12:35:44,836 - device_data_handler - INFO - device_data_handler.py:73 - Device dv1 Zone 3: Robot is stationary
2025-09-26 12:35:44,845 - device_data_handler - INFO - device_data_handler.py:149 - Device dv1 Zone 3: Robot is stationary
2025-09-26 12:35:45,835 - device_data_handler - INFO - device_data_handler.py:73 - Device dv1 Zone 3: Robot is stationary
2025-09-26 12:35:45,843 - device_data_handler - INFO - device_data_handler.py:149 - Device dv1 Zone 3: Robot is stationary
2025-09-26 12:35:46,326 - device_data_handler - INFO - device_data_handler.py:149 - Device dv1 Zone 3: Robot is stationary
2025-09-26 12:35:46,334 - device_data_handler - INFO - device_data_handler.py:73 - Device dv1 Zone 3: Robot is stationary
2025-09-26 12:35:46,341 - device_data_handler - INFO - device_data_handler.py:149 - Device dv1 Zone 3: Robot is stationary
2025-09-26 12:35:46,854 - device_data_handler - INFO - device_data_handler.py:73 - Device dv1 Zone 3: Robot is stationary
2025-09-26 12:35:46,861 - device_data_handler - INFO - device_data_handler.py:149 - Device dv1 Zone 3: Robot is stationary
2025-09-26 12:35:47,836 - device_data_handler - INFO - device_data_handler.py:73 - Device dv1 Zone 3: Robot is stationary
2025-09-26 12:35:47,843 - device_data_handler - INFO - device_data_handler.py:149 - Device dv1 Zone 3: Robot is stationary
2025-09-26 12:35:48,838 - device_data_handler - INFO - device_data_handler.py:73 - Device dv1 Zone 3: Robot is stationary
2025-09-26 12:35:48,848 - device_data_handler - INFO - device_data_handler.py:149 - Device dv1 Zone 3: Robot is stationary
2025-09-26 12:35:49,845 - device_data_handler - INFO - device_data_handler.py:73 - Device dv1 Zone 3: Robot is stationary
2025-09-26 12:35:49,856 - device_data_handler - INFO - device_data_handler.py:149 - Device dv1 Zone 3: Robot is stationary
2025-09-26 12:35:50,833 - device_data_handler - INFO - device_data_handler.py:73 - Device dv1 Zone 3: Robot is stationary
2025-09-26 12:35:50,841 - device_data_handler - INFO - device_data_handler.py:149 - Device dv1 Zone 3: Robot is stationary
2025-09-26 12:35:51,302 - device_data_handler - INFO - device_data_handler.py:149 - Device dv1 Zone 3: Robot is stationary
2025-09-26 12:35:51,307 - device_data_handler - INFO - device_data_handler.py:73 - Device dv1 Zone 3: Robot is stationary
2025-09-26 12:35:51,320 - device_data_handler - INFO - device_data_handler.py:149 - Device dv1 Zone 3: Robot is stationary
2025-09-26 12:35:51,853 - device_data_handler - INFO - device_data_handler.py:73 - Device dv1 Zone 3: Robot is stationary
2025-09-26 12:35:51,865 - device_data_handler - INFO - device_data_handler.py:149 - Device dv1 Zone 3: Robot is stationary
2025-09-26 12:35:52,854 - device_data_handler - INFO - device_data_handler.py:73 - Device dv1 Zone 3: Robot is stationary
2025-09-26 12:35:52,866 - device_data_handler - INFO - device_data_handler.py:149 - Device dv1 Zone 3: Robot is stationary
2025-09-26 12:35:53,849 - device_data_handler - INFO - device_data_handler.py:73 - Device dv1 Zone 3: Robot is stationary
2025-09-26 12:35:53,857 - device_data_handler - INFO - device_data_handler.py:149 - Device dv1 Zone 3: Robot is stationary
2025-09-26 12:35:54,843 - device_data_handler - INFO - device_data_handler.py:73 - Device dv1 Zone 3: Robot is stationary
2025-09-26 12:35:54,854 - device_data_handler - INFO - device_data_handler.py:149 - Device dv1 Zone 3: Robot is stationary
2025-09-26 12:35:55,848 - device_data_handler - INFO - device_data_handler.py:73 - Device dv1 Zone 3: Robot is stationary
2025-09-26 12:35:55,863 - device_data_handler - INFO - device_data_handler.py:149 - Device dv1 Zone 3: Robot is stationary
2025-09-26 12:35:56,316 - device_data_handler - INFO - device_data_handler.py:149 - Device dv1 Zone 3: Robot is stationary
2025-09-26 12:35:56,320 - device_data_handler - INFO - device_data_handler.py:73 - Device dv1 Zone 3: Robot is stationary
2025-09-26 12:35:56,331 - device_data_handler - INFO - device_data_handler.py:149 - Device dv1 Zone 3: Robot is stationary
2025-09-26 12:35:56,850 - device_data_handler - INFO - device_data_handler.py:73 - Device dv1 Zone 3: Robot is stationary
2025-09-26 12:35:56,857 - device_data_handler - INFO - device_data_handler.py:149 - Device dv1 Zone 3: Robot is stationary
2025-09-26 12:35:57,851 - device_data_handler - INFO - device_data_handler.py:73 - Device dv1 Zone 3: Robot is stationary
2025-09-26 12:35:57,858 - device_data_handler - INFO - device_data_handler.py:149 - Device dv1 Zone 3: Robot is stationary
2025-09-26 12:35:58,852 - device_data_handler - INFO - device_data_handler.py:73 - Device dv1 Zone 3: Robot is stationary
2025-09-26 12:35:58,863 - device_data_handler - INFO - device_data_handler.py:149 - Device dv1 Zone 3: Robot is stationary
2025-09-26 12:35:59,842 - device_data_handler - INFO - device_data_handler.py:73 - Device dv1 Zone 3: Robot is stationary
2025-09-26 12:35:59,855 - device_data_handler - INFO - device_data_handler.py:149 - Device dv1 Zone 3: Robot is stationary
2025-09-26 12:36:00,850 - device_data_handler - INFO - device_data_handler.py:73 - Device dv1 Zone 3: Robot is stationary
2025-09-26 12:36:00,858 - device_data_handler - INFO - device_data_handler.py:149 - Device dv1 Zone 3: Robot is stationary
2025-09-26 12:36:01,305 - device_data_handler - INFO - device_data_handler.py:149 - Device dv1 Zone 3: Robot is stationary
2025-09-26 12:36:01,313 - device_data_handler - INFO - device_data_handler.py:73 - Device dv1 Zone 3: Robot is stationary
2025-09-26 12:36:01,320 - device_data_handler - INFO - device_data_handler.py:149 - Device dv1 Zone 3: Robot is stationary
2025-09-26 12:36:01,848 - device_data_handler - INFO - device_data_handler.py:73 - Device dv1 Zone 3: Robot is stationary
2025-09-26 12:36:01,856 - device_data_handler - INFO - device_data_handler.py:149 - Device dv1 Zone 3: Robot is stationary
2025-09-26 12:36:02,850 - device_data_handler - INFO - device_data_handler.py:73 - Device dv1 Zone 3: Robot is stationary
2025-09-26 12:36:02,857 - device_data_handler - INFO - device_data_handler.py:149 - Device dv1 Zone 3: Robot is stationary
2025-09-26 12:36:03,181 - device_list - INFO - device_list.py:248 - Refreshing device data...
2025-09-26 12:36:03,183 - device_list - INFO - device_list.py:268 - Loaded 12 devices from CSV
2025-09-26 12:36:03,855 - device_data_handler - INFO - device_data_handler.py:73 - Device dv1 Zone 3: Robot is stationary
2025-09-26 12:36:03,867 - device_data_handler - INFO - device_data_handler.py:149 - Device dv1 Zone 3: Robot is stationary
2025-09-26 12:36:04,848 - device_data_handler - INFO - device_data_handler.py:73 - Device dv1 Zone 3: Robot is stationary
2025-09-26 12:36:04,856 - device_data_handler - INFO - device_data_handler.py:149 - Device dv1 Zone 3: Robot is stationary
2025-09-26 12:36:05,854 - device_data_handler - INFO - device_data_handler.py:73 - Device dv1 Zone 3: Robot is stationary
2025-09-26 12:36:05,867 - device_data_handler - INFO - device_data_handler.py:149 - Device dv1 Zone 3: Robot is stationary
2025-09-26 12:36:08,037 - api_client - WARNING - client.py:80 - Request attempt 1 failed: HTTPConnectionPool(host='127.0.0.1', port=8000): Max retries exceeded with url: /api/ (Caused by NewConnectionError('<urllib3.connection.HTTPConnection object at 0x0000027F650756A0>: Failed to establish a new connection: [WinError 10061] No connection could be made because the target machine actively refused it'))
2025-09-26 12:36:10,071 - api_client - WARNING - client.py:80 - Request attempt 2 failed: HTTPConnectionPool(host='127.0.0.1', port=8000): Max retries exceeded with url: /api/ (Caused by NewConnectionError('<urllib3.connection.HTTPConnection object at 0x0000027F650757B0>: Failed to establish a new connection: [WinError 10061] No connection could be made because the target machine actively refused it'))
2025-09-26 12:36:12,108 - api_client - WARNING - client.py:80 - Request attempt 3 failed: HTTPConnectionPool(host='127.0.0.1', port=8000): Max retries exceeded with url: /api/ (Caused by NewConnectionError('<urllib3.connection.HTTPConnection object at 0x0000027F65075D00>: Failed to establish a new connection: [WinError 10061] No connection could be made because the target machine actively refused it'))
2025-09-26 12:36:12,121 - device_location_syncer - ERROR - sync_device_locations.py:241 - Error processing device d11: could not convert string to float: ''
2025-09-26 12:36:12,124 - device_location_syncer - ERROR - sync_device_locations.py:241 - Error processing device pp111: could not convert string to float: ''
2025-09-26 12:36:12,126 - device_location_syncer - ERROR - sync_device_locations.py:241 - Error processing device ppp11: could not convert string to float: ''
2025-09-26 12:36:12,129 - device_location_syncer - ERROR - sync_device_locations.py:241 - Error processing device dev1: could not convert string to float: ''
2025-09-26 12:36:12,132 - device_location_syncer - ERROR - sync_device_locations.py:241 - Error processing device dv1: could not convert string to float: ''
2025-09-26 12:36:12,134 - device_location_syncer - ERROR - sync_device_locations.py:241 - Error processing device dv11: could not convert string to float: ''
2025-09-26 12:36:12,135 - device_location_syncer - INFO - sync_device_locations.py:250 - Sync completed. No location updates needed.
2025-09-26 12:36:12,180 - device_data_handler - INFO - device_data_handler.py:149 - Device dv1 Zone 3: Robot is stationary
2025-09-26 12:36:12,185 - device_data_handler - INFO - device_data_handler.py:73 - Device dv1 Zone 3: Robot is stationary
2025-09-26 12:36:12,195 - device_data_handler - INFO - device_data_handler.py:149 - Device dv1 Zone 3: Robot is stationary
2025-09-26 12:36:12,199 - device_data_handler - INFO - device_data_handler.py:73 - Device dv1 Zone 3: Robot is stationary
2025-09-26 12:36:12,213 - device_data_handler - INFO - device_data_handler.py:149 - Device dv1 Zone 3: Robot is stationary
2025-09-26 12:36:12,882 - device_data_handler - INFO - device_data_handler.py:73 - Device dv1 Zone 3: Robot is stationary
2025-09-26 12:36:12,893 - device_data_handler - INFO - device_data_handler.py:149 - Device dv1 Zone 3: Robot is stationary
2025-09-26 12:36:13,871 - device_data_handler - INFO - device_data_handler.py:73 - Device dv1 Zone 3: Robot is stationary
2025-09-26 12:36:13,884 - device_data_handler - INFO - device_data_handler.py:149 - Device dv1 Zone 3: Robot is stationary
2025-09-26 12:36:14,886 - device_data_handler - INFO - device_data_handler.py:73 - Device dv1 Zone 3: Robot is stationary
2025-09-26 12:36:14,899 - device_data_handler - INFO - device_data_handler.py:149 - Device dv1 Zone 3: Robot is stationary
2025-09-26 12:36:15,879 - device_data_handler - INFO - device_data_handler.py:73 - Device dv1 Zone 3: Robot is stationary
2025-09-26 12:36:15,887 - device_data_handler - INFO - device_data_handler.py:149 - Device dv1 Zone 3: Robot is stationary
2025-09-26 12:36:16,313 - device_data_handler - INFO - device_data_handler.py:149 - Device dv1 Zone 3: Robot is stationary
2025-09-26 12:36:16,317 - device_data_handler - INFO - device_data_handler.py:73 - Device dv1 Zone 3: Robot is stationary
2025-09-26 12:36:16,329 - device_data_handler - INFO - device_data_handler.py:149 - Device dv1 Zone 3: Robot is stationary
2025-09-26 12:36:16,882 - device_data_handler - INFO - device_data_handler.py:73 - Device dv1 Zone 3: Robot is stationary
2025-09-26 12:36:16,895 - device_data_handler - INFO - device_data_handler.py:149 - Device dv1 Zone 3: Robot is stationary
2025-09-26 12:36:17,876 - device_data_handler - INFO - device_data_handler.py:73 - Device dv1 Zone 3: Robot is stationary
2025-09-26 12:36:17,884 - device_data_handler - INFO - device_data_handler.py:149 - Device dv1 Zone 3: Robot is stationary
2025-09-26 12:36:18,884 - device_data_handler - INFO - device_data_handler.py:73 - Device dv1 Zone 3: Robot is stationary
2025-09-26 12:36:18,896 - device_data_handler - INFO - device_data_handler.py:149 - Device dv1 Zone 3: Robot is stationary
2025-09-26 12:36:19,880 - device_data_handler - INFO - device_data_handler.py:73 - Device dv1 Zone 3: Robot is stationary
2025-09-26 12:36:19,893 - device_data_handler - INFO - device_data_handler.py:149 - Device dv1 Zone 3: Robot is stationary
2025-09-26 12:36:20,880 - device_data_handler - INFO - device_data_handler.py:73 - Device dv1 Zone 3: Robot is stationary
2025-09-26 12:36:20,892 - device_data_handler - INFO - device_data_handler.py:149 - Device dv1 Zone 3: Robot is stationary
2025-09-26 12:36:21,301 - device_data_handler - INFO - device_data_handler.py:149 - Device dv1 Zone 3: Robot is stationary
2025-09-26 12:36:21,309 - device_data_handler - INFO - device_data_handler.py:73 - Device dv1 Zone 3: Robot is stationary
2025-09-26 12:36:21,316 - device_data_handler - INFO - device_data_handler.py:149 - Device dv1 Zone 3: Robot is stationary
2025-09-26 12:36:21,890 - device_data_handler - INFO - device_data_handler.py:73 - Device dv1 Zone 3: Robot is stationary
2025-09-26 12:36:21,901 - device_data_handler - INFO - device_data_handler.py:149 - Device dv1 Zone 3: Robot is stationary
2025-09-26 12:36:22,889 - device_data_handler - INFO - device_data_handler.py:73 - Device dv1 Zone 3: Robot is stationary
2025-09-26 12:36:22,897 - device_data_handler - INFO - device_data_handler.py:149 - Device dv1 Zone 3: Robot is stationary
2025-09-26 12:36:23,898 - device_data_handler - INFO - device_data_handler.py:73 - Device dv1 Zone 3: Robot is stationary
2025-09-26 12:36:23,910 - device_data_handler - INFO - device_data_handler.py:149 - Device dv1 Zone 3: Robot is stationary
2025-09-26 12:36:24,892 - device_data_handler - INFO - device_data_handler.py:73 - Device dv1 Zone 3: Robot is stationary
2025-09-26 12:36:24,900 - device_data_handler - INFO - device_data_handler.py:149 - Device dv1 Zone 3: Robot is stationary
2025-09-26 12:36:25,939 - device_data_handler - INFO - device_data_handler.py:73 - Device dv1 Zone 3: Robot is stationary
2025-09-26 12:36:25,948 - device_data_handler - INFO - device_data_handler.py:149 - Device dv1 Zone 3: Robot is stationary
2025-09-26 12:36:26,321 - device_data_handler - INFO - device_data_handler.py:149 - Device dv1 Zone 3: Robot is stationary
2025-09-26 12:36:26,327 - device_data_handler - INFO - device_data_handler.py:73 - Device dv1 Zone 3: Robot is stationary
2025-09-26 12:36:26,335 - device_data_handler - INFO - device_data_handler.py:149 - Device dv1 Zone 3: Robot is stationary
2025-09-26 12:36:26,925 - device_data_handler - INFO - device_data_handler.py:73 - Device dv1 Zone 3: Robot is stationary
2025-09-26 12:36:26,933 - device_data_handler - INFO - device_data_handler.py:149 - Device dv1 Zone 3: Robot is stationary
2025-09-26 12:36:27,925 - device_data_handler - INFO - device_data_handler.py:73 - Device dv1 Zone 3: Robot is stationary
2025-09-26 12:36:27,933 - device_data_handler - INFO - device_data_handler.py:149 - Device dv1 Zone 3: Robot is stationary
2025-09-26 12:36:28,927 - device_data_handler - INFO - device_data_handler.py:73 - Device dv1 Zone 3: Robot is stationary
2025-09-26 12:36:28,941 - device_data_handler - INFO - device_data_handler.py:149 - Device dv1 Zone 3: Robot is stationary
2025-09-26 12:36:29,925 - device_data_handler - INFO - device_data_handler.py:73 - Device dv1 Zone 3: Robot is stationary
2025-09-26 12:36:29,937 - device_data_handler - INFO - device_data_handler.py:149 - Device dv1 Zone 3: Robot is stationary
2025-09-26 12:36:30,909 - device_data_handler - INFO - device_data_handler.py:73 - Device dv1 Zone 3: Robot is stationary
2025-09-26 12:36:30,917 - device_data_handler - INFO - device_data_handler.py:149 - Device dv1 Zone 3: Robot is stationary
2025-09-26 12:36:31,326 - device_data_handler - INFO - device_data_handler.py:149 - Device dv1 Zone 3: Robot is stationary
2025-09-26 12:36:31,330 - device_data_handler - INFO - device_data_handler.py:73 - Device dv1 Zone 3: Robot is stationary
2025-09-26 12:36:31,341 - device_data_handler - INFO - device_data_handler.py:149 - Device dv1 Zone 3: Robot is stationary
2025-09-26 12:36:31,917 - device_data_handler - INFO - device_data_handler.py:73 - Device dv1 Zone 3: Robot is stationary
2025-09-26 12:36:31,930 - device_data_handler - INFO - device_data_handler.py:149 - Device dv1 Zone 3: Robot is stationary
2025-09-26 12:36:32,907 - device_data_handler - INFO - device_data_handler.py:73 - Device dv1 Zone 3: Robot is stationary
2025-09-26 12:36:32,916 - device_data_handler - INFO - device_data_handler.py:149 - Device dv1 Zone 3: Robot is stationary
2025-09-26 12:36:33,180 - device_list - INFO - device_list.py:248 - Refreshing device data...
2025-09-26 12:36:33,183 - device_list - INFO - device_list.py:268 - Loaded 12 devices from CSV
2025-09-26 12:36:33,914 - device_data_handler - INFO - device_data_handler.py:73 - Device dv1 Zone 3: Robot is stationary
2025-09-26 12:36:33,929 - device_data_handler - INFO - device_data_handler.py:149 - Device dv1 Zone 3: Robot is stationary
2025-09-26 12:36:34,908 - device_data_handler - INFO - device_data_handler.py:73 - Device dv1 Zone 3: Robot is stationary
2025-09-26 12:36:34,915 - device_data_handler - INFO - device_data_handler.py:149 - Device dv1 Zone 3: Robot is stationary
2025-09-26 12:36:35,904 - device_data_handler - INFO - device_data_handler.py:73 - Device dv1 Zone 3: Robot is stationary
2025-09-26 12:36:35,912 - device_data_handler - INFO - device_data_handler.py:149 - Device dv1 Zone 3: Robot is stationary
2025-09-26 12:36:36,023 - device_location_syncer - ERROR - sync_device_locations.py:241 - Error processing device d11: could not convert string to float: ''
2025-09-26 12:36:36,024 - device_location_syncer - ERROR - sync_device_locations.py:241 - Error processing device pp111: could not convert string to float: ''
2025-09-26 12:36:36,025 - device_location_syncer - ERROR - sync_device_locations.py:241 - Error processing device ppp11: could not convert string to float: ''
2025-09-26 12:36:36,026 - device_location_syncer - ERROR - sync_device_locations.py:241 - Error processing device dev1: could not convert string to float: ''
2025-09-26 12:36:36,027 - device_location_syncer - ERROR - sync_device_locations.py:241 - Error processing device dv1: could not convert string to float: ''
2025-09-26 12:36:36,028 - device_location_syncer - ERROR - sync_device_locations.py:241 - Error processing device dv11: could not convert string to float: ''
2025-09-26 12:36:36,029 - device_location_syncer - INFO - sync_device_locations.py:250 - Sync completed. No location updates needed.
2025-09-26 12:36:36,315 - device_data_handler - INFO - device_data_handler.py:149 - Device dv1 Zone 3: Robot is stationary
2025-09-26 12:36:36,322 - device_data_handler - INFO - device_data_handler.py:73 - Device dv1 Zone 3: Robot is stationary
2025-09-26 12:36:36,330 - device_data_handler - INFO - device_data_handler.py:149 - Device dv1 Zone 3: Robot is stationary
2025-09-26 12:36:36,906 - device_data_handler - INFO - device_data_handler.py:73 - Device dv1 Zone 3: Robot is stationary
2025-09-26 12:36:36,914 - device_data_handler - INFO - device_data_handler.py:149 - Device dv1 Zone 3: Robot is stationary
2025-09-26 12:36:37,908 - device_data_handler - INFO - device_data_handler.py:73 - Device dv1 Zone 3: Robot is stationary
2025-09-26 12:36:37,918 - device_data_handler - INFO - device_data_handler.py:149 - Device dv1 Zone 3: Robot is stationary
2025-09-26 12:36:38,914 - device_data_handler - INFO - device_data_handler.py:73 - Device dv1 Zone 3: Robot is stationary
2025-09-26 12:36:38,926 - device_data_handler - INFO - device_data_handler.py:149 - Device dv1 Zone 3: Robot is stationary
2025-09-26 12:36:39,924 - device_data_handler - INFO - device_data_handler.py:73 - Device dv1 Zone 3: Robot is stationary
2025-09-26 12:36:39,933 - device_data_handler - INFO - device_data_handler.py:149 - Device dv1 Zone 3: Robot is stationary
2025-09-26 12:36:40,913 - device_data_handler - INFO - device_data_handler.py:73 - Device dv1 Zone 3: Robot is stationary
2025-09-26 12:36:40,927 - device_data_handler - INFO - device_data_handler.py:149 - Device dv1 Zone 3: Robot is stationary
2025-09-26 12:36:41,313 - device_data_handler - INFO - device_data_handler.py:149 - Device dv1 Zone 3: Robot is stationary
2025-09-26 12:36:41,321 - device_data_handler - INFO - device_data_handler.py:73 - Device dv1 Zone 3: Robot is stationary
2025-09-26 12:36:41,328 - device_data_handler - INFO - device_data_handler.py:149 - Device dv1 Zone 3: Robot is stationary
2025-09-26 12:36:41,907 - device_data_handler - INFO - device_data_handler.py:73 - Device dv1 Zone 3: Robot is stationary
2025-09-26 12:36:41,915 - device_data_handler - INFO - device_data_handler.py:149 - Device dv1 Zone 3: Robot is stationary
2025-09-26 12:36:42,909 - device_data_handler - INFO - device_data_handler.py:73 - Device dv1 Zone 3: Robot is stationary
2025-09-26 12:36:42,922 - device_data_handler - INFO - device_data_handler.py:149 - Device dv1 Zone 3: Robot is stationary
2025-09-26 12:36:43,912 - device_data_handler - INFO - device_data_handler.py:73 - Device dv1 Zone 3: Robot is stationary
2025-09-26 12:36:43,924 - device_data_handler - INFO - device_data_handler.py:149 - Device dv1 Zone 3: Robot is stationary
2025-09-26 12:36:44,910 - device_data_handler - INFO - device_data_handler.py:73 - Device dv1 Zone 3: Robot is stationary
2025-09-26 12:36:44,922 - device_data_handler - INFO - device_data_handler.py:149 - Device dv1 Zone 3: Robot is stationary
2025-09-26 12:36:45,905 - device_data_handler - INFO - device_data_handler.py:73 - Device dv1 Zone 3: Robot is stationary
2025-09-26 12:36:45,913 - device_data_handler - INFO - device_data_handler.py:149 - Device dv1 Zone 3: Robot is stationary
2025-09-26 12:36:46,317 - device_data_handler - INFO - device_data_handler.py:149 - Device dv1 Zone 3: Robot is stationary
2025-09-26 12:36:46,321 - device_data_handler - INFO - device_data_handler.py:73 - Device dv1 Zone 3: Robot is stationary
2025-09-26 12:36:46,330 - device_data_handler - INFO - device_data_handler.py:149 - Device dv1 Zone 3: Robot is stationary
2025-09-26 12:36:46,911 - device_data_handler - INFO - device_data_handler.py:73 - Device dv1 Zone 3: Robot is stationary
2025-09-26 12:36:46,923 - device_data_handler - INFO - device_data_handler.py:149 - Device dv1 Zone 3: Robot is stationary
2025-09-26 12:36:47,912 - device_data_handler - INFO - device_data_handler.py:73 - Device dv1 Zone 3: Robot is stationary
2025-09-26 12:36:47,924 - device_data_handler - INFO - device_data_handler.py:149 - Device dv1 Zone 3: Robot is stationary
2025-09-26 12:36:48,921 - device_data_handler - INFO - device_data_handler.py:73 - Device dv1 Zone 3: Robot is stationary
2025-09-26 12:36:48,928 - device_data_handler - INFO - device_data_handler.py:149 - Device dv1 Zone 3: Robot is stationary
2025-09-26 12:36:49,911 - device_data_handler - INFO - device_data_handler.py:73 - Device dv1 Zone 3: Robot is stationary
2025-09-26 12:36:49,922 - device_data_handler - INFO - device_data_handler.py:149 - Device dv1 Zone 3: Robot is stationary
2025-09-26 12:36:50,906 - device_data_handler - INFO - device_data_handler.py:73 - Device dv1 Zone 3: Robot is stationary
2025-09-26 12:36:50,919 - device_data_handler - INFO - device_data_handler.py:149 - Device dv1 Zone 3: Robot is stationary
2025-09-26 12:36:51,316 - device_data_handler - INFO - device_data_handler.py:149 - Device dv1 Zone 3: Robot is stationary
2025-09-26 12:36:51,321 - device_data_handler - INFO - device_data_handler.py:73 - Device dv1 Zone 3: Robot is stationary
2025-09-26 12:36:51,328 - device_data_handler - INFO - device_data_handler.py:149 - Device dv1 Zone 3: Robot is stationary
2025-09-26 12:36:51,904 - device_data_handler - INFO - device_data_handler.py:73 - Device dv1 Zone 3: Robot is stationary
2025-09-26 12:36:51,912 - device_data_handler - INFO - device_data_handler.py:149 - Device dv1 Zone 3: Robot is stationary
2025-09-26 12:36:52,909 - device_data_handler - INFO - device_data_handler.py:73 - Device dv1 Zone 3: Robot is stationary
2025-09-26 12:36:52,923 - device_data_handler - INFO - device_data_handler.py:149 - Device dv1 Zone 3: Robot is stationary
2025-09-26 12:36:53,925 - device_data_handler - INFO - device_data_handler.py:73 - Device dv1 Zone 3: Robot is stationary
2025-09-26 12:36:53,937 - device_data_handler - INFO - device_data_handler.py:149 - Device dv1 Zone 3: Robot is stationary
2025-09-26 12:36:54,923 - device_data_handler - INFO - device_data_handler.py:73 - Device dv1 Zone 3: Robot is stationary
2025-09-26 12:36:54,935 - device_data_handler - INFO - device_data_handler.py:149 - Device dv1 Zone 3: Robot is stationary
2025-09-26 12:36:55,909 - device_data_handler - INFO - device_data_handler.py:73 - Device dv1 Zone 3: Robot is stationary
2025-09-26 12:36:55,920 - device_data_handler - INFO - device_data_handler.py:149 - Device dv1 Zone 3: Robot is stationary
2025-09-26 12:36:56,315 - device_data_handler - INFO - device_data_handler.py:149 - Device dv1 Zone 3: Robot is stationary
2025-09-26 12:36:56,319 - device_data_handler - INFO - device_data_handler.py:73 - Device dv1 Zone 3: Robot is stationary
2025-09-26 12:36:56,327 - device_data_handler - INFO - device_data_handler.py:149 - Device dv1 Zone 3: Robot is stationary
2025-09-26 12:36:56,921 - device_data_handler - INFO - device_data_handler.py:73 - Device dv1 Zone 3: Robot is stationary
2025-09-26 12:36:56,931 - device_data_handler - INFO - device_data_handler.py:149 - Device dv1 Zone 3: Robot is stationary
2025-09-26 12:36:57,953 - device_data_handler - INFO - device_data_handler.py:73 - Device dv1 Zone 3: Robot is stationary
2025-09-26 12:36:57,974 - device_data_handler - INFO - device_data_handler.py:149 - Device dv1 Zone 3: Robot is stationary
2025-09-26 12:36:58,923 - device_data_handler - INFO - device_data_handler.py:73 - Device dv1 Zone 3: Robot is stationary
2025-09-26 12:36:58,935 - device_data_handler - INFO - device_data_handler.py:149 - Device dv1 Zone 3: Robot is stationary
2025-09-26 12:36:59,908 - device_data_handler - INFO - device_data_handler.py:73 - Device dv1 Zone 3: Robot is stationary
2025-09-26 12:36:59,921 - device_data_handler - INFO - device_data_handler.py:149 - Device dv1 Zone 3: Robot is stationary
2025-09-26 12:37:00,907 - device_data_handler - INFO - device_data_handler.py:73 - Device dv1 Zone 3: Robot is stationary
2025-09-26 12:37:00,919 - device_data_handler - INFO - device_data_handler.py:149 - Device dv1 Zone 3: Robot is stationary
2025-09-26 12:37:01,306 - device_data_handler - INFO - device_data_handler.py:149 - Device dv1 Zone 3: Robot is stationary
2025-09-26 12:37:01,313 - device_data_handler - INFO - device_data_handler.py:73 - Device dv1 Zone 3: Robot is stationary
2025-09-26 12:37:01,321 - device_data_handler - INFO - device_data_handler.py:149 - Device dv1 Zone 3: Robot is stationary
2025-09-26 12:37:01,925 - device_data_handler - INFO - device_data_handler.py:73 - Device dv1 Zone 3: Robot is stationary
2025-09-26 12:37:01,937 - device_data_handler - INFO - device_data_handler.py:149 - Device dv1 Zone 3: Robot is stationary
2025-09-26 12:37:02,916 - device_data_handler - INFO - device_data_handler.py:73 - Device dv1 Zone 3: Robot is stationary
2025-09-26 12:37:02,923 - device_data_handler - INFO - device_data_handler.py:149 - Device dv1 Zone 3: Robot is stationary
2025-09-26 12:37:03,171 - device_list - INFO - device_list.py:248 - Refreshing device data...
2025-09-26 12:37:03,174 - device_list - INFO - device_list.py:268 - Loaded 12 devices from CSV
2025-09-26 12:37:03,908 - device_data_handler - INFO - device_data_handler.py:73 - Device dv1 Zone 3: Robot is stationary
2025-09-26 12:37:03,920 - device_data_handler - INFO - device_data_handler.py:149 - Device dv1 Zone 3: Robot is stationary
2025-09-26 12:37:04,916 - device_data_handler - INFO - device_data_handler.py:73 - Device dv1 Zone 3: Robot is stationary
2025-09-26 12:37:04,925 - device_data_handler - INFO - device_data_handler.py:149 - Device dv1 Zone 3: Robot is stationary
2025-09-26 12:37:05,904 - device_data_handler - INFO - device_data_handler.py:73 - Device dv1 Zone 3: Robot is stationary
2025-09-26 12:37:05,916 - device_data_handler - INFO - device_data_handler.py:149 - Device dv1 Zone 3: Robot is stationary
2025-09-26 12:37:08,056 - api_client - WARNING - client.py:80 - Request attempt 1 failed: HTTPConnectionPool(host='127.0.0.1', port=8000): Max retries exceeded with url: /api/ (Caused by NewConnectionError('<urllib3.connection.HTTPConnection object at 0x0000027F65075D00>: Failed to establish a new connection: [WinError 10061] No connection could be made because the target machine actively refused it'))
2025-09-26 12:37:10,087 - api_client - WARNING - client.py:80 - Request attempt 2 failed: HTTPConnectionPool(host='127.0.0.1', port=8000): Max retries exceeded with url: /api/ (Caused by NewConnectionError('<urllib3.connection.HTTPConnection object at 0x0000027F650757B0>: Failed to establish a new connection: [WinError 10061] No connection could be made because the target machine actively refused it'))
2025-09-26 12:37:12,138 - api_client - WARNING - client.py:80 - Request attempt 3 failed: HTTPConnectionPool(host='127.0.0.1', port=8000): Max retries exceeded with url: /api/ (Caused by NewConnectionError('<urllib3.connection.HTTPConnection object at 0x0000027F650756A0>: Failed to establish a new connection: [WinError 10061] No connection could be made because the target machine actively refused it'))
2025-09-26 12:37:12,160 - device_location_syncer - ERROR - sync_device_locations.py:241 - Error processing device d11: could not convert string to float: ''
2025-09-26 12:37:12,162 - device_location_syncer - ERROR - sync_device_locations.py:241 - Error processing device pp111: could not convert string to float: ''
2025-09-26 12:37:12,165 - device_location_syncer - ERROR - sync_device_locations.py:241 - Error processing device ppp11: could not convert string to float: ''
2025-09-26 12:37:12,167 - device_location_syncer - ERROR - sync_device_locations.py:241 - Error processing device dev1: could not convert string to float: ''
2025-09-26 12:37:12,169 - device_location_syncer - ERROR - sync_device_locations.py:241 - Error processing device dv1: could not convert string to float: ''
2025-09-26 12:37:12,173 - device_location_syncer - ERROR - sync_device_locations.py:241 - Error processing device dv11: could not convert string to float: ''
2025-09-26 12:37:12,174 - device_location_syncer - INFO - sync_device_locations.py:250 - Sync completed. No location updates needed.
2025-09-26 12:37:12,205 - device_data_handler - INFO - device_data_handler.py:149 - Device dv1 Zone 3: Robot is stationary
2025-09-26 12:37:12,214 - device_data_handler - INFO - device_data_handler.py:73 - Device dv1 Zone 3: Robot is stationary
2025-09-26 12:37:12,222 - device_data_handler - INFO - device_data_handler.py:149 - Device dv1 Zone 3: Robot is stationary
2025-09-26 12:37:12,231 - device_data_handler - INFO - device_data_handler.py:73 - Device dv1 Zone 3: Robot is stationary
2025-09-26 12:37:12,239 - device_data_handler - INFO - device_data_handler.py:149 - Device dv1 Zone 3: Robot is stationary
2025-09-26 12:37:12,933 - device_data_handler - INFO - device_data_handler.py:73 - Device dv1 Zone 3: Robot is stationary
2025-09-26 12:37:12,940 - device_data_handler - INFO - device_data_handler.py:149 - Device dv1 Zone 3: Robot is stationary
2025-09-26 12:37:13,927 - device_data_handler - INFO - device_data_handler.py:73 - Device dv1 Zone 3: Robot is stationary
2025-09-26 12:37:13,948 - device_data_handler - INFO - device_data_handler.py:149 - Device dv1 Zone 3: Robot is stationary
2025-09-26 12:37:14,920 - device_data_handler - INFO - device_data_handler.py:73 - Device dv1 Zone 3: Robot is stationary
2025-09-26 12:37:14,933 - device_data_handler - INFO - device_data_handler.py:149 - Device dv1 Zone 3: Robot is stationary
2025-09-26 12:37:15,941 - device_data_handler - INFO - device_data_handler.py:73 - Device dv1 Zone 3: Robot is stationary
2025-09-26 12:37:15,952 - device_data_handler - INFO - device_data_handler.py:149 - Device dv1 Zone 3: Robot is stationary
2025-09-26 12:37:16,301 - device_data_handler - INFO - device_data_handler.py:149 - Device dv1 Zone 3: Robot is stationary
2025-09-26 12:37:16,305 - device_data_handler - INFO - device_data_handler.py:73 - Device dv1 Zone 3: Robot is stationary
2025-09-26 12:37:16,317 - device_data_handler - INFO - device_data_handler.py:149 - Device dv1 Zone 3: Robot is stationary
2025-09-26 12:37:16,934 - device_data_handler - INFO - device_data_handler.py:73 - Device dv1 Zone 3: Robot is stationary
2025-09-26 12:37:16,946 - device_data_handler - INFO - device_data_handler.py:149 - Device dv1 Zone 3: Robot is stationary
2025-09-26 12:37:17,921 - device_data_handler - INFO - device_data_handler.py:73 - Device dv1 Zone 3: Robot is stationary
2025-09-26 12:37:17,933 - device_data_handler - INFO - device_data_handler.py:149 - Device dv1 Zone 3: Robot is stationary
2025-09-26 12:37:18,918 - device_data_handler - INFO - device_data_handler.py:73 - Device dv1 Zone 3: Robot is stationary
2025-09-26 12:37:18,929 - device_data_handler - INFO - device_data_handler.py:149 - Device dv1 Zone 3: Robot is stationary
2025-09-26 12:37:19,930 - device_data_handler - INFO - device_data_handler.py:73 - Device dv1 Zone 3: Robot is stationary
2025-09-26 12:37:19,938 - device_data_handler - INFO - device_data_handler.py:149 - Device dv1 Zone 3: Robot is stationary
2025-09-26 12:37:20,925 - device_data_handler - INFO - device_data_handler.py:73 - Device dv1 Zone 3: Robot is stationary
2025-09-26 12:37:20,934 - device_data_handler - INFO - device_data_handler.py:149 - Device dv1 Zone 3: Robot is stationary
2025-09-26 12:37:21,298 - device_data_handler - INFO - device_data_handler.py:149 - Device dv1 Zone 3: Robot is stationary
2025-09-26 12:37:21,302 - device_data_handler - INFO - device_data_handler.py:73 - Device dv1 Zone 3: Robot is stationary
2025-09-26 12:37:21,313 - device_data_handler - INFO - device_data_handler.py:149 - Device dv1 Zone 3: Robot is stationary
2025-09-26 12:37:21,945 - device_data_handler - INFO - device_data_handler.py:73 - Device dv1 Zone 3: Robot is stationary
2025-09-26 12:37:21,953 - device_data_handler - INFO - device_data_handler.py:149 - Device dv1 Zone 3: Robot is stationary
2025-09-26 12:37:22,937 - device_data_handler - INFO - device_data_handler.py:73 - Device dv1 Zone 3: Robot is stationary
2025-09-26 12:37:22,949 - device_data_handler - INFO - device_data_handler.py:149 - Device dv1 Zone 3: Robot is stationary
2025-09-26 12:37:23,927 - device_data_handler - INFO - device_data_handler.py:73 - Device dv1 Zone 3: Robot is stationary
2025-09-26 12:37:23,935 - device_data_handler - INFO - device_data_handler.py:149 - Device dv1 Zone 3: Robot is stationary
2025-09-26 12:37:25,017 - device_data_handler - INFO - device_data_handler.py:73 - Device dv1 Zone 3: Robot is stationary
2025-09-26 12:37:25,050 - device_data_handler - INFO - device_data_handler.py:149 - Device dv1 Zone 3: Robot is stationary
2025-09-26 12:37:25,935 - device_data_handler - INFO - device_data_handler.py:73 - Device dv1 Zone 3: Robot is stationary
2025-09-26 12:37:25,947 - device_data_handler - INFO - device_data_handler.py:149 - Device dv1 Zone 3: Robot is stationary
2025-09-26 12:37:26,298 - device_data_handler - INFO - device_data_handler.py:149 - Device dv1 Zone 3: Robot is stationary
2025-09-26 12:37:26,302 - device_data_handler - INFO - device_data_handler.py:73 - Device dv1 Zone 3: Robot is stationary
2025-09-26 12:37:26,312 - device_data_handler - INFO - device_data_handler.py:149 - Device dv1 Zone 3: Robot is stationary
2025-09-26 12:37:26,931 - device_data_handler - INFO - device_data_handler.py:73 - Device dv1 Zone 3: Robot is stationary
2025-09-26 12:37:26,942 - device_data_handler - INFO - device_data_handler.py:149 - Device dv1 Zone 3: Robot is stationary
2025-09-26 12:37:27,929 - device_data_handler - INFO - device_data_handler.py:73 - Device dv1 Zone 3: Robot is stationary
2025-09-26 12:37:27,937 - device_data_handler - INFO - device_data_handler.py:149 - Device dv1 Zone 3: Robot is stationary
2025-09-26 12:37:28,931 - device_data_handler - INFO - device_data_handler.py:73 - Device dv1 Zone 3: Robot is stationary
2025-09-26 12:37:28,943 - device_data_handler - INFO - device_data_handler.py:149 - Device dv1 Zone 3: Robot is stationary
2025-09-26 12:37:29,924 - device_data_handler - INFO - device_data_handler.py:73 - Device dv1 Zone 3: Robot is stationary
2025-09-26 12:37:29,934 - device_data_handler - INFO - device_data_handler.py:149 - Device dv1 Zone 3: Robot is stationary
2025-09-26 12:37:30,929 - device_data_handler - INFO - device_data_handler.py:73 - Device dv1 Zone 3: Robot is stationary
2025-09-26 12:37:30,936 - device_data_handler - INFO - device_data_handler.py:149 - Device dv1 Zone 3: Robot is stationary
2025-09-26 12:37:31,312 - device_data_handler - INFO - device_data_handler.py:149 - Device dv1 Zone 3: Robot is stationary
2025-09-26 12:37:31,316 - device_data_handler - INFO - device_data_handler.py:73 - Device dv1 Zone 3: Robot is stationary
2025-09-26 12:37:31,327 - device_data_handler - INFO - device_data_handler.py:149 - Device dv1 Zone 3: Robot is stationary
2025-09-26 12:37:31,938 - device_data_handler - INFO - device_data_handler.py:73 - Device dv1 Zone 3: Robot is stationary
2025-09-26 12:37:31,949 - device_data_handler - INFO - device_data_handler.py:149 - Device dv1 Zone 3: Robot is stationary
2025-09-26 12:37:32,929 - device_data_handler - INFO - device_data_handler.py:73 - Device dv1 Zone 3: Robot is stationary
2025-09-26 12:37:32,938 - device_data_handler - INFO - device_data_handler.py:149 - Device dv1 Zone 3: Robot is stationary
2025-09-26 12:37:33,177 - device_list - INFO - device_list.py:248 - Refreshing device data...
2025-09-26 12:37:33,179 - device_list - INFO - device_list.py:268 - Loaded 12 devices from CSV
2025-09-26 12:37:33,934 - device_data_handler - INFO - device_data_handler.py:73 - Device dv1 Zone 3: Robot is stationary
2025-09-26 12:37:33,944 - device_data_handler - INFO - device_data_handler.py:149 - Device dv1 Zone 3: Robot is stationary
2025-09-26 12:37:34,922 - device_data_handler - INFO - device_data_handler.py:73 - Device dv1 Zone 3: Robot is stationary
2025-09-26 12:37:34,931 - device_data_handler - INFO - device_data_handler.py:149 - Device dv1 Zone 3: Robot is stationary
2025-09-26 12:37:35,926 - device_data_handler - INFO - device_data_handler.py:73 - Device dv1 Zone 3: Robot is stationary
2025-09-26 12:37:35,933 - device_data_handler - INFO - device_data_handler.py:149 - Device dv1 Zone 3: Robot is stationary
2025-09-26 12:37:36,031 - device_location_syncer - ERROR - sync_device_locations.py:241 - Error processing device d11: could not convert string to float: ''
2025-09-26 12:37:36,033 - device_location_syncer - ERROR - sync_device_locations.py:241 - Error processing device pp111: could not convert string to float: ''
2025-09-26 12:37:36,035 - device_location_syncer - ERROR - sync_device_locations.py:241 - Error processing device ppp11: could not convert string to float: ''
2025-09-26 12:37:36,038 - device_location_syncer - ERROR - sync_device_locations.py:241 - Error processing device dev1: could not convert string to float: ''
2025-09-26 12:37:36,040 - device_location_syncer - ERROR - sync_device_locations.py:241 - Error processing device dv1: could not convert string to float: ''
2025-09-26 12:37:36,042 - device_location_syncer - ERROR - sync_device_locations.py:241 - Error processing device dv11: could not convert string to float: ''
2025-09-26 12:37:36,042 - device_location_syncer - INFO - sync_device_locations.py:250 - Sync completed. No location updates needed.
2025-09-26 12:37:36,311 - device_data_handler - INFO - device_data_handler.py:149 - Device dv1 Zone 3: Robot is stationary
2025-09-26 12:37:36,316 - device_data_handler - INFO - device_data_handler.py:73 - Device dv1 Zone 3: Robot is stationary
2025-09-26 12:37:36,327 - device_data_handler - INFO - device_data_handler.py:149 - Device dv1 Zone 3: Robot is stationary
2025-09-26 12:37:36,927 - device_data_handler - INFO - device_data_handler.py:73 - Device dv1 Zone 3: Robot is stationary
2025-09-26 12:37:36,935 - device_data_handler - INFO - device_data_handler.py:149 - Device dv1 Zone 3: Robot is stationary
2025-09-26 12:37:37,918 - device_data_handler - INFO - device_data_handler.py:73 - Device dv1 Zone 3: Robot is stationary
2025-09-26 12:37:37,929 - device_data_handler - INFO - device_data_handler.py:149 - Device dv1 Zone 3: Robot is stationary
2025-09-26 12:37:38,928 - device_data_handler - INFO - device_data_handler.py:73 - Device dv1 Zone 3: Robot is stationary
2025-09-26 12:37:38,939 - device_data_handler - INFO - device_data_handler.py:149 - Device dv1 Zone 3: Robot is stationary
2025-09-26 12:37:39,926 - device_data_handler - INFO - device_data_handler.py:73 - Device dv1 Zone 3: Robot is stationary
2025-09-26 12:37:39,933 - device_data_handler - INFO - device_data_handler.py:149 - Device dv1 Zone 3: Robot is stationary
2025-09-26 12:37:40,926 - device_data_handler - INFO - device_data_handler.py:73 - Device dv1 Zone 3: Robot is stationary
2025-09-26 12:37:40,934 - device_data_handler - INFO - device_data_handler.py:149 - Device dv1 Zone 3: Robot is stationary
2025-09-26 12:37:41,439 - device_data_handler - INFO - device_data_handler.py:149 - Device dv1 Zone 3: Robot is stationary
2025-09-26 12:37:41,444 - device_data_handler - INFO - device_data_handler.py:73 - Device dv1 Zone 3: Robot is stationary
2025-09-26 12:37:41,453 - device_data_handler - INFO - device_data_handler.py:149 - Device dv1 Zone 3: Robot is stationary
2025-09-26 12:37:41,917 - device_data_handler - INFO - device_data_handler.py:73 - Device dv1 Zone 3: Robot is stationary
2025-09-26 12:37:41,930 - device_data_handler - INFO - device_data_handler.py:149 - Device dv1 Zone 3: Robot is stationary
2025-09-26 12:37:42,925 - device_data_handler - INFO - device_data_handler.py:73 - Device dv1 Zone 3: Robot is stationary
2025-09-26 12:37:42,932 - device_data_handler - INFO - device_data_handler.py:149 - Device dv1 Zone 3: Robot is stationary
2025-09-26 12:37:43,933 - device_data_handler - INFO - device_data_handler.py:73 - Device dv1 Zone 3: Robot is stationary
2025-09-26 12:37:43,946 - device_data_handler - INFO - device_data_handler.py:149 - Device dv1 Zone 3: Robot is stationary
2025-09-26 12:37:44,924 - device_data_handler - INFO - device_data_handler.py:73 - Device dv1 Zone 3: Robot is stationary
2025-09-26 12:37:44,931 - device_data_handler - INFO - device_data_handler.py:149 - Device dv1 Zone 3: Robot is stationary
2025-09-26 12:37:45,927 - device_data_handler - INFO - device_data_handler.py:73 - Device dv1 Zone 3: Robot is stationary
2025-09-26 12:37:45,937 - device_data_handler - INFO - device_data_handler.py:149 - Device dv1 Zone 3: Robot is stationary
2025-09-26 12:37:46,307 - device_data_handler - INFO - device_data_handler.py:149 - Device dv1 Zone 3: Robot is stationary
2025-09-26 12:37:46,311 - device_data_handler - INFO - device_data_handler.py:73 - Device dv1 Zone 3: Robot is stationary
2025-09-26 12:37:46,321 - device_data_handler - INFO - device_data_handler.py:149 - Device dv1 Zone 3: Robot is stationary
2025-09-26 12:37:46,940 - device_data_handler - INFO - device_data_handler.py:73 - Device dv1 Zone 3: Robot is stationary
2025-09-26 12:37:46,947 - device_data_handler - INFO - device_data_handler.py:149 - Device dv1 Zone 3: Robot is stationary
2025-09-26 12:37:47,926 - device_data_handler - INFO - device_data_handler.py:73 - Device dv1 Zone 3: Robot is stationary
2025-09-26 12:37:47,937 - device_data_handler - INFO - device_data_handler.py:149 - Device dv1 Zone 3: Robot is stationary
2025-09-26 12:37:48,926 - device_data_handler - INFO - device_data_handler.py:73 - Device dv1 Zone 3: Robot is stationary
2025-09-26 12:37:48,938 - device_data_handler - INFO - device_data_handler.py:149 - Device dv1 Zone 3: Robot is stationary
2025-09-26 12:37:49,922 - device_data_handler - INFO - device_data_handler.py:73 - Device dv1 Zone 3: Robot is stationary
2025-09-26 12:37:49,930 - device_data_handler - INFO - device_data_handler.py:149 - Device dv1 Zone 3: Robot is stationary
2025-09-26 12:37:50,924 - device_data_handler - INFO - device_data_handler.py:73 - Device dv1 Zone 3: Robot is stationary
2025-09-26 12:37:50,932 - device_data_handler - INFO - device_data_handler.py:149 - Device dv1 Zone 3: Robot is stationary
2025-09-26 12:37:51,311 - device_data_handler - INFO - device_data_handler.py:149 - Device dv1 Zone 3: Robot is stationary
2025-09-26 12:37:51,315 - device_data_handler - INFO - device_data_handler.py:73 - Device dv1 Zone 3: Robot is stationary
2025-09-26 12:37:51,326 - device_data_handler - INFO - device_data_handler.py:149 - Device dv1 Zone 3: Robot is stationary
2025-09-26 12:37:51,940 - device_data_handler - INFO - device_data_handler.py:73 - Device dv1 Zone 3: Robot is stationary
2025-09-26 12:37:51,947 - device_data_handler - INFO - device_data_handler.py:149 - Device dv1 Zone 3: Robot is stationary
2025-09-26 12:37:52,923 - device_data_handler - INFO - device_data_handler.py:73 - Device dv1 Zone 3: Robot is stationary
2025-09-26 12:37:53,044 - device_data_handler - INFO - device_data_handler.py:149 - Device dv1 Zone 3: Robot is stationary
2025-09-26 12:37:53,938 - device_data_handler - INFO - device_data_handler.py:73 - Device dv1 Zone 3: Robot is stationary
2025-09-26 12:37:53,945 - device_data_handler - INFO - device_data_handler.py:149 - Device dv1 Zone 3: Robot is stationary
2025-09-26 12:37:54,924 - device_data_handler - INFO - device_data_handler.py:73 - Device dv1 Zone 3: Robot is stationary
2025-09-26 12:37:54,934 - device_data_handler - INFO - device_data_handler.py:149 - Device dv1 Zone 3: Robot is stationary
2025-09-26 12:37:55,935 - device_data_handler - INFO - device_data_handler.py:73 - Device dv1 Zone 3: Robot is stationary
2025-09-26 12:37:55,945 - device_data_handler - INFO - device_data_handler.py:149 - Device dv1 Zone 3: Robot is stationary
2025-09-26 12:37:56,312 - device_data_handler - INFO - device_data_handler.py:149 - Device dv1 Zone 3: Robot is stationary
2025-09-26 12:37:56,319 - device_data_handler - INFO - device_data_handler.py:73 - Device dv1 Zone 3: Robot is stationary
2025-09-26 12:37:56,326 - device_data_handler - INFO - device_data_handler.py:149 - Device dv1 Zone 3: Robot is stationary
2025-09-26 12:37:56,950 - device_data_handler - INFO - device_data_handler.py:73 - Device dv1 Zone 3: Robot is stationary
2025-09-26 12:37:56,959 - device_data_handler - INFO - device_data_handler.py:149 - Device dv1 Zone 3: Robot is stationary
2025-09-26 12:37:57,945 - device_data_handler - INFO - device_data_handler.py:73 - Device dv1 Zone 3: Robot is stationary
2025-09-26 12:37:57,956 - device_data_handler - INFO - device_data_handler.py:149 - Device dv1 Zone 3: Robot is stationary
2025-09-26 12:37:58,936 - device_data_handler - INFO - device_data_handler.py:73 - Device dv1 Zone 3: Robot is stationary
2025-09-26 12:37:58,944 - device_data_handler - INFO - device_data_handler.py:149 - Device dv1 Zone 3: Robot is stationary
2025-09-26 12:37:59,953 - device_data_handler - INFO - device_data_handler.py:73 - Device dv1 Zone 3: Robot is stationary
2025-09-26 12:37:59,960 - device_data_handler - INFO - device_data_handler.py:149 - Device dv1 Zone 3: Robot is stationary
2025-09-26 12:38:00,939 - device_data_handler - INFO - device_data_handler.py:73 - Device dv1 Zone 3: Robot is stationary
2025-09-26 12:38:00,949 - device_data_handler - INFO - device_data_handler.py:149 - Device dv1 Zone 3: Robot is stationary
2025-09-26 12:38:01,312 - device_data_handler - INFO - device_data_handler.py:149 - Device dv1 Zone 3: Robot is stationary
2025-09-26 12:38:01,320 - device_data_handler - INFO - device_data_handler.py:73 - Device dv1 Zone 3: Robot is stationary
2025-09-26 12:38:01,328 - device_data_handler - INFO - device_data_handler.py:149 - Device dv1 Zone 3: Robot is stationary
2025-09-26 12:38:01,943 - device_data_handler - INFO - device_data_handler.py:73 - Device dv1 Zone 3: Robot is stationary
2025-09-26 12:38:01,955 - device_data_handler - INFO - device_data_handler.py:149 - Device dv1 Zone 3: Robot is stationary
2025-09-26 12:38:02,940 - device_data_handler - INFO - device_data_handler.py:73 - Device dv1 Zone 3: Robot is stationary
2025-09-26 12:38:02,952 - device_data_handler - INFO - device_data_handler.py:149 - Device dv1 Zone 3: Robot is stationary
2025-09-26 12:38:03,172 - device_list - INFO - device_list.py:248 - Refreshing device data...
2025-09-26 12:38:03,175 - device_list - INFO - device_list.py:268 - Loaded 12 devices from CSV
2025-09-26 12:38:03,945 - device_data_handler - INFO - device_data_handler.py:73 - Device dv1 Zone 3: Robot is stationary
2025-09-26 12:38:03,956 - device_data_handler - INFO - device_data_handler.py:149 - Device dv1 Zone 3: Robot is stationary
2025-09-26 12:38:04,942 - device_data_handler - INFO - device_data_handler.py:73 - Device dv1 Zone 3: Robot is stationary
2025-09-26 12:38:04,954 - device_data_handler - INFO - device_data_handler.py:149 - Device dv1 Zone 3: Robot is stationary
2025-09-26 12:38:05,942 - device_data_handler - INFO - device_data_handler.py:73 - Device dv1 Zone 3: Robot is stationary
2025-09-26 12:38:05,954 - device_data_handler - INFO - device_data_handler.py:149 - Device dv1 Zone 3: Robot is stationary
2025-09-26 12:38:08,058 - api_client - WARNING - client.py:80 - Request attempt 1 failed: HTTPConnectionPool(host='127.0.0.1', port=8000): Max retries exceeded with url: /api/ (Caused by NewConnectionError('<urllib3.connection.HTTPConnection object at 0x0000027F65075590>: Failed to establish a new connection: [WinError 10061] No connection could be made because the target machine actively refused it'))
2025-09-26 12:38:10,088 - api_client - WARNING - client.py:80 - Request attempt 2 failed: HTTPConnectionPool(host='127.0.0.1', port=8000): Max retries exceeded with url: /api/ (Caused by NewConnectionError('<urllib3.connection.HTTPConnection object at 0x0000027F650757B0>: Failed to establish a new connection: [WinError 10061] No connection could be made because the target machine actively refused it'))
2025-09-26 12:38:12,122 - api_client - WARNING - client.py:80 - Request attempt 3 failed: HTTPConnectionPool(host='127.0.0.1', port=8000): Max retries exceeded with url: /api/ (Caused by NewConnectionError('<urllib3.connection.HTTPConnection object at 0x0000027F65075D00>: Failed to establish a new connection: [WinError 10061] No connection could be made because the target machine actively refused it'))
2025-09-26 12:38:12,151 - device_location_syncer - ERROR - sync_device_locations.py:241 - Error processing device d11: could not convert string to float: ''
2025-09-26 12:38:12,156 - device_location_syncer - ERROR - sync_device_locations.py:241 - Error processing device pp111: could not convert string to float: ''
2025-09-26 12:38:12,157 - device_location_syncer - ERROR - sync_device_locations.py:241 - Error processing device ppp11: could not convert string to float: ''
2025-09-26 12:38:12,160 - device_location_syncer - ERROR - sync_device_locations.py:241 - Error processing device dev1: could not convert string to float: ''
2025-09-26 12:38:12,163 - device_location_syncer - ERROR - sync_device_locations.py:241 - Error processing device dv1: could not convert string to float: ''
2025-09-26 12:38:12,169 - device_location_syncer - ERROR - sync_device_locations.py:241 - Error processing device dv11: could not convert string to float: ''
2025-09-26 12:38:12,170 - device_location_syncer - INFO - sync_device_locations.py:250 - Sync completed. No location updates needed.
2025-09-26 12:38:12,200 - device_data_handler - INFO - device_data_handler.py:149 - Device dv1 Zone 3: Robot is stationary
2025-09-26 12:38:12,205 - device_data_handler - INFO - device_data_handler.py:73 - Device dv1 Zone 3: Robot is stationary
2025-09-26 12:38:12,217 - device_data_handler - INFO - device_data_handler.py:149 - Device dv1 Zone 3: Robot is stationary
2025-09-26 12:38:12,222 - device_data_handler - INFO - device_data_handler.py:73 - Device dv1 Zone 3: Robot is stationary
2025-09-26 12:38:12,232 - device_data_handler - INFO - device_data_handler.py:149 - Device dv1 Zone 3: Robot is stationary
2025-09-26 12:38:12,944 - device_data_handler - INFO - device_data_handler.py:73 - Device dv1 Zone 3: Robot is stationary
2025-09-26 12:38:12,955 - device_data_handler - INFO - device_data_handler.py:149 - Device dv1 Zone 3: Robot is stationary
2025-09-26 12:38:13,950 - device_data_handler - INFO - device_data_handler.py:73 - Device dv1 Zone 3: Robot is stationary
2025-09-26 12:38:13,958 - device_data_handler - INFO - device_data_handler.py:149 - Device dv1 Zone 3: Robot is stationary
2025-09-26 12:38:14,948 - device_data_handler - INFO - device_data_handler.py:73 - Device dv1 Zone 3: Robot is stationary
2025-09-26 12:38:14,956 - device_data_handler - INFO - device_data_handler.py:149 - Device dv1 Zone 3: Robot is stationary
2025-09-26 12:38:15,934 - device_data_handler - INFO - device_data_handler.py:73 - Device dv1 Zone 3: Robot is stationary
2025-09-26 12:38:15,941 - device_data_handler - INFO - device_data_handler.py:149 - Device dv1 Zone 3: Robot is stationary
2025-09-26 12:38:16,318 - device_data_handler - INFO - device_data_handler.py:149 - Device dv1 Zone 3: Robot is stationary
2025-09-26 12:38:16,322 - device_data_handler - INFO - device_data_handler.py:73 - Device dv1 Zone 3: Robot is stationary
2025-09-26 12:38:16,333 - device_data_handler - INFO - device_data_handler.py:149 - Device dv1 Zone 3: Robot is stationary
2025-09-26 12:38:16,953 - device_data_handler - INFO - device_data_handler.py:73 - Device dv1 Zone 3: Robot is stationary
2025-09-26 12:38:16,963 - device_data_handler - INFO - device_data_handler.py:149 - Device dv1 Zone 3: Robot is stationary
2025-09-26 12:38:17,945 - device_data_handler - INFO - device_data_handler.py:73 - Device dv1 Zone 3: Robot is stationary
2025-09-26 12:38:17,955 - device_data_handler - INFO - device_data_handler.py:149 - Device dv1 Zone 3: Robot is stationary
2025-09-26 12:38:18,932 - device_data_handler - INFO - device_data_handler.py:73 - Device dv1 Zone 3: Robot is stationary
2025-09-26 12:38:18,940 - device_data_handler - INFO - device_data_handler.py:149 - Device dv1 Zone 3: Robot is stationary
2025-09-26 12:38:19,955 - device_data_handler - INFO - device_data_handler.py:73 - Device dv1 Zone 3: Robot is stationary
2025-09-26 12:38:19,967 - device_data_handler - INFO - device_data_handler.py:149 - Device dv1 Zone 3: Robot is stationary
2025-09-26 12:38:20,946 - device_data_handler - INFO - device_data_handler.py:73 - Device dv1 Zone 3: Robot is stationary
2025-09-26 12:38:20,955 - device_data_handler - INFO - device_data_handler.py:149 - Device dv1 Zone 3: Robot is stationary
2025-09-26 12:38:21,319 - device_data_handler - INFO - device_data_handler.py:149 - Device dv1 Zone 3: Robot is stationary
2025-09-26 12:38:21,323 - device_data_handler - INFO - device_data_handler.py:73 - Device dv1 Zone 3: Robot is stationary
2025-09-26 12:38:21,334 - device_data_handler - INFO - device_data_handler.py:149 - Device dv1 Zone 3: Robot is stationary
2025-09-26 12:38:21,937 - device_data_handler - INFO - device_data_handler.py:73 - Device dv1 Zone 3: Robot is stationary
2025-09-26 12:38:21,948 - device_data_handler - INFO - device_data_handler.py:149 - Device dv1 Zone 3: Robot is stationary
2025-09-26 12:38:22,944 - device_data_handler - INFO - device_data_handler.py:73 - Device dv1 Zone 3: Robot is stationary
2025-09-26 12:38:22,954 - device_data_handler - INFO - device_data_handler.py:149 - Device dv1 Zone 3: Robot is stationary
2025-09-26 12:38:23,953 - device_data_handler - INFO - device_data_handler.py:73 - Device dv1 Zone 3: Robot is stationary
2025-09-26 12:38:23,965 - device_data_handler - INFO - device_data_handler.py:149 - Device dv1 Zone 3: Robot is stationary
2025-09-26 12:38:24,948 - device_data_handler - INFO - device_data_handler.py:73 - Device dv1 Zone 3: Robot is stationary
2025-09-26 12:38:24,956 - device_data_handler - INFO - device_data_handler.py:149 - Device dv1 Zone 3: Robot is stationary
2025-09-26 12:38:25,950 - device_data_handler - INFO - device_data_handler.py:73 - Device dv1 Zone 3: Robot is stationary
2025-09-26 12:38:25,962 - device_data_handler - INFO - device_data_handler.py:149 - Device dv1 Zone 3: Robot is stationary
2025-09-26 12:38:26,309 - device_data_handler - INFO - device_data_handler.py:149 - Device dv1 Zone 3: Robot is stationary
2025-09-26 12:38:26,314 - device_data_handler - INFO - device_data_handler.py:73 - Device dv1 Zone 3: Robot is stationary
2025-09-26 12:38:26,322 - device_data_handler - INFO - device_data_handler.py:149 - Device dv1 Zone 3: Robot is stationary
2025-09-26 12:38:26,936 - device_data_handler - INFO - device_data_handler.py:73 - Device dv1 Zone 3: Robot is stationary
2025-09-26 12:38:26,947 - device_data_handler - INFO - device_data_handler.py:149 - Device dv1 Zone 3: Robot is stationary
2025-09-26 12:38:27,937 - device_data_handler - INFO - device_data_handler.py:73 - Device dv1 Zone 3: Robot is stationary
2025-09-26 12:38:27,950 - device_data_handler - INFO - device_data_handler.py:149 - Device dv1 Zone 3: Robot is stationary
2025-09-26 12:38:28,944 - device_data_handler - INFO - device_data_handler.py:73 - Device dv1 Zone 3: Robot is stationary
2025-09-26 12:38:28,953 - device_data_handler - INFO - device_data_handler.py:149 - Device dv1 Zone 3: Robot is stationary
2025-09-26 12:38:29,950 - device_data_handler - INFO - device_data_handler.py:73 - Device dv1 Zone 3: Robot is stationary
2025-09-26 12:38:29,962 - device_data_handler - INFO - device_data_handler.py:149 - Device dv1 Zone 3: Robot is stationary
2025-09-26 12:38:30,952 - device_data_handler - INFO - device_data_handler.py:73 - Device dv1 Zone 3: Robot is stationary
2025-09-26 12:38:30,963 - device_data_handler - INFO - device_data_handler.py:149 - Device dv1 Zone 3: Robot is stationary
2025-09-26 12:38:31,301 - device_data_handler - INFO - device_data_handler.py:149 - Device dv1 Zone 3: Robot is stationary
2025-09-26 12:38:31,305 - device_data_handler - INFO - device_data_handler.py:73 - Device dv1 Zone 3: Robot is stationary
2025-09-26 12:38:31,316 - device_data_handler - INFO - device_data_handler.py:149 - Device dv1 Zone 3: Robot is stationary
2025-09-26 12:38:31,942 - device_data_handler - INFO - device_data_handler.py:73 - Device dv1 Zone 3: Robot is stationary
2025-09-26 12:38:31,951 - device_data_handler - INFO - device_data_handler.py:149 - Device dv1 Zone 3: Robot is stationary
2025-09-26 12:38:32,936 - device_data_handler - INFO - device_data_handler.py:73 - Device dv1 Zone 3: Robot is stationary
2025-09-26 12:38:32,951 - device_data_handler - INFO - device_data_handler.py:149 - Device dv1 Zone 3: Robot is stationary
2025-09-26 12:38:33,197 - device_list - INFO - device_list.py:248 - Refreshing device data...
2025-09-26 12:38:33,201 - device_list - INFO - device_list.py:268 - Loaded 12 devices from CSV
2025-09-26 12:38:33,951 - device_data_handler - INFO - device_data_handler.py:73 - Device dv1 Zone 3: Robot is stationary
2025-09-26 12:38:33,963 - device_data_handler - INFO - device_data_handler.py:149 - Device dv1 Zone 3: Robot is stationary
2025-09-26 12:38:34,962 - device_data_handler - INFO - device_data_handler.py:73 - Device dv1 Zone 3: Robot is stationary
2025-09-26 12:38:34,975 - device_data_handler - INFO - device_data_handler.py:149 - Device dv1 Zone 3: Robot is stationary
2025-09-26 12:38:35,947 - device_data_handler - INFO - device_data_handler.py:73 - Device dv1 Zone 3: Robot is stationary
2025-09-26 12:38:35,954 - device_data_handler - INFO - device_data_handler.py:149 - Device dv1 Zone 3: Robot is stationary
2025-09-26 12:38:36,049 - device_location_syncer - ERROR - sync_device_locations.py:241 - Error processing device d11: could not convert string to float: ''
2025-09-26 12:38:36,050 - device_location_syncer - ERROR - sync_device_locations.py:241 - Error processing device pp111: could not convert string to float: ''
2025-09-26 12:38:36,051 - device_location_syncer - ERROR - sync_device_locations.py:241 - Error processing device ppp11: could not convert string to float: ''
2025-09-26 12:38:36,052 - device_location_syncer - ERROR - sync_device_locations.py:241 - Error processing device dev1: could not convert string to float: ''
2025-09-26 12:38:36,053 - device_location_syncer - ERROR - sync_device_locations.py:241 - Error processing device dv1: could not convert string to float: ''
2025-09-26 12:38:36,054 - device_location_syncer - ERROR - sync_device_locations.py:241 - Error processing device dv11: could not convert string to float: ''
2025-09-26 12:38:36,054 - device_location_syncer - INFO - sync_device_locations.py:250 - Sync completed. No location updates needed.
2025-09-26 12:38:36,376 - device_data_handler - INFO - device_data_handler.py:149 - Device dv1 Zone 3: Robot is stationary
2025-09-26 12:38:36,381 - device_data_handler - INFO - device_data_handler.py:73 - Device dv1 Zone 3: Robot is stationary
2025-09-26 12:38:36,394 - device_data_handler - INFO - device_data_handler.py:149 - Device dv1 Zone 3: Robot is stationary
2025-09-26 12:38:36,945 - device_data_handler - INFO - device_data_handler.py:73 - Device dv1 Zone 3: Robot is stationary
2025-09-26 12:38:36,954 - device_data_handler - INFO - device_data_handler.py:149 - Device dv1 Zone 3: Robot is stationary
2025-09-26 12:38:37,941 - device_data_handler - INFO - device_data_handler.py:73 - Device dv1 Zone 3: Robot is stationary
2025-09-26 12:38:37,950 - device_data_handler - INFO - device_data_handler.py:149 - Device dv1 Zone 3: Robot is stationary
2025-09-26 12:38:38,946 - device_data_handler - INFO - device_data_handler.py:73 - Device dv1 Zone 3: Robot is stationary
2025-09-26 12:38:38,957 - device_data_handler - INFO - device_data_handler.py:149 - Device dv1 Zone 3: Robot is stationary
2025-09-26 12:38:39,947 - device_data_handler - INFO - device_data_handler.py:73 - Device dv1 Zone 3: Robot is stationary
2025-09-26 12:38:39,959 - device_data_handler - INFO - device_data_handler.py:149 - Device dv1 Zone 3: Robot is stationary
2025-09-26 12:38:40,985 - device_data_handler - INFO - device_data_handler.py:73 - Device dv1 Zone 3: Robot is stationary
2025-09-26 12:38:40,999 - device_data_handler - INFO - device_data_handler.py:149 - Device dv1 Zone 3: Robot is stationary
2025-09-26 12:38:41,309 - device_data_handler - INFO - device_data_handler.py:149 - Device dv1 Zone 3: Robot is stationary
2025-09-26 12:38:41,313 - device_data_handler - INFO - device_data_handler.py:73 - Device dv1 Zone 3: Robot is stationary
2025-09-26 12:38:41,321 - device_data_handler - INFO - device_data_handler.py:149 - Device dv1 Zone 3: Robot is stationary
2025-09-26 12:38:41,934 - device_data_handler - INFO - device_data_handler.py:73 - Device dv1 Zone 3: Robot is stationary
2025-09-26 12:38:41,945 - device_data_handler - INFO - device_data_handler.py:149 - Device dv1 Zone 3: Robot is stationary
2025-09-26 12:38:42,950 - device_data_handler - INFO - device_data_handler.py:73 - Device dv1 Zone 3: Robot is stationary
2025-09-26 12:38:42,963 - device_data_handler - INFO - device_data_handler.py:149 - Device dv1 Zone 3: Robot is stationary
2025-09-26 12:38:43,938 - device_data_handler - INFO - device_data_handler.py:73 - Device dv1 Zone 3: Robot is stationary
2025-09-26 12:38:43,947 - device_data_handler - INFO - device_data_handler.py:149 - Device dv1 Zone 3: Robot is stationary
2025-09-26 12:38:44,949 - device_data_handler - INFO - device_data_handler.py:73 - Device dv1 Zone 3: Robot is stationary
2025-09-26 12:38:44,961 - device_data_handler - INFO - device_data_handler.py:149 - Device dv1 Zone 3: Robot is stationary
2025-09-26 12:38:45,943 - device_data_handler - INFO - device_data_handler.py:73 - Device dv1 Zone 3: Robot is stationary
2025-09-26 12:38:45,950 - device_data_handler - INFO - device_data_handler.py:149 - Device dv1 Zone 3: Robot is stationary
2025-09-26 12:38:46,325 - device_data_handler - INFO - device_data_handler.py:149 - Device dv1 Zone 3: Robot is stationary
2025-09-26 12:38:46,329 - device_data_handler - INFO - device_data_handler.py:73 - Device dv1 Zone 3: Robot is stationary
2025-09-26 12:38:46,339 - device_data_handler - INFO - device_data_handler.py:149 - Device dv1 Zone 3: Robot is stationary
2025-09-26 12:38:46,941 - device_data_handler - INFO - device_data_handler.py:73 - Device dv1 Zone 3: Robot is stationary
2025-09-26 12:38:46,948 - device_data_handler - INFO - device_data_handler.py:149 - Device dv1 Zone 3: Robot is stationary
2025-09-26 12:38:47,940 - device_data_handler - INFO - device_data_handler.py:73 - Device dv1 Zone 3: Robot is stationary
2025-09-26 12:38:47,948 - device_data_handler - INFO - device_data_handler.py:149 - Device dv1 Zone 3: Robot is stationary
2025-09-26 12:38:48,941 - device_data_handler - INFO - device_data_handler.py:73 - Device dv1 Zone 3: Robot is stationary
2025-09-26 12:38:48,948 - device_data_handler - INFO - device_data_handler.py:149 - Device dv1 Zone 3: Robot is stationary
2025-09-26 12:38:49,964 - device_data_handler - INFO - device_data_handler.py:73 - Device dv1 Zone 3: Robot is stationary
2025-09-26 12:38:49,979 - device_data_handler - INFO - device_data_handler.py:149 - Device dv1 Zone 3: Robot is stationary
2025-09-26 12:38:50,948 - device_data_handler - INFO - device_data_handler.py:73 - Device dv1 Zone 3: Robot is stationary
2025-09-26 12:38:50,961 - device_data_handler - INFO - device_data_handler.py:149 - Device dv1 Zone 3: Robot is stationary
2025-09-26 12:38:51,313 - device_data_handler - INFO - device_data_handler.py:149 - Device dv1 Zone 3: Robot is stationary
2025-09-26 12:38:51,317 - device_data_handler - INFO - device_data_handler.py:73 - Device dv1 Zone 3: Robot is stationary
2025-09-26 12:38:51,327 - device_data_handler - INFO - device_data_handler.py:149 - Device dv1 Zone 3: Robot is stationary
2025-09-26 12:38:51,941 - device_data_handler - INFO - device_data_handler.py:73 - Device dv1 Zone 3: Robot is stationary
2025-09-26 12:38:51,948 - device_data_handler - INFO - device_data_handler.py:149 - Device dv1 Zone 3: Robot is stationary
2025-09-26 12:38:52,947 - device_data_handler - INFO - device_data_handler.py:73 - Device dv1 Zone 3: Robot is stationary
2025-09-26 12:38:52,959 - device_data_handler - INFO - device_data_handler.py:149 - Device dv1 Zone 3: Robot is stationary
2025-09-26 12:38:53,941 - device_data_handler - INFO - device_data_handler.py:73 - Device dv1 Zone 3: Robot is stationary
2025-09-26 12:38:53,948 - device_data_handler - INFO - device_data_handler.py:149 - Device dv1 Zone 3: Robot is stationary
2025-09-26 12:38:54,960 - device_data_handler - INFO - device_data_handler.py:73 - Device dv1 Zone 3: Robot is stationary
2025-09-26 12:38:54,971 - device_data_handler - INFO - device_data_handler.py:149 - Device dv1 Zone 3: Robot is stationary
2025-09-26 12:38:55,949 - device_data_handler - INFO - device_data_handler.py:73 - Device dv1 Zone 3: Robot is stationary
2025-09-26 12:38:55,961 - device_data_handler - INFO - device_data_handler.py:149 - Device dv1 Zone 3: Robot is stationary
2025-09-26 12:38:56,309 - device_data_handler - INFO - device_data_handler.py:149 - Device dv1 Zone 3: Robot is stationary
2025-09-26 12:38:56,315 - device_data_handler - INFO - device_data_handler.py:73 - Device dv1 Zone 3: Robot is stationary
2025-09-26 12:38:56,328 - device_data_handler - INFO - device_data_handler.py:149 - Device dv1 Zone 3: Robot is stationary
2025-09-26 12:38:56,949 - device_data_handler - INFO - device_data_handler.py:73 - Device dv1 Zone 3: Robot is stationary
2025-09-26 12:38:56,961 - device_data_handler - INFO - device_data_handler.py:149 - Device dv1 Zone 3: Robot is stationary
2025-09-26 12:38:57,936 - device_data_handler - INFO - device_data_handler.py:73 - Device dv1 Zone 3: Robot is stationary
2025-09-26 12:38:57,945 - device_data_handler - INFO - device_data_handler.py:149 - Device dv1 Zone 3: Robot is stationary
2025-09-26 12:38:58,937 - device_data_handler - INFO - device_data_handler.py:73 - Device dv1 Zone 3: Robot is stationary
2025-09-26 12:38:58,945 - device_data_handler - INFO - device_data_handler.py:149 - Device dv1 Zone 3: Robot is stationary
2025-09-26 12:38:59,941 - device_data_handler - INFO - device_data_handler.py:73 - Device dv1 Zone 3: Robot is stationary
2025-09-26 12:38:59,949 - device_data_handler - INFO - device_data_handler.py:149 - Device dv1 Zone 3: Robot is stationary
2025-09-26 12:39:00,937 - device_data_handler - INFO - device_data_handler.py:73 - Device dv1 Zone 3: Robot is stationary
2025-09-26 12:39:00,947 - device_data_handler - INFO - device_data_handler.py:149 - Device dv1 Zone 3: Robot is stationary
2025-09-26 12:39:01,314 - device_data_handler - INFO - device_data_handler.py:149 - Device dv1 Zone 3: Robot is stationary
2025-09-26 12:39:01,321 - device_data_handler - INFO - device_data_handler.py:73 - Device dv1 Zone 3: Robot is stationary
2025-09-26 12:39:01,328 - device_data_handler - INFO - device_data_handler.py:149 - Device dv1 Zone 3: Robot is stationary
2025-09-26 12:39:01,940 - device_data_handler - INFO - device_data_handler.py:73 - Device dv1 Zone 3: Robot is stationary
2025-09-26 12:39:01,947 - device_data_handler - INFO - device_data_handler.py:149 - Device dv1 Zone 3: Robot is stationary
2025-09-26 12:39:02,954 - device_data_handler - INFO - device_data_handler.py:73 - Device dv1 Zone 3: Robot is stationary
2025-09-26 12:39:02,963 - device_data_handler - INFO - device_data_handler.py:149 - Device dv1 Zone 3: Robot is stationary
2025-09-26 12:39:03,167 - device_list - INFO - device_list.py:248 - Refreshing device data...
2025-09-26 12:39:03,171 - device_list - INFO - device_list.py:268 - Loaded 12 devices from CSV
2025-09-26 12:39:03,948 - device_data_handler - INFO - device_data_handler.py:73 - Device dv1 Zone 3: Robot is stationary
2025-09-26 12:39:03,961 - device_data_handler - INFO - device_data_handler.py:149 - Device dv1 Zone 3: Robot is stationary
2025-09-26 12:39:04,942 - device_data_handler - INFO - device_data_handler.py:73 - Device dv1 Zone 3: Robot is stationary
2025-09-26 12:39:04,954 - device_data_handler - INFO - device_data_handler.py:149 - Device dv1 Zone 3: Robot is stationary
2025-09-26 12:39:05,947 - device_data_handler - INFO - device_data_handler.py:73 - Device dv1 Zone 3: Robot is stationary
2025-09-26 12:39:05,959 - device_data_handler - INFO - device_data_handler.py:149 - Device dv1 Zone 3: Robot is stationary
2025-09-26 12:39:08,088 - api_client - WARNING - client.py:80 - Request attempt 1 failed: HTTPConnectionPool(host='127.0.0.1', port=8000): Max retries exceeded with url: /api/ (Caused by NewConnectionError('<urllib3.connection.HTTPConnection object at 0x0000027F65075D00>: Failed to establish a new connection: [WinError 10061] No connection could be made because the target machine actively refused it'))
2025-09-26 12:39:10,119 - api_client - WARNING - client.py:80 - Request attempt 2 failed: HTTPConnectionPool(host='127.0.0.1', port=8000): Max retries exceeded with url: /api/ (Caused by NewConnectionError('<urllib3.connection.HTTPConnection object at 0x0000027F650757B0>: Failed to establish a new connection: [WinError 10061] No connection could be made because the target machine actively refused it'))
2025-09-26 12:39:12,138 - api_client - WARNING - client.py:80 - Request attempt 3 failed: HTTPConnectionPool(host='127.0.0.1', port=8000): Max retries exceeded with url: /api/ (Caused by NewConnectionError('<urllib3.connection.HTTPConnection object at 0x0000027F65075590>: Failed to establish a new connection: [WinError 10061] No connection could be made because the target machine actively refused it'))
2025-09-26 12:39:12,163 - device_location_syncer - ERROR - sync_device_locations.py:241 - Error processing device d11: could not convert string to float: ''
2025-09-26 12:39:12,166 - device_location_syncer - ERROR - sync_device_locations.py:241 - Error processing device pp111: could not convert string to float: ''
2025-09-26 12:39:12,169 - device_location_syncer - ERROR - sync_device_locations.py:241 - Error processing device ppp11: could not convert string to float: ''
2025-09-26 12:39:12,172 - device_location_syncer - ERROR - sync_device_locations.py:241 - Error processing device dev1: could not convert string to float: ''
2025-09-26 12:39:12,175 - device_location_syncer - ERROR - sync_device_locations.py:241 - Error processing device dv1: could not convert string to float: ''
2025-09-26 12:39:12,178 - device_location_syncer - ERROR - sync_device_locations.py:241 - Error processing device dv11: could not convert string to float: ''
2025-09-26 12:39:12,181 - device_location_syncer - INFO - sync_device_locations.py:250 - Sync completed. No location updates needed.
2025-09-26 12:39:12,204 - device_data_handler - INFO - device_data_handler.py:149 - Device dv1 Zone 3: Robot is stationary
2025-09-26 12:39:12,215 - device_data_handler - INFO - device_data_handler.py:73 - Device dv1 Zone 3: Robot is stationary
2025-09-26 12:39:12,227 - device_data_handler - INFO - device_data_handler.py:149 - Device dv1 Zone 3: Robot is stationary
2025-09-26 12:39:12,237 - device_data_handler - INFO - device_data_handler.py:73 - Device dv1 Zone 3: Robot is stationary
2025-09-26 12:39:12,245 - device_data_handler - INFO - device_data_handler.py:149 - Device dv1 Zone 3: Robot is stationary
2025-09-26 12:39:12,986 - device_data_handler - INFO - device_data_handler.py:73 - Device dv1 Zone 3: Robot is stationary
2025-09-26 12:39:12,993 - device_data_handler - INFO - device_data_handler.py:149 - Device dv1 Zone 3: Robot is stationary
2025-09-26 12:39:13,983 - device_data_handler - INFO - device_data_handler.py:73 - Device dv1 Zone 3: Robot is stationary
2025-09-26 12:39:13,992 - device_data_handler - INFO - device_data_handler.py:149 - Device dv1 Zone 3: Robot is stationary
2025-09-26 12:39:14,969 - device_data_handler - INFO - device_data_handler.py:73 - Device dv1 Zone 3: Robot is stationary
2025-09-26 12:39:14,977 - device_data_handler - INFO - device_data_handler.py:149 - Device dv1 Zone 3: Robot is stationary
2025-09-26 12:39:15,972 - device_data_handler - INFO - device_data_handler.py:73 - Device dv1 Zone 3: Robot is stationary
2025-09-26 12:39:15,983 - device_data_handler - INFO - device_data_handler.py:149 - Device dv1 Zone 3: Robot is stationary
2025-09-26 12:39:16,310 - device_data_handler - INFO - device_data_handler.py:149 - Device dv1 Zone 3: Robot is stationary
2025-09-26 12:39:16,318 - device_data_handler - INFO - device_data_handler.py:73 - Device dv1 Zone 3: Robot is stationary
2025-09-26 12:39:16,326 - device_data_handler - INFO - device_data_handler.py:149 - Device dv1 Zone 3: Robot is stationary
2025-09-26 12:39:16,970 - device_data_handler - INFO - device_data_handler.py:73 - Device dv1 Zone 3: Robot is stationary
2025-09-26 12:39:16,977 - device_data_handler - INFO - device_data_handler.py:149 - Device dv1 Zone 3: Robot is stationary
2025-09-26 12:39:17,968 - device_data_handler - INFO - device_data_handler.py:73 - Device dv1 Zone 3: Robot is stationary
2025-09-26 12:39:17,985 - device_data_handler - INFO - device_data_handler.py:149 - Device dv1 Zone 3: Robot is stationary
2025-09-26 12:39:19,068 - device_data_handler - INFO - device_data_handler.py:73 - Device dv1 Zone 3: Robot is stationary
2025-09-26 12:39:19,103 - device_data_handler - INFO - device_data_handler.py:149 - Device dv1 Zone 3: Robot is stationary
2025-09-26 12:39:19,984 - device_data_handler - INFO - device_data_handler.py:73 - Device dv1 Zone 3: Robot is stationary
2025-09-26 12:39:19,992 - device_data_handler - INFO - device_data_handler.py:149 - Device dv1 Zone 3: Robot is stationary
2025-09-26 12:39:20,993 - device_data_handler - INFO - device_data_handler.py:73 - Device dv1 Zone 3: Robot is stationary
2025-09-26 12:39:21,004 - device_data_handler - INFO - device_data_handler.py:149 - Device dv1 Zone 3: Robot is stationary
2025-09-26 12:39:21,316 - device_data_handler - INFO - device_data_handler.py:149 - Device dv1 Zone 3: Robot is stationary
2025-09-26 12:39:21,320 - device_data_handler - INFO - device_data_handler.py:73 - Device dv1 Zone 3: Robot is stationary
2025-09-26 12:39:21,328 - device_data_handler - INFO - device_data_handler.py:149 - Device dv1 Zone 3: Robot is stationary
2025-09-26 12:39:21,990 - device_data_handler - INFO - device_data_handler.py:73 - Device dv1 Zone 3: Robot is stationary
2025-09-26 12:39:22,001 - device_data_handler - INFO - device_data_handler.py:149 - Device dv1 Zone 3: Robot is stationary
2025-09-26 12:39:22,983 - device_data_handler - INFO - device_data_handler.py:73 - Device dv1 Zone 3: Robot is stationary
2025-09-26 12:39:22,991 - device_data_handler - INFO - device_data_handler.py:149 - Device dv1 Zone 3: Robot is stationary
2025-09-26 12:39:23,984 - device_data_handler - INFO - device_data_handler.py:73 - Device dv1 Zone 3: Robot is stationary
2025-09-26 12:39:23,991 - device_data_handler - INFO - device_data_handler.py:149 - Device dv1 Zone 3: Robot is stationary
2025-09-26 12:39:24,999 - device_data_handler - INFO - device_data_handler.py:73 - Device dv1 Zone 3: Robot is stationary
2025-09-26 12:39:25,009 - device_data_handler - INFO - device_data_handler.py:149 - Device dv1 Zone 3: Robot is stationary
2025-09-26 12:39:25,984 - device_data_handler - INFO - device_data_handler.py:73 - Device dv1 Zone 3: Robot is stationary
2025-09-26 12:39:25,991 - device_data_handler - INFO - device_data_handler.py:149 - Device dv1 Zone 3: Robot is stationary
2025-09-26 12:39:26,303 - device_data_handler - INFO - device_data_handler.py:149 - Device dv1 Zone 3: Robot is stationary
2025-09-26 12:39:26,308 - device_data_handler - INFO - device_data_handler.py:73 - Device dv1 Zone 3: Robot is stationary
2025-09-26 12:39:26,319 - device_data_handler - INFO - device_data_handler.py:149 - Device dv1 Zone 3: Robot is stationary
2025-09-26 12:39:26,987 - device_data_handler - INFO - device_data_handler.py:73 - Device dv1 Zone 3: Robot is stationary
2025-09-26 12:39:26,998 - device_data_handler - INFO - device_data_handler.py:149 - Device dv1 Zone 3: Robot is stationary
2025-09-26 12:39:27,983 - device_data_handler - INFO - device_data_handler.py:73 - Device dv1 Zone 3: Robot is stationary
2025-09-26 12:39:27,991 - device_data_handler - INFO - device_data_handler.py:149 - Device dv1 Zone 3: Robot is stationary
2025-09-26 12:39:28,982 - device_data_handler - INFO - device_data_handler.py:73 - Device dv1 Zone 3: Robot is stationary
2025-09-26 12:39:28,991 - device_data_handler - INFO - device_data_handler.py:149 - Device dv1 Zone 3: Robot is stationary
2025-09-26 12:39:29,994 - device_data_handler - INFO - device_data_handler.py:73 - Device dv1 Zone 3: Robot is stationary
2025-09-26 12:39:30,003 - device_data_handler - INFO - device_data_handler.py:149 - Device dv1 Zone 3: Robot is stationary
2025-09-26 12:39:30,999 - device_data_handler - INFO - device_data_handler.py:73 - Device dv1 Zone 3: Robot is stationary
2025-09-26 12:39:31,006 - device_data_handler - INFO - device_data_handler.py:149 - Device dv1 Zone 3: Robot is stationary
2025-09-26 12:39:31,317 - device_data_handler - INFO - device_data_handler.py:149 - Device dv1 Zone 3: Robot is stationary
2025-09-26 12:39:31,321 - device_data_handler - INFO - device_data_handler.py:73 - Device dv1 Zone 3: Robot is stationary
2025-09-26 12:39:31,332 - device_data_handler - INFO - device_data_handler.py:149 - Device dv1 Zone 3: Robot is stationary
2025-09-26 12:39:31,999 - device_data_handler - INFO - device_data_handler.py:73 - Device dv1 Zone 3: Robot is stationary
2025-09-26 12:39:32,006 - device_data_handler - INFO - device_data_handler.py:149 - Device dv1 Zone 3: Robot is stationary
2025-09-26 12:39:32,981 - device_data_handler - INFO - device_data_handler.py:73 - Device dv1 Zone 3: Robot is stationary
2025-09-26 12:39:32,989 - device_data_handler - INFO - device_data_handler.py:149 - Device dv1 Zone 3: Robot is stationary
2025-09-26 12:39:33,184 - device_list - INFO - device_list.py:248 - Refreshing device data...
2025-09-26 12:39:33,186 - device_list - INFO - device_list.py:268 - Loaded 12 devices from CSV
2025-09-26 12:39:33,981 - device_data_handler - INFO - device_data_handler.py:73 - Device dv1 Zone 3: Robot is stationary
2025-09-26 12:39:33,988 - device_data_handler - INFO - device_data_handler.py:149 - Device dv1 Zone 3: Robot is stationary
2025-09-26 12:39:34,983 - device_data_handler - INFO - device_data_handler.py:73 - Device dv1 Zone 3: Robot is stationary
2025-09-26 12:39:34,990 - device_data_handler - INFO - device_data_handler.py:149 - Device dv1 Zone 3: Robot is stationary
2025-09-26 12:39:35,988 - device_data_handler - INFO - device_data_handler.py:73 - Device dv1 Zone 3: Robot is stationary
2025-09-26 12:39:35,999 - device_data_handler - INFO - device_data_handler.py:149 - Device dv1 Zone 3: Robot is stationary
2025-09-26 12:39:36,036 - device_location_syncer - ERROR - sync_device_locations.py:241 - Error processing device d11: could not convert string to float: ''
2025-09-26 12:39:36,037 - device_location_syncer - ERROR - sync_device_locations.py:241 - Error processing device pp111: could not convert string to float: ''
2025-09-26 12:39:36,038 - device_location_syncer - ERROR - sync_device_locations.py:241 - Error processing device ppp11: could not convert string to float: ''
2025-09-26 12:39:36,039 - device_location_syncer - ERROR - sync_device_locations.py:241 - Error processing device dev1: could not convert string to float: ''
2025-09-26 12:39:36,045 - device_location_syncer - ERROR - sync_device_locations.py:241 - Error processing device dv1: could not convert string to float: ''
2025-09-26 12:39:36,047 - device_location_syncer - ERROR - sync_device_locations.py:241 - Error processing device dv11: could not convert string to float: ''
2025-09-26 12:39:36,047 - device_location_syncer - INFO - sync_device_locations.py:250 - Sync completed. No location updates needed.
2025-09-26 12:39:36,321 - device_data_handler - INFO - device_data_handler.py:149 - Device dv1 Zone 3: Robot is stationary
2025-09-26 12:39:36,328 - device_data_handler - INFO - device_data_handler.py:73 - Device dv1 Zone 3: Robot is stationary
2025-09-26 12:39:36,335 - device_data_handler - INFO - device_data_handler.py:149 - Device dv1 Zone 3: Robot is stationary
2025-09-26 12:39:36,995 - device_data_handler - INFO - device_data_handler.py:73 - Device dv1 Zone 3: Robot is stationary
2025-09-26 12:39:37,004 - device_data_handler - INFO - device_data_handler.py:149 - Device dv1 Zone 3: Robot is stationary
2025-09-26 12:39:37,984 - device_data_handler - INFO - device_data_handler.py:73 - Device dv1 Zone 3: Robot is stationary
2025-09-26 12:39:37,995 - device_data_handler - INFO - device_data_handler.py:149 - Device dv1 Zone 3: Robot is stationary
2025-09-26 12:39:38,984 - device_data_handler - INFO - device_data_handler.py:73 - Device dv1 Zone 3: Robot is stationary
2025-09-26 12:39:38,996 - device_data_handler - INFO - device_data_handler.py:149 - Device dv1 Zone 3: Robot is stationary
2025-09-26 12:39:39,997 - device_data_handler - INFO - device_data_handler.py:73 - Device dv1 Zone 3: Robot is stationary
2025-09-26 12:39:40,004 - device_data_handler - INFO - device_data_handler.py:149 - Device dv1 Zone 3: Robot is stationary
2025-09-26 12:39:40,985 - device_data_handler - INFO - device_data_handler.py:73 - Device dv1 Zone 3: Robot is stationary
2025-09-26 12:39:40,997 - device_data_handler - INFO - device_data_handler.py:149 - Device dv1 Zone 3: Robot is stationary
2025-09-26 12:39:41,312 - device_data_handler - INFO - device_data_handler.py:149 - Device dv1 Zone 3: Robot is stationary
2025-09-26 12:39:41,316 - device_data_handler - INFO - device_data_handler.py:73 - Device dv1 Zone 3: Robot is stationary
2025-09-26 12:39:41,327 - device_data_handler - INFO - device_data_handler.py:149 - Device dv1 Zone 3: Robot is stationary
2025-09-26 12:39:41,984 - device_data_handler - INFO - device_data_handler.py:73 - Device dv1 Zone 3: Robot is stationary
2025-09-26 12:39:41,998 - device_data_handler - INFO - device_data_handler.py:149 - Device dv1 Zone 3: Robot is stationary
2025-09-26 12:39:42,995 - device_data_handler - INFO - device_data_handler.py:73 - Device dv1 Zone 3: Robot is stationary
2025-09-26 12:39:43,004 - device_data_handler - INFO - device_data_handler.py:149 - Device dv1 Zone 3: Robot is stationary
2025-09-26 12:39:43,997 - device_data_handler - INFO - device_data_handler.py:73 - Device dv1 Zone 3: Robot is stationary
2025-09-26 12:39:44,004 - device_data_handler - INFO - device_data_handler.py:149 - Device dv1 Zone 3: Robot is stationary
2025-09-26 12:39:44,995 - device_data_handler - INFO - device_data_handler.py:73 - Device dv1 Zone 3: Robot is stationary
2025-09-26 12:39:45,002 - device_data_handler - INFO - device_data_handler.py:149 - Device dv1 Zone 3: Robot is stationary
2025-09-26 12:39:45,997 - device_data_handler - INFO - device_data_handler.py:73 - Device dv1 Zone 3: Robot is stationary
2025-09-26 12:39:46,004 - device_data_handler - INFO - device_data_handler.py:149 - Device dv1 Zone 3: Robot is stationary
2025-09-26 12:39:46,319 - device_data_handler - INFO - device_data_handler.py:149 - Device dv1 Zone 3: Robot is stationary
2025-09-26 12:39:46,327 - device_data_handler - INFO - device_data_handler.py:73 - Device dv1 Zone 3: Robot is stationary
2025-09-26 12:39:46,334 - device_data_handler - INFO - device_data_handler.py:149 - Device dv1 Zone 3: Robot is stationary
2025-09-26 12:39:46,997 - device_data_handler - INFO - device_data_handler.py:73 - Device dv1 Zone 3: Robot is stationary
2025-09-26 12:39:47,004 - device_data_handler - INFO - device_data_handler.py:149 - Device dv1 Zone 3: Robot is stationary
2025-09-26 12:39:47,985 - device_data_handler - INFO - device_data_handler.py:73 - Device dv1 Zone 3: Robot is stationary
2025-09-26 12:39:47,998 - device_data_handler - INFO - device_data_handler.py:149 - Device dv1 Zone 3: Robot is stationary
2025-09-26 12:39:48,986 - device_data_handler - INFO - device_data_handler.py:73 - Device dv1 Zone 3: Robot is stationary
2025-09-26 12:39:48,998 - device_data_handler - INFO - device_data_handler.py:149 - Device dv1 Zone 3: Robot is stationary
2025-09-26 12:39:50,015 - device_data_handler - INFO - device_data_handler.py:73 - Device dv1 Zone 3: Robot is stationary
2025-09-26 12:39:50,035 - device_data_handler - INFO - device_data_handler.py:149 - Device dv1 Zone 3: Robot is stationary
2025-09-26 12:39:50,990 - device_data_handler - INFO - device_data_handler.py:73 - Device dv1 Zone 3: Robot is stationary
2025-09-26 12:39:51,000 - device_data_handler - INFO - device_data_handler.py:149 - Device dv1 Zone 3: Robot is stationary
2025-09-26 12:39:51,315 - device_data_handler - INFO - device_data_handler.py:149 - Device dv1 Zone 3: Robot is stationary
2025-09-26 12:39:51,319 - device_data_handler - INFO - device_data_handler.py:73 - Device dv1 Zone 3: Robot is stationary
2025-09-26 12:39:51,330 - device_data_handler - INFO - device_data_handler.py:149 - Device dv1 Zone 3: Robot is stationary
2025-09-26 12:39:51,993 - device_data_handler - INFO - device_data_handler.py:73 - Device dv1 Zone 3: Robot is stationary
2025-09-26 12:39:52,000 - device_data_handler - INFO - device_data_handler.py:149 - Device dv1 Zone 3: Robot is stationary
2025-09-26 12:39:52,993 - device_data_handler - INFO - device_data_handler.py:73 - Device dv1 Zone 3: Robot is stationary
2025-09-26 12:39:53,001 - device_data_handler - INFO - device_data_handler.py:149 - Device dv1 Zone 3: Robot is stationary
2025-09-26 12:39:53,993 - device_data_handler - INFO - device_data_handler.py:73 - Device dv1 Zone 3: Robot is stationary
2025-09-26 12:39:54,000 - device_data_handler - INFO - device_data_handler.py:149 - Device dv1 Zone 3: Robot is stationary
2025-09-26 12:39:54,996 - device_data_handler - INFO - device_data_handler.py:73 - Device dv1 Zone 3: Robot is stationary
2025-09-26 12:39:55,009 - device_data_handler - INFO - device_data_handler.py:149 - Device dv1 Zone 3: Robot is stationary
2025-09-26 12:39:55,994 - device_data_handler - INFO - device_data_handler.py:73 - Device dv1 Zone 3: Robot is stationary
2025-09-26 12:39:56,001 - device_data_handler - INFO - device_data_handler.py:149 - Device dv1 Zone 3: Robot is stationary
2025-09-26 12:39:56,318 - device_data_handler - INFO - device_data_handler.py:149 - Device dv1 Zone 3: Robot is stationary
2025-09-26 12:39:56,326 - device_data_handler - INFO - device_data_handler.py:73 - Device dv1 Zone 3: Robot is stationary
2025-09-26 12:39:56,333 - device_data_handler - INFO - device_data_handler.py:149 - Device dv1 Zone 3: Robot is stationary
2025-09-26 12:39:56,993 - device_data_handler - INFO - device_data_handler.py:73 - Device dv1 Zone 3: Robot is stationary
2025-09-26 12:39:57,000 - device_data_handler - INFO - device_data_handler.py:149 - Device dv1 Zone 3: Robot is stationary
2025-09-26 12:39:57,997 - device_data_handler - INFO - device_data_handler.py:73 - Device dv1 Zone 3: Robot is stationary
2025-09-26 12:39:58,009 - device_data_handler - INFO - device_data_handler.py:149 - Device dv1 Zone 3: Robot is stationary
2025-09-26 12:39:58,991 - device_data_handler - INFO - device_data_handler.py:73 - Device dv1 Zone 3: Robot is stationary
2025-09-26 12:39:59,001 - device_data_handler - INFO - device_data_handler.py:149 - Device dv1 Zone 3: Robot is stationary
2025-09-26 12:39:59,995 - device_data_handler - INFO - device_data_handler.py:73 - Device dv1 Zone 3: Robot is stationary
2025-09-26 12:40:00,013 - device_data_handler - INFO - device_data_handler.py:149 - Device dv1 Zone 3: Robot is stationary
2025-09-26 12:40:00,993 - device_data_handler - INFO - device_data_handler.py:73 - Device dv1 Zone 3: Robot is stationary
2025-09-26 12:40:01,000 - device_data_handler - INFO - device_data_handler.py:149 - Device dv1 Zone 3: Robot is stationary
2025-09-26 12:40:01,326 - device_data_handler - INFO - device_data_handler.py:149 - Device dv1 Zone 3: Robot is stationary
2025-09-26 12:40:01,332 - device_data_handler - INFO - device_data_handler.py:73 - Device dv1 Zone 3: Robot is stationary
2025-09-26 12:40:01,345 - device_data_handler - INFO - device_data_handler.py:149 - Device dv1 Zone 3: Robot is stationary
2025-09-26 12:40:01,995 - device_data_handler - INFO - device_data_handler.py:73 - Device dv1 Zone 3: Robot is stationary
2025-09-26 12:40:02,008 - device_data_handler - INFO - device_data_handler.py:149 - Device dv1 Zone 3: Robot is stationary
2025-09-26 12:40:02,996 - device_data_handler - INFO - device_data_handler.py:73 - Device dv1 Zone 3: Robot is stationary
2025-09-26 12:40:03,008 - device_data_handler - INFO - device_data_handler.py:149 - Device dv1 Zone 3: Robot is stationary
2025-09-26 12:40:03,189 - device_list - INFO - device_list.py:248 - Refreshing device data...
2025-09-26 12:40:03,192 - device_list - INFO - device_list.py:268 - Loaded 12 devices from CSV
2025-09-26 12:40:03,980 - device_data_handler - INFO - device_data_handler.py:73 - Device dv1 Zone 3: Robot is stationary
2025-09-26 12:40:03,992 - device_data_handler - INFO - device_data_handler.py:149 - Device dv1 Zone 3: Robot is stationary
2025-09-26 12:40:04,991 - device_data_handler - INFO - device_data_handler.py:73 - Device dv1 Zone 3: Robot is stationary
2025-09-26 12:40:04,999 - device_data_handler - INFO - device_data_handler.py:149 - Device dv1 Zone 3: Robot is stationary
2025-09-26 12:40:05,994 - device_data_handler - INFO - device_data_handler.py:73 - Device dv1 Zone 3: Robot is stationary
2025-09-26 12:40:06,006 - device_data_handler - INFO - device_data_handler.py:149 - Device dv1 Zone 3: Robot is stationary
2025-09-26 12:40:08,054 - api_client - WARNING - client.py:80 - Request attempt 1 failed: HTTPConnectionPool(host='127.0.0.1', port=8000): Max retries exceeded with url: /api/ (Caused by NewConnectionError('<urllib3.connection.HTTPConnection object at 0x0000027F65075590>: Failed to establish a new connection: [WinError 10061] No connection could be made because the target machine actively refused it'))
2025-09-26 12:40:10,087 - api_client - WARNING - client.py:80 - Request attempt 2 failed: HTTPConnectionPool(host='127.0.0.1', port=8000): Max retries exceeded with url: /api/ (Caused by NewConnectionError('<urllib3.connection.HTTPConnection object at 0x0000027F650757B0>: Failed to establish a new connection: [WinError 10061] No connection could be made because the target machine actively refused it'))
2025-09-26 12:40:12,138 - api_client - WARNING - client.py:80 - Request attempt 3 failed: HTTPConnectionPool(host='127.0.0.1', port=8000): Max retries exceeded with url: /api/ (Caused by NewConnectionError('<urllib3.connection.HTTPConnection object at 0x0000027F65075D00>: Failed to establish a new connection: [WinError 10061] No connection could be made because the target machine actively refused it'))
2025-09-26 12:40:12,164 - device_location_syncer - ERROR - sync_device_locations.py:241 - Error processing device d11: could not convert string to float: ''
2025-09-26 12:40:12,171 - device_location_syncer - ERROR - sync_device_locations.py:241 - Error processing device pp111: could not convert string to float: ''
2025-09-26 12:40:12,177 - device_location_syncer - ERROR - sync_device_locations.py:241 - Error processing device ppp11: could not convert string to float: ''
2025-09-26 12:40:12,181 - device_location_syncer - ERROR - sync_device_locations.py:241 - Error processing device dev1: could not convert string to float: ''
2025-09-26 12:40:12,185 - device_location_syncer - ERROR - sync_device_locations.py:241 - Error processing device dv1: could not convert string to float: ''
2025-09-26 12:40:12,188 - device_location_syncer - ERROR - sync_device_locations.py:241 - Error processing device dv11: could not convert string to float: ''
2025-09-26 12:40:12,189 - device_location_syncer - INFO - sync_device_locations.py:250 - Sync completed. No location updates needed.
2025-09-26 12:40:12,226 - device_data_handler - INFO - device_data_handler.py:149 - Device dv1 Zone 3: Robot is stationary
2025-09-26 12:40:12,234 - device_data_handler - INFO - device_data_handler.py:73 - Device dv1 Zone 3: Robot is stationary
2025-09-26 12:40:12,245 - device_data_handler - INFO - device_data_handler.py:149 - Device dv1 Zone 3: Robot is stationary
2025-09-26 12:40:12,251 - device_data_handler - INFO - device_data_handler.py:73 - Device dv1 Zone 3: Robot is stationary
2025-09-26 12:40:12,260 - device_data_handler - INFO - device_data_handler.py:149 - Device dv1 Zone 3: Robot is stationary
2025-09-26 12:40:12,989 - device_data_handler - INFO - device_data_handler.py:73 - Device dv1 Zone 3: Robot is stationary
2025-09-26 12:40:12,996 - device_data_handler - INFO - device_data_handler.py:149 - Device dv1 Zone 3: Robot is stationary
2025-09-26 12:40:13,993 - device_data_handler - INFO - device_data_handler.py:73 - Device dv1 Zone 3: Robot is stationary
2025-09-26 12:40:14,005 - device_data_handler - INFO - device_data_handler.py:149 - Device dv1 Zone 3: Robot is stationary
2025-09-26 12:40:15,106 - device_data_handler - INFO - device_data_handler.py:73 - Device dv1 Zone 3: Robot is stationary
2025-09-26 12:40:15,120 - device_data_handler - INFO - device_data_handler.py:149 - Device dv1 Zone 3: Robot is stationary
2025-09-26 12:40:15,991 - device_data_handler - INFO - device_data_handler.py:73 - Device dv1 Zone 3: Robot is stationary
2025-09-26 12:40:16,001 - device_data_handler - INFO - device_data_handler.py:149 - Device dv1 Zone 3: Robot is stationary
2025-09-26 12:40:16,321 - device_data_handler - INFO - device_data_handler.py:149 - Device dv1 Zone 3: Robot is stationary
2025-09-26 12:40:16,325 - device_data_handler - INFO - device_data_handler.py:73 - Device dv1 Zone 3: Robot is stationary
2025-09-26 12:40:16,338 - device_data_handler - INFO - device_data_handler.py:149 - Device dv1 Zone 3: Robot is stationary
2025-09-26 12:40:16,996 - device_data_handler - INFO - device_data_handler.py:73 - Device dv1 Zone 3: Robot is stationary
2025-09-26 12:40:17,007 - device_data_handler - INFO - device_data_handler.py:149 - Device dv1 Zone 3: Robot is stationary
2025-09-26 12:40:18,004 - device_data_handler - INFO - device_data_handler.py:73 - Device dv1 Zone 3: Robot is stationary
2025-09-26 12:40:18,020 - device_data_handler - INFO - device_data_handler.py:149 - Device dv1 Zone 3: Robot is stationary
2025-09-26 12:40:18,989 - device_data_handler - INFO - device_data_handler.py:73 - Device dv1 Zone 3: Robot is stationary
2025-09-26 12:40:18,996 - device_data_handler - INFO - device_data_handler.py:149 - Device dv1 Zone 3: Robot is stationary
2025-09-26 12:40:19,986 - device_data_handler - INFO - device_data_handler.py:73 - Device dv1 Zone 3: Robot is stationary
2025-09-26 12:40:19,998 - device_data_handler - INFO - device_data_handler.py:149 - Device dv1 Zone 3: Robot is stationary
2025-09-26 12:40:21,003 - device_data_handler - INFO - device_data_handler.py:73 - Device dv1 Zone 3: Robot is stationary
2025-09-26 12:40:21,011 - device_data_handler - INFO - device_data_handler.py:149 - Device dv1 Zone 3: Robot is stationary
2025-09-26 12:40:21,326 - device_data_handler - INFO - device_data_handler.py:149 - Device dv1 Zone 3: Robot is stationary
2025-09-26 12:40:21,331 - device_data_handler - INFO - device_data_handler.py:73 - Device dv1 Zone 3: Robot is stationary
2025-09-26 12:40:21,343 - device_data_handler - INFO - device_data_handler.py:149 - Device dv1 Zone 3: Robot is stationary
2025-09-26 12:40:22,078 - device_data_handler - INFO - device_data_handler.py:73 - Device dv1 Zone 3: Robot is stationary
2025-09-26 12:40:22,118 - device_data_handler - INFO - device_data_handler.py:149 - Device dv1 Zone 3: Robot is stationary
2025-09-26 12:40:23,098 - device_data_handler - INFO - device_data_handler.py:73 - Device dv1 Zone 3: Robot is stationary
2025-09-26 12:40:23,108 - device_data_handler - INFO - device_data_handler.py:149 - Device dv1 Zone 3: Robot is stationary
2025-09-26 12:40:24,089 - device_data_handler - INFO - device_data_handler.py:73 - Device dv1 Zone 3: Robot is stationary
2025-09-26 12:40:24,100 - device_data_handler - INFO - device_data_handler.py:149 - Device dv1 Zone 3: Robot is stationary
2025-09-26 12:40:25,088 - device_data_handler - INFO - device_data_handler.py:73 - Device dv1 Zone 3: Robot is stationary
2025-09-26 12:40:25,099 - device_data_handler - INFO - device_data_handler.py:149 - Device dv1 Zone 3: Robot is stationary
2025-09-26 12:40:26,101 - device_data_handler - INFO - device_data_handler.py:73 - Device dv1 Zone 3: Robot is stationary
2025-09-26 12:40:26,109 - device_data_handler - INFO - device_data_handler.py:149 - Device dv1 Zone 3: Robot is stationary
2025-09-26 12:40:26,328 - device_data_handler - INFO - device_data_handler.py:149 - Device dv1 Zone 3: Robot is stationary
2025-09-26 12:40:26,337 - device_data_handler - INFO - device_data_handler.py:73 - Device dv1 Zone 3: Robot is stationary
2025-09-26 12:40:26,345 - device_data_handler - INFO - device_data_handler.py:149 - Device dv1 Zone 3: Robot is stationary
2025-09-26 12:40:27,084 - device_data_handler - INFO - device_data_handler.py:73 - Device dv1 Zone 3: Robot is stationary
2025-09-26 12:40:27,092 - device_data_handler - INFO - device_data_handler.py:149 - Device dv1 Zone 3: Robot is stationary
2025-09-26 12:40:28,118 - device_data_handler - INFO - device_data_handler.py:73 - Device dv1 Zone 3: Robot is stationary
2025-09-26 12:40:28,126 - device_data_handler - INFO - device_data_handler.py:149 - Device dv1 Zone 3: Robot is stationary
2025-09-26 12:40:29,084 - device_data_handler - INFO - device_data_handler.py:73 - Device dv1 Zone 3: Robot is stationary
2025-09-26 12:40:29,092 - device_data_handler - INFO - device_data_handler.py:149 - Device dv1 Zone 3: Robot is stationary
2025-09-26 12:40:30,091 - device_data_handler - INFO - device_data_handler.py:73 - Device dv1 Zone 3: Robot is stationary
2025-09-26 12:40:30,103 - device_data_handler - INFO - device_data_handler.py:149 - Device dv1 Zone 3: Robot is stationary
2025-09-26 12:40:31,134 - device_data_handler - INFO - device_data_handler.py:73 - Device dv1 Zone 3: Robot is stationary
2025-09-26 12:40:31,169 - device_data_handler - INFO - device_data_handler.py:149 - Device dv1 Zone 3: Robot is stationary
2025-09-26 12:40:31,336 - device_data_handler - INFO - device_data_handler.py:149 - Device dv1 Zone 3: Robot is stationary
2025-09-26 12:40:31,341 - device_data_handler - INFO - device_data_handler.py:73 - Device dv1 Zone 3: Robot is stationary
2025-09-26 12:40:31,353 - device_data_handler - INFO - device_data_handler.py:149 - Device dv1 Zone 3: Robot is stationary
2025-09-26 12:40:32,130 - device_data_handler - INFO - device_data_handler.py:73 - Device dv1 Zone 3: Robot is stationary
2025-09-26 12:40:32,139 - device_data_handler - INFO - device_data_handler.py:149 - Device dv1 Zone 3: Robot is stationary
2025-09-26 12:40:33,137 - device_data_handler - INFO - device_data_handler.py:73 - Device dv1 Zone 3: Robot is stationary
2025-09-26 12:40:33,147 - device_data_handler - INFO - device_data_handler.py:149 - Device dv1 Zone 3: Robot is stationary
2025-09-26 12:40:33,172 - device_list - INFO - device_list.py:248 - Refreshing device data...
2025-09-26 12:40:33,174 - device_list - INFO - device_list.py:268 - Loaded 12 devices from CSV
2025-09-26 12:40:34,137 - device_data_handler - INFO - device_data_handler.py:73 - Device dv1 Zone 3: Robot is stationary
2025-09-26 12:40:34,150 - device_data_handler - INFO - device_data_handler.py:149 - Device dv1 Zone 3: Robot is stationary
2025-09-26 12:40:35,122 - device_data_handler - INFO - device_data_handler.py:73 - Device dv1 Zone 3: Robot is stationary
2025-09-26 12:40:35,134 - device_data_handler - INFO - device_data_handler.py:149 - Device dv1 Zone 3: Robot is stationary
2025-09-26 12:40:36,033 - device_location_syncer - ERROR - sync_device_locations.py:241 - Error processing device d11: could not convert string to float: ''
2025-09-26 12:40:36,034 - device_location_syncer - ERROR - sync_device_locations.py:241 - Error processing device pp111: could not convert string to float: ''
2025-09-26 12:40:36,038 - device_location_syncer - ERROR - sync_device_locations.py:241 - Error processing device ppp11: could not convert string to float: ''
2025-09-26 12:40:36,040 - device_location_syncer - ERROR - sync_device_locations.py:241 - Error processing device dev1: could not convert string to float: ''
2025-09-26 12:40:36,041 - device_location_syncer - ERROR - sync_device_locations.py:241 - Error processing device dv1: could not convert string to float: ''
2025-09-26 12:40:36,042 - device_location_syncer - ERROR - sync_device_locations.py:241 - Error processing device dv11: could not convert string to float: ''
2025-09-26 12:40:36,042 - device_location_syncer - INFO - sync_device_locations.py:250 - Sync completed. No location updates needed.
2025-09-26 12:40:36,121 - device_data_handler - INFO - device_data_handler.py:73 - Device dv1 Zone 3: Robot is stationary
2025-09-26 12:40:36,132 - device_data_handler - INFO - device_data_handler.py:149 - Device dv1 Zone 3: Robot is stationary
2025-09-26 12:40:36,314 - device_data_handler - INFO - device_data_handler.py:149 - Device dv1 Zone 3: Robot is stationary
2025-09-26 12:40:36,319 - device_data_handler - INFO - device_data_handler.py:73 - Device dv1 Zone 3: Robot is stationary
2025-09-26 12:40:36,330 - device_data_handler - INFO - device_data_handler.py:149 - Device dv1 Zone 3: Robot is stationary
2025-09-26 12:40:37,139 - device_data_handler - INFO - device_data_handler.py:73 - Device dv1 Zone 3: Robot is stationary
2025-09-26 12:40:37,153 - device_data_handler - INFO - device_data_handler.py:149 - Device dv1 Zone 3: Robot is stationary
2025-09-26 12:40:38,132 - device_data_handler - INFO - device_data_handler.py:73 - Device dv1 Zone 3: Robot is stationary
2025-09-26 12:40:38,140 - device_data_handler - INFO - device_data_handler.py:149 - Device dv1 Zone 3: Robot is stationary
2025-09-26 12:40:39,203 - device_data_handler - INFO - device_data_handler.py:73 - Device dv1 Zone 3: Robot is stationary
2025-09-26 12:40:39,217 - device_data_handler - INFO - device_data_handler.py:149 - Device dv1 Zone 3: Robot is stationary
2025-09-26 12:40:40,133 - device_data_handler - INFO - device_data_handler.py:73 - Device dv1 Zone 3: Robot is stationary
2025-09-26 12:40:40,140 - device_data_handler - INFO - device_data_handler.py:149 - Device dv1 Zone 3: Robot is stationary
2025-09-26 12:40:41,134 - device_data_handler - INFO - device_data_handler.py:73 - Device dv1 Zone 3: Robot is stationary
2025-09-26 12:40:41,145 - device_data_handler - INFO - device_data_handler.py:149 - Device dv1 Zone 3: Robot is stationary
2025-09-26 12:40:41,324 - device_data_handler - INFO - device_data_handler.py:149 - Device dv1 Zone 3: Robot is stationary
2025-09-26 12:40:41,332 - device_data_handler - INFO - device_data_handler.py:73 - Device dv1 Zone 3: Robot is stationary
2025-09-26 12:40:41,341 - device_data_handler - INFO - device_data_handler.py:149 - Device dv1 Zone 3: Robot is stationary
2025-09-26 12:40:42,148 - device_data_handler - INFO - device_data_handler.py:73 - Device dv1 Zone 3: Robot is stationary
2025-09-26 12:40:42,174 - device_data_handler - INFO - device_data_handler.py:149 - Device dv1 Zone 3: Robot is stationary
2025-09-26 12:40:43,137 - device_data_handler - INFO - device_data_handler.py:73 - Device dv1 Zone 3: Robot is stationary
2025-09-26 12:40:43,149 - device_data_handler - INFO - device_data_handler.py:149 - Device dv1 Zone 3: Robot is stationary
2025-09-26 12:40:44,126 - device_data_handler - INFO - device_data_handler.py:73 - Device dv1 Zone 3: Robot is stationary
2025-09-26 12:40:44,136 - device_data_handler - INFO - device_data_handler.py:149 - Device dv1 Zone 3: Robot is stationary
2025-09-26 12:40:45,139 - device_data_handler - INFO - device_data_handler.py:73 - Device dv1 Zone 3: Robot is stationary
2025-09-26 12:40:45,151 - device_data_handler - INFO - device_data_handler.py:149 - Device dv1 Zone 3: Robot is stationary
2025-09-26 12:40:46,131 - device_data_handler - INFO - device_data_handler.py:73 - Device dv1 Zone 3: Robot is stationary
2025-09-26 12:40:46,138 - device_data_handler - INFO - device_data_handler.py:149 - Device dv1 Zone 3: Robot is stationary
2025-09-26 12:40:46,333 - device_data_handler - INFO - device_data_handler.py:149 - Device dv1 Zone 3: Robot is stationary
2025-09-26 12:40:46,338 - device_data_handler - INFO - device_data_handler.py:73 - Device dv1 Zone 3: Robot is stationary
2025-09-26 12:40:46,349 - device_data_handler - INFO - device_data_handler.py:149 - Device dv1 Zone 3: Robot is stationary
2025-09-26 12:40:47,121 - device_data_handler - INFO - device_data_handler.py:73 - Device dv1 Zone 3: Robot is stationary
2025-09-26 12:40:47,132 - device_data_handler - INFO - device_data_handler.py:149 - Device dv1 Zone 3: Robot is stationary
2025-09-26 12:40:48,133 - device_data_handler - INFO - device_data_handler.py:73 - Device dv1 Zone 3: Robot is stationary
2025-09-26 12:40:48,142 - device_data_handler - INFO - device_data_handler.py:149 - Device dv1 Zone 3: Robot is stationary
2025-09-26 12:40:49,144 - device_data_handler - INFO - device_data_handler.py:73 - Device dv1 Zone 3: Robot is stationary
2025-09-26 12:40:49,154 - device_data_handler - INFO - device_data_handler.py:149 - Device dv1 Zone 3: Robot is stationary
2025-09-26 12:40:50,126 - device_data_handler - INFO - device_data_handler.py:73 - Device dv1 Zone 3: Robot is stationary
2025-09-26 12:40:50,135 - device_data_handler - INFO - device_data_handler.py:149 - Device dv1 Zone 3: Robot is stationary
2025-09-26 12:40:51,122 - device_data_handler - INFO - device_data_handler.py:73 - Device dv1 Zone 3: Robot is stationary
2025-09-26 12:40:51,133 - device_data_handler - INFO - device_data_handler.py:149 - Device dv1 Zone 3: Robot is stationary
2025-09-26 12:40:51,338 - device_data_handler - INFO - device_data_handler.py:149 - Device dv1 Zone 3: Robot is stationary
2025-09-26 12:40:51,346 - device_data_handler - INFO - device_data_handler.py:73 - Device dv1 Zone 3: Robot is stationary
2025-09-26 12:40:51,353 - device_data_handler - INFO - device_data_handler.py:149 - Device dv1 Zone 3: Robot is stationary
2025-09-26 12:40:52,129 - device_data_handler - INFO - device_data_handler.py:73 - Device dv1 Zone 3: Robot is stationary
2025-09-26 12:40:52,137 - device_data_handler - INFO - device_data_handler.py:149 - Device dv1 Zone 3: Robot is stationary
2025-09-26 12:40:53,130 - device_data_handler - INFO - device_data_handler.py:73 - Device dv1 Zone 3: Robot is stationary
2025-09-26 12:40:53,138 - device_data_handler - INFO - device_data_handler.py:149 - Device dv1 Zone 3: Robot is stationary
2025-09-26 12:40:54,146 - device_data_handler - INFO - device_data_handler.py:73 - Device dv1 Zone 3: Robot is stationary
2025-09-26 12:40:54,154 - device_data_handler - INFO - device_data_handler.py:149 - Device dv1 Zone 3: Robot is stationary
2025-09-26 12:40:55,133 - device_data_handler - INFO - device_data_handler.py:73 - Device dv1 Zone 3: Robot is stationary
2025-09-26 12:40:55,145 - device_data_handler - INFO - device_data_handler.py:149 - Device dv1 Zone 3: Robot is stationary
2025-09-26 12:40:56,128 - device_data_handler - INFO - device_data_handler.py:73 - Device dv1 Zone 3: Robot is stationary
2025-09-26 12:40:56,136 - device_data_handler - INFO - device_data_handler.py:149 - Device dv1 Zone 3: Robot is stationary
2025-09-26 12:40:56,334 - device_data_handler - INFO - device_data_handler.py:149 - Device dv1 Zone 3: Robot is stationary
2025-09-26 12:40:56,343 - device_data_handler - INFO - device_data_handler.py:73 - Device dv1 Zone 3: Robot is stationary
2025-09-26 12:40:56,350 - device_data_handler - INFO - device_data_handler.py:149 - Device dv1 Zone 3: Robot is stationary
2025-09-26 12:40:57,148 - device_data_handler - INFO - device_data_handler.py:73 - Device dv1 Zone 3: Robot is stationary
2025-09-26 12:40:57,161 - device_data_handler - INFO - device_data_handler.py:149 - Device dv1 Zone 3: Robot is stationary
2025-09-26 12:40:58,134 - device_data_handler - INFO - device_data_handler.py:73 - Device dv1 Zone 3: Robot is stationary
2025-09-26 12:40:58,147 - device_data_handler - INFO - device_data_handler.py:149 - Device dv1 Zone 3: Robot is stationary
2025-09-26 12:40:59,131 - device_data_handler - INFO - device_data_handler.py:73 - Device dv1 Zone 3: Robot is stationary
2025-09-26 12:40:59,144 - device_data_handler - INFO - device_data_handler.py:149 - Device dv1 Zone 3: Robot is stationary
2025-09-26 12:41:00,151 - device_data_handler - INFO - device_data_handler.py:73 - Device dv1 Zone 3: Robot is stationary
2025-09-26 12:41:00,163 - device_data_handler - INFO - device_data_handler.py:149 - Device dv1 Zone 3: Robot is stationary
2025-09-26 12:41:01,130 - device_data_handler - INFO - device_data_handler.py:73 - Device dv1 Zone 3: Robot is stationary
2025-09-26 12:41:01,140 - device_data_handler - INFO - device_data_handler.py:149 - Device dv1 Zone 3: Robot is stationary
2025-09-26 12:41:01,347 - device_data_handler - INFO - device_data_handler.py:149 - Device dv1 Zone 3: Robot is stationary
2025-09-26 12:41:01,351 - device_data_handler - INFO - device_data_handler.py:73 - Device dv1 Zone 3: Robot is stationary
2025-09-26 12:41:01,361 - device_data_handler - INFO - device_data_handler.py:149 - Device dv1 Zone 3: Robot is stationary
2025-09-26 12:41:02,133 - device_data_handler - INFO - device_data_handler.py:73 - Device dv1 Zone 3: Robot is stationary
2025-09-26 12:41:02,147 - device_data_handler - INFO - device_data_handler.py:149 - Device dv1 Zone 3: Robot is stationary
2025-09-26 12:41:03,139 - device_data_handler - INFO - device_data_handler.py:73 - Device dv1 Zone 3: Robot is stationary
2025-09-26 12:41:03,148 - device_data_handler - INFO - device_data_handler.py:149 - Device dv1 Zone 3: Robot is stationary
2025-09-26 12:41:03,169 - device_list - INFO - device_list.py:248 - Refreshing device data...
2025-09-26 12:41:03,173 - device_list - INFO - device_list.py:268 - Loaded 12 devices from CSV
2025-09-26 12:41:04,126 - device_data_handler - INFO - device_data_handler.py:73 - Device dv1 Zone 3: Robot is stationary
2025-09-26 12:41:04,142 - device_data_handler - INFO - device_data_handler.py:149 - Device dv1 Zone 3: Robot is stationary
2025-09-26 12:41:05,150 - device_data_handler - INFO - device_data_handler.py:73 - Device dv1 Zone 3: Robot is stationary
2025-09-26 12:41:05,167 - device_data_handler - INFO - device_data_handler.py:149 - Device dv1 Zone 3: Robot is stationary
2025-09-26 12:41:08,086 - api_client - WARNING - client.py:80 - Request attempt 1 failed: HTTPConnectionPool(host='127.0.0.1', port=8000): Max retries exceeded with url: /api/ (Caused by NewConnectionError('<urllib3.connection.HTTPConnection object at 0x0000027F65075F20>: Failed to establish a new connection: [WinError 10061] No connection could be made because the target machine actively refused it'))
2025-09-26 12:41:10,118 - api_client - WARNING - client.py:80 - Request attempt 2 failed: HTTPConnectionPool(host='127.0.0.1', port=8000): Max retries exceeded with url: /api/ (Caused by NewConnectionError('<urllib3.connection.HTTPConnection object at 0x0000027F650757B0>: Failed to establish a new connection: [WinError 10061] No connection could be made because the target machine actively refused it'))
2025-09-26 12:41:12,149 - api_client - WARNING - client.py:80 - Request attempt 3 failed: HTTPConnectionPool(host='127.0.0.1', port=8000): Max retries exceeded with url: /api/ (Caused by NewConnectionError('<urllib3.connection.HTTPConnection object at 0x0000027F65075590>: Failed to establish a new connection: [WinError 10061] No connection could be made because the target machine actively refused it'))
2025-09-26 12:41:12,163 - device_location_syncer - ERROR - sync_device_locations.py:241 - Error processing device d11: could not convert string to float: ''
2025-09-26 12:41:12,167 - device_location_syncer - ERROR - sync_device_locations.py:241 - Error processing device pp111: could not convert string to float: ''
2025-09-26 12:41:12,170 - device_location_syncer - ERROR - sync_device_locations.py:241 - Error processing device ppp11: could not convert string to float: ''
2025-09-26 12:41:12,174 - device_location_syncer - ERROR - sync_device_locations.py:241 - Error processing device dev1: could not convert string to float: ''
2025-09-26 12:41:12,177 - device_location_syncer - ERROR - sync_device_locations.py:241 - Error processing device dv1: could not convert string to float: ''
2025-09-26 12:41:12,179 - device_location_syncer - ERROR - sync_device_locations.py:241 - Error processing device dv11: could not convert string to float: ''
2025-09-26 12:41:12,180 - device_location_syncer - INFO - sync_device_locations.py:250 - Sync completed. No location updates needed.
2025-09-26 12:41:12,183 - device_data_handler - INFO - device_data_handler.py:73 - Device dv1 Zone 3: Robot is stationary
2025-09-26 12:41:12,199 - device_data_handler - INFO - device_data_handler.py:149 - Device dv1 Zone 3: Robot is stationary
2025-09-26 12:41:12,229 - device_data_handler - INFO - device_data_handler.py:149 - Device dv1 Zone 3: Robot is stationary
2025-09-26 12:41:12,236 - device_data_handler - INFO - device_data_handler.py:73 - Device dv1 Zone 3: Robot is stationary
2025-09-26 12:41:12,326 - device_data_handler - INFO - device_data_handler.py:149 - Device dv1 Zone 3: Robot is stationary
2025-09-26 12:41:13,144 - device_data_handler - INFO - device_data_handler.py:73 - Device dv1 Zone 3: Robot is stationary
2025-09-26 12:41:13,157 - device_data_handler - INFO - device_data_handler.py:149 - Device dv1 Zone 3: Robot is stationary
2025-09-26 12:41:14,148 - device_data_handler - INFO - device_data_handler.py:73 - Device dv1 Zone 3: Robot is stationary
2025-09-26 12:41:14,160 - device_data_handler - INFO - device_data_handler.py:149 - Device dv1 Zone 3: Robot is stationary
2025-09-26 12:41:15,155 - device_data_handler - INFO - device_data_handler.py:73 - Device dv1 Zone 3: Robot is stationary
2025-09-26 12:41:15,818 - device_data_handler - INFO - device_data_handler.py:149 - Device dv1 Zone 3: Robot is stationary
2025-09-26 12:41:16,157 - device_data_handler - INFO - device_data_handler.py:73 - Device dv1 Zone 3: Robot is stationary
2025-09-26 12:41:16,173 - device_data_handler - INFO - device_data_handler.py:149 - Device dv1 Zone 3: Robot is stationary
2025-09-26 12:41:16,349 - device_data_handler - INFO - device_data_handler.py:149 - Device dv1 Zone 3: Robot is stationary
2025-09-26 12:41:16,357 - device_data_handler - INFO - device_data_handler.py:73 - Device dv1 Zone 3: Robot is stationary
2025-09-26 12:41:16,367 - device_data_handler - INFO - device_data_handler.py:149 - Device dv1 Zone 3: Robot is stationary
2025-09-26 12:41:17,147 - device_data_handler - INFO - device_data_handler.py:73 - Device dv1 Zone 3: Robot is stationary
2025-09-26 12:41:17,169 - device_data_handler - INFO - device_data_handler.py:149 - Device dv1 Zone 3: Robot is stationary
2025-09-26 12:41:18,170 - device_data_handler - INFO - device_data_handler.py:73 - Device dv1 Zone 3: Robot is stationary
2025-09-26 12:41:18,196 - device_data_handler - INFO - device_data_handler.py:149 - Device dv1 Zone 3: Robot is stationary
2025-09-26 12:41:19,196 - device_data_handler - INFO - device_data_handler.py:73 - Device dv1 Zone 3: Robot is stationary
2025-09-26 12:41:19,215 - device_data_handler - INFO - device_data_handler.py:149 - Device dv1 Zone 3: Robot is stationary
2025-09-26 12:41:20,144 - device_data_handler - INFO - device_data_handler.py:73 - Device dv1 Zone 3: Robot is stationary
2025-09-26 12:41:20,162 - device_data_handler - INFO - device_data_handler.py:149 - Device dv1 Zone 3: Robot is stationary
2025-09-26 12:41:21,139 - device_data_handler - INFO - device_data_handler.py:73 - Device dv1 Zone 3: Robot is stationary
2025-09-26 12:41:21,175 - device_data_handler - INFO - device_data_handler.py:149 - Device dv1 Zone 3: Robot is stationary
2025-09-26 12:41:21,389 - device_data_handler - INFO - device_data_handler.py:149 - Device dv1 Zone 3: Robot is stationary
2025-09-26 12:41:21,396 - device_data_handler - INFO - device_data_handler.py:73 - Device dv1 Zone 3: Robot is stationary
2025-09-26 12:41:21,414 - device_data_handler - INFO - device_data_handler.py:149 - Device dv1 Zone 3: Robot is stationary
2025-09-26 12:41:22,171 - device_data_handler - INFO - device_data_handler.py:73 - Device dv1 Zone 3: Robot is stationary
2025-09-26 12:41:22,183 - device_data_handler - INFO - device_data_handler.py:149 - Device dv1 Zone 3: Robot is stationary
2025-09-26 12:41:23,147 - device_data_handler - INFO - device_data_handler.py:73 - Device dv1 Zone 3: Robot is stationary
2025-09-26 12:41:23,164 - device_data_handler - INFO - device_data_handler.py:149 - Device dv1 Zone 3: Robot is stationary
2025-09-26 12:41:24,143 - device_data_handler - INFO - device_data_handler.py:73 - Device dv1 Zone 3: Robot is stationary
2025-09-26 12:41:24,156 - device_data_handler - INFO - device_data_handler.py:149 - Device dv1 Zone 3: Robot is stationary
2025-09-26 12:41:25,196 - device_data_handler - INFO - device_data_handler.py:73 - Device dv1 Zone 3: Robot is stationary
2025-09-26 12:41:25,222 - device_data_handler - INFO - device_data_handler.py:149 - Device dv1 Zone 3: Robot is stationary
2025-09-26 12:41:26,143 - device_data_handler - INFO - device_data_handler.py:73 - Device dv1 Zone 3: Robot is stationary
2025-09-26 12:41:26,159 - device_data_handler - INFO - device_data_handler.py:149 - Device dv1 Zone 3: Robot is stationary
2025-09-26 12:41:26,377 - device_data_handler - INFO - device_data_handler.py:149 - Device dv1 Zone 3: Robot is stationary
2025-09-26 12:41:26,388 - device_data_handler - INFO - device_data_handler.py:73 - Device dv1 Zone 3: Robot is stationary
2025-09-26 12:41:26,404 - device_data_handler - INFO - device_data_handler.py:149 - Device dv1 Zone 3: Robot is stationary
2025-09-26 12:41:27,260 - device_data_handler - INFO - device_data_handler.py:73 - Device dv1 Zone 3: Robot is stationary
2025-09-26 12:41:27,324 - device_data_handler - INFO - device_data_handler.py:149 - Device dv1 Zone 3: Robot is stationary
2025-09-26 12:41:28,188 - device_data_handler - INFO - device_data_handler.py:73 - Device dv1 Zone 3: Robot is stationary
2025-09-26 12:41:28,207 - device_data_handler - INFO - device_data_handler.py:149 - Device dv1 Zone 3: Robot is stationary
2025-09-26 12:41:29,213 - device_data_handler - INFO - device_data_handler.py:73 - Device dv1 Zone 3: Robot is stationary
2025-09-26 12:41:29,244 - device_data_handler - INFO - device_data_handler.py:149 - Device dv1 Zone 3: Robot is stationary
2025-09-26 12:41:30,185 - device_data_handler - INFO - device_data_handler.py:73 - Device dv1 Zone 3: Robot is stationary
2025-09-26 12:41:30,195 - device_data_handler - INFO - device_data_handler.py:149 - Device dv1 Zone 3: Robot is stationary
2025-09-26 12:41:31,173 - device_data_handler - INFO - device_data_handler.py:73 - Device dv1 Zone 3: Robot is stationary
2025-09-26 12:41:31,204 - device_data_handler - INFO - device_data_handler.py:149 - Device dv1 Zone 3: Robot is stationary
2025-09-26 12:41:31,426 - device_data_handler - INFO - device_data_handler.py:149 - Device dv1 Zone 3: Robot is stationary
2025-09-26 12:41:31,440 - device_data_handler - INFO - device_data_handler.py:73 - Device dv1 Zone 3: Robot is stationary
2025-09-26 12:41:31,459 - device_data_handler - INFO - device_data_handler.py:149 - Device dv1 Zone 3: Robot is stationary
2025-09-26 12:41:32,167 - device_data_handler - INFO - device_data_handler.py:73 - Device dv1 Zone 3: Robot is stationary
2025-09-26 12:41:32,177 - device_data_handler - INFO - device_data_handler.py:149 - Device dv1 Zone 3: Robot is stationary
2025-09-26 12:41:33,138 - device_data_handler - INFO - device_data_handler.py:73 - Device dv1 Zone 3: Robot is stationary
2025-09-26 12:41:33,244 - device_data_handler - INFO - device_data_handler.py:149 - Device dv1 Zone 3: Robot is stationary
2025-09-26 12:41:33,305 - device_list - INFO - device_list.py:248 - Refreshing device data...
2025-09-26 12:41:33,311 - device_list - INFO - device_list.py:268 - Loaded 12 devices from CSV
2025-09-26 12:41:34,189 - device_data_handler - INFO - device_data_handler.py:73 - Device dv1 Zone 3: Robot is stationary
2025-09-26 12:41:34,248 - device_data_handler - INFO - device_data_handler.py:149 - Device dv1 Zone 3: Robot is stationary
2025-09-26 12:41:35,158 - device_data_handler - INFO - device_data_handler.py:73 - Device dv1 Zone 3: Robot is stationary
2025-09-26 12:41:35,189 - device_data_handler - INFO - device_data_handler.py:149 - Device dv1 Zone 3: Robot is stationary
2025-09-26 12:41:36,094 - device_location_syncer - ERROR - sync_device_locations.py:241 - Error processing device d11: could not convert string to float: ''
2025-09-26 12:41:36,139 - device_location_syncer - ERROR - sync_device_locations.py:241 - Error processing device pp111: could not convert string to float: ''
2025-09-26 12:41:36,153 - device_location_syncer - ERROR - sync_device_locations.py:241 - Error processing device ppp11: could not convert string to float: ''
2025-09-26 12:41:36,193 - device_location_syncer - ERROR - sync_device_locations.py:241 - Error processing device dev1: could not convert string to float: ''
2025-09-26 12:41:36,205 - device_location_syncer - ERROR - sync_device_locations.py:241 - Error processing device dv1: could not convert string to float: ''
2025-09-26 12:41:36,208 - device_location_syncer - ERROR - sync_device_locations.py:241 - Error processing device dv11: could not convert string to float: ''
2025-09-26 12:41:36,209 - device_location_syncer - INFO - sync_device_locations.py:250 - Sync completed. No location updates needed.
2025-09-26 12:41:36,222 - device_data_handler - INFO - device_data_handler.py:73 - Device dv1 Zone 3: Robot is stationary
2025-09-26 12:41:36,267 - device_data_handler - INFO - device_data_handler.py:149 - Device dv1 Zone 3: Robot is stationary
2025-09-26 12:41:36,476 - device_data_handler - INFO - device_data_handler.py:149 - Device dv1 Zone 3: Robot is stationary
2025-09-26 12:41:36,493 - device_data_handler - INFO - device_data_handler.py:73 - Device dv1 Zone 3: Robot is stationary
2025-09-26 12:41:36,522 - device_data_handler - INFO - device_data_handler.py:149 - Device dv1 Zone 3: Robot is stationary
2025-09-26 12:41:37,176 - device_data_handler - INFO - device_data_handler.py:73 - Device dv1 Zone 3: Robot is stationary
2025-09-26 12:41:37,207 - device_data_handler - INFO - device_data_handler.py:149 - Device dv1 Zone 3: Robot is stationary
2025-09-26 12:41:38,196 - device_data_handler - INFO - device_data_handler.py:73 - Device dv1 Zone 3: Robot is stationary
2025-09-26 12:41:38,277 - device_data_handler - INFO - device_data_handler.py:149 - Device dv1 Zone 3: Robot is stationary
2025-09-26 12:41:39,321 - device_data_handler - INFO - device_data_handler.py:73 - Device dv1 Zone 3: Robot is stationary
2025-09-26 12:41:39,344 - device_data_handler - INFO - device_data_handler.py:149 - Device dv1 Zone 3: Robot is stationary
2025-09-26 12:41:40,149 - device_data_handler - INFO - device_data_handler.py:73 - Device dv1 Zone 3: Robot is stationary
2025-09-26 12:41:40,159 - device_data_handler - INFO - device_data_handler.py:149 - Device dv1 Zone 3: Robot is stationary
2025-09-26 12:41:41,147 - device_data_handler - INFO - device_data_handler.py:73 - Device dv1 Zone 3: Robot is stationary
2025-09-26 12:41:41,158 - device_data_handler - INFO - device_data_handler.py:149 - Device dv1 Zone 3: Robot is stationary
2025-09-26 12:41:41,349 - device_data_handler - INFO - device_data_handler.py:149 - Device dv1 Zone 3: Robot is stationary
2025-09-26 12:41:41,355 - device_data_handler - INFO - device_data_handler.py:73 - Device dv1 Zone 3: Robot is stationary
2025-09-26 12:41:41,369 - device_data_handler - INFO - device_data_handler.py:149 - Device dv1 Zone 3: Robot is stationary
2025-09-26 12:41:42,153 - device_data_handler - INFO - device_data_handler.py:73 - Device dv1 Zone 3: Robot is stationary
2025-09-26 12:41:42,166 - device_data_handler - INFO - device_data_handler.py:149 - Device dv1 Zone 3: Robot is stationary
2025-09-26 12:41:43,159 - device_data_handler - INFO - device_data_handler.py:73 - Device dv1 Zone 3: Robot is stationary
2025-09-26 12:41:43,188 - device_data_handler - INFO - device_data_handler.py:149 - Device dv1 Zone 3: Robot is stationary
2025-09-26 12:41:44,155 - device_data_handler - INFO - device_data_handler.py:73 - Device dv1 Zone 3: Robot is stationary
2025-09-26 12:41:44,170 - device_data_handler - INFO - device_data_handler.py:149 - Device dv1 Zone 3: Robot is stationary
2025-09-26 12:41:45,156 - device_data_handler - INFO - device_data_handler.py:73 - Device dv1 Zone 3: Robot is stationary
2025-09-26 12:41:45,170 - device_data_handler - INFO - device_data_handler.py:149 - Device dv1 Zone 3: Robot is stationary
2025-09-26 12:41:46,139 - device_data_handler - INFO - device_data_handler.py:73 - Device dv1 Zone 3: Robot is stationary
2025-09-26 12:41:46,157 - device_data_handler - INFO - device_data_handler.py:149 - Device dv1 Zone 3: Robot is stationary
2025-09-26 12:41:46,357 - device_data_handler - INFO - device_data_handler.py:149 - Device dv1 Zone 3: Robot is stationary
2025-09-26 12:41:46,366 - device_data_handler - INFO - device_data_handler.py:73 - Device dv1 Zone 3: Robot is stationary
2025-09-26 12:41:46,382 - device_data_handler - INFO - device_data_handler.py:149 - Device dv1 Zone 3: Robot is stationary
2025-09-26 12:41:47,159 - device_data_handler - INFO - device_data_handler.py:73 - Device dv1 Zone 3: Robot is stationary
2025-09-26 12:41:47,173 - device_data_handler - INFO - device_data_handler.py:149 - Device dv1 Zone 3: Robot is stationary
2025-09-26 12:41:48,157 - device_data_handler - INFO - device_data_handler.py:73 - Device dv1 Zone 3: Robot is stationary
2025-09-26 12:41:48,174 - device_data_handler - INFO - device_data_handler.py:149 - Device dv1 Zone 3: Robot is stationary
2025-09-26 12:41:49,137 - device_data_handler - INFO - device_data_handler.py:73 - Device dv1 Zone 3: Robot is stationary
2025-09-26 12:41:49,155 - device_data_handler - INFO - device_data_handler.py:149 - Device dv1 Zone 3: Robot is stationary
2025-09-26 12:41:50,137 - device_data_handler - INFO - device_data_handler.py:73 - Device dv1 Zone 3: Robot is stationary
2025-09-26 12:41:50,150 - device_data_handler - INFO - device_data_handler.py:149 - Device dv1 Zone 3: Robot is stationary
2025-09-26 12:41:51,153 - device_data_handler - INFO - device_data_handler.py:73 - Device dv1 Zone 3: Robot is stationary
2025-09-26 12:41:51,170 - device_data_handler - INFO - device_data_handler.py:149 - Device dv1 Zone 3: Robot is stationary
2025-09-26 12:41:51,440 - device_data_handler - INFO - device_data_handler.py:149 - Device dv1 Zone 3: Robot is stationary
2025-09-26 12:41:51,457 - device_data_handler - INFO - device_data_handler.py:73 - Device dv1 Zone 3: Robot is stationary
2025-09-26 12:41:51,471 - device_data_handler - INFO - device_data_handler.py:149 - Device dv1 Zone 3: Robot is stationary
2025-09-26 12:41:52,155 - device_data_handler - INFO - device_data_handler.py:73 - Device dv1 Zone 3: Robot is stationary
2025-09-26 12:41:52,168 - device_data_handler - INFO - device_data_handler.py:149 - Device dv1 Zone 3: Robot is stationary
2025-09-26 12:41:53,137 - device_data_handler - INFO - device_data_handler.py:73 - Device dv1 Zone 3: Robot is stationary
2025-09-26 12:41:53,169 - device_data_handler - INFO - device_data_handler.py:149 - Device dv1 Zone 3: Robot is stationary
2025-09-26 12:41:54,182 - device_data_handler - INFO - device_data_handler.py:73 - Device dv1 Zone 3: Robot is stationary
2025-09-26 12:41:54,202 - device_data_handler - INFO - device_data_handler.py:149 - Device dv1 Zone 3: Robot is stationary
2025-09-26 12:41:55,152 - device_data_handler - INFO - device_data_handler.py:73 - Device dv1 Zone 3: Robot is stationary
2025-09-26 12:41:55,172 - device_data_handler - INFO - device_data_handler.py:149 - Device dv1 Zone 3: Robot is stationary
2025-09-26 12:41:56,137 - device_data_handler - INFO - device_data_handler.py:73 - Device dv1 Zone 3: Robot is stationary
2025-09-26 12:41:56,150 - device_data_handler - INFO - device_data_handler.py:149 - Device dv1 Zone 3: Robot is stationary
2025-09-26 12:41:56,369 - device_data_handler - INFO - device_data_handler.py:149 - Device dv1 Zone 3: Robot is stationary
2025-09-26 12:41:56,379 - device_data_handler - INFO - device_data_handler.py:73 - Device dv1 Zone 3: Robot is stationary
2025-09-26 12:41:56,391 - device_data_handler - INFO - device_data_handler.py:149 - Device dv1 Zone 3: Robot is stationary
2025-09-26 12:41:57,138 - device_data_handler - INFO - device_data_handler.py:73 - Device dv1 Zone 3: Robot is stationary
2025-09-26 12:41:57,153 - device_data_handler - INFO - device_data_handler.py:149 - Device dv1 Zone 3: Robot is stationary
2025-09-26 12:41:58,160 - device_data_handler - INFO - device_data_handler.py:73 - Device dv1 Zone 3: Robot is stationary
2025-09-26 12:41:58,175 - device_data_handler - INFO - device_data_handler.py:149 - Device dv1 Zone 3: Robot is stationary
2025-09-26 12:41:59,156 - device_data_handler - INFO - device_data_handler.py:73 - Device dv1 Zone 3: Robot is stationary
2025-09-26 12:41:59,186 - device_data_handler - INFO - device_data_handler.py:149 - Device dv1 Zone 3: Robot is stationary
2025-09-26 12:42:00,183 - device_data_handler - INFO - device_data_handler.py:73 - Device dv1 Zone 3: Robot is stationary
2025-09-26 12:42:00,204 - device_data_handler - INFO - device_data_handler.py:149 - Device dv1 Zone 3: Robot is stationary
2025-09-26 12:42:01,154 - device_data_handler - INFO - device_data_handler.py:73 - Device dv1 Zone 3: Robot is stationary
2025-09-26 12:42:01,203 - device_data_handler - INFO - device_data_handler.py:149 - Device dv1 Zone 3: Robot is stationary
2025-09-26 12:42:01,419 - device_data_handler - INFO - device_data_handler.py:149 - Device dv1 Zone 3: Robot is stationary
2025-09-26 12:42:01,429 - device_data_handler - INFO - device_data_handler.py:73 - Device dv1 Zone 3: Robot is stationary
2025-09-26 12:42:01,447 - device_data_handler - INFO - device_data_handler.py:149 - Device dv1 Zone 3: Robot is stationary
2025-09-26 12:42:02,321 - device_data_handler - INFO - device_data_handler.py:73 - Device dv1 Zone 3: Robot is stationary
2025-09-26 12:42:02,335 - device_data_handler - INFO - device_data_handler.py:149 - Device dv1 Zone 3: Robot is stationary
2025-09-26 12:42:03,148 - device_data_handler - INFO - device_data_handler.py:73 - Device dv1 Zone 3: Robot is stationary
2025-09-26 12:42:03,169 - device_data_handler - INFO - device_data_handler.py:149 - Device dv1 Zone 3: Robot is stationary
2025-09-26 12:42:03,185 - device_list - INFO - device_list.py:248 - Refreshing device data...
2025-09-26 12:42:03,188 - device_list - INFO - device_list.py:268 - Loaded 12 devices from CSV
2025-09-26 12:42:04,164 - device_data_handler - INFO - device_data_handler.py:73 - Device dv1 Zone 3: Robot is stationary
2025-09-26 12:42:04,179 - device_data_handler - INFO - device_data_handler.py:149 - Device dv1 Zone 3: Robot is stationary
2025-09-26 12:42:05,143 - device_data_handler - INFO - device_data_handler.py:73 - Device dv1 Zone 3: Robot is stationary
2025-09-26 12:42:05,154 - device_data_handler - INFO - device_data_handler.py:149 - Device dv1 Zone 3: Robot is stationary
2025-09-26 12:42:08,275 - api_client - WARNING - client.py:80 - Request attempt 1 failed: HTTPConnectionPool(host='127.0.0.1', port=8000): Max retries exceeded with url: /api/ (Caused by NewConnectionError('<urllib3.connection.HTTPConnection object at 0x0000027F65075590>: Failed to establish a new connection: [WinError 10061] No connection could be made because the target machine actively refused it'))
2025-09-26 12:42:10,317 - api_client - WARNING - client.py:80 - Request attempt 2 failed: HTTPConnectionPool(host='127.0.0.1', port=8000): Max retries exceeded with url: /api/ (Caused by NewConnectionError('<urllib3.connection.HTTPConnection object at 0x0000027F650757B0>: Failed to establish a new connection: [WinError 10061] No connection could be made because the target machine actively refused it'))
2025-09-26 12:42:12,352 - api_client - WARNING - client.py:80 - Request attempt 3 failed: HTTPConnectionPool(host='127.0.0.1', port=8000): Max retries exceeded with url: /api/ (Caused by NewConnectionError('<urllib3.connection.HTTPConnection object at 0x0000027F65075F20>: Failed to establish a new connection: [WinError 10061] No connection could be made because the target machine actively refused it'))
2025-09-26 12:42:12,359 - device_location_syncer - ERROR - sync_device_locations.py:241 - Error processing device d11: could not convert string to float: ''
2025-09-26 12:42:12,361 - device_location_syncer - ERROR - sync_device_locations.py:241 - Error processing device pp111: could not convert string to float: ''
2025-09-26 12:42:12,362 - device_location_syncer - ERROR - sync_device_locations.py:241 - Error processing device ppp11: could not convert string to float: ''
2025-09-26 12:42:12,364 - device_location_syncer - ERROR - sync_device_locations.py:241 - Error processing device dev1: could not convert string to float: ''
2025-09-26 12:42:12,366 - device_location_syncer - ERROR - sync_device_locations.py:241 - Error processing device dv1: could not convert string to float: ''
2025-09-26 12:42:12,367 - device_location_syncer - ERROR - sync_device_locations.py:241 - Error processing device dv11: could not convert string to float: ''
2025-09-26 12:42:12,367 - device_location_syncer - INFO - sync_device_locations.py:250 - Sync completed. No location updates needed.
2025-09-26 12:42:12,369 - device_data_handler - INFO - device_data_handler.py:73 - Device dv1 Zone 3: Robot is stationary
2025-09-26 12:42:12,383 - device_data_handler - INFO - device_data_handler.py:149 - Device dv1 Zone 3: Robot is stationary
2025-09-26 12:42:12,414 - device_data_handler - INFO - device_data_handler.py:149 - Device dv1 Zone 3: Robot is stationary
2025-09-26 12:42:12,419 - device_data_handler - INFO - device_data_handler.py:73 - Device dv1 Zone 3: Robot is stationary
2025-09-26 12:42:12,431 - device_data_handler - INFO - device_data_handler.py:149 - Device dv1 Zone 3: Robot is stationary
2025-09-26 12:42:13,157 - device_data_handler - INFO - device_data_handler.py:73 - Device dv1 Zone 3: Robot is stationary
2025-09-26 12:42:13,167 - device_data_handler - INFO - device_data_handler.py:149 - Device dv1 Zone 3: Robot is stationary
2025-09-26 12:42:14,167 - device_data_handler - INFO - device_data_handler.py:73 - Device dv1 Zone 3: Robot is stationary
2025-09-26 12:42:14,183 - device_data_handler - INFO - device_data_handler.py:149 - Device dv1 Zone 3: Robot is stationary
2025-09-26 12:42:15,150 - device_data_handler - INFO - device_data_handler.py:73 - Device dv1 Zone 3: Robot is stationary
2025-09-26 12:42:15,168 - device_data_handler - INFO - device_data_handler.py:149 - Device dv1 Zone 3: Robot is stationary
2025-09-26 12:42:16,151 - device_data_handler - INFO - device_data_handler.py:73 - Device dv1 Zone 3: Robot is stationary
2025-09-26 12:42:16,166 - device_data_handler - INFO - device_data_handler.py:149 - Device dv1 Zone 3: Robot is stationary
2025-09-26 12:42:16,365 - device_data_handler - INFO - device_data_handler.py:149 - Device dv1 Zone 3: Robot is stationary
2025-09-26 12:42:16,374 - device_data_handler - INFO - device_data_handler.py:73 - Device dv1 Zone 3: Robot is stationary
2025-09-26 12:42:16,385 - device_data_handler - INFO - device_data_handler.py:149 - Device dv1 Zone 3: Robot is stationary
2025-09-26 12:42:17,142 - device_data_handler - INFO - device_data_handler.py:73 - Device dv1 Zone 3: Robot is stationary
2025-09-26 12:42:17,156 - device_data_handler - INFO - device_data_handler.py:149 - Device dv1 Zone 3: Robot is stationary
2025-09-26 12:42:18,151 - device_data_handler - INFO - device_data_handler.py:73 - Device dv1 Zone 3: Robot is stationary
2025-09-26 12:42:18,173 - device_data_handler - INFO - device_data_handler.py:149 - Device dv1 Zone 3: Robot is stationary
2025-09-26 12:42:19,163 - device_data_handler - INFO - device_data_handler.py:73 - Device dv1 Zone 3: Robot is stationary
2025-09-26 12:42:19,176 - device_data_handler - INFO - device_data_handler.py:149 - Device dv1 Zone 3: Robot is stationary
2025-09-26 12:42:20,163 - device_data_handler - INFO - device_data_handler.py:73 - Device dv1 Zone 3: Robot is stationary
2025-09-26 12:42:20,178 - device_data_handler - INFO - device_data_handler.py:149 - Device dv1 Zone 3: Robot is stationary
2025-09-26 12:42:21,294 - device_data_handler - INFO - device_data_handler.py:73 - Device dv1 Zone 3: Robot is stationary
2025-09-26 12:42:21,326 - device_data_handler - INFO - device_data_handler.py:149 - Device dv1 Zone 3: Robot is stationary
2025-09-26 12:42:21,460 - device_data_handler - INFO - device_data_handler.py:149 - Device dv1 Zone 3: Robot is stationary
2025-09-26 12:42:21,513 - device_data_handler - INFO - device_data_handler.py:73 - Device dv1 Zone 3: Robot is stationary
2025-09-26 12:42:21,550 - device_data_handler - INFO - device_data_handler.py:149 - Device dv1 Zone 3: Robot is stationary
2025-09-26 12:42:22,215 - device_data_handler - INFO - device_data_handler.py:73 - Device dv1 Zone 3: Robot is stationary
2025-09-26 12:42:22,229 - device_data_handler - INFO - device_data_handler.py:149 - Device dv1 Zone 3: Robot is stationary
2025-09-26 12:42:23,216 - device_data_handler - INFO - device_data_handler.py:73 - Device dv1 Zone 3: Robot is stationary
2025-09-26 12:42:23,242 - device_data_handler - INFO - device_data_handler.py:149 - Device dv1 Zone 3: Robot is stationary
2025-09-26 12:42:24,198 - device_data_handler - INFO - device_data_handler.py:73 - Device dv1 Zone 3: Robot is stationary
2025-09-26 12:42:24,212 - device_data_handler - INFO - device_data_handler.py:149 - Device dv1 Zone 3: Robot is stationary
2025-09-26 12:42:25,216 - device_data_handler - INFO - device_data_handler.py:73 - Device dv1 Zone 3: Robot is stationary
2025-09-26 12:42:25,231 - device_data_handler - INFO - device_data_handler.py:149 - Device dv1 Zone 3: Robot is stationary
2025-09-26 12:42:26,202 - device_data_handler - INFO - device_data_handler.py:73 - Device dv1 Zone 3: Robot is stationary
2025-09-26 12:42:26,232 - device_data_handler - INFO - device_data_handler.py:149 - Device dv1 Zone 3: Robot is stationary
2025-09-26 12:42:26,669 - device_data_handler - INFO - device_data_handler.py:149 - Device dv1 Zone 3: Robot is stationary
2025-09-26 12:42:26,681 - device_data_handler - INFO - device_data_handler.py:73 - Device dv1 Zone 3: Robot is stationary
2025-09-26 12:42:26,701 - device_data_handler - INFO - device_data_handler.py:149 - Device dv1 Zone 3: Robot is stationary
2025-09-26 12:42:27,214 - device_data_handler - INFO - device_data_handler.py:73 - Device dv1 Zone 3: Robot is stationary
2025-09-26 12:42:27,228 - device_data_handler - INFO - device_data_handler.py:149 - Device dv1 Zone 3: Robot is stationary
2025-09-26 12:42:28,227 - device_data_handler - INFO - device_data_handler.py:73 - Device dv1 Zone 3: Robot is stationary
2025-09-26 12:42:28,242 - device_data_handler - INFO - device_data_handler.py:149 - Device dv1 Zone 3: Robot is stationary
2025-09-26 12:42:29,226 - device_data_handler - INFO - device_data_handler.py:73 - Device dv1 Zone 3: Robot is stationary
2025-09-26 12:42:29,239 - device_data_handler - INFO - device_data_handler.py:149 - Device dv1 Zone 3: Robot is stationary
2025-09-26 12:42:30,212 - device_data_handler - INFO - device_data_handler.py:73 - Device dv1 Zone 3: Robot is stationary
2025-09-26 12:42:30,227 - device_data_handler - INFO - device_data_handler.py:149 - Device dv1 Zone 3: Robot is stationary
2025-09-26 12:42:31,224 - device_data_handler - INFO - device_data_handler.py:73 - Device dv1 Zone 3: Robot is stationary
2025-09-26 12:42:31,238 - device_data_handler - INFO - device_data_handler.py:149 - Device dv1 Zone 3: Robot is stationary
2025-09-26 12:42:31,371 - device_data_handler - INFO - device_data_handler.py:149 - Device dv1 Zone 3: Robot is stationary
2025-09-26 12:42:31,377 - device_data_handler - INFO - device_data_handler.py:73 - Device dv1 Zone 3: Robot is stationary
2025-09-26 12:42:31,394 - device_data_handler - INFO - device_data_handler.py:149 - Device dv1 Zone 3: Robot is stationary
2025-09-26 12:42:32,207 - device_data_handler - INFO - device_data_handler.py:73 - Device dv1 Zone 3: Robot is stationary
2025-09-26 12:42:32,220 - device_data_handler - INFO - device_data_handler.py:149 - Device dv1 Zone 3: Robot is stationary
2025-09-26 12:42:33,174 - device_list - INFO - device_list.py:248 - Refreshing device data...
2025-09-26 12:42:33,176 - device_list - INFO - device_list.py:268 - Loaded 12 devices from CSV
2025-09-26 12:42:33,208 - device_data_handler - INFO - device_data_handler.py:73 - Device dv1 Zone 3: Robot is stationary
2025-09-26 12:42:33,223 - device_data_handler - INFO - device_data_handler.py:149 - Device dv1 Zone 3: Robot is stationary
2025-09-26 12:42:34,200 - device_data_handler - INFO - device_data_handler.py:73 - Device dv1 Zone 3: Robot is stationary
2025-09-26 12:42:34,212 - device_data_handler - INFO - device_data_handler.py:149 - Device dv1 Zone 3: Robot is stationary
2025-09-26 12:42:35,232 - device_data_handler - INFO - device_data_handler.py:73 - Device dv1 Zone 3: Robot is stationary
2025-09-26 12:42:35,275 - device_data_handler - INFO - device_data_handler.py:149 - Device dv1 Zone 3: Robot is stationary
2025-09-26 12:42:36,028 - device_location_syncer - ERROR - sync_device_locations.py:241 - Error processing device d11: could not convert string to float: ''
2025-09-26 12:42:36,030 - device_location_syncer - ERROR - sync_device_locations.py:241 - Error processing device pp111: could not convert string to float: ''
2025-09-26 12:42:36,036 - device_location_syncer - ERROR - sync_device_locations.py:241 - Error processing device ppp11: could not convert string to float: ''
2025-09-26 12:42:36,037 - device_location_syncer - ERROR - sync_device_locations.py:241 - Error processing device dev1: could not convert string to float: ''
2025-09-26 12:42:36,039 - device_location_syncer - ERROR - sync_device_locations.py:241 - Error processing device dv1: could not convert string to float: ''
2025-09-26 12:42:36,040 - device_location_syncer - ERROR - sync_device_locations.py:241 - Error processing device dv11: could not convert string to float: ''
2025-09-26 12:42:36,040 - device_location_syncer - INFO - sync_device_locations.py:250 - Sync completed. No location updates needed.
2025-09-26 12:42:36,203 - device_data_handler - INFO - device_data_handler.py:73 - Device dv1 Zone 3: Robot is stationary
2025-09-26 12:42:36,218 - device_data_handler - INFO - device_data_handler.py:149 - Device dv1 Zone 3: Robot is stationary
2025-09-26 12:42:36,404 - device_data_handler - INFO - device_data_handler.py:149 - Device dv1 Zone 3: Robot is stationary
2025-09-26 12:42:36,413 - device_data_handler - INFO - device_data_handler.py:73 - Device dv1 Zone 3: Robot is stationary
2025-09-26 12:42:36,442 - device_data_handler - INFO - device_data_handler.py:149 - Device dv1 Zone 3: Robot is stationary
2025-09-26 12:42:37,228 - device_data_handler - INFO - device_data_handler.py:73 - Device dv1 Zone 3: Robot is stationary
2025-09-26 12:42:37,254 - device_data_handler - INFO - device_data_handler.py:149 - Device dv1 Zone 3: Robot is stationary
2025-09-26 12:42:38,227 - device_data_handler - INFO - device_data_handler.py:73 - Device dv1 Zone 3: Robot is stationary
2025-09-26 12:42:38,244 - device_data_handler - INFO - device_data_handler.py:149 - Device dv1 Zone 3: Robot is stationary
2025-09-26 12:42:39,205 - device_data_handler - INFO - device_data_handler.py:73 - Device dv1 Zone 3: Robot is stationary
2025-09-26 12:42:39,219 - device_data_handler - INFO - device_data_handler.py:149 - Device dv1 Zone 3: Robot is stationary
2025-09-26 12:42:40,208 - device_data_handler - INFO - device_data_handler.py:73 - Device dv1 Zone 3: Robot is stationary
2025-09-26 12:42:40,220 - device_data_handler - INFO - device_data_handler.py:149 - Device dv1 Zone 3: Robot is stationary
2025-09-26 12:42:41,205 - device_data_handler - INFO - device_data_handler.py:73 - Device dv1 Zone 3: Robot is stationary
2025-09-26 12:42:41,220 - device_data_handler - INFO - device_data_handler.py:149 - Device dv1 Zone 3: Robot is stationary
2025-09-26 12:42:41,339 - device_data_handler - INFO - device_data_handler.py:149 - Device dv1 Zone 3: Robot is stationary
2025-09-26 12:42:41,344 - device_data_handler - INFO - device_data_handler.py:73 - Device dv1 Zone 3: Robot is stationary
2025-09-26 12:42:41,357 - device_data_handler - INFO - device_data_handler.py:149 - Device dv1 Zone 3: Robot is stationary
2025-09-26 12:42:42,221 - device_data_handler - INFO - device_data_handler.py:73 - Device dv1 Zone 3: Robot is stationary
2025-09-26 12:42:42,235 - device_data_handler - INFO - device_data_handler.py:149 - Device dv1 Zone 3: Robot is stationary
2025-09-26 12:42:43,200 - device_data_handler - INFO - device_data_handler.py:73 - Device dv1 Zone 3: Robot is stationary
2025-09-26 12:42:43,215 - device_data_handler - INFO - device_data_handler.py:149 - Device dv1 Zone 3: Robot is stationary
2025-09-26 12:42:44,227 - device_data_handler - INFO - device_data_handler.py:73 - Device dv1 Zone 3: Robot is stationary
2025-09-26 12:42:44,256 - device_data_handler - INFO - device_data_handler.py:149 - Device dv1 Zone 3: Robot is stationary
2025-09-26 12:42:45,221 - device_data_handler - INFO - device_data_handler.py:73 - Device dv1 Zone 3: Robot is stationary
2025-09-26 12:42:45,235 - device_data_handler - INFO - device_data_handler.py:149 - Device dv1 Zone 3: Robot is stationary
2025-09-26 12:42:46,227 - device_data_handler - INFO - device_data_handler.py:73 - Device dv1 Zone 3: Robot is stationary
2025-09-26 12:42:46,245 - device_data_handler - INFO - device_data_handler.py:149 - Device dv1 Zone 3: Robot is stationary
2025-09-26 12:42:46,341 - device_data_handler - INFO - device_data_handler.py:149 - Device dv1 Zone 3: Robot is stationary
2025-09-26 12:42:46,351 - device_data_handler - INFO - device_data_handler.py:73 - Device dv1 Zone 3: Robot is stationary
2025-09-26 12:42:46,365 - device_data_handler - INFO - device_data_handler.py:149 - Device dv1 Zone 3: Robot is stationary
2025-09-26 12:42:47,226 - device_data_handler - INFO - device_data_handler.py:73 - Device dv1 Zone 3: Robot is stationary
2025-09-26 12:42:47,243 - device_data_handler - INFO - device_data_handler.py:149 - Device dv1 Zone 3: Robot is stationary
2025-09-26 12:42:48,222 - device_data_handler - INFO - device_data_handler.py:73 - Device dv1 Zone 3: Robot is stationary
2025-09-26 12:42:48,236 - device_data_handler - INFO - device_data_handler.py:149 - Device dv1 Zone 3: Robot is stationary
2025-09-26 12:42:49,213 - device_data_handler - INFO - device_data_handler.py:73 - Device dv1 Zone 3: Robot is stationary
2025-09-26 12:42:49,225 - device_data_handler - INFO - device_data_handler.py:149 - Device dv1 Zone 3: Robot is stationary
2025-09-26 12:42:50,206 - device_data_handler - INFO - device_data_handler.py:73 - Device dv1 Zone 3: Robot is stationary
2025-09-26 12:42:50,218 - device_data_handler - INFO - device_data_handler.py:149 - Device dv1 Zone 3: Robot is stationary
2025-09-26 12:42:51,219 - device_data_handler - INFO - device_data_handler.py:73 - Device dv1 Zone 3: Robot is stationary
2025-09-26 12:42:51,233 - device_data_handler - INFO - device_data_handler.py:149 - Device dv1 Zone 3: Robot is stationary
2025-09-26 12:42:51,359 - device_data_handler - INFO - device_data_handler.py:149 - Device dv1 Zone 3: Robot is stationary
2025-09-26 12:42:51,368 - device_data_handler - INFO - device_data_handler.py:73 - Device dv1 Zone 3: Robot is stationary
2025-09-26 12:42:51,377 - device_data_handler - INFO - device_data_handler.py:149 - Device dv1 Zone 3: Robot is stationary
2025-09-26 12:42:52,203 - device_data_handler - INFO - device_data_handler.py:73 - Device dv1 Zone 3: Robot is stationary
2025-09-26 12:42:52,215 - device_data_handler - INFO - device_data_handler.py:149 - Device dv1 Zone 3: Robot is stationary
2025-09-26 12:42:53,215 - device_data_handler - INFO - device_data_handler.py:73 - Device dv1 Zone 3: Robot is stationary
2025-09-26 12:42:53,297 - device_data_handler - INFO - device_data_handler.py:149 - Device dv1 Zone 3: Robot is stationary
2025-09-26 12:42:54,200 - device_data_handler - INFO - device_data_handler.py:73 - Device dv1 Zone 3: Robot is stationary
2025-09-26 12:42:54,210 - device_data_handler - INFO - device_data_handler.py:149 - Device dv1 Zone 3: Robot is stationary
2025-09-26 12:42:55,200 - device_data_handler - INFO - device_data_handler.py:73 - Device dv1 Zone 3: Robot is stationary
2025-09-26 12:42:55,212 - device_data_handler - INFO - device_data_handler.py:149 - Device dv1 Zone 3: Robot is stationary
2025-09-26 12:42:56,204 - device_data_handler - INFO - device_data_handler.py:73 - Device dv1 Zone 3: Robot is stationary
2025-09-26 12:42:56,216 - device_data_handler - INFO - device_data_handler.py:149 - Device dv1 Zone 3: Robot is stationary
2025-09-26 12:42:56,337 - device_data_handler - INFO - device_data_handler.py:149 - Device dv1 Zone 3: Robot is stationary
2025-09-26 12:42:56,341 - device_data_handler - INFO - device_data_handler.py:73 - Device dv1 Zone 3: Robot is stationary
2025-09-26 12:42:56,352 - device_data_handler - INFO - device_data_handler.py:149 - Device dv1 Zone 3: Robot is stationary
2025-09-26 12:42:57,199 - device_data_handler - INFO - device_data_handler.py:73 - Device dv1 Zone 3: Robot is stationary
2025-09-26 12:42:57,206 - device_data_handler - INFO - device_data_handler.py:149 - Device dv1 Zone 3: Robot is stationary
2025-09-26 12:42:58,207 - device_data_handler - INFO - device_data_handler.py:73 - Device dv1 Zone 3: Robot is stationary
2025-09-26 12:42:58,218 - device_data_handler - INFO - device_data_handler.py:149 - Device dv1 Zone 3: Robot is stationary
2025-09-26 12:42:59,217 - device_data_handler - INFO - device_data_handler.py:73 - Device dv1 Zone 3: Robot is stationary
2025-09-26 12:42:59,231 - device_data_handler - INFO - device_data_handler.py:149 - Device dv1 Zone 3: Robot is stationary
2025-09-26 12:43:00,207 - device_data_handler - INFO - device_data_handler.py:73 - Device dv1 Zone 3: Robot is stationary
2025-09-26 12:43:00,219 - device_data_handler - INFO - device_data_handler.py:149 - Device dv1 Zone 3: Robot is stationary
2025-09-26 12:43:01,219 - device_data_handler - INFO - device_data_handler.py:73 - Device dv1 Zone 3: Robot is stationary
2025-09-26 12:43:01,233 - device_data_handler - INFO - device_data_handler.py:149 - Device dv1 Zone 3: Robot is stationary
2025-09-26 12:43:01,372 - device_data_handler - INFO - device_data_handler.py:149 - Device dv1 Zone 3: Robot is stationary
2025-09-26 12:43:01,382 - device_data_handler - INFO - device_data_handler.py:73 - Device dv1 Zone 3: Robot is stationary
2025-09-26 12:43:01,392 - device_data_handler - INFO - device_data_handler.py:149 - Device dv1 Zone 3: Robot is stationary
2025-09-26 12:43:02,216 - device_data_handler - INFO - device_data_handler.py:73 - Device dv1 Zone 3: Robot is stationary
2025-09-26 12:43:02,229 - device_data_handler - INFO - device_data_handler.py:149 - Device dv1 Zone 3: Robot is stationary
2025-09-26 12:43:03,170 - device_list - INFO - device_list.py:248 - Refreshing device data...
2025-09-26 12:43:03,173 - device_list - INFO - device_list.py:268 - Loaded 12 devices from CSV
2025-09-26 12:43:03,216 - device_data_handler - INFO - device_data_handler.py:73 - Device dv1 Zone 3: Robot is stationary
2025-09-26 12:43:03,226 - device_data_handler - INFO - device_data_handler.py:149 - Device dv1 Zone 3: Robot is stationary
2025-09-26 12:43:04,214 - device_data_handler - INFO - device_data_handler.py:73 - Device dv1 Zone 3: Robot is stationary
2025-09-26 12:43:04,233 - device_data_handler - INFO - device_data_handler.py:149 - Device dv1 Zone 3: Robot is stationary
2025-09-26 12:43:05,215 - device_data_handler - INFO - device_data_handler.py:73 - Device dv1 Zone 3: Robot is stationary
2025-09-26 12:43:05,229 - device_data_handler - INFO - device_data_handler.py:149 - Device dv1 Zone 3: Robot is stationary
2025-09-26 12:43:08,073 - api_client - WARNING - client.py:80 - Request attempt 1 failed: HTTPConnectionPool(host='127.0.0.1', port=8000): Max retries exceeded with url: /api/ (Caused by NewConnectionError('<urllib3.connection.HTTPConnection object at 0x0000027F65075D00>: Failed to establish a new connection: [WinError 10061] No connection could be made because the target machine actively refused it'))
2025-09-26 12:43:10,125 - api_client - WARNING - client.py:80 - Request attempt 2 failed: HTTPConnectionPool(host='127.0.0.1', port=8000): Max retries exceeded with url: /api/ (Caused by NewConnectionError('<urllib3.connection.HTTPConnection object at 0x0000027F650757B0>: Failed to establish a new connection: [WinError 10061] No connection could be made because the target machine actively refused it'))
2025-09-26 12:43:12,165 - api_client - WARNING - client.py:80 - Request attempt 3 failed: HTTPConnectionPool(host='127.0.0.1', port=8000): Max retries exceeded with url: /api/ (Caused by NewConnectionError('<urllib3.connection.HTTPConnection object at 0x0000027F65075590>: Failed to establish a new connection: [WinError 10061] No connection could be made because the target machine actively refused it'))
2025-09-26 12:43:12,185 - device_location_syncer - ERROR - sync_device_locations.py:241 - Error processing device d11: could not convert string to float: ''
2025-09-26 12:43:12,188 - device_location_syncer - ERROR - sync_device_locations.py:241 - Error processing device pp111: could not convert string to float: ''
2025-09-26 12:43:12,190 - device_location_syncer - ERROR - sync_device_locations.py:241 - Error processing device ppp11: could not convert string to float: ''
2025-09-26 12:43:12,193 - device_location_syncer - ERROR - sync_device_locations.py:241 - Error processing device dev1: could not convert string to float: ''
2025-09-26 12:43:12,196 - device_location_syncer - ERROR - sync_device_locations.py:241 - Error processing device dv1: could not convert string to float: ''
2025-09-26 12:43:12,204 - device_location_syncer - ERROR - sync_device_locations.py:241 - Error processing device dv11: could not convert string to float: ''
2025-09-26 12:43:12,204 - device_location_syncer - INFO - sync_device_locations.py:250 - Sync completed. No location updates needed.
2025-09-26 12:43:12,214 - device_data_handler - INFO - device_data_handler.py:73 - Device dv1 Zone 3: Robot is stationary
2025-09-26 12:43:12,223 - device_data_handler - INFO - device_data_handler.py:149 - Device dv1 Zone 3: Robot is stationary
2025-09-26 12:43:12,252 - device_data_handler - INFO - device_data_handler.py:149 - Device dv1 Zone 3: Robot is stationary
2025-09-26 12:43:12,261 - device_data_handler - INFO - device_data_handler.py:73 - Device dv1 Zone 3: Robot is stationary
2025-09-26 12:43:12,268 - device_data_handler - INFO - device_data_handler.py:149 - Device dv1 Zone 3: Robot is stationary
2025-09-26 12:43:13,199 - device_data_handler - INFO - device_data_handler.py:73 - Device dv1 Zone 3: Robot is stationary
2025-09-26 12:43:13,208 - device_data_handler - INFO - device_data_handler.py:149 - Device dv1 Zone 3: Robot is stationary
2025-09-26 12:43:14,205 - device_data_handler - INFO - device_data_handler.py:73 - Device dv1 Zone 3: Robot is stationary
2025-09-26 12:43:14,216 - device_data_handler - INFO - device_data_handler.py:149 - Device dv1 Zone 3: Robot is stationary
2025-09-26 12:43:15,209 - device_data_handler - INFO - device_data_handler.py:73 - Device dv1 Zone 3: Robot is stationary
2025-09-26 12:43:15,219 - device_data_handler - INFO - device_data_handler.py:149 - Device dv1 Zone 3: Robot is stationary
2025-09-26 12:43:16,199 - device_data_handler - INFO - device_data_handler.py:73 - Device dv1 Zone 3: Robot is stationary
2025-09-26 12:43:16,211 - device_data_handler - INFO - device_data_handler.py:149 - Device dv1 Zone 3: Robot is stationary
2025-09-26 12:43:16,330 - device_data_handler - INFO - device_data_handler.py:149 - Device dv1 Zone 3: Robot is stationary
2025-09-26 12:43:16,335 - device_data_handler - INFO - device_data_handler.py:73 - Device dv1 Zone 3: Robot is stationary
2025-09-26 12:43:16,345 - device_data_handler - INFO - device_data_handler.py:149 - Device dv1 Zone 3: Robot is stationary
2025-09-26 12:43:17,199 - device_data_handler - INFO - device_data_handler.py:73 - Device dv1 Zone 3: Robot is stationary
2025-09-26 12:43:17,210 - device_data_handler - INFO - device_data_handler.py:149 - Device dv1 Zone 3: Robot is stationary
2025-09-26 12:43:18,201 - device_data_handler - INFO - device_data_handler.py:73 - Device dv1 Zone 3: Robot is stationary
2025-09-26 12:43:18,293 - device_data_handler - INFO - device_data_handler.py:149 - Device dv1 Zone 3: Robot is stationary
2025-09-26 12:43:19,218 - device_data_handler - INFO - device_data_handler.py:73 - Device dv1 Zone 3: Robot is stationary
2025-09-26 12:43:19,232 - device_data_handler - INFO - device_data_handler.py:149 - Device dv1 Zone 3: Robot is stationary
2025-09-26 12:43:20,231 - device_data_handler - INFO - device_data_handler.py:73 - Device dv1 Zone 3: Robot is stationary
2025-09-26 12:43:20,245 - device_data_handler - INFO - device_data_handler.py:149 - Device dv1 Zone 3: Robot is stationary
2025-09-26 12:43:20,508 - main_window - INFO - main_window.py:396 - Application closing
2025-09-26 13:00:25,249 - warehouse_app - INFO - main.py:31 - Starting Warehouse Management System v1.0.0
2025-09-26 13:00:26,918 - devices_api - INFO - devices.py:27 - Device location syncer initialized
2025-09-26 13:00:33,706 - main_window - INFO - main_window.py:128 - Dashboard widget loaded successfully
2025-09-26 13:00:33,712 - devices_api - INFO - devices.py:27 - Device location syncer initialized
2025-09-26 13:00:33,754 - device_list - INFO - device_list.py:248 - Refreshing device data...
2025-09-26 13:00:33,757 - device_list - INFO - device_list.py:268 - Loaded 12 devices from CSV
2025-09-26 13:00:33,771 - main_window - INFO - main_window.py:138 - Device Management widget loaded successfully
2025-09-26 13:00:33,849 - product_management - INFO - product_management.py:173 - Loaded 0 products from CSV
2025-09-26 13:00:33,854 - main_window - INFO - main_window.py:148 - Product Management widget loaded successfully
2025-09-26 13:00:34,068 - main_window - INFO - main_window.py:159 - Task Creation widget loaded successfully
2025-09-26 13:00:34,104 - devices_api - INFO - devices.py:27 - Device location syncer initialized
2025-09-26 13:00:34,167 - main_window - INFO - main_window.py:170 - Task Monitor widget loaded successfully
2025-09-26 13:00:34,248 - user_management - INFO - user_management.py:581 - Refreshing user data...
2025-09-26 13:00:34,250 - user_management - INFO - user_management.py:603 - Loaded 12 users from CSV
2025-09-26 13:00:34,273 - main_window - INFO - main_window.py:180 - User Management widget loaded successfully
2025-09-26 13:00:35,239 - map_management - INFO - map_management.py:53 - Map Management widget initialized
2025-09-26 13:00:35,392 - main_window - INFO - main_window.py:192 - Map Management widget loaded successfully
2025-09-26 13:00:35,399 - devices_api - INFO - devices.py:27 - Device location syncer initialized
2025-09-26 13:00:35,789 - main_window - INFO - main_window.py:203 - Device Tracking widget loaded successfully
2025-09-26 13:00:37,940 - api_client - WARNING - client.py:80 - Request attempt 1 failed: HTTPConnectionPool(host='127.0.0.1', port=8000): Max retries exceeded with url: /api/ (Caused by NewConnectionError('<urllib3.connection.HTTPConnection object at 0x000001CE37106F90>: Failed to establish a new connection: [WinError 10061] No connection could be made because the target machine actively refused it'))
2025-09-26 13:00:39,991 - api_client - WARNING - client.py:80 - Request attempt 2 failed: HTTPConnectionPool(host='127.0.0.1', port=8000): Max retries exceeded with url: /api/ (Caused by NewConnectionError('<urllib3.connection.HTTPConnection object at 0x000001CE3705BD90>: Failed to establish a new connection: [WinError 10061] No connection could be made because the target machine actively refused it'))
2025-09-26 13:00:42,030 - api_client - WARNING - client.py:80 - Request attempt 3 failed: HTTPConnectionPool(host='127.0.0.1', port=8000): Max retries exceeded with url: /api/ (Caused by NewConnectionError('<urllib3.connection.HTTPConnection object at 0x000001CE394FC2D0>: Failed to establish a new connection: [WinError 10061] No connection could be made because the target machine actively refused it'))
2025-09-26 13:00:42,032 - warehouse_app - INFO - main.py:47 - Main window created successfully
2025-09-26 13:00:42,159 - warehouse_app - INFO - main.py:155 - Application started successfully
2025-09-26 13:00:45,535 - product_management - INFO - product_management.py:173 - Loaded 0 products from CSV
2025-09-26 13:00:45,535 - main_window - INFO - main_window.py:317 - Refreshed data for Product Management
2025-09-26 13:01:03,758 - device_list - INFO - device_list.py:248 - Refreshing device data...
2025-09-26 13:01:03,762 - device_list - INFO - device_list.py:268 - Loaded 12 devices from CSV
2025-09-26 13:01:05,888 - device_location_syncer - ERROR - sync_device_locations.py:241 - Error processing device d11: could not convert string to float: ''
2025-09-26 13:01:05,890 - device_location_syncer - ERROR - sync_device_locations.py:241 - Error processing device pp111: could not convert string to float: ''
2025-09-26 13:01:05,891 - device_location_syncer - ERROR - sync_device_locations.py:241 - Error processing device ppp11: could not convert string to float: ''
2025-09-26 13:01:05,893 - device_location_syncer - ERROR - sync_device_locations.py:241 - Error processing device dev1: could not convert string to float: ''
2025-09-26 13:01:05,895 - device_location_syncer - ERROR - sync_device_locations.py:241 - Error processing device dv1: could not convert string to float: ''
2025-09-26 13:01:05,896 - device_location_syncer - ERROR - sync_device_locations.py:241 - Error processing device dv11: could not convert string to float: ''
2025-09-26 13:01:05,897 - device_location_syncer - INFO - sync_device_locations.py:250 - Sync completed. No location updates needed.
2025-09-26 13:01:05,898 - product_management - INFO - product_management.py:173 - Loaded 0 products from CSV
2025-09-26 13:01:33,747 - device_list - INFO - device_list.py:248 - Refreshing device data...
2025-09-26 13:01:33,750 - device_list - INFO - device_list.py:268 - Loaded 12 devices from CSV
2025-09-26 13:01:37,912 - api_client - WARNING - client.py:80 - Request attempt 1 failed: HTTPConnectionPool(host='127.0.0.1', port=8000): Max retries exceeded with url: /api/ (Caused by NewConnectionError('<urllib3.connection.HTTPConnection object at 0x000001CE3949D810>: Failed to establish a new connection: [WinError 10061] No connection could be made because the target machine actively refused it'))
2025-09-26 13:01:39,950 - api_client - WARNING - client.py:80 - Request attempt 2 failed: HTTPConnectionPool(host='127.0.0.1', port=8000): Max retries exceeded with url: /api/ (Caused by NewConnectionError('<urllib3.connection.HTTPConnection object at 0x000001CE3949DCD0>: Failed to establish a new connection: [WinError 10061] No connection could be made because the target machine actively refused it'))
2025-09-26 13:01:42,003 - api_client - WARNING - client.py:80 - Request attempt 3 failed: HTTPConnectionPool(host='127.0.0.1', port=8000): Max retries exceeded with url: /api/ (Caused by NewConnectionError('<urllib3.connection.HTTPConnection object at 0x000001CE37131910>: Failed to establish a new connection: [WinError 10061] No connection could be made because the target machine actively refused it'))
2025-09-26 13:01:42,038 - device_location_syncer - ERROR - sync_device_locations.py:241 - Error processing device d11: could not convert string to float: ''
2025-09-26 13:01:42,042 - device_location_syncer - ERROR - sync_device_locations.py:241 - Error processing device pp111: could not convert string to float: ''
2025-09-26 13:01:42,044 - device_location_syncer - ERROR - sync_device_locations.py:241 - Error processing device ppp11: could not convert string to float: ''
2025-09-26 13:01:42,046 - device_location_syncer - ERROR - sync_device_locations.py:241 - Error processing device dev1: could not convert string to float: ''
2025-09-26 13:01:42,048 - device_location_syncer - ERROR - sync_device_locations.py:241 - Error processing device dv1: could not convert string to float: ''
2025-09-26 13:01:42,050 - device_location_syncer - ERROR - sync_device_locations.py:241 - Error processing device dv11: could not convert string to float: ''
2025-09-26 13:01:42,050 - device_location_syncer - INFO - sync_device_locations.py:250 - Sync completed. No location updates needed.
2025-09-26 13:01:42,052 - product_management - INFO - product_management.py:173 - Loaded 0 products from CSV
2025-09-26 13:02:03,756 - device_list - INFO - device_list.py:248 - Refreshing device data...
2025-09-26 13:02:03,763 - device_list - INFO - device_list.py:268 - Loaded 12 devices from CSV
2025-09-26 13:02:05,878 - device_location_syncer - ERROR - sync_device_locations.py:241 - Error processing device d11: could not convert string to float: ''
2025-09-26 13:02:05,879 - device_location_syncer - ERROR - sync_device_locations.py:241 - Error processing device pp111: could not convert string to float: ''
2025-09-26 13:02:05,880 - device_location_syncer - ERROR - sync_device_locations.py:241 - Error processing device ppp11: could not convert string to float: ''
2025-09-26 13:02:05,881 - device_location_syncer - ERROR - sync_device_locations.py:241 - Error processing device dev1: could not convert string to float: ''
2025-09-26 13:02:05,883 - device_location_syncer - ERROR - sync_device_locations.py:241 - Error processing device dv1: could not convert string to float: ''
2025-09-26 13:02:05,884 - device_location_syncer - ERROR - sync_device_locations.py:241 - Error processing device dv11: could not convert string to float: ''
2025-09-26 13:02:05,885 - device_location_syncer - INFO - sync_device_locations.py:250 - Sync completed. No location updates needed.
2025-09-26 13:02:05,886 - product_management - INFO - product_management.py:173 - Loaded 0 products from CSV
2025-09-26 13:02:33,748 - device_list - INFO - device_list.py:248 - Refreshing device data...
2025-09-26 13:02:33,752 - device_list - INFO - device_list.py:268 - Loaded 12 devices from CSV
2025-09-26 13:02:37,910 - api_client - WARNING - client.py:80 - Request attempt 1 failed: HTTPConnectionPool(host='127.0.0.1', port=8000): Max retries exceeded with url: /api/ (Caused by NewConnectionError('<urllib3.connection.HTTPConnection object at 0x000001CE394D8AF0>: Failed to establish a new connection: [WinError 10061] No connection could be made because the target machine actively refused it'))
2025-09-26 13:02:39,963 - api_client - WARNING - client.py:80 - Request attempt 2 failed: HTTPConnectionPool(host='127.0.0.1', port=8000): Max retries exceeded with url: /api/ (Caused by NewConnectionError('<urllib3.connection.HTTPConnection object at 0x000001CE394D85A0>: Failed to establish a new connection: [WinError 10061] No connection could be made because the target machine actively refused it'))
2025-09-26 13:02:41,985 - api_client - WARNING - client.py:80 - Request attempt 3 failed: HTTPConnectionPool(host='127.0.0.1', port=8000): Max retries exceeded with url: /api/ (Caused by NewConnectionError('<urllib3.connection.HTTPConnection object at 0x000001CE394D8380>: Failed to establish a new connection: [WinError 10061] No connection could be made because the target machine actively refused it'))
2025-09-26 13:02:41,998 - device_location_syncer - ERROR - sync_device_locations.py:241 - Error processing device d11: could not convert string to float: ''
2025-09-26 13:02:42,000 - device_location_syncer - ERROR - sync_device_locations.py:241 - Error processing device pp111: could not convert string to float: ''
2025-09-26 13:02:42,004 - device_location_syncer - ERROR - sync_device_locations.py:241 - Error processing device ppp11: could not convert string to float: ''
2025-09-26 13:02:42,007 - device_location_syncer - ERROR - sync_device_locations.py:241 - Error processing device dev1: could not convert string to float: ''
2025-09-26 13:02:42,012 - device_location_syncer - ERROR - sync_device_locations.py:241 - Error processing device dv1: could not convert string to float: ''
2025-09-26 13:02:42,014 - device_location_syncer - ERROR - sync_device_locations.py:241 - Error processing device dv11: could not convert string to float: ''
2025-09-26 13:02:42,015 - device_location_syncer - INFO - sync_device_locations.py:250 - Sync completed. No location updates needed.
2025-09-26 13:02:42,023 - product_management - INFO - product_management.py:173 - Loaded 0 products from CSV
2025-09-26 13:03:03,755 - device_list - INFO - device_list.py:248 - Refreshing device data...
2025-09-26 13:03:03,761 - device_list - INFO - device_list.py:268 - Loaded 12 devices from CSV
2025-09-26 13:03:05,894 - device_location_syncer - ERROR - sync_device_locations.py:241 - Error processing device d11: could not convert string to float: ''
2025-09-26 13:03:05,898 - device_location_syncer - ERROR - sync_device_locations.py:241 - Error processing device pp111: could not convert string to float: ''
2025-09-26 13:03:05,902 - device_location_syncer - ERROR - sync_device_locations.py:241 - Error processing device ppp11: could not convert string to float: ''
2025-09-26 13:03:05,907 - device_location_syncer - ERROR - sync_device_locations.py:241 - Error processing device dev1: could not convert string to float: ''
2025-09-26 13:03:05,912 - device_location_syncer - ERROR - sync_device_locations.py:241 - Error processing device dv1: could not convert string to float: ''
2025-09-26 13:03:05,915 - device_location_syncer - ERROR - sync_device_locations.py:241 - Error processing device dv11: could not convert string to float: ''
2025-09-26 13:03:05,916 - device_location_syncer - INFO - sync_device_locations.py:250 - Sync completed. No location updates needed.
2025-09-26 13:03:05,918 - product_management - INFO - product_management.py:173 - Loaded 0 products from CSV
2025-09-26 13:03:22,086 - main_window - INFO - main_window.py:413 - Application closing
2025-09-26 13:03:27,691 - warehouse_app - INFO - main.py:31 - Starting Warehouse Management System v1.0.0
2025-09-26 13:03:28,528 - devices_api - INFO - devices.py:27 - Device location syncer initialized
2025-09-26 13:03:29,461 - main_window - INFO - main_window.py:128 - Dashboard widget loaded successfully
2025-09-26 13:03:29,468 - devices_api - INFO - devices.py:27 - Device location syncer initialized
2025-09-26 13:03:29,511 - device_list - INFO - device_list.py:248 - Refreshing device data...
2025-09-26 13:03:29,514 - device_list - INFO - device_list.py:268 - Loaded 12 devices from CSV
2025-09-26 13:03:29,532 - main_window - INFO - main_window.py:138 - Device Management widget loaded successfully
2025-09-26 13:03:29,589 - product_management - INFO - product_management.py:173 - Loaded 0 products from CSV
2025-09-26 13:03:29,603 - main_window - INFO - main_window.py:148 - Product Management widget loaded successfully
2025-09-26 13:03:29,978 - main_window - INFO - main_window.py:159 - Task Creation widget loaded successfully
2025-09-26 13:03:29,988 - devices_api - INFO - devices.py:27 - Device location syncer initialized
2025-09-26 13:03:30,066 - main_window - INFO - main_window.py:170 - Task Monitor widget loaded successfully
2025-09-26 13:03:30,123 - user_management - INFO - user_management.py:581 - Refreshing user data...
2025-09-26 13:03:30,126 - user_management - INFO - user_management.py:603 - Loaded 12 users from CSV
2025-09-26 13:03:30,153 - main_window - INFO - main_window.py:180 - User Management widget loaded successfully
2025-09-26 13:03:31,126 - map_management - INFO - map_management.py:53 - Map Management widget initialized
2025-09-26 13:03:31,307 - main_window - INFO - main_window.py:192 - Map Management widget loaded successfully
2025-09-26 13:03:31,311 - devices_api - INFO - devices.py:27 - Device location syncer initialized
2025-09-26 13:03:31,619 - main_window - INFO - main_window.py:203 - Device Tracking widget loaded successfully
2025-09-26 13:03:33,671 - api_client - WARNING - client.py:80 - Request attempt 1 failed: HTTPConnectionPool(host='127.0.0.1', port=8000): Max retries exceeded with url: /api/ (Caused by NewConnectionError('<urllib3.connection.HTTPConnection object at 0x00000212EA81EE40>: Failed to establish a new connection: [WinError 10061] No connection could be made because the target machine actively refused it'))
2025-09-26 13:03:35,723 - api_client - WARNING - client.py:80 - Request attempt 2 failed: HTTPConnectionPool(host='127.0.0.1', port=8000): Max retries exceeded with url: /api/ (Caused by NewConnectionError('<urllib3.connection.HTTPConnection object at 0x00000212EA75BED0>: Failed to establish a new connection: [WinError 10061] No connection could be made because the target machine actively refused it'))
2025-09-26 13:03:37,753 - api_client - WARNING - client.py:80 - Request attempt 3 failed: HTTPConnectionPool(host='127.0.0.1', port=8000): Max retries exceeded with url: /api/ (Caused by NewConnectionError('<urllib3.connection.HTTPConnection object at 0x00000212ECBF8410>: Failed to establish a new connection: [WinError 10061] No connection could be made because the target machine actively refused it'))
2025-09-26 13:03:37,755 - warehouse_app - INFO - main.py:47 - Main window created successfully
2025-09-26 13:03:37,881 - warehouse_app - INFO - main.py:155 - Application started successfully
2025-09-26 13:03:40,236 - product_management - INFO - product_management.py:173 - Loaded 0 products from CSV
2025-09-26 13:03:40,237 - main_window - INFO - main_window.py:317 - Refreshed data for Product Management
2025-09-26 13:03:55,160 - main_window - INFO - main_window.py:413 - Application closing
2025-09-26 13:04:11,707 - warehouse_app - INFO - main.py:31 - Starting Warehouse Management System v1.0.0
2025-09-26 13:04:12,517 - devices_api - INFO - devices.py:27 - Device location syncer initialized
2025-09-26 13:04:13,162 - main_window - INFO - main_window.py:128 - Dashboard widget loaded successfully
2025-09-26 13:04:13,167 - devices_api - INFO - devices.py:27 - Device location syncer initialized
2025-09-26 13:04:13,202 - device_list - INFO - device_list.py:248 - Refreshing device data...
2025-09-26 13:04:13,205 - device_list - INFO - device_list.py:268 - Loaded 12 devices from CSV
2025-09-26 13:04:13,226 - main_window - INFO - main_window.py:138 - Device Management widget loaded successfully
2025-09-26 13:04:13,268 - product_management - INFO - product_management.py:173 - Loaded 0 products from CSV
2025-09-26 13:04:13,274 - main_window - INFO - main_window.py:148 - Product Management widget loaded successfully
2025-09-26 13:04:13,487 - main_window - INFO - main_window.py:159 - Task Creation widget loaded successfully
2025-09-26 13:04:13,494 - devices_api - INFO - devices.py:27 - Device location syncer initialized
2025-09-26 13:04:13,564 - main_window - INFO - main_window.py:170 - Task Monitor widget loaded successfully
2025-09-26 13:04:13,621 - user_management - INFO - user_management.py:581 - Refreshing user data...
2025-09-26 13:04:13,624 - user_management - INFO - user_management.py:603 - Loaded 12 users from CSV
2025-09-26 13:04:13,644 - main_window - INFO - main_window.py:180 - User Management widget loaded successfully
2025-09-26 13:04:14,290 - map_management - INFO - map_management.py:53 - Map Management widget initialized
2025-09-26 13:04:14,438 - main_window - INFO - main_window.py:192 - Map Management widget loaded successfully
2025-09-26 13:04:14,445 - devices_api - INFO - devices.py:27 - Device location syncer initialized
2025-09-26 13:04:14,769 - main_window - INFO - main_window.py:203 - Device Tracking widget loaded successfully
2025-09-26 13:04:16,832 - api_client - WARNING - client.py:80 - Request attempt 1 failed: HTTPConnectionPool(host='127.0.0.1', port=8000): Max retries exceeded with url: /api/ (Caused by NewConnectionError('<urllib3.connection.HTTPConnection object at 0x000001E60A88AE40>: Failed to establish a new connection: [WinError 10061] No connection could be made because the target machine actively refused it'))
2025-09-26 13:04:18,862 - api_client - WARNING - client.py:80 - Request attempt 2 failed: HTTPConnectionPool(host='127.0.0.1', port=8000): Max retries exceeded with url: /api/ (Caused by NewConnectionError('<urllib3.connection.HTTPConnection object at 0x000001E60A7CBED0>: Failed to establish a new connection: [WinError 10061] No connection could be made because the target machine actively refused it'))
2025-09-26 13:04:20,904 - api_client - WARNING - client.py:80 - Request attempt 3 failed: HTTPConnectionPool(host='127.0.0.1', port=8000): Max retries exceeded with url: /api/ (Caused by NewConnectionError('<urllib3.connection.HTTPConnection object at 0x000001E60CC68410>: Failed to establish a new connection: [WinError 10061] No connection could be made because the target machine actively refused it'))
2025-09-26 13:04:20,905 - warehouse_app - INFO - main.py:47 - Main window created successfully
2025-09-26 13:04:21,029 - warehouse_app - INFO - main.py:155 - Application started successfully
2025-09-26 13:04:24,804 - product_management - INFO - product_management.py:173 - Loaded 0 products from CSV
2025-09-26 13:04:24,804 - main_window - INFO - main_window.py:317 - Refreshed data for Product Management
2025-09-26 13:04:35,496 - main_window - INFO - main_window.py:413 - Application closing
2025-09-26 13:04:49,994 - warehouse_app - INFO - main.py:31 - Starting Warehouse Management System v1.0.0
2025-09-26 13:04:50,805 - devices_api - INFO - devices.py:27 - Device location syncer initialized
2025-09-26 13:04:51,455 - main_window - INFO - main_window.py:128 - Dashboard widget loaded successfully
2025-09-26 13:04:51,461 - devices_api - INFO - devices.py:27 - Device location syncer initialized
2025-09-26 13:04:51,496 - device_list - INFO - device_list.py:248 - Refreshing device data...
2025-09-26 13:04:51,500 - device_list - INFO - device_list.py:268 - Loaded 12 devices from CSV
2025-09-26 13:04:51,517 - main_window - INFO - main_window.py:138 - Device Management widget loaded successfully
2025-09-26 13:04:51,554 - product_management - INFO - product_management.py:173 - Loaded 0 products from CSV
2025-09-26 13:04:51,560 - main_window - INFO - main_window.py:148 - Product Management widget loaded successfully
2025-09-26 13:04:51,782 - main_window - INFO - main_window.py:159 - Task Creation widget loaded successfully
2025-09-26 13:04:51,790 - devices_api - INFO - devices.py:27 - Device location syncer initialized
2025-09-26 13:04:51,858 - main_window - INFO - main_window.py:170 - Task Monitor widget loaded successfully
2025-09-26 13:04:51,914 - user_management - INFO - user_management.py:581 - Refreshing user data...
2025-09-26 13:04:51,916 - user_management - INFO - user_management.py:603 - Loaded 12 users from CSV
2025-09-26 13:04:51,937 - main_window - INFO - main_window.py:180 - User Management widget loaded successfully
2025-09-26 13:04:52,604 - map_management - INFO - map_management.py:53 - Map Management widget initialized
2025-09-26 13:04:52,753 - main_window - INFO - main_window.py:192 - Map Management widget loaded successfully
2025-09-26 13:04:52,757 - devices_api - INFO - devices.py:27 - Device location syncer initialized
2025-09-26 13:04:53,055 - main_window - INFO - main_window.py:203 - Device Tracking widget loaded successfully
2025-09-26 13:04:55,122 - api_client - WARNING - client.py:80 - Request attempt 1 failed: HTTPConnectionPool(host='127.0.0.1', port=8000): Max retries exceeded with url: /api/ (Caused by NewConnectionError('<urllib3.connection.HTTPConnection object at 0x000001F15488EE40>: Failed to establish a new connection: [WinError 10061] No connection could be made because the target machine actively refused it'))
2025-09-26 13:04:57,163 - api_client - WARNING - client.py:80 - Request attempt 2 failed: HTTPConnectionPool(host='127.0.0.1', port=8000): Max retries exceeded with url: /api/ (Caused by NewConnectionError('<urllib3.connection.HTTPConnection object at 0x000001F1547CBED0>: Failed to establish a new connection: [WinError 10061] No connection could be made because the target machine actively refused it'))
2025-09-26 13:04:59,219 - api_client - WARNING - client.py:80 - Request attempt 3 failed: HTTPConnectionPool(host='127.0.0.1', port=8000): Max retries exceeded with url: /api/ (Caused by NewConnectionError('<urllib3.connection.HTTPConnection object at 0x000001F156C68410>: Failed to establish a new connection: [WinError 10061] No connection could be made because the target machine actively refused it'))
2025-09-26 13:04:59,222 - warehouse_app - INFO - main.py:47 - Main window created successfully
2025-09-26 13:04:59,348 - warehouse_app - INFO - main.py:155 - Application started successfully
2025-09-26 13:05:02,550 - product_management - INFO - product_management.py:173 - Loaded 0 products from CSV
2025-09-26 13:05:02,550 - main_window - INFO - main_window.py:317 - Refreshed data for Product Management
2025-09-26 13:05:21,508 - device_list - INFO - device_list.py:248 - Refreshing device data...
2025-09-26 13:05:21,514 - device_list - INFO - device_list.py:268 - Loaded 12 devices from CSV
2025-09-26 13:05:23,074 - device_location_syncer - ERROR - sync_device_locations.py:241 - Error processing device d11: could not convert string to float: ''
2025-09-26 13:05:23,076 - device_location_syncer - ERROR - sync_device_locations.py:241 - Error processing device pp111: could not convert string to float: ''
2025-09-26 13:05:23,077 - device_location_syncer - ERROR - sync_device_locations.py:241 - Error processing device ppp11: could not convert string to float: ''
2025-09-26 13:05:23,079 - device_location_syncer - ERROR - sync_device_locations.py:241 - Error processing device dev1: could not convert string to float: ''
2025-09-26 13:05:23,081 - device_location_syncer - ERROR - sync_device_locations.py:241 - Error processing device dv1: could not convert string to float: ''
2025-09-26 13:05:23,082 - device_location_syncer - ERROR - sync_device_locations.py:241 - Error processing device dv11: could not convert string to float: ''
2025-09-26 13:05:23,084 - device_location_syncer - INFO - sync_device_locations.py:250 - Sync completed. No location updates needed.
2025-09-26 13:05:23,087 - product_management - INFO - product_management.py:173 - Loaded 0 products from CSV
2025-09-26 13:05:51,505 - device_list - INFO - device_list.py:248 - Refreshing device data...
2025-09-26 13:05:51,514 - device_list - INFO - device_list.py:268 - Loaded 12 devices from CSV
2025-09-26 13:05:55,103 - api_client - WARNING - client.py:80 - Request attempt 1 failed: HTTPConnectionPool(host='127.0.0.1', port=8000): Max retries exceeded with url: /api/ (Caused by NewConnectionError('<urllib3.connection.HTTPConnection object at 0x000001F156C4D0F0>: Failed to establish a new connection: [WinError 10061] No connection could be made because the target machine actively refused it'))
2025-09-26 13:05:57,163 - api_client - WARNING - client.py:80 - Request attempt 2 failed: HTTPConnectionPool(host='127.0.0.1', port=8000): Max retries exceeded with url: /api/ (Caused by NewConnectionError('<urllib3.connection.HTTPConnection object at 0x000001F156C4D5B0>: Failed to establish a new connection: [WinError 10061] No connection could be made because the target machine actively refused it'))
2025-09-26 13:05:59,196 - api_client - WARNING - client.py:80 - Request attempt 3 failed: HTTPConnectionPool(host='127.0.0.1', port=8000): Max retries exceeded with url: /api/ (Caused by NewConnectionError('<urllib3.connection.HTTPConnection object at 0x000001F154899B50>: Failed to establish a new connection: [WinError 10061] No connection could be made because the target machine actively refused it'))
2025-09-26 13:05:59,206 - device_location_syncer - ERROR - sync_device_locations.py:241 - Error processing device d11: could not convert string to float: ''
2025-09-26 13:05:59,208 - device_location_syncer - ERROR - sync_device_locations.py:241 - Error processing device pp111: could not convert string to float: ''
2025-09-26 13:05:59,210 - device_location_syncer - ERROR - sync_device_locations.py:241 - Error processing device ppp11: could not convert string to float: ''
2025-09-26 13:05:59,213 - device_location_syncer - ERROR - sync_device_locations.py:241 - Error processing device dev1: could not convert string to float: ''
2025-09-26 13:05:59,217 - device_location_syncer - ERROR - sync_device_locations.py:241 - Error processing device dv1: could not convert string to float: ''
2025-09-26 13:05:59,219 - device_location_syncer - ERROR - sync_device_locations.py:241 - Error processing device dv11: could not convert string to float: ''
2025-09-26 13:05:59,219 - device_location_syncer - INFO - sync_device_locations.py:250 - Sync completed. No location updates needed.
2025-09-26 13:05:59,221 - product_management - INFO - product_management.py:173 - Loaded 0 products from CSV
2025-09-26 13:06:21,502 - device_list - INFO - device_list.py:248 - Refreshing device data...
2025-09-26 13:06:21,510 - device_list - INFO - device_list.py:268 - Loaded 12 devices from CSV
2025-09-26 13:06:23,079 - device_location_syncer - ERROR - sync_device_locations.py:241 - Error processing device d11: could not convert string to float: ''
2025-09-26 13:06:23,081 - device_location_syncer - ERROR - sync_device_locations.py:241 - Error processing device pp111: could not convert string to float: ''
2025-09-26 13:06:23,084 - device_location_syncer - ERROR - sync_device_locations.py:241 - Error processing device ppp11: could not convert string to float: ''
2025-09-26 13:06:23,087 - device_location_syncer - ERROR - sync_device_locations.py:241 - Error processing device dev1: could not convert string to float: ''
2025-09-26 13:06:23,090 - device_location_syncer - ERROR - sync_device_locations.py:241 - Error processing device dv1: could not convert string to float: ''
2025-09-26 13:06:23,095 - device_location_syncer - ERROR - sync_device_locations.py:241 - Error processing device dv11: could not convert string to float: ''
2025-09-26 13:06:23,096 - device_location_syncer - INFO - sync_device_locations.py:250 - Sync completed. No location updates needed.
2025-09-26 13:06:23,099 - product_management - INFO - product_management.py:173 - Loaded 0 products from CSV
2025-09-26 13:06:51,510 - device_list - INFO - device_list.py:248 - Refreshing device data...
2025-09-26 13:06:51,519 - device_list - INFO - device_list.py:268 - Loaded 12 devices from CSV
2025-09-26 13:06:55,105 - api_client - WARNING - client.py:80 - Request attempt 1 failed: HTTPConnectionPool(host='127.0.0.1', port=8000): Max retries exceeded with url: /api/ (Caused by NewConnectionError('<urllib3.connection.HTTPConnection object at 0x000001F156C488D0>: Failed to establish a new connection: [WinError 10061] No connection could be made because the target machine actively refused it'))
2025-09-26 13:06:57,133 - api_client - WARNING - client.py:80 - Request attempt 2 failed: HTTPConnectionPool(host='127.0.0.1', port=8000): Max retries exceeded with url: /api/ (Caused by NewConnectionError('<urllib3.connection.HTTPConnection object at 0x000001F156C487C0>: Failed to establish a new connection: [WinError 10061] No connection could be made because the target machine actively refused it'))
2025-09-26 13:06:59,186 - api_client - WARNING - client.py:80 - Request attempt 3 failed: HTTPConnectionPool(host='127.0.0.1', port=8000): Max retries exceeded with url: /api/ (Caused by NewConnectionError('<urllib3.connection.HTTPConnection object at 0x000001F156C48F30>: Failed to establish a new connection: [WinError 10061] No connection could be made because the target machine actively refused it'))
2025-09-26 13:06:59,215 - device_location_syncer - ERROR - sync_device_locations.py:241 - Error processing device d11: could not convert string to float: ''
2025-09-26 13:06:59,221 - device_location_syncer - ERROR - sync_device_locations.py:241 - Error processing device pp111: could not convert string to float: ''
2025-09-26 13:06:59,224 - device_location_syncer - ERROR - sync_device_locations.py:241 - Error processing device ppp11: could not convert string to float: ''
2025-09-26 13:06:59,226 - device_location_syncer - ERROR - sync_device_locations.py:241 - Error processing device dev1: could not convert string to float: ''
2025-09-26 13:06:59,228 - device_location_syncer - ERROR - sync_device_locations.py:241 - Error processing device dv1: could not convert string to float: ''
2025-09-26 13:06:59,231 - device_location_syncer - ERROR - sync_device_locations.py:241 - Error processing device dv11: could not convert string to float: ''
2025-09-26 13:06:59,234 - device_location_syncer - INFO - sync_device_locations.py:250 - Sync completed. No location updates needed.
2025-09-26 13:06:59,238 - product_management - INFO - product_management.py:173 - Loaded 0 products from CSV
2025-09-26 13:07:07,885 - csv_handler - INFO - csv_handler.py:241 - Successfully appended row to products CSV with ID: 1
2025-09-26 13:07:10,052 - product_management - INFO - product_management.py:173 - Loaded 1 products from CSV
2025-09-26 13:07:10,053 - product_management - INFO - product_management.py:226 - Added product: 1234
2025-09-26 13:07:21,508 - device_list - INFO - device_list.py:248 - Refreshing device data...
2025-09-26 13:07:21,514 - device_list - INFO - device_list.py:268 - Loaded 12 devices from CSV
2025-09-26 13:07:23,083 - device_location_syncer - ERROR - sync_device_locations.py:241 - Error processing device d11: could not convert string to float: ''
2025-09-26 13:07:23,085 - device_location_syncer - ERROR - sync_device_locations.py:241 - Error processing device pp111: could not convert string to float: ''
2025-09-26 13:07:23,088 - device_location_syncer - ERROR - sync_device_locations.py:241 - Error processing device ppp11: could not convert string to float: ''
2025-09-26 13:07:23,091 - device_location_syncer - ERROR - sync_device_locations.py:241 - Error processing device dev1: could not convert string to float: ''
2025-09-26 13:07:23,094 - device_location_syncer - ERROR - sync_device_locations.py:241 - Error processing device dv1: could not convert string to float: ''
2025-09-26 13:07:23,103 - device_location_syncer - ERROR - sync_device_locations.py:241 - Error processing device dv11: could not convert string to float: ''
2025-09-26 13:07:23,104 - device_location_syncer - INFO - sync_device_locations.py:250 - Sync completed. No location updates needed.
2025-09-26 13:07:23,105 - product_management - INFO - product_management.py:173 - Loaded 1 products from CSV
2025-09-26 13:07:47,014 - csv_handler - INFO - csv_handler.py:241 - Successfully appended row to products CSV with ID: 2
2025-09-26 13:07:48,507 - product_management - INFO - product_management.py:173 - Loaded 2 products from CSV
2025-09-26 13:07:48,508 - product_management - INFO - product_management.py:226 - Added product: 1212
2025-09-26 13:07:51,496 - device_list - INFO - device_list.py:248 - Refreshing device data...
2025-09-26 13:07:51,506 - device_list - INFO - device_list.py:268 - Loaded 12 devices from CSV
2025-09-26 13:07:55,113 - api_client - WARNING - client.py:80 - Request attempt 1 failed: HTTPConnectionPool(host='127.0.0.1', port=8000): Max retries exceeded with url: /api/ (Caused by NewConnectionError('<urllib3.connection.HTTPConnection object at 0x000001F156C49150>: Failed to establish a new connection: [WinError 10061] No connection could be made because the target machine actively refused it'))
2025-09-26 13:07:57,155 - api_client - WARNING - client.py:80 - Request attempt 2 failed: HTTPConnectionPool(host='127.0.0.1', port=8000): Max retries exceeded with url: /api/ (Caused by NewConnectionError('<urllib3.connection.HTTPConnection object at 0x000001F156C49370>: Failed to establish a new connection: [WinError 10061] No connection could be made because the target machine actively refused it'))
2025-09-26 13:07:59,209 - api_client - WARNING - client.py:80 - Request attempt 3 failed: HTTPConnectionPool(host='127.0.0.1', port=8000): Max retries exceeded with url: /api/ (Caused by NewConnectionError('<urllib3.connection.HTTPConnection object at 0x000001F156C49590>: Failed to establish a new connection: [WinError 10061] No connection could be made because the target machine actively refused it'))
2025-09-26 13:07:59,219 - device_location_syncer - ERROR - sync_device_locations.py:241 - Error processing device d11: could not convert string to float: ''
2025-09-26 13:07:59,220 - device_location_syncer - ERROR - sync_device_locations.py:241 - Error processing device pp111: could not convert string to float: ''
2025-09-26 13:07:59,222 - device_location_syncer - ERROR - sync_device_locations.py:241 - Error processing device ppp11: could not convert string to float: ''
2025-09-26 13:07:59,224 - device_location_syncer - ERROR - sync_device_locations.py:241 - Error processing device dev1: could not convert string to float: ''
2025-09-26 13:07:59,226 - device_location_syncer - ERROR - sync_device_locations.py:241 - Error processing device dv1: could not convert string to float: ''
2025-09-26 13:07:59,228 - device_location_syncer - ERROR - sync_device_locations.py:241 - Error processing device dv11: could not convert string to float: ''
2025-09-26 13:07:59,228 - device_location_syncer - INFO - sync_device_locations.py:250 - Sync completed. No location updates needed.
2025-09-26 13:07:59,230 - product_management - INFO - product_management.py:173 - Loaded 2 products from CSV
2025-09-26 13:08:21,495 - device_list - INFO - device_list.py:248 - Refreshing device data...
2025-09-26 13:08:21,503 - device_list - INFO - device_list.py:268 - Loaded 12 devices from CSV
2025-09-26 13:08:23,092 - device_location_syncer - ERROR - sync_device_locations.py:241 - Error processing device d11: could not convert string to float: ''
2025-09-26 13:08:23,095 - device_location_syncer - ERROR - sync_device_locations.py:241 - Error processing device pp111: could not convert string to float: ''
2025-09-26 13:08:23,099 - device_location_syncer - ERROR - sync_device_locations.py:241 - Error processing device ppp11: could not convert string to float: ''
2025-09-26 13:08:23,103 - device_location_syncer - ERROR - sync_device_locations.py:241 - Error processing device dev1: could not convert string to float: ''
2025-09-26 13:08:23,105 - device_location_syncer - ERROR - sync_device_locations.py:241 - Error processing device dv1: could not convert string to float: ''
2025-09-26 13:08:23,108 - device_location_syncer - ERROR - sync_device_locations.py:241 - Error processing device dv11: could not convert string to float: ''
2025-09-26 13:08:23,108 - device_location_syncer - INFO - sync_device_locations.py:250 - Sync completed. No location updates needed.
2025-09-26 13:08:23,110 - product_management - INFO - product_management.py:173 - Loaded 2 products from CSV
2025-09-26 13:08:51,510 - device_list - INFO - device_list.py:248 - Refreshing device data...
2025-09-26 13:08:51,518 - device_list - INFO - device_list.py:268 - Loaded 12 devices from CSV
2025-09-26 13:08:55,087 - api_client - WARNING - client.py:80 - Request attempt 1 failed: HTTPConnectionPool(host='127.0.0.1', port=8000): Max retries exceeded with url: /api/ (Caused by NewConnectionError('<urllib3.connection.HTTPConnection object at 0x000001F156C497B0>: Failed to establish a new connection: [WinError 10061] No connection could be made because the target machine actively refused it'))
2025-09-26 13:08:57,145 - api_client - WARNING - client.py:80 - Request attempt 2 failed: HTTPConnectionPool(host='127.0.0.1', port=8000): Max retries exceeded with url: /api/ (Caused by NewConnectionError('<urllib3.connection.HTTPConnection object at 0x000001F156C499D0>: Failed to establish a new connection: [WinError 10061] No connection could be made because the target machine actively refused it'))
2025-09-26 13:08:59,187 - api_client - WARNING - client.py:80 - Request attempt 3 failed: HTTPConnectionPool(host='127.0.0.1', port=8000): Max retries exceeded with url: /api/ (Caused by NewConnectionError('<urllib3.connection.HTTPConnection object at 0x000001F156C49BF0>: Failed to establish a new connection: [WinError 10061] No connection could be made because the target machine actively refused it'))
2025-09-26 13:08:59,213 - device_location_syncer - ERROR - sync_device_locations.py:241 - Error processing device d11: could not convert string to float: ''
2025-09-26 13:08:59,220 - device_location_syncer - ERROR - sync_device_locations.py:241 - Error processing device pp111: could not convert string to float: ''
2025-09-26 13:08:59,224 - device_location_syncer - ERROR - sync_device_locations.py:241 - Error processing device ppp11: could not convert string to float: ''
2025-09-26 13:08:59,226 - device_location_syncer - ERROR - sync_device_locations.py:241 - Error processing device dev1: could not convert string to float: ''
2025-09-26 13:08:59,228 - device_location_syncer - ERROR - sync_device_locations.py:241 - Error processing device dv1: could not convert string to float: ''
2025-09-26 13:08:59,230 - device_location_syncer - ERROR - sync_device_locations.py:241 - Error processing device dv11: could not convert string to float: ''
2025-09-26 13:08:59,231 - device_location_syncer - INFO - sync_device_locations.py:250 - Sync completed. No location updates needed.
2025-09-26 13:08:59,232 - product_management - INFO - product_management.py:173 - Loaded 2 products from CSV
2025-09-26 13:09:05,562 - main_window - INFO - main_window.py:317 - Refreshed data for Task Monitor
2025-09-26 13:09:08,344 - product_management - INFO - product_management.py:173 - Loaded 2 products from CSV
2025-09-26 13:09:08,345 - main_window - INFO - main_window.py:317 - Refreshed data for Product Management
2025-09-26 13:09:09,130 - device_list - INFO - device_list.py:248 - Refreshing device data...
2025-09-26 13:09:09,133 - device_list - INFO - device_list.py:268 - Loaded 12 devices from CSV
2025-09-26 13:09:09,133 - main_window - INFO - main_window.py:317 - Refreshed data for Device Management
2025-09-26 13:09:11,938 - main_window - INFO - main_window.py:317 - Refreshed data for Task Monitor
2025-09-26 13:09:21,499 - device_list - INFO - device_list.py:248 - Refreshing device data...
2025-09-26 13:09:21,510 - device_list - INFO - device_list.py:268 - Loaded 12 devices from CSV
2025-09-26 13:09:22,128 - product_management - INFO - product_management.py:173 - Loaded 2 products from CSV
2025-09-26 13:09:22,129 - main_window - INFO - main_window.py:317 - Refreshed data for Product Management
2025-09-26 13:09:23,079 - device_location_syncer - ERROR - sync_device_locations.py:241 - Error processing device d11: could not convert string to float: ''
2025-09-26 13:09:23,081 - device_location_syncer - ERROR - sync_device_locations.py:241 - Error processing device pp111: could not convert string to float: ''
2025-09-26 13:09:23,085 - device_location_syncer - ERROR - sync_device_locations.py:241 - Error processing device ppp11: could not convert string to float: ''
2025-09-26 13:09:23,088 - device_location_syncer - ERROR - sync_device_locations.py:241 - Error processing device dev1: could not convert string to float: ''
2025-09-26 13:09:23,091 - device_location_syncer - ERROR - sync_device_locations.py:241 - Error processing device dv1: could not convert string to float: ''
2025-09-26 13:09:23,094 - device_location_syncer - ERROR - sync_device_locations.py:241 - Error processing device dv11: could not convert string to float: ''
2025-09-26 13:09:23,094 - device_location_syncer - INFO - sync_device_locations.py:250 - Sync completed. No location updates needed.
2025-09-26 13:09:23,097 - product_management - INFO - product_management.py:173 - Loaded 2 products from CSV
2025-09-26 13:09:51,506 - device_list - INFO - device_list.py:248 - Refreshing device data...
2025-09-26 13:09:51,510 - device_list - INFO - device_list.py:268 - Loaded 12 devices from CSV
2025-09-26 13:09:55,122 - api_client - WARNING - client.py:80 - Request attempt 1 failed: HTTPConnectionPool(host='127.0.0.1', port=8000): Max retries exceeded with url: /api/ (Caused by NewConnectionError('<urllib3.connection.HTTPConnection object at 0x000001F156C49F20>: Failed to establish a new connection: [WinError 10061] No connection could be made because the target machine actively refused it'))
2025-09-26 13:09:57,174 - api_client - WARNING - client.py:80 - Request attempt 2 failed: HTTPConnectionPool(host='127.0.0.1', port=8000): Max retries exceeded with url: /api/ (Caused by NewConnectionError('<urllib3.connection.HTTPConnection object at 0x000001F156C4A030>: Failed to establish a new connection: [WinError 10061] No connection could be made because the target machine actively refused it'))
2025-09-26 13:09:59,219 - api_client - WARNING - client.py:80 - Request attempt 3 failed: HTTPConnectionPool(host='127.0.0.1', port=8000): Max retries exceeded with url: /api/ (Caused by NewConnectionError('<urllib3.connection.HTTPConnection object at 0x000001F156C4A250>: Failed to establish a new connection: [WinError 10061] No connection could be made because the target machine actively refused it'))
2025-09-26 13:09:59,246 - device_location_syncer - ERROR - sync_device_locations.py:241 - Error processing device d11: could not convert string to float: ''
2025-09-26 13:09:59,253 - device_location_syncer - ERROR - sync_device_locations.py:241 - Error processing device pp111: could not convert string to float: ''
2025-09-26 13:09:59,255 - device_location_syncer - ERROR - sync_device_locations.py:241 - Error processing device ppp11: could not convert string to float: ''
2025-09-26 13:09:59,257 - device_location_syncer - ERROR - sync_device_locations.py:241 - Error processing device dev1: could not convert string to float: ''
2025-09-26 13:09:59,259 - device_location_syncer - ERROR - sync_device_locations.py:241 - Error processing device dv1: could not convert string to float: ''
2025-09-26 13:09:59,261 - device_location_syncer - ERROR - sync_device_locations.py:241 - Error processing device dv11: could not convert string to float: ''
2025-09-26 13:09:59,261 - device_location_syncer - INFO - sync_device_locations.py:250 - Sync completed. No location updates needed.
2025-09-26 13:09:59,263 - product_management - INFO - product_management.py:173 - Loaded 2 products from CSV
2025-09-26 13:10:05,870 - main_window - INFO - main_window.py:317 - Refreshed data for Map Management
2025-09-26 13:10:14,157 - product_management - INFO - product_management.py:173 - Loaded 2 products from CSV
2025-09-26 13:10:14,157 - main_window - INFO - main_window.py:317 - Refreshed data for Product Management
2025-09-26 13:10:21,505 - device_list - INFO - device_list.py:248 - Refreshing device data...
2025-09-26 13:10:21,514 - device_list - INFO - device_list.py:268 - Loaded 12 devices from CSV
2025-09-26 13:10:23,082 - device_location_syncer - ERROR - sync_device_locations.py:241 - Error processing device d11: could not convert string to float: ''
2025-09-26 13:10:23,086 - device_location_syncer - ERROR - sync_device_locations.py:241 - Error processing device pp111: could not convert string to float: ''
2025-09-26 13:10:23,091 - device_location_syncer - ERROR - sync_device_locations.py:241 - Error processing device ppp11: could not convert string to float: ''
2025-09-26 13:10:23,096 - device_location_syncer - ERROR - sync_device_locations.py:241 - Error processing device dev1: could not convert string to float: ''
2025-09-26 13:10:23,102 - device_location_syncer - ERROR - sync_device_locations.py:241 - Error processing device dv1: could not convert string to float: ''
2025-09-26 13:10:23,104 - device_location_syncer - ERROR - sync_device_locations.py:241 - Error processing device dv11: could not convert string to float: ''
2025-09-26 13:10:23,105 - device_location_syncer - INFO - sync_device_locations.py:250 - Sync completed. No location updates needed.
2025-09-26 13:10:23,106 - product_management - INFO - product_management.py:173 - Loaded 2 products from CSV
2025-09-26 13:10:51,499 - device_list - INFO - device_list.py:248 - Refreshing device data...
2025-09-26 13:10:51,507 - device_list - INFO - device_list.py:268 - Loaded 12 devices from CSV
2025-09-26 13:10:55,095 - api_client - WARNING - client.py:80 - Request attempt 1 failed: HTTPConnectionPool(host='127.0.0.1', port=8000): Max retries exceeded with url: /api/ (Caused by NewConnectionError('<urllib3.connection.HTTPConnection object at 0x000001F156C4A470>: Failed to establish a new connection: [WinError 10061] No connection could be made because the target machine actively refused it'))
2025-09-26 13:10:57,144 - api_client - WARNING - client.py:80 - Request attempt 2 failed: HTTPConnectionPool(host='127.0.0.1', port=8000): Max retries exceeded with url: /api/ (Caused by NewConnectionError('<urllib3.connection.HTTPConnection object at 0x000001F156C4A690>: Failed to establish a new connection: [WinError 10061] No connection could be made because the target machine actively refused it'))
2025-09-26 13:10:59,195 - api_client - WARNING - client.py:80 - Request attempt 3 failed: HTTPConnectionPool(host='127.0.0.1', port=8000): Max retries exceeded with url: /api/ (Caused by NewConnectionError('<urllib3.connection.HTTPConnection object at 0x000001F156C4A8B0>: Failed to establish a new connection: [WinError 10061] No connection could be made because the target machine actively refused it'))
2025-09-26 13:10:59,236 - device_location_syncer - ERROR - sync_device_locations.py:241 - Error processing device d11: could not convert string to float: ''
2025-09-26 13:10:59,237 - device_location_syncer - ERROR - sync_device_locations.py:241 - Error processing device pp111: could not convert string to float: ''
2025-09-26 13:10:59,239 - device_location_syncer - ERROR - sync_device_locations.py:241 - Error processing device ppp11: could not convert string to float: ''
2025-09-26 13:10:59,241 - device_location_syncer - ERROR - sync_device_locations.py:241 - Error processing device dev1: could not convert string to float: ''
2025-09-26 13:10:59,246 - device_location_syncer - ERROR - sync_device_locations.py:241 - Error processing device dv1: could not convert string to float: ''
2025-09-26 13:10:59,250 - device_location_syncer - ERROR - sync_device_locations.py:241 - Error processing device dv11: could not convert string to float: ''
2025-09-26 13:10:59,250 - device_location_syncer - INFO - sync_device_locations.py:250 - Sync completed. No location updates needed.
2025-09-26 13:10:59,251 - product_management - INFO - product_management.py:173 - Loaded 2 products from CSV
2025-09-26 13:11:21,504 - device_list - INFO - device_list.py:248 - Refreshing device data...
2025-09-26 13:11:21,513 - device_list - INFO - device_list.py:268 - Loaded 12 devices from CSV
2025-09-26 13:11:23,083 - device_location_syncer - ERROR - sync_device_locations.py:241 - Error processing device d11: could not convert string to float: ''
2025-09-26 13:11:23,087 - device_location_syncer - ERROR - sync_device_locations.py:241 - Error processing device pp111: could not convert string to float: ''
2025-09-26 13:11:23,090 - device_location_syncer - ERROR - sync_device_locations.py:241 - Error processing device ppp11: could not convert string to float: ''
2025-09-26 13:11:23,095 - device_location_syncer - ERROR - sync_device_locations.py:241 - Error processing device dev1: could not convert string to float: ''
2025-09-26 13:11:23,101 - device_location_syncer - ERROR - sync_device_locations.py:241 - Error processing device dv1: could not convert string to float: ''
2025-09-26 13:11:23,107 - device_location_syncer - ERROR - sync_device_locations.py:241 - Error processing device dv11: could not convert string to float: ''
2025-09-26 13:11:23,108 - device_location_syncer - INFO - sync_device_locations.py:250 - Sync completed. No location updates needed.
2025-09-26 13:11:23,110 - product_management - INFO - product_management.py:173 - Loaded 2 products from CSV
2025-09-26 13:11:51,495 - device_list - INFO - device_list.py:248 - Refreshing device data...
2025-09-26 13:11:51,505 - device_list - INFO - device_list.py:268 - Loaded 12 devices from CSV
2025-09-26 13:11:55,106 - api_client - WARNING - client.py:80 - Request attempt 1 failed: HTTPConnectionPool(host='127.0.0.1', port=8000): Max retries exceeded with url: /api/ (Caused by NewConnectionError('<urllib3.connection.HTTPConnection object at 0x000001F156C4AAD0>: Failed to establish a new connection: [WinError 10061] No connection could be made because the target machine actively refused it'))
2025-09-26 13:11:57,159 - api_client - WARNING - client.py:80 - Request attempt 2 failed: HTTPConnectionPool(host='127.0.0.1', port=8000): Max retries exceeded with url: /api/ (Caused by NewConnectionError('<urllib3.connection.HTTPConnection object at 0x000001F156C4ACF0>: Failed to establish a new connection: [WinError 10061] No connection could be made because the target machine actively refused it'))
2025-09-26 13:11:59,216 - api_client - WARNING - client.py:80 - Request attempt 3 failed: HTTPConnectionPool(host='127.0.0.1', port=8000): Max retries exceeded with url: /api/ (Caused by NewConnectionError('<urllib3.connection.HTTPConnection object at 0x000001F156C4AF10>: Failed to establish a new connection: [WinError 10061] No connection could be made because the target machine actively refused it'))
2025-09-26 13:11:59,241 - device_location_syncer - ERROR - sync_device_locations.py:241 - Error processing device d11: could not convert string to float: ''
2025-09-26 13:11:59,246 - device_location_syncer - ERROR - sync_device_locations.py:241 - Error processing device pp111: could not convert string to float: ''
2025-09-26 13:11:59,250 - device_location_syncer - ERROR - sync_device_locations.py:241 - Error processing device ppp11: could not convert string to float: ''
2025-09-26 13:11:59,253 - device_location_syncer - ERROR - sync_device_locations.py:241 - Error processing device dev1: could not convert string to float: ''
2025-09-26 13:11:59,256 - device_location_syncer - ERROR - sync_device_locations.py:241 - Error processing device dv1: could not convert string to float: ''
2025-09-26 13:11:59,260 - device_location_syncer - ERROR - sync_device_locations.py:241 - Error processing device dv11: could not convert string to float: ''
2025-09-26 13:11:59,263 - device_location_syncer - INFO - sync_device_locations.py:250 - Sync completed. No location updates needed.
2025-09-26 13:11:59,267 - product_management - INFO - product_management.py:173 - Loaded 2 products from CSV
2025-09-26 13:12:21,505 - device_list - INFO - device_list.py:248 - Refreshing device data...
2025-09-26 13:12:21,510 - device_list - INFO - device_list.py:268 - Loaded 12 devices from CSV
2025-09-26 13:12:23,086 - device_location_syncer - ERROR - sync_device_locations.py:241 - Error processing device d11: could not convert string to float: ''
2025-09-26 13:12:23,090 - device_location_syncer - ERROR - sync_device_locations.py:241 - Error processing device pp111: could not convert string to float: ''
2025-09-26 13:12:23,095 - device_location_syncer - ERROR - sync_device_locations.py:241 - Error processing device ppp11: could not convert string to float: ''
2025-09-26 13:12:23,100 - device_location_syncer - ERROR - sync_device_locations.py:241 - Error processing device dev1: could not convert string to float: ''
2025-09-26 13:12:23,103 - device_location_syncer - ERROR - sync_device_locations.py:241 - Error processing device dv1: could not convert string to float: ''
2025-09-26 13:12:23,106 - device_location_syncer - ERROR - sync_device_locations.py:241 - Error processing device dv11: could not convert string to float: ''
2025-09-26 13:12:23,107 - device_location_syncer - INFO - sync_device_locations.py:250 - Sync completed. No location updates needed.
2025-09-26 13:12:23,109 - product_management - INFO - product_management.py:173 - Loaded 2 products from CSV
2025-09-26 13:12:51,495 - device_list - INFO - device_list.py:248 - Refreshing device data...
2025-09-26 13:12:51,498 - device_list - INFO - device_list.py:268 - Loaded 12 devices from CSV
2025-09-26 13:12:55,116 - api_client - WARNING - client.py:80 - Request attempt 1 failed: HTTPConnectionPool(host='127.0.0.1', port=8000): Max retries exceeded with url: /api/ (Caused by NewConnectionError('<urllib3.connection.HTTPConnection object at 0x000001F156C4B130>: Failed to establish a new connection: [WinError 10061] No connection could be made because the target machine actively refused it'))
2025-09-26 13:12:57,172 - api_client - WARNING - client.py:80 - Request attempt 2 failed: HTTPConnectionPool(host='127.0.0.1', port=8000): Max retries exceeded with url: /api/ (Caused by NewConnectionError('<urllib3.connection.HTTPConnection object at 0x000001F156C4AF10>: Failed to establish a new connection: [WinError 10061] No connection could be made because the target machine actively refused it'))
2025-09-26 13:12:59,205 - api_client - WARNING - client.py:80 - Request attempt 3 failed: HTTPConnectionPool(host='127.0.0.1', port=8000): Max retries exceeded with url: /api/ (Caused by NewConnectionError('<urllib3.connection.HTTPConnection object at 0x000001F156C4ACF0>: Failed to establish a new connection: [WinError 10061] No connection could be made because the target machine actively refused it'))
2025-09-26 13:12:59,212 - device_location_syncer - ERROR - sync_device_locations.py:241 - Error processing device d11: could not convert string to float: ''
2025-09-26 13:12:59,214 - device_location_syncer - ERROR - sync_device_locations.py:241 - Error processing device pp111: could not convert string to float: ''
2025-09-26 13:12:59,221 - device_location_syncer - ERROR - sync_device_locations.py:241 - Error processing device ppp11: could not convert string to float: ''
2025-09-26 13:12:59,225 - device_location_syncer - ERROR - sync_device_locations.py:241 - Error processing device dev1: could not convert string to float: ''
2025-09-26 13:12:59,226 - device_location_syncer - ERROR - sync_device_locations.py:241 - Error processing device dv1: could not convert string to float: ''
2025-09-26 13:12:59,227 - device_location_syncer - ERROR - sync_device_locations.py:241 - Error processing device dv11: could not convert string to float: ''
2025-09-26 13:12:59,228 - device_location_syncer - INFO - sync_device_locations.py:250 - Sync completed. No location updates needed.
2025-09-26 13:12:59,229 - product_management - INFO - product_management.py:173 - Loaded 2 products from CSV
2025-09-26 13:13:17,067 - main_window - INFO - main_window.py:317 - Refreshed data for Create Task
2025-09-26 13:13:20,586 - main_window - INFO - main_window.py:317 - Refreshed data for Task Monitor
2025-09-26 13:13:21,506 - device_list - INFO - device_list.py:248 - Refreshing device data...
2025-09-26 13:13:21,511 - device_list - INFO - device_list.py:268 - Loaded 12 devices from CSV
2025-09-26 13:13:22,818 - product_management - INFO - product_management.py:173 - Loaded 2 products from CSV
2025-09-26 13:13:22,818 - main_window - INFO - main_window.py:317 - Refreshed data for Product Management
2025-09-26 13:13:23,079 - device_location_syncer - ERROR - sync_device_locations.py:241 - Error processing device d11: could not convert string to float: ''
2025-09-26 13:13:23,081 - device_location_syncer - ERROR - sync_device_locations.py:241 - Error processing device pp111: could not convert string to float: ''
2025-09-26 13:13:23,083 - device_location_syncer - ERROR - sync_device_locations.py:241 - Error processing device ppp11: could not convert string to float: ''
2025-09-26 13:13:23,085 - device_location_syncer - ERROR - sync_device_locations.py:241 - Error processing device dev1: could not convert string to float: ''
2025-09-26 13:13:23,087 - device_location_syncer - ERROR - sync_device_locations.py:241 - Error processing device dv1: could not convert string to float: ''
2025-09-26 13:13:23,089 - device_location_syncer - ERROR - sync_device_locations.py:241 - Error processing device dv11: could not convert string to float: ''
2025-09-26 13:13:23,090 - device_location_syncer - INFO - sync_device_locations.py:250 - Sync completed. No location updates needed.
2025-09-26 13:13:23,093 - product_management - INFO - product_management.py:173 - Loaded 2 products from CSV
2025-09-26 13:13:23,599 - device_list - INFO - device_list.py:248 - Refreshing device data...
2025-09-26 13:13:23,602 - device_list - INFO - device_list.py:268 - Loaded 12 devices from CSV
2025-09-26 13:13:23,602 - main_window - INFO - main_window.py:317 - Refreshed data for Device Management
2025-09-26 13:13:51,509 - device_list - INFO - device_list.py:248 - Refreshing device data...
2025-09-26 13:13:51,517 - device_list - INFO - device_list.py:268 - Loaded 12 devices from CSV
2025-09-26 13:13:55,124 - api_client - WARNING - client.py:80 - Request attempt 1 failed: HTTPConnectionPool(host='127.0.0.1', port=8000): Max retries exceeded with url: /api/ (Caused by NewConnectionError('<urllib3.connection.HTTPConnection object at 0x000001F156C4AAD0>: Failed to establish a new connection: [WinError 10061] No connection could be made because the target machine actively refused it'))
2025-09-26 13:13:57,177 - api_client - WARNING - client.py:80 - Request attempt 2 failed: HTTPConnectionPool(host='127.0.0.1', port=8000): Max retries exceeded with url: /api/ (Caused by NewConnectionError('<urllib3.connection.HTTPConnection object at 0x000001F156C4A8B0>: Failed to establish a new connection: [WinError 10061] No connection could be made because the target machine actively refused it'))
2025-09-26 13:13:59,213 - api_client - WARNING - client.py:80 - Request attempt 3 failed: HTTPConnectionPool(host='127.0.0.1', port=8000): Max retries exceeded with url: /api/ (Caused by NewConnectionError('<urllib3.connection.HTTPConnection object at 0x000001F156C4A690>: Failed to establish a new connection: [WinError 10061] No connection could be made because the target machine actively refused it'))
2025-09-26 13:13:59,242 - device_location_syncer - ERROR - sync_device_locations.py:241 - Error processing device d11: could not convert string to float: ''
2025-09-26 13:13:59,248 - device_location_syncer - ERROR - sync_device_locations.py:241 - Error processing device pp111: could not convert string to float: ''
2025-09-26 13:13:59,253 - device_location_syncer - ERROR - sync_device_locations.py:241 - Error processing device ppp11: could not convert string to float: ''
2025-09-26 13:13:59,255 - device_location_syncer - ERROR - sync_device_locations.py:241 - Error processing device dev1: could not convert string to float: ''
2025-09-26 13:13:59,257 - device_location_syncer - ERROR - sync_device_locations.py:241 - Error processing device dv1: could not convert string to float: ''
2025-09-26 13:13:59,259 - device_location_syncer - ERROR - sync_device_locations.py:241 - Error processing device dv11: could not convert string to float: ''
2025-09-26 13:13:59,262 - device_location_syncer - INFO - sync_device_locations.py:250 - Sync completed. No location updates needed.
2025-09-26 13:13:59,263 - device_list - INFO - device_list.py:248 - Refreshing device data...
2025-09-26 13:13:59,273 - device_list - INFO - device_list.py:268 - Loaded 12 devices from CSV
2025-09-26 13:14:09,061 - product_management - INFO - product_management.py:173 - Loaded 2 products from CSV
2025-09-26 13:14:09,061 - main_window - INFO - main_window.py:317 - Refreshed data for Product Management
2025-09-26 13:14:21,503 - device_list - INFO - device_list.py:248 - Refreshing device data...
2025-09-26 13:14:21,511 - device_list - INFO - device_list.py:268 - Loaded 12 devices from CSV
2025-09-26 13:14:23,082 - device_location_syncer - ERROR - sync_device_locations.py:241 - Error processing device d11: could not convert string to float: ''
2025-09-26 13:14:23,086 - device_location_syncer - ERROR - sync_device_locations.py:241 - Error processing device pp111: could not convert string to float: ''
2025-09-26 13:14:23,089 - device_location_syncer - ERROR - sync_device_locations.py:241 - Error processing device ppp11: could not convert string to float: ''
2025-09-26 13:14:23,095 - device_location_syncer - ERROR - sync_device_locations.py:241 - Error processing device dev1: could not convert string to float: ''
2025-09-26 13:14:23,099 - device_location_syncer - ERROR - sync_device_locations.py:241 - Error processing device dv1: could not convert string to float: ''
2025-09-26 13:14:23,103 - device_location_syncer - ERROR - sync_device_locations.py:241 - Error processing device dv11: could not convert string to float: ''
2025-09-26 13:14:23,103 - device_location_syncer - INFO - sync_device_locations.py:250 - Sync completed. No location updates needed.
2025-09-26 13:14:23,105 - product_management - INFO - product_management.py:173 - Loaded 2 products from CSV
2025-09-26 13:14:51,497 - device_list - INFO - device_list.py:248 - Refreshing device data...
2025-09-26 13:14:51,500 - device_list - INFO - device_list.py:268 - Loaded 12 devices from CSV
2025-09-26 13:14:55,113 - api_client - WARNING - client.py:80 - Request attempt 1 failed: HTTPConnectionPool(host='127.0.0.1', port=8000): Max retries exceeded with url: /api/ (Caused by NewConnectionError('<urllib3.connection.HTTPConnection object at 0x000001F156C4A580>: Failed to establish a new connection: [WinError 10061] No connection could be made because the target machine actively refused it'))
2025-09-26 13:14:57,153 - api_client - WARNING - client.py:80 - Request attempt 2 failed: HTTPConnectionPool(host='127.0.0.1', port=8000): Max retries exceeded with url: /api/ (Caused by NewConnectionError('<urllib3.connection.HTTPConnection object at 0x000001F156C4A250>: Failed to establish a new connection: [WinError 10061] No connection could be made because the target machine actively refused it'))
2025-09-26 13:14:59,204 - api_client - WARNING - client.py:80 - Request attempt 3 failed: HTTPConnectionPool(host='127.0.0.1', port=8000): Max retries exceeded with url: /api/ (Caused by NewConnectionError('<urllib3.connection.HTTPConnection object at 0x000001F156C4A030>: Failed to establish a new connection: [WinError 10061] No connection could be made because the target machine actively refused it'))
2025-09-26 13:14:59,221 - device_location_syncer - ERROR - sync_device_locations.py:241 - Error processing device d11: could not convert string to float: ''
2025-09-26 13:14:59,224 - device_location_syncer - ERROR - sync_device_locations.py:241 - Error processing device pp111: could not convert string to float: ''
2025-09-26 13:14:59,227 - device_location_syncer - ERROR - sync_device_locations.py:241 - Error processing device ppp11: could not convert string to float: ''
2025-09-26 13:14:59,230 - device_location_syncer - ERROR - sync_device_locations.py:241 - Error processing device dev1: could not convert string to float: ''
2025-09-26 13:14:59,232 - device_location_syncer - ERROR - sync_device_locations.py:241 - Error processing device dv1: could not convert string to float: ''
2025-09-26 13:14:59,233 - device_location_syncer - ERROR - sync_device_locations.py:241 - Error processing device dv11: could not convert string to float: ''
2025-09-26 13:14:59,233 - device_location_syncer - INFO - sync_device_locations.py:250 - Sync completed. No location updates needed.
2025-09-26 13:14:59,235 - product_management - INFO - product_management.py:173 - Loaded 2 products from CSV
2025-09-26 13:15:21,498 - device_list - INFO - device_list.py:248 - Refreshing device data...
2025-09-26 13:15:21,502 - device_list - INFO - device_list.py:268 - Loaded 12 devices from CSV
2025-09-26 13:15:23,078 - device_location_syncer - ERROR - sync_device_locations.py:241 - Error processing device d11: could not convert string to float: ''
2025-09-26 13:15:23,082 - device_location_syncer - ERROR - sync_device_locations.py:241 - Error processing device pp111: could not convert string to float: ''
2025-09-26 13:15:23,085 - device_location_syncer - ERROR - sync_device_locations.py:241 - Error processing device ppp11: could not convert string to float: ''
2025-09-26 13:15:23,090 - device_location_syncer - ERROR - sync_device_locations.py:241 - Error processing device dev1: could not convert string to float: ''
2025-09-26 13:15:23,094 - device_location_syncer - ERROR - sync_device_locations.py:241 - Error processing device dv1: could not convert string to float: ''
2025-09-26 13:15:23,100 - device_location_syncer - ERROR - sync_device_locations.py:241 - Error processing device dv11: could not convert string to float: ''
2025-09-26 13:15:23,102 - device_location_syncer - INFO - sync_device_locations.py:250 - Sync completed. No location updates needed.
2025-09-26 13:15:23,104 - product_management - INFO - product_management.py:173 - Loaded 2 products from CSV
2025-09-26 13:15:29,231 - device_list - INFO - device_list.py:248 - Refreshing device data...
2025-09-26 13:15:29,234 - device_list - INFO - device_list.py:268 - Loaded 12 devices from CSV
2025-09-26 13:15:29,235 - main_window - INFO - main_window.py:317 - Refreshed data for Device Management
2025-09-26 13:15:30,134 - product_management - INFO - product_management.py:173 - Loaded 2 products from CSV
2025-09-26 13:15:30,135 - main_window - INFO - main_window.py:317 - Refreshed data for Product Management
2025-09-26 13:15:35,829 - device_list - INFO - device_list.py:248 - Refreshing device data...
2025-09-26 13:15:35,832 - device_list - INFO - device_list.py:268 - Loaded 12 devices from CSV
2025-09-26 13:15:35,832 - main_window - INFO - main_window.py:317 - Refreshed data for Device Management
2025-09-26 13:15:39,062 - product_management - INFO - product_management.py:173 - Loaded 2 products from CSV
2025-09-26 13:15:39,063 - main_window - INFO - main_window.py:317 - Refreshed data for Product Management
2025-09-26 13:15:45,733 - main_window - INFO - main_window.py:317 - Refreshed data for Task Monitor
2025-09-26 13:15:49,753 - device_list - INFO - device_list.py:248 - Refreshing device data...
2025-09-26 13:15:49,757 - device_list - INFO - device_list.py:268 - Loaded 12 devices from CSV
2025-09-26 13:15:49,757 - main_window - INFO - main_window.py:317 - Refreshed data for Device Management
2025-09-26 13:15:51,067 - product_management - INFO - product_management.py:173 - Loaded 2 products from CSV
2025-09-26 13:15:51,068 - main_window - INFO - main_window.py:317 - Refreshed data for Product Management
2025-09-26 13:15:51,495 - device_list - INFO - device_list.py:248 - Refreshing device data...
2025-09-26 13:15:51,501 - device_list - INFO - device_list.py:268 - Loaded 12 devices from CSV
2025-09-26 13:15:52,147 - main_window - INFO - main_window.py:317 - Refreshed data for Map Management
2025-09-26 13:15:55,099 - api_client - WARNING - client.py:80 - Request attempt 1 failed: HTTPConnectionPool(host='127.0.0.1', port=8000): Max retries exceeded with url: /api/ (Caused by NewConnectionError('<urllib3.connection.HTTPConnection object at 0x000001F156C49F20>: Failed to establish a new connection: [WinError 10061] No connection could be made because the target machine actively refused it'))
2025-09-26 13:15:57,144 - api_client - WARNING - client.py:80 - Request attempt 2 failed: HTTPConnectionPool(host='127.0.0.1', port=8000): Max retries exceeded with url: /api/ (Caused by NewConnectionError('<urllib3.connection.HTTPConnection object at 0x000001F156C49BF0>: Failed to establish a new connection: [WinError 10061] No connection could be made because the target machine actively refused it'))
2025-09-26 13:15:59,175 - api_client - WARNING - client.py:80 - Request attempt 3 failed: HTTPConnectionPool(host='127.0.0.1', port=8000): Max retries exceeded with url: /api/ (Caused by NewConnectionError('<urllib3.connection.HTTPConnection object at 0x000001F156C499D0>: Failed to establish a new connection: [WinError 10061] No connection could be made because the target machine actively refused it'))
2025-09-26 13:15:59,198 - device_location_syncer - ERROR - sync_device_locations.py:241 - Error processing device d11: could not convert string to float: ''
2025-09-26 13:15:59,203 - device_location_syncer - ERROR - sync_device_locations.py:241 - Error processing device pp111: could not convert string to float: ''
2025-09-26 13:15:59,206 - device_location_syncer - ERROR - sync_device_locations.py:241 - Error processing device ppp11: could not convert string to float: ''
2025-09-26 13:15:59,209 - device_location_syncer - ERROR - sync_device_locations.py:241 - Error processing device dev1: could not convert string to float: ''
2025-09-26 13:15:59,211 - device_location_syncer - ERROR - sync_device_locations.py:241 - Error processing device dv1: could not convert string to float: ''
2025-09-26 13:15:59,214 - device_location_syncer - ERROR - sync_device_locations.py:241 - Error processing device dv11: could not convert string to float: ''
2025-09-26 13:15:59,215 - device_location_syncer - INFO - sync_device_locations.py:250 - Sync completed. No location updates needed.
2025-09-26 13:16:11,784 - product_management - INFO - product_management.py:173 - Loaded 2 products from CSV
2025-09-26 13:16:11,785 - main_window - INFO - main_window.py:317 - Refreshed data for Product Management
2025-09-26 13:16:21,505 - device_list - INFO - device_list.py:248 - Refreshing device data...
2025-09-26 13:16:21,515 - device_list - INFO - device_list.py:268 - Loaded 12 devices from CSV
2025-09-26 13:16:23,082 - device_location_syncer - ERROR - sync_device_locations.py:241 - Error processing device d11: could not convert string to float: ''
2025-09-26 13:16:23,086 - device_location_syncer - ERROR - sync_device_locations.py:241 - Error processing device pp111: could not convert string to float: ''
2025-09-26 13:16:23,091 - device_location_syncer - ERROR - sync_device_locations.py:241 - Error processing device ppp11: could not convert string to float: ''
2025-09-26 13:16:23,096 - device_location_syncer - ERROR - sync_device_locations.py:241 - Error processing device dev1: could not convert string to float: ''
2025-09-26 13:16:23,102 - device_location_syncer - ERROR - sync_device_locations.py:241 - Error processing device dv1: could not convert string to float: ''
2025-09-26 13:16:23,104 - device_location_syncer - ERROR - sync_device_locations.py:241 - Error processing device dv11: could not convert string to float: ''
2025-09-26 13:16:23,105 - device_location_syncer - INFO - sync_device_locations.py:250 - Sync completed. No location updates needed.
2025-09-26 13:16:23,106 - product_management - INFO - product_management.py:173 - Loaded 2 products from CSV
2025-09-26 13:16:49,230 - main_window - INFO - main_window.py:317 - Refreshed data for Map Management
2025-09-26 13:16:51,509 - device_list - INFO - device_list.py:248 - Refreshing device data...
2025-09-26 13:16:51,513 - device_list - INFO - device_list.py:268 - Loaded 12 devices from CSV
2025-09-26 13:16:55,118 - api_client - WARNING - client.py:80 - Request attempt 1 failed: HTTPConnectionPool(host='127.0.0.1', port=8000): Max retries exceeded with url: /api/ (Caused by NewConnectionError('<urllib3.connection.HTTPConnection object at 0x000001F156C497B0>: Failed to establish a new connection: [WinError 10061] No connection could be made because the target machine actively refused it'))
2025-09-26 13:16:57,160 - api_client - WARNING - client.py:80 - Request attempt 2 failed: HTTPConnectionPool(host='127.0.0.1', port=8000): Max retries exceeded with url: /api/ (Caused by NewConnectionError('<urllib3.connection.HTTPConnection object at 0x000001F156C49590>: Failed to establish a new connection: [WinError 10061] No connection could be made because the target machine actively refused it'))
2025-09-26 13:16:59,203 - api_client - WARNING - client.py:80 - Request attempt 3 failed: HTTPConnectionPool(host='127.0.0.1', port=8000): Max retries exceeded with url: /api/ (Caused by NewConnectionError('<urllib3.connection.HTTPConnection object at 0x000001F156C49370>: Failed to establish a new connection: [WinError 10061] No connection could be made because the target machine actively refused it'))
2025-09-26 13:16:59,226 - device_location_syncer - ERROR - sync_device_locations.py:241 - Error processing device d11: could not convert string to float: ''
2025-09-26 13:16:59,229 - device_location_syncer - ERROR - sync_device_locations.py:241 - Error processing device pp111: could not convert string to float: ''
2025-09-26 13:16:59,232 - device_location_syncer - ERROR - sync_device_locations.py:241 - Error processing device ppp11: could not convert string to float: ''
2025-09-26 13:16:59,235 - device_location_syncer - ERROR - sync_device_locations.py:241 - Error processing device dev1: could not convert string to float: ''
2025-09-26 13:16:59,238 - device_location_syncer - ERROR - sync_device_locations.py:241 - Error processing device dv1: could not convert string to float: ''
2025-09-26 13:16:59,241 - device_location_syncer - ERROR - sync_device_locations.py:241 - Error processing device dv11: could not convert string to float: ''
2025-09-26 13:16:59,242 - device_location_syncer - INFO - sync_device_locations.py:250 - Sync completed. No location updates needed.
2025-09-26 13:17:04,758 - product_management - INFO - product_management.py:173 - Loaded 2 products from CSV
2025-09-26 13:17:04,758 - main_window - INFO - main_window.py:317 - Refreshed data for Product Management
2025-09-26 13:17:06,260 - main_window - INFO - main_window.py:317 - Refreshed data for Create Task
2025-09-26 13:17:08,884 - main_window - INFO - main_window.py:317 - Refreshed data for Task Monitor
2025-09-26 13:17:10,058 - user_management - INFO - user_management.py:581 - Refreshing user data...
2025-09-26 13:17:10,061 - user_management - INFO - user_management.py:603 - Loaded 12 users from CSV
2025-09-26 13:17:10,061 - main_window - INFO - main_window.py:317 - Refreshed data for User Management
2025-09-26 13:17:20,347 - device_list - INFO - device_list.py:248 - Refreshing device data...
2025-09-26 13:17:20,351 - device_list - INFO - device_list.py:268 - Loaded 12 devices from CSV
2025-09-26 13:17:20,351 - main_window - INFO - main_window.py:317 - Refreshed data for Device Management
2025-09-26 13:17:21,505 - device_list - INFO - device_list.py:248 - Refreshing device data...
2025-09-26 13:17:21,509 - device_list - INFO - device_list.py:268 - Loaded 12 devices from CSV
2025-09-26 13:17:23,067 - device_location_syncer - ERROR - sync_device_locations.py:241 - Error processing device d11: could not convert string to float: ''
2025-09-26 13:17:23,068 - device_location_syncer - ERROR - sync_device_locations.py:241 - Error processing device pp111: could not convert string to float: ''
2025-09-26 13:17:23,070 - device_location_syncer - ERROR - sync_device_locations.py:241 - Error processing device ppp11: could not convert string to float: ''
2025-09-26 13:17:23,071 - device_location_syncer - ERROR - sync_device_locations.py:241 - Error processing device dev1: could not convert string to float: ''
2025-09-26 13:17:23,073 - device_location_syncer - ERROR - sync_device_locations.py:241 - Error processing device dv1: could not convert string to float: ''
2025-09-26 13:17:23,074 - device_location_syncer - ERROR - sync_device_locations.py:241 - Error processing device dv11: could not convert string to float: ''
2025-09-26 13:17:23,075 - device_location_syncer - INFO - sync_device_locations.py:250 - Sync completed. No location updates needed.
2025-09-26 13:17:23,075 - device_list - INFO - device_list.py:248 - Refreshing device data...
2025-09-26 13:17:23,080 - device_list - INFO - device_list.py:268 - Loaded 12 devices from CSV
2025-09-26 13:17:35,850 - user_management - INFO - user_management.py:581 - Refreshing user data...
2025-09-26 13:17:35,853 - user_management - INFO - user_management.py:603 - Loaded 12 users from CSV
2025-09-26 13:17:35,853 - main_window - INFO - main_window.py:317 - Refreshed data for User Management
2025-09-26 13:17:37,677 - main_window - INFO - main_window.py:317 - Refreshed data for Task Monitor
2025-09-26 13:17:40,125 - device_data_handler - WARNING - device_data_handler.py:36 - No log file found for device 12
2025-09-26 13:17:41,120 - device_data_handler - WARNING - device_data_handler.py:36 - No log file found for device 12
2025-09-26 13:17:42,122 - device_data_handler - WARNING - device_data_handler.py:36 - No log file found for device 12
2025-09-26 13:17:43,125 - device_data_handler - WARNING - device_data_handler.py:36 - No log file found for device 12
2025-09-26 13:17:48,901 - device_data_handler - WARNING - device_data_handler.py:36 - No log file found for device 10
2025-09-26 13:17:49,907 - device_data_handler - WARNING - device_data_handler.py:36 - No log file found for device 10
2025-09-26 13:17:50,907 - device_data_handler - WARNING - device_data_handler.py:36 - No log file found for device 10
2025-09-26 13:17:51,499 - device_list - INFO - device_list.py:248 - Refreshing device data...
2025-09-26 13:17:51,503 - device_list - INFO - device_list.py:268 - Loaded 12 devices from CSV
2025-09-26 13:17:51,917 - device_data_handler - WARNING - device_data_handler.py:36 - No log file found for device 10
2025-09-26 13:17:52,920 - device_data_handler - WARNING - device_data_handler.py:36 - No log file found for device 10
2025-09-26 13:17:55,120 - api_client - WARNING - client.py:80 - Request attempt 1 failed: HTTPConnectionPool(host='127.0.0.1', port=8000): Max retries exceeded with url: /api/ (Caused by NewConnectionError('<urllib3.connection.HTTPConnection object at 0x000001F156C49260>: Failed to establish a new connection: [WinError 10061] No connection could be made because the target machine actively refused it'))
2025-09-26 13:17:57,155 - api_client - WARNING - client.py:80 - Request attempt 2 failed: HTTPConnectionPool(host='127.0.0.1', port=8000): Max retries exceeded with url: /api/ (Caused by NewConnectionError('<urllib3.connection.HTTPConnection object at 0x000001F156C48F30>: Failed to establish a new connection: [WinError 10061] No connection could be made because the target machine actively refused it'))
2025-09-26 13:17:59,208 - api_client - WARNING - client.py:80 - Request attempt 3 failed: HTTPConnectionPool(host='127.0.0.1', port=8000): Max retries exceeded with url: /api/ (Caused by NewConnectionError('<urllib3.connection.HTTPConnection object at 0x000001F156C486B0>: Failed to establish a new connection: [WinError 10061] No connection could be made because the target machine actively refused it'))
2025-09-26 13:17:59,285 - device_location_syncer - ERROR - sync_device_locations.py:241 - Error processing device d11: could not convert string to float: ''
2025-09-26 13:17:59,287 - device_location_syncer - ERROR - sync_device_locations.py:241 - Error processing device pp111: could not convert string to float: ''
2025-09-26 13:17:59,289 - device_location_syncer - ERROR - sync_device_locations.py:241 - Error processing device ppp11: could not convert string to float: ''
2025-09-26 13:17:59,290 - device_location_syncer - ERROR - sync_device_locations.py:241 - Error processing device dev1: could not convert string to float: ''
2025-09-26 13:17:59,291 - device_location_syncer - ERROR - sync_device_locations.py:241 - Error processing device dv1: could not convert string to float: ''
2025-09-26 13:17:59,293 - device_location_syncer - ERROR - sync_device_locations.py:241 - Error processing device dv11: could not convert string to float: ''
2025-09-26 13:17:59,296 - device_location_syncer - INFO - sync_device_locations.py:250 - Sync completed. No location updates needed.
2025-09-26 13:18:21,502 - device_list - INFO - device_list.py:248 - Refreshing device data...
2025-09-26 13:18:21,508 - device_list - INFO - device_list.py:268 - Loaded 12 devices from CSV
2025-09-26 13:18:23,080 - device_location_syncer - ERROR - sync_device_locations.py:241 - Error processing device d11: could not convert string to float: ''
2025-09-26 13:18:23,082 - device_location_syncer - ERROR - sync_device_locations.py:241 - Error processing device pp111: could not convert string to float: ''
2025-09-26 13:18:23,083 - device_location_syncer - ERROR - sync_device_locations.py:241 - Error processing device ppp11: could not convert string to float: ''
2025-09-26 13:18:23,084 - device_location_syncer - ERROR - sync_device_locations.py:241 - Error processing device dev1: could not convert string to float: ''
2025-09-26 13:18:23,085 - device_location_syncer - ERROR - sync_device_locations.py:241 - Error processing device dv1: could not convert string to float: ''
2025-09-26 13:18:23,088 - device_location_syncer - ERROR - sync_device_locations.py:241 - Error processing device dv11: could not convert string to float: ''
2025-09-26 13:18:23,089 - device_location_syncer - INFO - sync_device_locations.py:250 - Sync completed. No location updates needed.
2025-09-26 13:18:51,502 - device_list - INFO - device_list.py:248 - Refreshing device data...
2025-09-26 13:18:51,506 - device_list - INFO - device_list.py:268 - Loaded 12 devices from CSV
2025-09-26 13:18:55,106 - api_client - WARNING - client.py:80 - Request attempt 1 failed: HTTPConnectionPool(host='127.0.0.1', port=8000): Max retries exceeded with url: /api/ (Caused by NewConnectionError('<urllib3.connection.HTTPConnection object at 0x000001F156C487C0>: Failed to establish a new connection: [WinError 10061] No connection could be made because the target machine actively refused it'))
2025-09-26 13:18:57,146 - api_client - WARNING - client.py:80 - Request attempt 2 failed: HTTPConnectionPool(host='127.0.0.1', port=8000): Max retries exceeded with url: /api/ (Caused by NewConnectionError('<urllib3.connection.HTTPConnection object at 0x000001F156C48C00>: Failed to establish a new connection: [WinError 10061] No connection could be made because the target machine actively refused it'))
2025-09-26 13:18:59,193 - api_client - WARNING - client.py:80 - Request attempt 3 failed: HTTPConnectionPool(host='127.0.0.1', port=8000): Max retries exceeded with url: /api/ (Caused by NewConnectionError('<urllib3.connection.HTTPConnection object at 0x000001F156C488D0>: Failed to establish a new connection: [WinError 10061] No connection could be made because the target machine actively refused it'))
2025-09-26 13:18:59,243 - device_location_syncer - ERROR - sync_device_locations.py:241 - Error processing device d11: could not convert string to float: ''
2025-09-26 13:18:59,248 - device_location_syncer - ERROR - sync_device_locations.py:241 - Error processing device pp111: could not convert string to float: ''
2025-09-26 13:18:59,253 - device_location_syncer - ERROR - sync_device_locations.py:241 - Error processing device ppp11: could not convert string to float: ''
2025-09-26 13:18:59,254 - device_location_syncer - ERROR - sync_device_locations.py:241 - Error processing device dev1: could not convert string to float: ''
2025-09-26 13:18:59,256 - device_location_syncer - ERROR - sync_device_locations.py:241 - Error processing device dv1: could not convert string to float: ''
2025-09-26 13:18:59,257 - device_location_syncer - ERROR - sync_device_locations.py:241 - Error processing device dv11: could not convert string to float: ''
2025-09-26 13:18:59,258 - device_location_syncer - INFO - sync_device_locations.py:250 - Sync completed. No location updates needed.
2025-09-26 13:19:21,502 - device_list - INFO - device_list.py:248 - Refreshing device data...
2025-09-26 13:19:21,511 - device_list - INFO - device_list.py:268 - Loaded 12 devices from CSV
2025-09-26 13:19:23,084 - device_location_syncer - ERROR - sync_device_locations.py:241 - Error processing device d11: could not convert string to float: ''
2025-09-26 13:19:23,088 - device_location_syncer - ERROR - sync_device_locations.py:241 - Error processing device pp111: could not convert string to float: ''
2025-09-26 13:19:23,092 - device_location_syncer - ERROR - sync_device_locations.py:241 - Error processing device ppp11: could not convert string to float: ''
2025-09-26 13:19:23,098 - device_location_syncer - ERROR - sync_device_locations.py:241 - Error processing device dev1: could not convert string to float: ''
2025-09-26 13:19:23,102 - device_location_syncer - ERROR - sync_device_locations.py:241 - Error processing device dv1: could not convert string to float: ''
2025-09-26 13:19:23,105 - device_location_syncer - ERROR - sync_device_locations.py:241 - Error processing device dv11: could not convert string to float: ''
2025-09-26 13:19:23,106 - device_location_syncer - INFO - sync_device_locations.py:250 - Sync completed. No location updates needed.
2025-09-26 13:19:51,510 - device_list - INFO - device_list.py:248 - Refreshing device data...
2025-09-26 13:19:51,518 - device_list - INFO - device_list.py:268 - Loaded 12 devices from CSV
2025-09-26 13:19:55,109 - api_client - WARNING - client.py:80 - Request attempt 1 failed: HTTPConnectionPool(host='127.0.0.1', port=8000): Max retries exceeded with url: /api/ (Caused by NewConnectionError('<urllib3.connection.HTTPConnection object at 0x000001F156C48E20>: Failed to establish a new connection: [WinError 10061] No connection could be made because the target machine actively refused it'))
2025-09-26 13:19:57,164 - api_client - WARNING - client.py:80 - Request attempt 2 failed: HTTPConnectionPool(host='127.0.0.1', port=8000): Max retries exceeded with url: /api/ (Caused by NewConnectionError('<urllib3.connection.HTTPConnection object at 0x000001F156C4B460>: Failed to establish a new connection: [WinError 10061] No connection could be made because the target machine actively refused it'))
2025-09-26 13:19:59,223 - api_client - WARNING - client.py:80 - Request attempt 3 failed: HTTPConnectionPool(host='127.0.0.1', port=8000): Max retries exceeded with url: /api/ (Caused by NewConnectionError('<urllib3.connection.HTTPConnection object at 0x000001F156C4B680>: Failed to establish a new connection: [WinError 10061] No connection could be made because the target machine actively refused it'))
2025-09-26 13:19:59,253 - device_location_syncer - ERROR - sync_device_locations.py:241 - Error processing device d11: could not convert string to float: ''
2025-09-26 13:19:59,259 - device_location_syncer - ERROR - sync_device_locations.py:241 - Error processing device pp111: could not convert string to float: ''
2025-09-26 13:19:59,262 - device_location_syncer - ERROR - sync_device_locations.py:241 - Error processing device ppp11: could not convert string to float: ''
2025-09-26 13:19:59,266 - device_location_syncer - ERROR - sync_device_locations.py:241 - Error processing device dev1: could not convert string to float: ''
2025-09-26 13:19:59,268 - device_location_syncer - ERROR - sync_device_locations.py:241 - Error processing device dv1: could not convert string to float: ''
2025-09-26 13:19:59,271 - device_location_syncer - ERROR - sync_device_locations.py:241 - Error processing device dv11: could not convert string to float: ''
2025-09-26 13:19:59,271 - device_location_syncer - INFO - sync_device_locations.py:250 - Sync completed. No location updates needed.
2025-09-26 13:20:21,507 - device_list - INFO - device_list.py:248 - Refreshing device data...
2025-09-26 13:20:21,511 - device_list - INFO - device_list.py:268 - Loaded 12 devices from CSV
2025-09-26 13:20:23,087 - device_location_syncer - ERROR - sync_device_locations.py:241 - Error processing device d11: could not convert string to float: ''
2025-09-26 13:20:23,091 - device_location_syncer - ERROR - sync_device_locations.py:241 - Error processing device pp111: could not convert string to float: ''
2025-09-26 13:20:23,096 - device_location_syncer - ERROR - sync_device_locations.py:241 - Error processing device ppp11: could not convert string to float: ''
2025-09-26 13:20:23,101 - device_location_syncer - ERROR - sync_device_locations.py:241 - Error processing device dev1: could not convert string to float: ''
2025-09-26 13:20:23,104 - device_location_syncer - ERROR - sync_device_locations.py:241 - Error processing device dv1: could not convert string to float: ''
2025-09-26 13:20:23,106 - device_location_syncer - ERROR - sync_device_locations.py:241 - Error processing device dv11: could not convert string to float: ''
2025-09-26 13:20:23,107 - device_location_syncer - INFO - sync_device_locations.py:250 - Sync completed. No location updates needed.
2025-09-26 13:20:51,499 - device_list - INFO - device_list.py:248 - Refreshing device data...
2025-09-26 13:20:51,509 - device_list - INFO - device_list.py:268 - Loaded 12 devices from CSV
2025-09-26 13:20:55,128 - api_client - WARNING - client.py:80 - Request attempt 1 failed: HTTPConnectionPool(host='127.0.0.1', port=8000): Max retries exceeded with url: /api/ (Caused by NewConnectionError('<urllib3.connection.HTTPConnection object at 0x000001F156C4B8A0>: Failed to establish a new connection: [WinError 10061] No connection could be made because the target machine actively refused it'))
2025-09-26 13:20:57,172 - api_client - WARNING - client.py:80 - Request attempt 2 failed: HTTPConnectionPool(host='127.0.0.1', port=8000): Max retries exceeded with url: /api/ (Caused by NewConnectionError('<urllib3.connection.HTTPConnection object at 0x000001F156C4BAC0>: Failed to establish a new connection: [WinError 10061] No connection could be made because the target machine actively refused it'))
2025-09-26 13:20:59,232 - api_client - WARNING - client.py:80 - Request attempt 3 failed: HTTPConnectionPool(host='127.0.0.1', port=8000): Max retries exceeded with url: /api/ (Caused by NewConnectionError('<urllib3.connection.HTTPConnection object at 0x000001F156C4BCE0>: Failed to establish a new connection: [WinError 10061] No connection could be made because the target machine actively refused it'))
2025-09-26 13:20:59,255 - device_location_syncer - ERROR - sync_device_locations.py:241 - Error processing device d11: could not convert string to float: ''
2025-09-26 13:20:59,257 - device_location_syncer - ERROR - sync_device_locations.py:241 - Error processing device pp111: could not convert string to float: ''
2025-09-26 13:20:59,260 - device_location_syncer - ERROR - sync_device_locations.py:241 - Error processing device ppp11: could not convert string to float: ''
2025-09-26 13:20:59,263 - device_location_syncer - ERROR - sync_device_locations.py:241 - Error processing device dev1: could not convert string to float: ''
2025-09-26 13:20:59,266 - device_location_syncer - ERROR - sync_device_locations.py:241 - Error processing device dv1: could not convert string to float: ''
2025-09-26 13:20:59,269 - device_location_syncer - ERROR - sync_device_locations.py:241 - Error processing device dv11: could not convert string to float: ''
2025-09-26 13:20:59,269 - device_location_syncer - INFO - sync_device_locations.py:250 - Sync completed. No location updates needed.
2025-09-26 13:21:21,507 - device_list - INFO - device_list.py:248 - Refreshing device data...
2025-09-26 13:21:21,510 - device_list - INFO - device_list.py:268 - Loaded 12 devices from CSV
2025-09-26 13:21:23,084 - device_location_syncer - ERROR - sync_device_locations.py:241 - Error processing device d11: could not convert string to float: ''
2025-09-26 13:21:23,088 - device_location_syncer - ERROR - sync_device_locations.py:241 - Error processing device pp111: could not convert string to float: ''
2025-09-26 13:21:23,093 - device_location_syncer - ERROR - sync_device_locations.py:241 - Error processing device ppp11: could not convert string to float: ''
2025-09-26 13:21:23,101 - device_location_syncer - ERROR - sync_device_locations.py:241 - Error processing device dev1: could not convert string to float: ''
2025-09-26 13:21:23,104 - device_location_syncer - ERROR - sync_device_locations.py:241 - Error processing device dv1: could not convert string to float: ''
2025-09-26 13:21:23,106 - device_location_syncer - ERROR - sync_device_locations.py:241 - Error processing device dv11: could not convert string to float: ''
2025-09-26 13:21:23,107 - device_location_syncer - INFO - sync_device_locations.py:250 - Sync completed. No location updates needed.
2025-09-26 13:21:51,500 - device_list - INFO - device_list.py:248 - Refreshing device data...
2025-09-26 13:21:51,504 - device_list - INFO - device_list.py:268 - Loaded 12 devices from CSV
2025-09-26 13:21:55,098 - api_client - WARNING - client.py:80 - Request attempt 1 failed: HTTPConnectionPool(host='127.0.0.1', port=8000): Max retries exceeded with url: /api/ (Caused by NewConnectionError('<urllib3.connection.HTTPConnection object at 0x000001F156C4BF00>: Failed to establish a new connection: [WinError 10061] No connection could be made because the target machine actively refused it'))
2025-09-26 13:21:57,143 - api_client - WARNING - client.py:80 - Request attempt 2 failed: HTTPConnectionPool(host='127.0.0.1', port=8000): Max retries exceeded with url: /api/ (Caused by NewConnectionError('<urllib3.connection.HTTPConnection object at 0x000001F1591D8160>: Failed to establish a new connection: [WinError 10061] No connection could be made because the target machine actively refused it'))
2025-09-26 13:21:59,199 - api_client - WARNING - client.py:80 - Request attempt 3 failed: HTTPConnectionPool(host='127.0.0.1', port=8000): Max retries exceeded with url: /api/ (Caused by NewConnectionError('<urllib3.connection.HTTPConnection object at 0x000001F156C4BF00>: Failed to establish a new connection: [WinError 10061] No connection could be made because the target machine actively refused it'))
2025-09-26 13:21:59,223 - device_location_syncer - ERROR - sync_device_locations.py:241 - Error processing device d11: could not convert string to float: ''
2025-09-26 13:21:59,225 - device_location_syncer - ERROR - sync_device_locations.py:241 - Error processing device pp111: could not convert string to float: ''
2025-09-26 13:21:59,227 - device_location_syncer - ERROR - sync_device_locations.py:241 - Error processing device ppp11: could not convert string to float: ''
2025-09-26 13:21:59,230 - device_location_syncer - ERROR - sync_device_locations.py:241 - Error processing device dev1: could not convert string to float: ''
2025-09-26 13:21:59,233 - device_location_syncer - ERROR - sync_device_locations.py:241 - Error processing device dv1: could not convert string to float: ''
2025-09-26 13:21:59,239 - device_location_syncer - ERROR - sync_device_locations.py:241 - Error processing device dv11: could not convert string to float: ''
2025-09-26 13:21:59,240 - device_location_syncer - INFO - sync_device_locations.py:250 - Sync completed. No location updates needed.
2025-09-26 13:22:21,503 - device_list - INFO - device_list.py:248 - Refreshing device data...
2025-09-26 13:22:21,512 - device_list - INFO - device_list.py:268 - Loaded 12 devices from CSV
2025-09-26 13:22:23,079 - device_location_syncer - ERROR - sync_device_locations.py:241 - Error processing device d11: could not convert string to float: ''
2025-09-26 13:22:23,083 - device_location_syncer - ERROR - sync_device_locations.py:241 - Error processing device pp111: could not convert string to float: ''
2025-09-26 13:22:23,087 - device_location_syncer - ERROR - sync_device_locations.py:241 - Error processing device ppp11: could not convert string to float: ''
2025-09-26 13:22:23,092 - device_location_syncer - ERROR - sync_device_locations.py:241 - Error processing device dev1: could not convert string to float: ''
2025-09-26 13:22:23,098 - device_location_syncer - ERROR - sync_device_locations.py:241 - Error processing device dv1: could not convert string to float: ''
2025-09-26 13:22:23,102 - device_location_syncer - ERROR - sync_device_locations.py:241 - Error processing device dv11: could not convert string to float: ''
2025-09-26 13:22:23,103 - device_location_syncer - INFO - sync_device_locations.py:250 - Sync completed. No location updates needed.
2025-09-26 13:22:51,504 - device_list - INFO - device_list.py:248 - Refreshing device data...
2025-09-26 13:22:51,511 - device_list - INFO - device_list.py:268 - Loaded 12 devices from CSV
2025-09-26 13:22:55,097 - api_client - WARNING - client.py:80 - Request attempt 1 failed: HTTPConnectionPool(host='127.0.0.1', port=8000): Max retries exceeded with url: /api/ (Caused by NewConnectionError('<urllib3.connection.HTTPConnection object at 0x000001F156C4BDF0>: Failed to establish a new connection: [WinError 10061] No connection could be made because the target machine actively refused it'))
2025-09-26 13:22:57,138 - api_client - WARNING - client.py:80 - Request attempt 2 failed: HTTPConnectionPool(host='127.0.0.1', port=8000): Max retries exceeded with url: /api/ (Caused by NewConnectionError('<urllib3.connection.HTTPConnection object at 0x000001F156C4BBD0>: Failed to establish a new connection: [WinError 10061] No connection could be made because the target machine actively refused it'))
2025-09-26 13:22:59,192 - api_client - WARNING - client.py:80 - Request attempt 3 failed: HTTPConnectionPool(host='127.0.0.1', port=8000): Max retries exceeded with url: /api/ (Caused by NewConnectionError('<urllib3.connection.HTTPConnection object at 0x000001F156C4B9B0>: Failed to establish a new connection: [WinError 10061] No connection could be made because the target machine actively refused it'))
2025-09-26 13:22:59,217 - device_location_syncer - ERROR - sync_device_locations.py:241 - Error processing device d11: could not convert string to float: ''
2025-09-26 13:22:59,221 - device_location_syncer - ERROR - sync_device_locations.py:241 - Error processing device pp111: could not convert string to float: ''
2025-09-26 13:22:59,224 - device_location_syncer - ERROR - sync_device_locations.py:241 - Error processing device ppp11: could not convert string to float: ''
2025-09-26 13:22:59,227 - device_location_syncer - ERROR - sync_device_locations.py:241 - Error processing device dev1: could not convert string to float: ''
2025-09-26 13:22:59,231 - device_location_syncer - ERROR - sync_device_locations.py:241 - Error processing device dv1: could not convert string to float: ''
2025-09-26 13:22:59,235 - device_location_syncer - ERROR - sync_device_locations.py:241 - Error processing device dv11: could not convert string to float: ''
2025-09-26 13:22:59,236 - device_location_syncer - INFO - sync_device_locations.py:250 - Sync completed. No location updates needed.
2025-09-26 13:23:21,502 - device_list - INFO - device_list.py:248 - Refreshing device data...
2025-09-26 13:23:21,508 - device_list - INFO - device_list.py:268 - Loaded 12 devices from CSV
2025-09-26 13:23:23,092 - device_location_syncer - ERROR - sync_device_locations.py:241 - Error processing device d11: could not convert string to float: ''
2025-09-26 13:23:23,096 - device_location_syncer - ERROR - sync_device_locations.py:241 - Error processing device pp111: could not convert string to float: ''
2025-09-26 13:23:23,100 - device_location_syncer - ERROR - sync_device_locations.py:241 - Error processing device ppp11: could not convert string to float: ''
2025-09-26 13:23:23,104 - device_location_syncer - ERROR - sync_device_locations.py:241 - Error processing device dev1: could not convert string to float: ''
2025-09-26 13:23:23,106 - device_location_syncer - ERROR - sync_device_locations.py:241 - Error processing device dv1: could not convert string to float: ''
2025-09-26 13:23:23,109 - device_location_syncer - ERROR - sync_device_locations.py:241 - Error processing device dv11: could not convert string to float: ''
2025-09-26 13:23:23,110 - device_location_syncer - INFO - sync_device_locations.py:250 - Sync completed. No location updates needed.
2025-09-26 13:23:51,496 - device_list - INFO - device_list.py:248 - Refreshing device data...
2025-09-26 13:23:51,499 - device_list - INFO - device_list.py:268 - Loaded 12 devices from CSV
2025-09-26 13:23:55,117 - api_client - WARNING - client.py:80 - Request attempt 1 failed: HTTPConnectionPool(host='127.0.0.1', port=8000): Max retries exceeded with url: /api/ (Caused by NewConnectionError('<urllib3.connection.HTTPConnection object at 0x000001F156C4B790>: Failed to establish a new connection: [WinError 10061] No connection could be made because the target machine actively refused it'))
2025-09-26 13:23:57,163 - api_client - WARNING - client.py:80 - Request attempt 2 failed: HTTPConnectionPool(host='127.0.0.1', port=8000): Max retries exceeded with url: /api/ (Caused by NewConnectionError('<urllib3.connection.HTTPConnection object at 0x000001F156C4B570>: Failed to establish a new connection: [WinError 10061] No connection could be made because the target machine actively refused it'))
2025-09-26 13:23:59,216 - api_client - WARNING - client.py:80 - Request attempt 3 failed: HTTPConnectionPool(host='127.0.0.1', port=8000): Max retries exceeded with url: /api/ (Caused by NewConnectionError('<urllib3.connection.HTTPConnection object at 0x000001F156C4B350>: Failed to establish a new connection: [WinError 10061] No connection could be made because the target machine actively refused it'))
2025-09-26 13:23:59,255 - device_location_syncer - ERROR - sync_device_locations.py:241 - Error processing device d11: could not convert string to float: ''
2025-09-26 13:23:59,258 - device_location_syncer - ERROR - sync_device_locations.py:241 - Error processing device pp111: could not convert string to float: ''
2025-09-26 13:23:59,260 - device_location_syncer - ERROR - sync_device_locations.py:241 - Error processing device ppp11: could not convert string to float: ''
2025-09-26 13:23:59,266 - device_location_syncer - ERROR - sync_device_locations.py:241 - Error processing device dev1: could not convert string to float: ''
2025-09-26 13:23:59,270 - device_location_syncer - ERROR - sync_device_locations.py:241 - Error processing device dv1: could not convert string to float: ''
2025-09-26 13:23:59,272 - device_location_syncer - ERROR - sync_device_locations.py:241 - Error processing device dv11: could not convert string to float: ''
2025-09-26 13:23:59,273 - device_location_syncer - INFO - sync_device_locations.py:250 - Sync completed. No location updates needed.
2025-09-26 13:24:21,495 - device_list - INFO - device_list.py:248 - Refreshing device data...
2025-09-26 13:24:21,502 - device_list - INFO - device_list.py:268 - Loaded 12 devices from CSV
2025-09-26 13:24:23,079 - device_location_syncer - ERROR - sync_device_locations.py:241 - Error processing device d11: could not convert string to float: ''
2025-09-26 13:24:23,082 - device_location_syncer - ERROR - sync_device_locations.py:241 - Error processing device pp111: could not convert string to float: ''
2025-09-26 13:24:23,084 - device_location_syncer - ERROR - sync_device_locations.py:241 - Error processing device ppp11: could not convert string to float: ''
2025-09-26 13:24:23,087 - device_location_syncer - ERROR - sync_device_locations.py:241 - Error processing device dev1: could not convert string to float: ''
2025-09-26 13:24:23,090 - device_location_syncer - ERROR - sync_device_locations.py:241 - Error processing device dv1: could not convert string to float: ''
2025-09-26 13:24:23,092 - device_location_syncer - ERROR - sync_device_locations.py:241 - Error processing device dv11: could not convert string to float: ''
2025-09-26 13:24:23,093 - device_location_syncer - INFO - sync_device_locations.py:250 - Sync completed. No location updates needed.
2025-09-26 13:24:51,504 - device_list - INFO - device_list.py:248 - Refreshing device data...
2025-09-26 13:24:51,508 - device_list - INFO - device_list.py:268 - Loaded 12 devices from CSV
2025-09-26 13:24:55,115 - api_client - WARNING - client.py:80 - Request attempt 1 failed: HTTPConnectionPool(host='127.0.0.1', port=8000): Max retries exceeded with url: /api/ (Caused by NewConnectionError('<urllib3.connection.HTTPConnection object at 0x000001F156C489E0>: Failed to establish a new connection: [WinError 10061] No connection could be made because the target machine actively refused it'))
2025-09-26 13:24:57,150 - api_client - WARNING - client.py:80 - Request attempt 2 failed: HTTPConnectionPool(host='127.0.0.1', port=8000): Max retries exceeded with url: /api/ (Caused by NewConnectionError('<urllib3.connection.HTTPConnection object at 0x000001F156C48AF0>: Failed to establish a new connection: [WinError 10061] No connection could be made because the target machine actively refused it'))
2025-09-26 13:24:59,193 - api_client - WARNING - client.py:80 - Request attempt 3 failed: HTTPConnectionPool(host='127.0.0.1', port=8000): Max retries exceeded with url: /api/ (Caused by NewConnectionError('<urllib3.connection.HTTPConnection object at 0x000001F156C48490>: Failed to establish a new connection: [WinError 10061] No connection could be made because the target machine actively refused it'))
2025-09-26 13:24:59,200 - device_location_syncer - ERROR - sync_device_locations.py:241 - Error processing device d11: could not convert string to float: ''
2025-09-26 13:24:59,201 - device_location_syncer - ERROR - sync_device_locations.py:241 - Error processing device pp111: could not convert string to float: ''
2025-09-26 13:24:59,203 - device_location_syncer - ERROR - sync_device_locations.py:241 - Error processing device ppp11: could not convert string to float: ''
2025-09-26 13:24:59,204 - device_location_syncer - ERROR - sync_device_locations.py:241 - Error processing device dev1: could not convert string to float: ''
2025-09-26 13:24:59,206 - device_location_syncer - ERROR - sync_device_locations.py:241 - Error processing device dv1: could not convert string to float: ''
2025-09-26 13:24:59,207 - device_location_syncer - ERROR - sync_device_locations.py:241 - Error processing device dv11: could not convert string to float: ''
2025-09-26 13:24:59,208 - device_location_syncer - INFO - sync_device_locations.py:250 - Sync completed. No location updates needed.
2025-09-26 13:25:21,501 - device_list - INFO - device_list.py:248 - Refreshing device data...
2025-09-26 13:25:21,514 - device_list - INFO - device_list.py:268 - Loaded 12 devices from CSV
2025-09-26 13:25:23,100 - device_location_syncer - ERROR - sync_device_locations.py:241 - Error processing device d11: could not convert string to float: ''
2025-09-26 13:25:23,103 - device_location_syncer - ERROR - sync_device_locations.py:241 - Error processing device pp111: could not convert string to float: ''
2025-09-26 13:25:23,105 - device_location_syncer - ERROR - sync_device_locations.py:241 - Error processing device ppp11: could not convert string to float: ''
2025-09-26 13:25:23,108 - device_location_syncer - ERROR - sync_device_locations.py:241 - Error processing device dev1: could not convert string to float: ''
2025-09-26 13:25:23,111 - device_location_syncer - ERROR - sync_device_locations.py:241 - Error processing device dv1: could not convert string to float: ''
2025-09-26 13:25:23,113 - device_location_syncer - ERROR - sync_device_locations.py:241 - Error processing device dv11: could not convert string to float: ''
2025-09-26 13:25:23,114 - device_location_syncer - INFO - sync_device_locations.py:250 - Sync completed. No location updates needed.
2025-09-26 13:25:51,505 - device_list - INFO - device_list.py:248 - Refreshing device data...
2025-09-26 13:25:51,510 - device_list - INFO - device_list.py:268 - Loaded 12 devices from CSV
2025-09-26 13:25:55,098 - api_client - WARNING - client.py:80 - Request attempt 1 failed: HTTPConnectionPool(host='127.0.0.1', port=8000): Max retries exceeded with url: /api/ (Caused by NewConnectionError('<urllib3.connection.HTTPConnection object at 0x000001F156C485A0>: Failed to establish a new connection: [WinError 10061] No connection could be made because the target machine actively refused it'))
2025-09-26 13:25:57,140 - api_client - WARNING - client.py:80 - Request attempt 2 failed: HTTPConnectionPool(host='127.0.0.1', port=8000): Max retries exceeded with url: /api/ (Caused by NewConnectionError('<urllib3.connection.HTTPConnection object at 0x000001F156C49040>: Failed to establish a new connection: [WinError 10061] No connection could be made because the target machine actively refused it'))
2025-09-26 13:25:59,173 - api_client - WARNING - client.py:80 - Request attempt 3 failed: HTTPConnectionPool(host='127.0.0.1', port=8000): Max retries exceeded with url: /api/ (Caused by NewConnectionError('<urllib3.connection.HTTPConnection object at 0x000001F156C49150>: Failed to establish a new connection: [WinError 10061] No connection could be made because the target machine actively refused it'))
2025-09-26 13:25:59,181 - device_location_syncer - ERROR - sync_device_locations.py:241 - Error processing device d11: could not convert string to float: ''
2025-09-26 13:25:59,183 - device_location_syncer - ERROR - sync_device_locations.py:241 - Error processing device pp111: could not convert string to float: ''
2025-09-26 13:25:59,184 - device_location_syncer - ERROR - sync_device_locations.py:241 - Error processing device ppp11: could not convert string to float: ''
2025-09-26 13:25:59,186 - device_location_syncer - ERROR - sync_device_locations.py:241 - Error processing device dev1: could not convert string to float: ''
2025-09-26 13:25:59,188 - device_location_syncer - ERROR - sync_device_locations.py:241 - Error processing device dv1: could not convert string to float: ''
2025-09-26 13:25:59,190 - device_location_syncer - ERROR - sync_device_locations.py:241 - Error processing device dv11: could not convert string to float: ''
2025-09-26 13:25:59,190 - device_location_syncer - INFO - sync_device_locations.py:250 - Sync completed. No location updates needed.
2025-09-26 13:26:21,502 - device_list - INFO - device_list.py:248 - Refreshing device data...
2025-09-26 13:26:21,507 - device_list - INFO - device_list.py:268 - Loaded 12 devices from CSV
2025-09-26 13:26:23,076 - device_location_syncer - ERROR - sync_device_locations.py:241 - Error processing device d11: could not convert string to float: ''
2025-09-26 13:26:23,077 - device_location_syncer - ERROR - sync_device_locations.py:241 - Error processing device pp111: could not convert string to float: ''
2025-09-26 13:26:23,079 - device_location_syncer - ERROR - sync_device_locations.py:241 - Error processing device ppp11: could not convert string to float: ''
2025-09-26 13:26:23,080 - device_location_syncer - ERROR - sync_device_locations.py:241 - Error processing device dev1: could not convert string to float: ''
2025-09-26 13:26:23,081 - device_location_syncer - ERROR - sync_device_locations.py:241 - Error processing device dv1: could not convert string to float: ''
2025-09-26 13:26:23,083 - device_location_syncer - ERROR - sync_device_locations.py:241 - Error processing device dv11: could not convert string to float: ''
2025-09-26 13:26:23,083 - device_location_syncer - INFO - sync_device_locations.py:250 - Sync completed. No location updates needed.
2025-09-26 13:26:51,497 - device_list - INFO - device_list.py:248 - Refreshing device data...
2025-09-26 13:26:51,501 - device_list - INFO - device_list.py:268 - Loaded 12 devices from CSV
2025-09-26 13:26:55,103 - api_client - WARNING - client.py:80 - Request attempt 1 failed: HTTPConnectionPool(host='127.0.0.1', port=8000): Max retries exceeded with url: /api/ (Caused by NewConnectionError('<urllib3.connection.HTTPConnection object at 0x000001F156C49480>: Failed to establish a new connection: [WinError 10061] No connection could be made because the target machine actively refused it'))
2025-09-26 13:26:57,139 - api_client - WARNING - client.py:80 - Request attempt 2 failed: HTTPConnectionPool(host='127.0.0.1', port=8000): Max retries exceeded with url: /api/ (Caused by NewConnectionError('<urllib3.connection.HTTPConnection object at 0x000001F156C496A0>: Failed to establish a new connection: [WinError 10061] No connection could be made because the target machine actively refused it'))
2025-09-26 13:26:59,193 - api_client - WARNING - client.py:80 - Request attempt 3 failed: HTTPConnectionPool(host='127.0.0.1', port=8000): Max retries exceeded with url: /api/ (Caused by NewConnectionError('<urllib3.connection.HTTPConnection object at 0x000001F156C498C0>: Failed to establish a new connection: [WinError 10061] No connection could be made because the target machine actively refused it'))
2025-09-26 13:26:59,201 - device_location_syncer - ERROR - sync_device_locations.py:241 - Error processing device d11: could not convert string to float: ''
2025-09-26 13:26:59,202 - device_location_syncer - ERROR - sync_device_locations.py:241 - Error processing device pp111: could not convert string to float: ''
2025-09-26 13:26:59,204 - device_location_syncer - ERROR - sync_device_locations.py:241 - Error processing device ppp11: could not convert string to float: ''
2025-09-26 13:26:59,206 - device_location_syncer - ERROR - sync_device_locations.py:241 - Error processing device dev1: could not convert string to float: ''
2025-09-26 13:26:59,207 - device_location_syncer - ERROR - sync_device_locations.py:241 - Error processing device dv1: could not convert string to float: ''
2025-09-26 13:26:59,209 - device_location_syncer - ERROR - sync_device_locations.py:241 - Error processing device dv11: could not convert string to float: ''
2025-09-26 13:26:59,209 - device_location_syncer - INFO - sync_device_locations.py:250 - Sync completed. No location updates needed.
2025-09-26 13:27:21,505 - device_list - INFO - device_list.py:248 - Refreshing device data...
2025-09-26 13:27:21,510 - device_list - INFO - device_list.py:268 - Loaded 12 devices from CSV
2025-09-26 13:27:23,077 - device_location_syncer - ERROR - sync_device_locations.py:241 - Error processing device d11: could not convert string to float: ''
2025-09-26 13:27:23,080 - device_location_syncer - ERROR - sync_device_locations.py:241 - Error processing device pp111: could not convert string to float: ''
2025-09-26 13:27:23,083 - device_location_syncer - ERROR - sync_device_locations.py:241 - Error processing device ppp11: could not convert string to float: ''
2025-09-26 13:27:23,087 - device_location_syncer - ERROR - sync_device_locations.py:241 - Error processing device dev1: could not convert string to float: ''
2025-09-26 13:27:23,093 - device_location_syncer - ERROR - sync_device_locations.py:241 - Error processing device dv1: could not convert string to float: ''
2025-09-26 13:27:23,098 - device_location_syncer - ERROR - sync_device_locations.py:241 - Error processing device dv11: could not convert string to float: ''
2025-09-26 13:27:23,099 - device_location_syncer - INFO - sync_device_locations.py:250 - Sync completed. No location updates needed.
2025-09-26 13:27:51,500 - device_list - INFO - device_list.py:248 - Refreshing device data...
2025-09-26 13:27:51,511 - device_list - INFO - device_list.py:268 - Loaded 12 devices from CSV
2025-09-26 13:27:55,121 - api_client - WARNING - client.py:80 - Request attempt 1 failed: HTTPConnectionPool(host='127.0.0.1', port=8000): Max retries exceeded with url: /api/ (Caused by NewConnectionError('<urllib3.connection.HTTPConnection object at 0x000001F156C49AE0>: Failed to establish a new connection: [WinError 10061] No connection could be made because the target machine actively refused it'))
2025-09-26 13:27:57,176 - api_client - WARNING - client.py:80 - Request attempt 2 failed: HTTPConnectionPool(host='127.0.0.1', port=8000): Max retries exceeded with url: /api/ (Caused by NewConnectionError('<urllib3.connection.HTTPConnection object at 0x000001F156C49D00>: Failed to establish a new connection: [WinError 10061] No connection could be made because the target machine actively refused it'))
2025-09-26 13:27:59,225 - api_client - WARNING - client.py:80 - Request attempt 3 failed: HTTPConnectionPool(host='127.0.0.1', port=8000): Max retries exceeded with url: /api/ (Caused by NewConnectionError('<urllib3.connection.HTTPConnection object at 0x000001F156C49E10>: Failed to establish a new connection: [WinError 10061] No connection could be made because the target machine actively refused it'))
2025-09-26 13:27:59,231 - device_location_syncer - ERROR - sync_device_locations.py:241 - Error processing device d11: could not convert string to float: ''
2025-09-26 13:27:59,233 - device_location_syncer - ERROR - sync_device_locations.py:241 - Error processing device pp111: could not convert string to float: ''
2025-09-26 13:27:59,234 - device_location_syncer - ERROR - sync_device_locations.py:241 - Error processing device ppp11: could not convert string to float: ''
2025-09-26 13:27:59,236 - device_location_syncer - ERROR - sync_device_locations.py:241 - Error processing device dev1: could not convert string to float: ''
2025-09-26 13:27:59,237 - device_location_syncer - ERROR - sync_device_locations.py:241 - Error processing device dv1: could not convert string to float: ''
2025-09-26 13:27:59,238 - device_location_syncer - ERROR - sync_device_locations.py:241 - Error processing device dv11: could not convert string to float: ''
2025-09-26 13:27:59,239 - device_location_syncer - INFO - sync_device_locations.py:250 - Sync completed. No location updates needed.
2025-09-26 13:28:21,501 - device_list - INFO - device_list.py:248 - Refreshing device data...
2025-09-26 13:28:21,509 - device_list - INFO - device_list.py:268 - Loaded 12 devices from CSV
2025-09-26 13:28:23,080 - device_location_syncer - ERROR - sync_device_locations.py:241 - Error processing device d11: could not convert string to float: ''
2025-09-26 13:28:23,083 - device_location_syncer - ERROR - sync_device_locations.py:241 - Error processing device pp111: could not convert string to float: ''
2025-09-26 13:28:23,085 - device_location_syncer - ERROR - sync_device_locations.py:241 - Error processing device ppp11: could not convert string to float: ''
2025-09-26 13:28:23,089 - device_location_syncer - ERROR - sync_device_locations.py:241 - Error processing device dev1: could not convert string to float: ''
2025-09-26 13:28:23,093 - device_location_syncer - ERROR - sync_device_locations.py:241 - Error processing device dv1: could not convert string to float: ''
2025-09-26 13:28:23,096 - device_location_syncer - ERROR - sync_device_locations.py:241 - Error processing device dv11: could not convert string to float: ''
2025-09-26 13:28:23,098 - device_location_syncer - INFO - sync_device_locations.py:250 - Sync completed. No location updates needed.
2025-09-26 13:28:51,508 - device_list - INFO - device_list.py:248 - Refreshing device data...
2025-09-26 13:28:51,514 - device_list - INFO - device_list.py:268 - Loaded 12 devices from CSV
2025-09-26 13:28:55,096 - api_client - WARNING - client.py:80 - Request attempt 1 failed: HTTPConnectionPool(host='127.0.0.1', port=8000): Max retries exceeded with url: /api/ (Caused by NewConnectionError('<urllib3.connection.HTTPConnection object at 0x000001F156C4A140>: Failed to establish a new connection: [WinError 10061] No connection could be made because the target machine actively refused it'))
2025-09-26 13:28:57,141 - api_client - WARNING - client.py:80 - Request attempt 2 failed: HTTPConnectionPool(host='127.0.0.1', port=8000): Max retries exceeded with url: /api/ (Caused by NewConnectionError('<urllib3.connection.HTTPConnection object at 0x000001F156C4A360>: Failed to establish a new connection: [WinError 10061] No connection could be made because the target machine actively refused it'))
2025-09-26 13:28:59,169 - api_client - WARNING - client.py:80 - Request attempt 3 failed: HTTPConnectionPool(host='127.0.0.1', port=8000): Max retries exceeded with url: /api/ (Caused by NewConnectionError('<urllib3.connection.HTTPConnection object at 0x000001F156C4A470>: Failed to establish a new connection: [WinError 10061] No connection could be made because the target machine actively refused it'))
2025-09-26 13:28:59,195 - device_location_syncer - ERROR - sync_device_locations.py:241 - Error processing device d11: could not convert string to float: ''
2025-09-26 13:28:59,198 - device_location_syncer - ERROR - sync_device_locations.py:241 - Error processing device pp111: could not convert string to float: ''
2025-09-26 13:28:59,200 - device_location_syncer - ERROR - sync_device_locations.py:241 - Error processing device ppp11: could not convert string to float: ''
2025-09-26 13:28:59,202 - device_location_syncer - ERROR - sync_device_locations.py:241 - Error processing device dev1: could not convert string to float: ''
2025-09-26 13:28:59,205 - device_location_syncer - ERROR - sync_device_locations.py:241 - Error processing device dv1: could not convert string to float: ''
2025-09-26 13:28:59,208 - device_location_syncer - ERROR - sync_device_locations.py:241 - Error processing device dv11: could not convert string to float: ''
2025-09-26 13:28:59,209 - device_location_syncer - INFO - sync_device_locations.py:250 - Sync completed. No location updates needed.
2025-09-26 13:29:21,500 - device_list - INFO - device_list.py:248 - Refreshing device data...
2025-09-26 13:29:21,510 - device_list - INFO - device_list.py:268 - Loaded 12 devices from CSV
2025-09-26 13:29:23,091 - device_location_syncer - ERROR - sync_device_locations.py:241 - Error processing device d11: could not convert string to float: ''
2025-09-26 13:29:23,095 - device_location_syncer - ERROR - sync_device_locations.py:241 - Error processing device pp111: could not convert string to float: ''
2025-09-26 13:29:23,100 - device_location_syncer - ERROR - sync_device_locations.py:241 - Error processing device ppp11: could not convert string to float: ''
2025-09-26 13:29:23,104 - device_location_syncer - ERROR - sync_device_locations.py:241 - Error processing device dev1: could not convert string to float: ''
2025-09-26 13:29:23,106 - device_location_syncer - ERROR - sync_device_locations.py:241 - Error processing device dv1: could not convert string to float: ''
2025-09-26 13:29:23,108 - device_location_syncer - ERROR - sync_device_locations.py:241 - Error processing device dv11: could not convert string to float: ''
2025-09-26 13:29:23,109 - device_location_syncer - INFO - sync_device_locations.py:250 - Sync completed. No location updates needed.
2025-09-26 13:29:51,502 - device_list - INFO - device_list.py:248 - Refreshing device data...
2025-09-26 13:29:51,512 - device_list - INFO - device_list.py:268 - Loaded 12 devices from CSV
2025-09-26 13:29:55,078 - api_client - WARNING - client.py:80 - Request attempt 1 failed: HTTPConnectionPool(host='127.0.0.1', port=8000): Max retries exceeded with url: /api/ (Caused by NewConnectionError('<urllib3.connection.HTTPConnection object at 0x000001F156C4A7A0>: Failed to establish a new connection: [WinError 10061] No connection could be made because the target machine actively refused it'))
2025-09-26 13:29:57,134 - api_client - WARNING - client.py:80 - Request attempt 2 failed: HTTPConnectionPool(host='127.0.0.1', port=8000): Max retries exceeded with url: /api/ (Caused by NewConnectionError('<urllib3.connection.HTTPConnection object at 0x000001F156C4A9C0>: Failed to establish a new connection: [WinError 10061] No connection could be made because the target machine actively refused it'))
2025-09-26 13:29:59,179 - api_client - WARNING - client.py:80 - Request attempt 3 failed: HTTPConnectionPool(host='127.0.0.1', port=8000): Max retries exceeded with url: /api/ (Caused by NewConnectionError('<urllib3.connection.HTTPConnection object at 0x000001F156C4ABE0>: Failed to establish a new connection: [WinError 10061] No connection could be made because the target machine actively refused it'))
2025-09-26 13:29:59,209 - device_location_syncer - ERROR - sync_device_locations.py:241 - Error processing device d11: could not convert string to float: ''
2025-09-26 13:29:59,215 - device_location_syncer - ERROR - sync_device_locations.py:241 - Error processing device pp111: could not convert string to float: ''
2025-09-26 13:29:59,219 - device_location_syncer - ERROR - sync_device_locations.py:241 - Error processing device ppp11: could not convert string to float: ''
2025-09-26 13:29:59,224 - device_location_syncer - ERROR - sync_device_locations.py:241 - Error processing device dev1: could not convert string to float: ''
2025-09-26 13:29:59,226 - device_location_syncer - ERROR - sync_device_locations.py:241 - Error processing device dv1: could not convert string to float: ''
2025-09-26 13:29:59,228 - device_location_syncer - ERROR - sync_device_locations.py:241 - Error processing device dv11: could not convert string to float: ''
2025-09-26 13:29:59,229 - device_location_syncer - INFO - sync_device_locations.py:250 - Sync completed. No location updates needed.
2025-09-26 13:30:21,498 - device_list - INFO - device_list.py:248 - Refreshing device data...
2025-09-26 13:30:21,506 - device_list - INFO - device_list.py:268 - Loaded 12 devices from CSV
2025-09-26 13:30:23,092 - device_location_syncer - ERROR - sync_device_locations.py:241 - Error processing device d11: could not convert string to float: ''
2025-09-26 13:30:23,096 - device_location_syncer - ERROR - sync_device_locations.py:241 - Error processing device pp111: could not convert string to float: ''
2025-09-26 13:30:23,100 - device_location_syncer - ERROR - sync_device_locations.py:241 - Error processing device ppp11: could not convert string to float: ''
2025-09-26 13:30:23,104 - device_location_syncer - ERROR - sync_device_locations.py:241 - Error processing device dev1: could not convert string to float: ''
2025-09-26 13:30:23,106 - device_location_syncer - ERROR - sync_device_locations.py:241 - Error processing device dv1: could not convert string to float: ''
2025-09-26 13:30:23,109 - device_location_syncer - ERROR - sync_device_locations.py:241 - Error processing device dv11: could not convert string to float: ''
2025-09-26 13:30:23,110 - device_location_syncer - INFO - sync_device_locations.py:250 - Sync completed. No location updates needed.
2025-09-26 13:30:51,495 - device_list - INFO - device_list.py:248 - Refreshing device data...
2025-09-26 13:30:51,501 - device_list - INFO - device_list.py:268 - Loaded 12 devices from CSV
2025-09-26 13:30:55,114 - api_client - WARNING - client.py:80 - Request attempt 1 failed: HTTPConnectionPool(host='127.0.0.1', port=8000): Max retries exceeded with url: /api/ (Caused by NewConnectionError('<urllib3.connection.HTTPConnection object at 0x000001F156C4AE00>: Failed to establish a new connection: [WinError 10061] No connection could be made because the target machine actively refused it'))
2025-09-26 13:30:57,159 - api_client - WARNING - client.py:80 - Request attempt 2 failed: HTTPConnectionPool(host='127.0.0.1', port=8000): Max retries exceeded with url: /api/ (Caused by NewConnectionError('<urllib3.connection.HTTPConnection object at 0x000001F156C4B020>: Failed to establish a new connection: [WinError 10061] No connection could be made because the target machine actively refused it'))
2025-09-26 13:30:59,202 - api_client - WARNING - client.py:80 - Request attempt 3 failed: HTTPConnectionPool(host='127.0.0.1', port=8000): Max retries exceeded with url: /api/ (Caused by NewConnectionError('<urllib3.connection.HTTPConnection object at 0x000001F1591D8380>: Failed to establish a new connection: [WinError 10061] No connection could be made because the target machine actively refused it'))
2025-09-26 13:30:59,227 - device_location_syncer - ERROR - sync_device_locations.py:241 - Error processing device d11: could not convert string to float: ''
2025-09-26 13:30:59,231 - device_location_syncer - ERROR - sync_device_locations.py:241 - Error processing device pp111: could not convert string to float: ''
2025-09-26 13:30:59,234 - device_location_syncer - ERROR - sync_device_locations.py:241 - Error processing device ppp11: could not convert string to float: ''
2025-09-26 13:30:59,237 - device_location_syncer - ERROR - sync_device_locations.py:241 - Error processing device dev1: could not convert string to float: ''
2025-09-26 13:30:59,240 - device_location_syncer - ERROR - sync_device_locations.py:241 - Error processing device dv1: could not convert string to float: ''
2025-09-26 13:30:59,245 - device_location_syncer - ERROR - sync_device_locations.py:241 - Error processing device dv11: could not convert string to float: ''
2025-09-26 13:30:59,247 - device_location_syncer - INFO - sync_device_locations.py:250 - Sync completed. No location updates needed.
2025-09-26 13:31:21,502 - device_list - INFO - device_list.py:248 - Refreshing device data...
2025-09-26 13:31:21,513 - device_list - INFO - device_list.py:268 - Loaded 12 devices from CSV
2025-09-26 13:31:23,082 - device_location_syncer - ERROR - sync_device_locations.py:241 - Error processing device d11: could not convert string to float: ''
2025-09-26 13:31:23,086 - device_location_syncer - ERROR - sync_device_locations.py:241 - Error processing device pp111: could not convert string to float: ''
2025-09-26 13:31:23,091 - device_location_syncer - ERROR - sync_device_locations.py:241 - Error processing device ppp11: could not convert string to float: ''
2025-09-26 13:31:23,096 - device_location_syncer - ERROR - sync_device_locations.py:241 - Error processing device dev1: could not convert string to float: ''
2025-09-26 13:31:23,102 - device_location_syncer - ERROR - sync_device_locations.py:241 - Error processing device dv1: could not convert string to float: ''
2025-09-26 13:31:23,104 - device_location_syncer - ERROR - sync_device_locations.py:241 - Error processing device dv11: could not convert string to float: ''
2025-09-26 13:31:23,105 - device_location_syncer - INFO - sync_device_locations.py:250 - Sync completed. No location updates needed.
2025-09-26 13:31:51,508 - device_list - INFO - device_list.py:248 - Refreshing device data...
2025-09-26 13:31:51,511 - device_list - INFO - device_list.py:268 - Loaded 12 devices from CSV
2025-09-26 13:31:55,116 - api_client - WARNING - client.py:80 - Request attempt 1 failed: HTTPConnectionPool(host='127.0.0.1', port=8000): Max retries exceeded with url: /api/ (Caused by NewConnectionError('<urllib3.connection.HTTPConnection object at 0x000001F1591D85A0>: Failed to establish a new connection: [WinError 10061] No connection could be made because the target machine actively refused it'))
2025-09-26 13:31:57,165 - api_client - WARNING - client.py:80 - Request attempt 2 failed: HTTPConnectionPool(host='127.0.0.1', port=8000): Max retries exceeded with url: /api/ (Caused by NewConnectionError('<urllib3.connection.HTTPConnection object at 0x000001F1591D87C0>: Failed to establish a new connection: [WinError 10061] No connection could be made because the target machine actively refused it'))
2025-09-26 13:31:59,205 - api_client - WARNING - client.py:80 - Request attempt 3 failed: HTTPConnectionPool(host='127.0.0.1', port=8000): Max retries exceeded with url: /api/ (Caused by NewConnectionError('<urllib3.connection.HTTPConnection object at 0x000001F156C4B020>: Failed to establish a new connection: [WinError 10061] No connection could be made because the target machine actively refused it'))
2025-09-26 13:31:59,220 - device_location_syncer - ERROR - sync_device_locations.py:241 - Error processing device d11: could not convert string to float: ''
2025-09-26 13:31:59,224 - device_location_syncer - ERROR - sync_device_locations.py:241 - Error processing device pp111: could not convert string to float: ''
2025-09-26 13:31:59,226 - device_location_syncer - ERROR - sync_device_locations.py:241 - Error processing device ppp11: could not convert string to float: ''
2025-09-26 13:31:59,228 - device_location_syncer - ERROR - sync_device_locations.py:241 - Error processing device dev1: could not convert string to float: ''
2025-09-26 13:31:59,230 - device_location_syncer - ERROR - sync_device_locations.py:241 - Error processing device dv1: could not convert string to float: ''
2025-09-26 13:31:59,232 - device_location_syncer - ERROR - sync_device_locations.py:241 - Error processing device dv11: could not convert string to float: ''
2025-09-26 13:31:59,232 - device_location_syncer - INFO - sync_device_locations.py:250 - Sync completed. No location updates needed.
2025-09-26 13:32:21,500 - device_list - INFO - device_list.py:248 - Refreshing device data...
2025-09-26 13:32:21,509 - device_list - INFO - device_list.py:268 - Loaded 12 devices from CSV
2025-09-26 13:32:23,079 - device_location_syncer - ERROR - sync_device_locations.py:241 - Error processing device d11: could not convert string to float: ''
2025-09-26 13:32:23,083 - device_location_syncer - ERROR - sync_device_locations.py:241 - Error processing device pp111: could not convert string to float: ''
2025-09-26 13:32:23,088 - device_location_syncer - ERROR - sync_device_locations.py:241 - Error processing device ppp11: could not convert string to float: ''
2025-09-26 13:32:23,093 - device_location_syncer - ERROR - sync_device_locations.py:241 - Error processing device dev1: could not convert string to float: ''
2025-09-26 13:32:23,098 - device_location_syncer - ERROR - sync_device_locations.py:241 - Error processing device dv1: could not convert string to float: ''
2025-09-26 13:32:23,102 - device_location_syncer - ERROR - sync_device_locations.py:241 - Error processing device dv11: could not convert string to float: ''
2025-09-26 13:32:23,103 - device_location_syncer - INFO - sync_device_locations.py:250 - Sync completed. No location updates needed.
2025-09-26 13:32:51,505 - device_list - INFO - device_list.py:248 - Refreshing device data...
2025-09-26 13:32:51,515 - device_list - INFO - device_list.py:268 - Loaded 12 devices from CSV
2025-09-26 13:32:55,120 - api_client - WARNING - client.py:80 - Request attempt 1 failed: HTTPConnectionPool(host='127.0.0.1', port=8000): Max retries exceeded with url: /api/ (Caused by NewConnectionError('<urllib3.connection.HTTPConnection object at 0x000001F156C4AF10>: Failed to establish a new connection: [WinError 10061] No connection could be made because the target machine actively refused it'))
2025-09-26 13:32:57,168 - api_client - WARNING - client.py:80 - Request attempt 2 failed: HTTPConnectionPool(host='127.0.0.1', port=8000): Max retries exceeded with url: /api/ (Caused by NewConnectionError('<urllib3.connection.HTTPConnection object at 0x000001F156C4ACF0>: Failed to establish a new connection: [WinError 10061] No connection could be made because the target machine actively refused it'))
2025-09-26 13:32:59,210 - api_client - WARNING - client.py:80 - Request attempt 3 failed: HTTPConnectionPool(host='127.0.0.1', port=8000): Max retries exceeded with url: /api/ (Caused by NewConnectionError('<urllib3.connection.HTTPConnection object at 0x000001F156C4AAD0>: Failed to establish a new connection: [WinError 10061] No connection could be made because the target machine actively refused it'))
2025-09-26 13:32:59,235 - device_location_syncer - ERROR - sync_device_locations.py:241 - Error processing device d11: could not convert string to float: ''
2025-09-26 13:32:59,240 - device_location_syncer - ERROR - sync_device_locations.py:241 - Error processing device pp111: could not convert string to float: ''
2025-09-26 13:32:59,244 - device_location_syncer - ERROR - sync_device_locations.py:241 - Error processing device ppp11: could not convert string to float: ''
2025-09-26 13:32:59,249 - device_location_syncer - ERROR - sync_device_locations.py:241 - Error processing device dev1: could not convert string to float: ''
2025-09-26 13:32:59,254 - device_location_syncer - ERROR - sync_device_locations.py:241 - Error processing device dv1: could not convert string to float: ''
2025-09-26 13:32:59,260 - device_location_syncer - ERROR - sync_device_locations.py:241 - Error processing device dv11: could not convert string to float: ''
2025-09-26 13:32:59,261 - device_location_syncer - INFO - sync_device_locations.py:250 - Sync completed. No location updates needed.
2025-09-26 13:33:21,508 - device_list - INFO - device_list.py:248 - Refreshing device data...
2025-09-26 13:33:21,513 - device_list - INFO - device_list.py:268 - Loaded 12 devices from CSV
2025-09-26 13:33:23,079 - device_location_syncer - ERROR - sync_device_locations.py:241 - Error processing device d11: could not convert string to float: ''
2025-09-26 13:33:23,080 - device_location_syncer - ERROR - sync_device_locations.py:241 - Error processing device pp111: could not convert string to float: ''
2025-09-26 13:33:23,082 - device_location_syncer - ERROR - sync_device_locations.py:241 - Error processing device ppp11: could not convert string to float: ''
2025-09-26 13:33:23,083 - device_location_syncer - ERROR - sync_device_locations.py:241 - Error processing device dev1: could not convert string to float: ''
2025-09-26 13:33:23,086 - device_location_syncer - ERROR - sync_device_locations.py:241 - Error processing device dv1: could not convert string to float: ''
2025-09-26 13:33:23,088 - device_location_syncer - ERROR - sync_device_locations.py:241 - Error processing device dv11: could not convert string to float: ''
2025-09-26 13:33:23,088 - device_location_syncer - INFO - sync_device_locations.py:250 - Sync completed. No location updates needed.
2025-09-26 13:33:51,504 - device_list - INFO - device_list.py:248 - Refreshing device data...
2025-09-26 13:33:51,508 - device_list - INFO - device_list.py:268 - Loaded 12 devices from CSV
2025-09-26 13:33:55,093 - api_client - WARNING - client.py:80 - Request attempt 1 failed: HTTPConnectionPool(host='127.0.0.1', port=8000): Max retries exceeded with url: /api/ (Caused by NewConnectionError('<urllib3.connection.HTTPConnection object at 0x000001F156C4A8B0>: Failed to establish a new connection: [WinError 10061] No connection could be made because the target machine actively refused it'))
2025-09-26 13:33:57,145 - api_client - WARNING - client.py:80 - Request attempt 2 failed: HTTPConnectionPool(host='127.0.0.1', port=8000): Max retries exceeded with url: /api/ (Caused by NewConnectionError('<urllib3.connection.HTTPConnection object at 0x000001F156C4A690>: Failed to establish a new connection: [WinError 10061] No connection could be made because the target machine actively refused it'))
2025-09-26 13:33:59,194 - api_client - WARNING - client.py:80 - Request attempt 3 failed: HTTPConnectionPool(host='127.0.0.1', port=8000): Max retries exceeded with url: /api/ (Caused by NewConnectionError('<urllib3.connection.HTTPConnection object at 0x000001F156C4A580>: Failed to establish a new connection: [WinError 10061] No connection could be made because the target machine actively refused it'))
2025-09-26 13:33:59,203 - device_location_syncer - ERROR - sync_device_locations.py:241 - Error processing device d11: could not convert string to float: ''
2025-09-26 13:33:59,206 - device_location_syncer - ERROR - sync_device_locations.py:241 - Error processing device pp111: could not convert string to float: ''
2025-09-26 13:33:59,207 - device_location_syncer - ERROR - sync_device_locations.py:241 - Error processing device ppp11: could not convert string to float: ''
2025-09-26 13:33:59,209 - device_location_syncer - ERROR - sync_device_locations.py:241 - Error processing device dev1: could not convert string to float: ''
2025-09-26 13:33:59,211 - device_location_syncer - ERROR - sync_device_locations.py:241 - Error processing device dv1: could not convert string to float: ''
2025-09-26 13:33:59,213 - device_location_syncer - ERROR - sync_device_locations.py:241 - Error processing device dv11: could not convert string to float: ''
2025-09-26 13:33:59,214 - device_location_syncer - INFO - sync_device_locations.py:250 - Sync completed. No location updates needed.
2025-09-26 13:34:21,509 - device_list - INFO - device_list.py:248 - Refreshing device data...
2025-09-26 13:34:21,513 - device_list - INFO - device_list.py:268 - Loaded 12 devices from CSV
2025-09-26 13:34:23,070 - device_location_syncer - ERROR - sync_device_locations.py:241 - Error processing device d11: could not convert string to float: ''
2025-09-26 13:34:23,071 - device_location_syncer - ERROR - sync_device_locations.py:241 - Error processing device pp111: could not convert string to float: ''
2025-09-26 13:34:23,073 - device_location_syncer - ERROR - sync_device_locations.py:241 - Error processing device ppp11: could not convert string to float: ''
2025-09-26 13:34:23,076 - device_location_syncer - ERROR - sync_device_locations.py:241 - Error processing device dev1: could not convert string to float: ''
2025-09-26 13:34:23,081 - device_location_syncer - ERROR - sync_device_locations.py:241 - Error processing device dv1: could not convert string to float: ''
2025-09-26 13:34:23,085 - device_location_syncer - ERROR - sync_device_locations.py:241 - Error processing device dv11: could not convert string to float: ''
2025-09-26 13:34:23,087 - device_location_syncer - INFO - sync_device_locations.py:250 - Sync completed. No location updates needed.
2025-09-26 13:34:51,503 - device_list - INFO - device_list.py:248 - Refreshing device data...
2025-09-26 13:34:51,509 - device_list - INFO - device_list.py:268 - Loaded 12 devices from CSV
2025-09-26 13:34:55,121 - api_client - WARNING - client.py:80 - Request attempt 1 failed: HTTPConnectionPool(host='127.0.0.1', port=8000): Max retries exceeded with url: /api/ (Caused by NewConnectionError('<urllib3.connection.HTTPConnection object at 0x000001F156C4A250>: Failed to establish a new connection: [WinError 10061] No connection could be made because the target machine actively refused it'))
2025-09-26 13:34:57,152 - api_client - WARNING - client.py:80 - Request attempt 2 failed: HTTPConnectionPool(host='127.0.0.1', port=8000): Max retries exceeded with url: /api/ (Caused by NewConnectionError('<urllib3.connection.HTTPConnection object at 0x000001F156C4A030>: Failed to establish a new connection: [WinError 10061] No connection could be made because the target machine actively refused it'))
2025-09-26 13:34:59,208 - api_client - WARNING - client.py:80 - Request attempt 3 failed: HTTPConnectionPool(host='127.0.0.1', port=8000): Max retries exceeded with url: /api/ (Caused by NewConnectionError('<urllib3.connection.HTTPConnection object at 0x000001F156C49F20>: Failed to establish a new connection: [WinError 10061] No connection could be made because the target machine actively refused it'))
2025-09-26 13:34:59,235 - device_location_syncer - ERROR - sync_device_locations.py:241 - Error processing device d11: could not convert string to float: ''
2025-09-26 13:34:59,242 - device_location_syncer - ERROR - sync_device_locations.py:241 - Error processing device pp111: could not convert string to float: ''
2025-09-26 13:34:59,248 - device_location_syncer - ERROR - sync_device_locations.py:241 - Error processing device ppp11: could not convert string to float: ''
2025-09-26 13:34:59,253 - device_location_syncer - ERROR - sync_device_locations.py:241 - Error processing device dev1: could not convert string to float: ''
2025-09-26 13:34:59,255 - device_location_syncer - ERROR - sync_device_locations.py:241 - Error processing device dv1: could not convert string to float: ''
2025-09-26 13:34:59,257 - device_location_syncer - ERROR - sync_device_locations.py:241 - Error processing device dv11: could not convert string to float: ''
2025-09-26 13:34:59,258 - device_location_syncer - INFO - sync_device_locations.py:250 - Sync completed. No location updates needed.
2025-09-26 13:35:21,506 - device_list - INFO - device_list.py:248 - Refreshing device data...
2025-09-26 13:35:21,516 - device_list - INFO - device_list.py:268 - Loaded 12 devices from CSV
2025-09-26 13:35:23,074 - device_location_syncer - ERROR - sync_device_locations.py:241 - Error processing device d11: could not convert string to float: ''
2025-09-26 13:35:23,076 - device_location_syncer - ERROR - sync_device_locations.py:241 - Error processing device pp111: could not convert string to float: ''
2025-09-26 13:35:23,077 - device_location_syncer - ERROR - sync_device_locations.py:241 - Error processing device ppp11: could not convert string to float: ''
2025-09-26 13:35:23,078 - device_location_syncer - ERROR - sync_device_locations.py:241 - Error processing device dev1: could not convert string to float: ''
2025-09-26 13:35:23,079 - device_location_syncer - ERROR - sync_device_locations.py:241 - Error processing device dv1: could not convert string to float: ''
2025-09-26 13:35:23,081 - device_location_syncer - ERROR - sync_device_locations.py:241 - Error processing device dv11: could not convert string to float: ''
2025-09-26 13:35:23,081 - device_location_syncer - INFO - sync_device_locations.py:250 - Sync completed. No location updates needed.
2025-09-26 13:35:43,904 - main_window - INFO - main_window.py:413 - Application closing
2025-09-26 18:45:29,701 - warehouse_app - INFO - main.py:31 - Starting Warehouse Management System v1.0.0
2025-09-26 18:45:38,150 - devices_api - INFO - devices.py:27 - Device location syncer initialized
2025-09-26 18:45:48,566 - main_window - INFO - main_window.py:128 - Dashboard widget loaded successfully
2025-09-26 18:45:48,711 - devices_api - INFO - devices.py:27 - Device location syncer initialized
2025-09-26 18:45:48,982 - device_list - INFO - device_list.py:248 - Refreshing device data...
2025-09-26 18:45:48,995 - device_list - INFO - device_list.py:268 - Loaded 12 devices from CSV
2025-09-26 18:45:49,048 - main_window - INFO - main_window.py:138 - Device Management widget loaded successfully
2025-09-26 18:45:49,256 - product_management - INFO - product_management.py:173 - Loaded 2 products from CSV
2025-09-26 18:45:49,277 - main_window - INFO - main_window.py:148 - Product Management widget loaded successfully
2025-09-26 18:45:49,904 - main_window - INFO - main_window.py:159 - Task Creation widget loaded successfully
2025-09-26 18:45:50,045 - devices_api - INFO - devices.py:27 - Device location syncer initialized
2025-09-26 18:45:50,123 - main_window - INFO - main_window.py:170 - Task Monitor widget loaded successfully
2025-09-26 18:45:50,344 - user_management - INFO - user_management.py:581 - Refreshing user data...
2025-09-26 18:45:50,351 - user_management - INFO - user_management.py:603 - Loaded 12 users from CSV
2025-09-26 18:45:50,425 - main_window - INFO - main_window.py:180 - User Management widget loaded successfully
2025-09-26 18:45:52,167 - map_management - INFO - map_management.py:53 - Map Management widget initialized
2025-09-26 18:45:52,249 - main_window - INFO - main_window.py:192 - Map Management widget loaded successfully
2025-09-26 18:45:52,296 - devices_api - INFO - devices.py:27 - Device location syncer initialized
2025-09-26 18:45:52,504 - main_window - INFO - main_window.py:203 - Device Tracking widget loaded successfully
2025-09-26 18:45:54,701 - api_client - WARNING - client.py:80 - Request attempt 1 failed: HTTPConnectionPool(host='127.0.0.1', port=8000): Max retries exceeded with url: /api/ (Caused by NewConnectionError('<urllib3.connection.HTTPConnection object at 0x00000237F302AE40>: Failed to establish a new connection: [WinError 10061] No connection could be made because the target machine actively refused it'))
2025-09-26 18:45:56,738 - api_client - WARNING - client.py:80 - Request attempt 2 failed: HTTPConnectionPool(host='127.0.0.1', port=8000): Max retries exceeded with url: /api/ (Caused by NewConnectionError('<urllib3.connection.HTTPConnection object at 0x00000237F2F6BED0>: Failed to establish a new connection: [WinError 10061] No connection could be made because the target machine actively refused it'))
2025-09-26 18:45:58,906 - api_client - WARNING - client.py:80 - Request attempt 3 failed: HTTPConnectionPool(host='127.0.0.1', port=8000): Max retries exceeded with url: /api/ (Caused by NewConnectionError('<urllib3.connection.HTTPConnection object at 0x00000237F5410410>: Failed to establish a new connection: [WinError 10061] No connection could be made because the target machine actively refused it'))
2025-09-26 18:45:58,908 - warehouse_app - INFO - main.py:47 - Main window created successfully
2025-09-26 18:45:59,134 - warehouse_app - INFO - main.py:155 - Application started successfully
2025-09-26 18:46:18,987 - device_list - INFO - device_list.py:248 - Refreshing device data...
2025-09-26 18:46:19,004 - device_list - INFO - device_list.py:268 - Loaded 12 devices from CSV
2025-09-26 18:46:22,765 - device_location_syncer - ERROR - sync_device_locations.py:241 - Error processing device d11: could not convert string to float: ''
2025-09-26 18:46:22,822 - device_location_syncer - ERROR - sync_device_locations.py:241 - Error processing device pp111: could not convert string to float: ''
2025-09-26 18:46:22,920 - device_location_syncer - ERROR - sync_device_locations.py:241 - Error processing device ppp11: could not convert string to float: ''
2025-09-26 18:46:22,959 - device_location_syncer - ERROR - sync_device_locations.py:241 - Error processing device dev1: could not convert string to float: ''
2025-09-26 18:46:22,962 - device_location_syncer - ERROR - sync_device_locations.py:241 - Error processing device dv1: could not convert string to float: ''
2025-09-26 18:46:23,017 - device_location_syncer - ERROR - sync_device_locations.py:241 - Error processing device dv11: could not convert string to float: ''
2025-09-26 18:46:23,017 - device_location_syncer - INFO - sync_device_locations.py:250 - Sync completed. No location updates needed.
2025-09-26 18:46:48,987 - device_list - INFO - device_list.py:248 - Refreshing device data...
2025-09-26 18:46:48,998 - device_list - INFO - device_list.py:268 - Loaded 12 devices from CSV
2025-09-26 18:46:54,531 - api_client - WARNING - client.py:80 - Request attempt 1 failed: HTTPConnectionPool(host='127.0.0.1', port=8000): Max retries exceeded with url: /api/ (Caused by NewConnectionError('<urllib3.connection.HTTPConnection object at 0x00000237F53ECFC0>: Failed to establish a new connection: [WinError 10061] No connection could be made because the target machine actively refused it'))
2025-09-26 18:46:56,572 - api_client - WARNING - client.py:80 - Request attempt 2 failed: HTTPConnectionPool(host='127.0.0.1', port=8000): Max retries exceeded with url: /api/ (Caused by NewConnectionError('<urllib3.connection.HTTPConnection object at 0x00000237F53ED480>: Failed to establish a new connection: [WinError 10061] No connection could be made because the target machine actively refused it'))
2025-09-26 18:46:58,608 - api_client - WARNING - client.py:80 - Request attempt 3 failed: HTTPConnectionPool(host='127.0.0.1', port=8000): Max retries exceeded with url: /api/ (Caused by NewConnectionError('<urllib3.connection.HTTPConnection object at 0x00000237F3035B50>: Failed to establish a new connection: [WinError 10061] No connection could be made because the target machine actively refused it'))
2025-09-26 18:46:58,638 - device_location_syncer - ERROR - sync_device_locations.py:241 - Error processing device d11: could not convert string to float: ''
2025-09-26 18:46:58,644 - device_location_syncer - ERROR - sync_device_locations.py:241 - Error processing device pp111: could not convert string to float: ''
2025-09-26 18:46:58,650 - device_location_syncer - ERROR - sync_device_locations.py:241 - Error processing device ppp11: could not convert string to float: ''
2025-09-26 18:46:58,655 - device_location_syncer - ERROR - sync_device_locations.py:241 - Error processing device dev1: could not convert string to float: ''
2025-09-26 18:46:58,668 - device_location_syncer - ERROR - sync_device_locations.py:241 - Error processing device dv1: could not convert string to float: ''
2025-09-26 18:46:58,675 - device_location_syncer - ERROR - sync_device_locations.py:241 - Error processing device dv11: could not convert string to float: ''
2025-09-26 18:46:58,677 - device_location_syncer - INFO - sync_device_locations.py:250 - Sync completed. No location updates needed.
2025-09-26 18:47:18,987 - device_list - INFO - device_list.py:248 - Refreshing device data...
2025-09-26 18:47:18,999 - device_list - INFO - device_list.py:268 - Loaded 12 devices from CSV
2025-09-26 18:47:22,525 - device_location_syncer - ERROR - sync_device_locations.py:241 - Error processing device d11: could not convert string to float: ''
2025-09-26 18:47:22,529 - device_location_syncer - ERROR - sync_device_locations.py:241 - Error processing device pp111: could not convert string to float: ''
2025-09-26 18:47:22,533 - device_location_syncer - ERROR - sync_device_locations.py:241 - Error processing device ppp11: could not convert string to float: ''
2025-09-26 18:47:22,535 - device_location_syncer - ERROR - sync_device_locations.py:241 - Error processing device dev1: could not convert string to float: ''
2025-09-26 18:47:22,539 - device_location_syncer - ERROR - sync_device_locations.py:241 - Error processing device dv1: could not convert string to float: ''
2025-09-26 18:47:22,541 - device_location_syncer - ERROR - sync_device_locations.py:241 - Error processing device dv11: could not convert string to float: ''
2025-09-26 18:47:22,543 - device_location_syncer - INFO - sync_device_locations.py:250 - Sync completed. No location updates needed.
2025-09-26 18:47:48,987 - device_list - INFO - device_list.py:248 - Refreshing device data...
2025-09-26 18:47:48,999 - device_list - INFO - device_list.py:268 - Loaded 12 devices from CSV
2025-09-26 18:47:54,556 - api_client - WARNING - client.py:80 - Request attempt 1 failed: HTTPConnectionPool(host='127.0.0.1', port=8000): Max retries exceeded with url: /api/ (Caused by NewConnectionError('<urllib3.connection.HTTPConnection object at 0x00000237F53E8D10>: Failed to establish a new connection: [WinError 10061] No connection could be made because the target machine actively refused it'))
2025-09-26 18:47:56,586 - api_client - WARNING - client.py:80 - Request attempt 2 failed: HTTPConnectionPool(host='127.0.0.1', port=8000): Max retries exceeded with url: /api/ (Caused by NewConnectionError('<urllib3.connection.HTTPConnection object at 0x00000237F53E89E0>: Failed to establish a new connection: [WinError 10061] No connection could be made because the target machine actively refused it'))
2025-09-26 18:47:58,631 - api_client - WARNING - client.py:80 - Request attempt 3 failed: HTTPConnectionPool(host='127.0.0.1', port=8000): Max retries exceeded with url: /api/ (Caused by NewConnectionError('<urllib3.connection.HTTPConnection object at 0x00000237F53E86B0>: Failed to establish a new connection: [WinError 10061] No connection could be made because the target machine actively refused it'))
2025-09-26 18:47:58,659 - device_location_syncer - ERROR - sync_device_locations.py:241 - Error processing device d11: could not convert string to float: ''
2025-09-26 18:47:58,661 - device_location_syncer - ERROR - sync_device_locations.py:241 - Error processing device pp111: could not convert string to float: ''
2025-09-26 18:47:58,664 - device_location_syncer - ERROR - sync_device_locations.py:241 - Error processing device ppp11: could not convert string to float: ''
2025-09-26 18:47:58,669 - device_location_syncer - ERROR - sync_device_locations.py:241 - Error processing device dev1: could not convert string to float: ''
2025-09-26 18:47:58,673 - device_location_syncer - ERROR - sync_device_locations.py:241 - Error processing device dv1: could not convert string to float: ''
2025-09-26 18:47:58,675 - device_location_syncer - ERROR - sync_device_locations.py:241 - Error processing device dv11: could not convert string to float: ''
2025-09-26 18:47:58,676 - device_location_syncer - INFO - sync_device_locations.py:250 - Sync completed. No location updates needed.
2025-09-26 18:48:18,987 - device_list - INFO - device_list.py:248 - Refreshing device data...
2025-09-26 18:48:18,999 - device_list - INFO - device_list.py:268 - Loaded 12 devices from CSV
2025-09-26 18:48:22,527 - device_location_syncer - ERROR - sync_device_locations.py:241 - Error processing device d11: could not convert string to float: ''
2025-09-26 18:48:22,531 - device_location_syncer - ERROR - sync_device_locations.py:241 - Error processing device pp111: could not convert string to float: ''
2025-09-26 18:48:22,535 - device_location_syncer - ERROR - sync_device_locations.py:241 - Error processing device ppp11: could not convert string to float: ''
2025-09-26 18:48:22,540 - device_location_syncer - ERROR - sync_device_locations.py:241 - Error processing device dev1: could not convert string to float: ''
2025-09-26 18:48:22,546 - device_location_syncer - ERROR - sync_device_locations.py:241 - Error processing device dv1: could not convert string to float: ''
2025-09-26 18:48:22,557 - device_location_syncer - ERROR - sync_device_locations.py:241 - Error processing device dv11: could not convert string to float: ''
2025-09-26 18:48:22,559 - device_location_syncer - INFO - sync_device_locations.py:250 - Sync completed. No location updates needed.
2025-09-26 18:48:48,987 - device_list - INFO - device_list.py:248 - Refreshing device data...
2025-09-26 18:48:49,007 - device_list - INFO - device_list.py:268 - Loaded 12 devices from CSV
2025-09-26 18:48:54,556 - api_client - WARNING - client.py:80 - Request attempt 1 failed: HTTPConnectionPool(host='127.0.0.1', port=8000): Max retries exceeded with url: /api/ (Caused by NewConnectionError('<urllib3.connection.HTTPConnection object at 0x00000237F53E8490>: Failed to establish a new connection: [WinError 10061] No connection could be made because the target machine actively refused it'))
2025-09-26 18:48:56,588 - api_client - WARNING - client.py:80 - Request attempt 2 failed: HTTPConnectionPool(host='127.0.0.1', port=8000): Max retries exceeded with url: /api/ (Caused by NewConnectionError('<urllib3.connection.HTTPConnection object at 0x00000237F53E9260>: Failed to establish a new connection: [WinError 10061] No connection could be made because the target machine actively refused it'))
2025-09-26 18:48:58,637 - api_client - WARNING - client.py:80 - Request attempt 3 failed: HTTPConnectionPool(host='127.0.0.1', port=8000): Max retries exceeded with url: /api/ (Caused by NewConnectionError('<urllib3.connection.HTTPConnection object at 0x00000237F53E9480>: Failed to establish a new connection: [WinError 10061] No connection could be made because the target machine actively refused it'))
2025-09-26 18:48:58,663 - device_location_syncer - ERROR - sync_device_locations.py:241 - Error processing device d11: could not convert string to float: ''
2025-09-26 18:48:58,671 - device_location_syncer - ERROR - sync_device_locations.py:241 - Error processing device pp111: could not convert string to float: ''
2025-09-26 18:48:58,678 - device_location_syncer - ERROR - sync_device_locations.py:241 - Error processing device ppp11: could not convert string to float: ''
2025-09-26 18:48:58,685 - device_location_syncer - ERROR - sync_device_locations.py:241 - Error processing device dev1: could not convert string to float: ''
2025-09-26 18:48:58,689 - device_location_syncer - ERROR - sync_device_locations.py:241 - Error processing device dv1: could not convert string to float: ''
2025-09-26 18:48:58,692 - device_location_syncer - ERROR - sync_device_locations.py:241 - Error processing device dv11: could not convert string to float: ''
2025-09-26 18:48:58,693 - device_location_syncer - INFO - sync_device_locations.py:250 - Sync completed. No location updates needed.
2025-09-26 18:49:18,987 - device_list - INFO - device_list.py:248 - Refreshing device data...
2025-09-26 18:49:18,999 - device_list - INFO - device_list.py:268 - Loaded 12 devices from CSV
2025-09-26 18:49:22,528 - device_location_syncer - ERROR - sync_device_locations.py:241 - Error processing device d11: could not convert string to float: ''
2025-09-26 18:49:22,533 - device_location_syncer - ERROR - sync_device_locations.py:241 - Error processing device pp111: could not convert string to float: ''
2025-09-26 18:49:22,535 - device_location_syncer - ERROR - sync_device_locations.py:241 - Error processing device ppp11: could not convert string to float: ''
2025-09-26 18:49:22,540 - device_location_syncer - ERROR - sync_device_locations.py:241 - Error processing device dev1: could not convert string to float: ''
2025-09-26 18:49:22,545 - device_location_syncer - ERROR - sync_device_locations.py:241 - Error processing device dv1: could not convert string to float: ''
2025-09-26 18:49:22,551 - device_location_syncer - ERROR - sync_device_locations.py:241 - Error processing device dv11: could not convert string to float: ''
2025-09-26 18:49:22,553 - device_location_syncer - INFO - sync_device_locations.py:250 - Sync completed. No location updates needed.
2025-09-26 18:49:48,987 - device_list - INFO - device_list.py:248 - Refreshing device data...
2025-09-26 18:49:48,998 - device_list - INFO - device_list.py:268 - Loaded 12 devices from CSV
2025-09-26 18:49:54,572 - api_client - WARNING - client.py:80 - Request attempt 1 failed: HTTPConnectionPool(host='127.0.0.1', port=8000): Max retries exceeded with url: /api/ (Caused by NewConnectionError('<urllib3.connection.HTTPConnection object at 0x00000237F53E96A0>: Failed to establish a new connection: [WinError 10061] No connection could be made because the target machine actively refused it'))
2025-09-26 18:49:56,606 - api_client - WARNING - client.py:80 - Request attempt 2 failed: HTTPConnectionPool(host='127.0.0.1', port=8000): Max retries exceeded with url: /api/ (Caused by NewConnectionError('<urllib3.connection.HTTPConnection object at 0x00000237F53E98C0>: Failed to establish a new connection: [WinError 10061] No connection could be made because the target machine actively refused it'))
2025-09-26 18:49:58,656 - api_client - WARNING - client.py:80 - Request attempt 3 failed: HTTPConnectionPool(host='127.0.0.1', port=8000): Max retries exceeded with url: /api/ (Caused by NewConnectionError('<urllib3.connection.HTTPConnection object at 0x00000237F53E9AE0>: Failed to establish a new connection: [WinError 10061] No connection could be made because the target machine actively refused it'))
2025-09-26 18:49:58,683 - device_location_syncer - ERROR - sync_device_locations.py:241 - Error processing device d11: could not convert string to float: ''
2025-09-26 18:49:58,689 - device_location_syncer - ERROR - sync_device_locations.py:241 - Error processing device pp111: could not convert string to float: ''
2025-09-26 18:49:58,695 - device_location_syncer - ERROR - sync_device_locations.py:241 - Error processing device ppp11: could not convert string to float: ''
2025-09-26 18:49:58,699 - device_location_syncer - ERROR - sync_device_locations.py:241 - Error processing device dev1: could not convert string to float: ''
2025-09-26 18:49:58,704 - device_location_syncer - ERROR - sync_device_locations.py:241 - Error processing device dv1: could not convert string to float: ''
2025-09-26 18:49:58,711 - device_location_syncer - ERROR - sync_device_locations.py:241 - Error processing device dv11: could not convert string to float: ''
2025-09-26 18:49:58,712 - device_location_syncer - INFO - sync_device_locations.py:250 - Sync completed. No location updates needed.
2025-09-26 18:50:18,987 - device_list - INFO - device_list.py:248 - Refreshing device data...
2025-09-26 18:50:18,998 - device_list - INFO - device_list.py:268 - Loaded 12 devices from CSV
2025-09-26 18:50:22,526 - device_location_syncer - ERROR - sync_device_locations.py:241 - Error processing device d11: could not convert string to float: ''
2025-09-26 18:50:22,530 - device_location_syncer - ERROR - sync_device_locations.py:241 - Error processing device pp111: could not convert string to float: ''
2025-09-26 18:50:22,533 - device_location_syncer - ERROR - sync_device_locations.py:241 - Error processing device ppp11: could not convert string to float: ''
2025-09-26 18:50:22,539 - device_location_syncer - ERROR - sync_device_locations.py:241 - Error processing device dev1: could not convert string to float: ''
2025-09-26 18:50:22,543 - device_location_syncer - ERROR - sync_device_locations.py:241 - Error processing device dv1: could not convert string to float: ''
2025-09-26 18:50:22,552 - device_location_syncer - ERROR - sync_device_locations.py:241 - Error processing device dv11: could not convert string to float: ''
2025-09-26 18:50:22,554 - device_location_syncer - INFO - sync_device_locations.py:250 - Sync completed. No location updates needed.
2025-09-26 18:50:48,986 - device_list - INFO - device_list.py:248 - Refreshing device data...
2025-09-26 18:50:48,992 - device_list - INFO - device_list.py:268 - Loaded 12 devices from CSV
2025-09-26 18:50:54,522 - api_client - WARNING - client.py:80 - Request attempt 1 failed: HTTPConnectionPool(host='127.0.0.1', port=8000): Max retries exceeded with url: /api/ (Caused by NewConnectionError('<urllib3.connection.HTTPConnection object at 0x00000237F53E9D00>: Failed to establish a new connection: [WinError 10061] No connection could be made because the target machine actively refused it'))
2025-09-26 18:50:56,556 - api_client - WARNING - client.py:80 - Request attempt 2 failed: HTTPConnectionPool(host='127.0.0.1', port=8000): Max retries exceeded with url: /api/ (Caused by NewConnectionError('<urllib3.connection.HTTPConnection object at 0x00000237F53E9F20>: Failed to establish a new connection: [WinError 10061] No connection could be made because the target machine actively refused it'))
2025-09-26 18:50:58,588 - api_client - WARNING - client.py:80 - Request attempt 3 failed: HTTPConnectionPool(host='127.0.0.1', port=8000): Max retries exceeded with url: /api/ (Caused by NewConnectionError('<urllib3.connection.HTTPConnection object at 0x00000237F53EA140>: Failed to establish a new connection: [WinError 10061] No connection could be made because the target machine actively refused it'))
2025-09-26 18:50:58,633 - device_location_syncer - ERROR - sync_device_locations.py:241 - Error processing device d11: could not convert string to float: ''
2025-09-26 18:50:58,636 - device_location_syncer - ERROR - sync_device_locations.py:241 - Error processing device pp111: could not convert string to float: ''
2025-09-26 18:50:58,639 - device_location_syncer - ERROR - sync_device_locations.py:241 - Error processing device ppp11: could not convert string to float: ''
2025-09-26 18:50:58,645 - device_location_syncer - ERROR - sync_device_locations.py:241 - Error processing device dev1: could not convert string to float: ''
2025-09-26 18:50:58,648 - device_location_syncer - ERROR - sync_device_locations.py:241 - Error processing device dv1: could not convert string to float: ''
2025-09-26 18:50:58,651 - device_location_syncer - ERROR - sync_device_locations.py:241 - Error processing device dv11: could not convert string to float: ''
2025-09-26 18:50:58,652 - device_location_syncer - INFO - sync_device_locations.py:250 - Sync completed. No location updates needed.
2025-09-26 18:51:18,987 - device_list - INFO - device_list.py:248 - Refreshing device data...
2025-09-26 18:51:18,999 - device_list - INFO - device_list.py:268 - Loaded 12 devices from CSV
2025-09-26 18:51:22,528 - device_location_syncer - ERROR - sync_device_locations.py:241 - Error processing device d11: could not convert string to float: ''
2025-09-26 18:51:22,532 - device_location_syncer - ERROR - sync_device_locations.py:241 - Error processing device pp111: could not convert string to float: ''
2025-09-26 18:51:22,537 - device_location_syncer - ERROR - sync_device_locations.py:241 - Error processing device ppp11: could not convert string to float: ''
2025-09-26 18:51:22,542 - device_location_syncer - ERROR - sync_device_locations.py:241 - Error processing device dev1: could not convert string to float: ''
2025-09-26 18:51:22,550 - device_location_syncer - ERROR - sync_device_locations.py:241 - Error processing device dv1: could not convert string to float: ''
2025-09-26 18:51:22,556 - device_location_syncer - ERROR - sync_device_locations.py:241 - Error processing device dv11: could not convert string to float: ''
2025-09-26 18:51:22,558 - device_location_syncer - INFO - sync_device_locations.py:250 - Sync completed. No location updates needed.
2025-09-26 18:51:48,987 - device_list - INFO - device_list.py:248 - Refreshing device data...
2025-09-26 18:51:48,999 - device_list - INFO - device_list.py:268 - Loaded 12 devices from CSV
2025-09-26 18:51:54,506 - api_client - WARNING - client.py:80 - Request attempt 1 failed: HTTPConnectionPool(host='127.0.0.1', port=8000): Max retries exceeded with url: /api/ (Caused by NewConnectionError('<urllib3.connection.HTTPConnection object at 0x00000237F53EA360>: Failed to establish a new connection: [WinError 10061] No connection could be made because the target machine actively refused it'))
2025-09-26 18:51:56,556 - api_client - WARNING - client.py:80 - Request attempt 2 failed: HTTPConnectionPool(host='127.0.0.1', port=8000): Max retries exceeded with url: /api/ (Caused by NewConnectionError('<urllib3.connection.HTTPConnection object at 0x00000237F53EA580>: Failed to establish a new connection: [WinError 10061] No connection could be made because the target machine actively refused it'))
2025-09-26 18:51:58,622 - api_client - WARNING - client.py:80 - Request attempt 3 failed: HTTPConnectionPool(host='127.0.0.1', port=8000): Max retries exceeded with url: /api/ (Caused by NewConnectionError('<urllib3.connection.HTTPConnection object at 0x00000237F53EA7A0>: Failed to establish a new connection: [WinError 10061] No connection could be made because the target machine actively refused it'))
2025-09-26 18:51:58,650 - device_location_syncer - ERROR - sync_device_locations.py:241 - Error processing device d11: could not convert string to float: ''
2025-09-26 18:51:58,657 - device_location_syncer - ERROR - sync_device_locations.py:241 - Error processing device pp111: could not convert string to float: ''
2025-09-26 18:51:58,664 - device_location_syncer - ERROR - sync_device_locations.py:241 - Error processing device ppp11: could not convert string to float: ''
2025-09-26 18:51:58,669 - device_location_syncer - ERROR - sync_device_locations.py:241 - Error processing device dev1: could not convert string to float: ''
2025-09-26 18:51:58,674 - device_location_syncer - ERROR - sync_device_locations.py:241 - Error processing device dv1: could not convert string to float: ''
2025-09-26 18:51:58,681 - device_location_syncer - ERROR - sync_device_locations.py:241 - Error processing device dv11: could not convert string to float: ''
2025-09-26 18:51:58,683 - device_location_syncer - INFO - sync_device_locations.py:250 - Sync completed. No location updates needed.
2025-09-26 18:52:18,987 - device_list - INFO - device_list.py:248 - Refreshing device data...
2025-09-26 18:52:18,998 - device_list - INFO - device_list.py:268 - Loaded 12 devices from CSV
2025-09-26 18:52:22,526 - device_location_syncer - ERROR - sync_device_locations.py:241 - Error processing device d11: could not convert string to float: ''
2025-09-26 18:52:22,530 - device_location_syncer - ERROR - sync_device_locations.py:241 - Error processing device pp111: could not convert string to float: ''
2025-09-26 18:52:22,534 - device_location_syncer - ERROR - sync_device_locations.py:241 - Error processing device ppp11: could not convert string to float: ''
2025-09-26 18:52:22,538 - device_location_syncer - ERROR - sync_device_locations.py:241 - Error processing device dev1: could not convert string to float: ''
2025-09-26 18:52:22,542 - device_location_syncer - ERROR - sync_device_locations.py:241 - Error processing device dv1: could not convert string to float: ''
2025-09-26 18:52:22,546 - device_location_syncer - ERROR - sync_device_locations.py:241 - Error processing device dv11: could not convert string to float: ''
2025-09-26 18:52:22,547 - device_location_syncer - INFO - sync_device_locations.py:250 - Sync completed. No location updates needed.
2025-09-26 18:52:48,987 - device_list - INFO - device_list.py:248 - Refreshing device data...
2025-09-26 18:52:48,999 - device_list - INFO - device_list.py:268 - Loaded 12 devices from CSV
2025-09-26 18:52:54,556 - api_client - WARNING - client.py:80 - Request attempt 1 failed: HTTPConnectionPool(host='127.0.0.1', port=8000): Max retries exceeded with url: /api/ (Caused by NewConnectionError('<urllib3.connection.HTTPConnection object at 0x00000237F53EA9C0>: Failed to establish a new connection: [WinError 10061] No connection could be made because the target machine actively refused it'))
2025-09-26 18:52:56,587 - api_client - WARNING - client.py:80 - Request attempt 2 failed: HTTPConnectionPool(host='127.0.0.1', port=8000): Max retries exceeded with url: /api/ (Caused by NewConnectionError('<urllib3.connection.HTTPConnection object at 0x00000237F53EABE0>: Failed to establish a new connection: [WinError 10061] No connection could be made because the target machine actively refused it'))
2025-09-26 18:52:58,623 - api_client - WARNING - client.py:80 - Request attempt 3 failed: HTTPConnectionPool(host='127.0.0.1', port=8000): Max retries exceeded with url: /api/ (Caused by NewConnectionError('<urllib3.connection.HTTPConnection object at 0x00000237F53EAE00>: Failed to establish a new connection: [WinError 10061] No connection could be made because the target machine actively refused it'))
2025-09-26 18:52:58,656 - device_location_syncer - ERROR - sync_device_locations.py:241 - Error processing device d11: could not convert string to float: ''
2025-09-26 18:52:58,659 - device_location_syncer - ERROR - sync_device_locations.py:241 - Error processing device pp111: could not convert string to float: ''
2025-09-26 18:52:58,662 - device_location_syncer - ERROR - sync_device_locations.py:241 - Error processing device ppp11: could not convert string to float: ''
2025-09-26 18:52:58,666 - device_location_syncer - ERROR - sync_device_locations.py:241 - Error processing device dev1: could not convert string to float: ''
2025-09-26 18:52:58,670 - device_location_syncer - ERROR - sync_device_locations.py:241 - Error processing device dv1: could not convert string to float: ''
2025-09-26 18:52:58,673 - device_location_syncer - ERROR - sync_device_locations.py:241 - Error processing device dv11: could not convert string to float: ''
2025-09-26 18:52:58,674 - device_location_syncer - INFO - sync_device_locations.py:250 - Sync completed. No location updates needed.
2025-09-26 18:53:18,987 - device_list - INFO - device_list.py:248 - Refreshing device data...
2025-09-26 18:53:18,998 - device_list - INFO - device_list.py:268 - Loaded 12 devices from CSV
2025-09-26 18:53:22,528 - device_location_syncer - ERROR - sync_device_locations.py:241 - Error processing device d11: could not convert string to float: ''
2025-09-26 18:53:22,533 - device_location_syncer - ERROR - sync_device_locations.py:241 - Error processing device pp111: could not convert string to float: ''
2025-09-26 18:53:22,537 - device_location_syncer - ERROR - sync_device_locations.py:241 - Error processing device ppp11: could not convert string to float: ''
2025-09-26 18:53:22,543 - device_location_syncer - ERROR - sync_device_locations.py:241 - Error processing device dev1: could not convert string to float: ''
2025-09-26 18:53:22,551 - device_location_syncer - ERROR - sync_device_locations.py:241 - Error processing device dv1: could not convert string to float: ''
2025-09-26 18:53:22,556 - device_location_syncer - ERROR - sync_device_locations.py:241 - Error processing device dv11: could not convert string to float: ''
2025-09-26 18:53:22,558 - device_location_syncer - INFO - sync_device_locations.py:250 - Sync completed. No location updates needed.
2025-09-26 18:53:48,985 - device_list - INFO - device_list.py:248 - Refreshing device data...
2025-09-26 18:53:48,999 - device_list - INFO - device_list.py:268 - Loaded 12 devices from CSV
2025-09-26 18:53:54,556 - api_client - WARNING - client.py:80 - Request attempt 1 failed: HTTPConnectionPool(host='127.0.0.1', port=8000): Max retries exceeded with url: /api/ (Caused by NewConnectionError('<urllib3.connection.HTTPConnection object at 0x00000237F53EB020>: Failed to establish a new connection: [WinError 10061] No connection could be made because the target machine actively refused it'))
2025-09-26 18:53:56,587 - api_client - WARNING - client.py:80 - Request attempt 2 failed: HTTPConnectionPool(host='127.0.0.1', port=8000): Max retries exceeded with url: /api/ (Caused by NewConnectionError('<urllib3.connection.HTTPConnection object at 0x00000237F53EB240>: Failed to establish a new connection: [WinError 10061] No connection could be made because the target machine actively refused it'))
2025-09-26 18:53:58,622 - api_client - WARNING - client.py:80 - Request attempt 3 failed: HTTPConnectionPool(host='127.0.0.1', port=8000): Max retries exceeded with url: /api/ (Caused by NewConnectionError('<urllib3.connection.HTTPConnection object at 0x00000237F53EB460>: Failed to establish a new connection: [WinError 10061] No connection could be made because the target machine actively refused it'))
2025-09-26 18:53:58,651 - device_location_syncer - ERROR - sync_device_locations.py:241 - Error processing device d11: could not convert string to float: ''
2025-09-26 18:53:58,659 - device_location_syncer - ERROR - sync_device_locations.py:241 - Error processing device pp111: could not convert string to float: ''
2025-09-26 18:53:58,664 - device_location_syncer - ERROR - sync_device_locations.py:241 - Error processing device ppp11: could not convert string to float: ''
2025-09-26 18:53:58,670 - device_location_syncer - ERROR - sync_device_locations.py:241 - Error processing device dev1: could not convert string to float: ''
2025-09-26 18:53:58,677 - device_location_syncer - ERROR - sync_device_locations.py:241 - Error processing device dv1: could not convert string to float: ''
2025-09-26 18:53:58,683 - device_location_syncer - ERROR - sync_device_locations.py:241 - Error processing device dv11: could not convert string to float: ''
2025-09-26 18:53:58,685 - device_location_syncer - INFO - sync_device_locations.py:250 - Sync completed. No location updates needed.
2025-09-26 18:54:18,987 - device_list - INFO - device_list.py:248 - Refreshing device data...
2025-09-26 18:54:18,998 - device_list - INFO - device_list.py:268 - Loaded 12 devices from CSV
2025-09-26 18:54:22,525 - device_location_syncer - ERROR - sync_device_locations.py:241 - Error processing device d11: could not convert string to float: ''
2025-09-26 18:54:22,529 - device_location_syncer - ERROR - sync_device_locations.py:241 - Error processing device pp111: could not convert string to float: ''
2025-09-26 18:54:22,533 - device_location_syncer - ERROR - sync_device_locations.py:241 - Error processing device ppp11: could not convert string to float: ''
2025-09-26 18:54:22,536 - device_location_syncer - ERROR - sync_device_locations.py:241 - Error processing device dev1: could not convert string to float: ''
2025-09-26 18:54:22,539 - device_location_syncer - ERROR - sync_device_locations.py:241 - Error processing device dv1: could not convert string to float: ''
2025-09-26 18:54:22,544 - device_location_syncer - ERROR - sync_device_locations.py:241 - Error processing device dv11: could not convert string to float: ''
2025-09-26 18:54:22,546 - device_location_syncer - INFO - sync_device_locations.py:250 - Sync completed. No location updates needed.
2025-09-26 18:54:48,987 - device_list - INFO - device_list.py:248 - Refreshing device data...
2025-09-26 18:54:49,004 - device_list - INFO - device_list.py:268 - Loaded 12 devices from CSV
2025-09-26 18:54:54,556 - api_client - WARNING - client.py:80 - Request attempt 1 failed: HTTPConnectionPool(host='127.0.0.1', port=8000): Max retries exceeded with url: /api/ (Caused by NewConnectionError('<urllib3.connection.HTTPConnection object at 0x00000237F53EB680>: Failed to establish a new connection: [WinError 10061] No connection could be made because the target machine actively refused it'))
2025-09-26 18:54:56,588 - api_client - WARNING - client.py:80 - Request attempt 2 failed: HTTPConnectionPool(host='127.0.0.1', port=8000): Max retries exceeded with url: /api/ (Caused by NewConnectionError('<urllib3.connection.HTTPConnection object at 0x00000237F53EB8A0>: Failed to establish a new connection: [WinError 10061] No connection could be made because the target machine actively refused it'))
2025-09-26 18:54:58,656 - api_client - WARNING - client.py:80 - Request attempt 3 failed: HTTPConnectionPool(host='127.0.0.1', port=8000): Max retries exceeded with url: /api/ (Caused by NewConnectionError('<urllib3.connection.HTTPConnection object at 0x00000237F53EBAC0>: Failed to establish a new connection: [WinError 10061] No connection could be made because the target machine actively refused it'))
2025-09-26 18:54:58,680 - device_location_syncer - ERROR - sync_device_locations.py:241 - Error processing device d11: could not convert string to float: ''
2025-09-26 18:54:58,685 - device_location_syncer - ERROR - sync_device_locations.py:241 - Error processing device pp111: could not convert string to float: ''
2025-09-26 18:54:58,689 - device_location_syncer - ERROR - sync_device_locations.py:241 - Error processing device ppp11: could not convert string to float: ''
2025-09-26 18:54:58,691 - device_location_syncer - ERROR - sync_device_locations.py:241 - Error processing device dev1: could not convert string to float: ''
2025-09-26 18:54:58,693 - device_location_syncer - ERROR - sync_device_locations.py:241 - Error processing device dv1: could not convert string to float: ''
2025-09-26 18:54:58,696 - device_location_syncer - ERROR - sync_device_locations.py:241 - Error processing device dv11: could not convert string to float: ''
2025-09-26 18:54:58,696 - device_location_syncer - INFO - sync_device_locations.py:250 - Sync completed. No location updates needed.
2025-09-26 18:55:18,987 - device_list - INFO - device_list.py:248 - Refreshing device data...
2025-09-26 18:55:18,999 - device_list - INFO - device_list.py:268 - Loaded 12 devices from CSV
2025-09-26 18:55:22,526 - device_location_syncer - ERROR - sync_device_locations.py:241 - Error processing device d11: could not convert string to float: ''
2025-09-26 18:55:22,529 - device_location_syncer - ERROR - sync_device_locations.py:241 - Error processing device pp111: could not convert string to float: ''
2025-09-26 18:55:22,533 - device_location_syncer - ERROR - sync_device_locations.py:241 - Error processing device ppp11: could not convert string to float: ''
2025-09-26 18:55:22,539 - device_location_syncer - ERROR - sync_device_locations.py:241 - Error processing device dev1: could not convert string to float: ''
2025-09-26 18:55:22,544 - device_location_syncer - ERROR - sync_device_locations.py:241 - Error processing device dv1: could not convert string to float: ''
2025-09-26 18:55:22,553 - device_location_syncer - ERROR - sync_device_locations.py:241 - Error processing device dv11: could not convert string to float: ''
2025-09-26 18:55:22,554 - device_location_syncer - INFO - sync_device_locations.py:250 - Sync completed. No location updates needed.
2025-09-26 18:55:48,987 - device_list - INFO - device_list.py:248 - Refreshing device data...
2025-09-26 18:55:48,998 - device_list - INFO - device_list.py:268 - Loaded 12 devices from CSV
2025-09-26 18:55:54,523 - api_client - WARNING - client.py:80 - Request attempt 1 failed: HTTPConnectionPool(host='127.0.0.1', port=8000): Max retries exceeded with url: /api/ (Caused by NewConnectionError('<urllib3.connection.HTTPConnection object at 0x00000237F53EBCE0>: Failed to establish a new connection: [WinError 10061] No connection could be made because the target machine actively refused it'))
2025-09-26 18:55:56,556 - api_client - WARNING - client.py:80 - Request attempt 2 failed: HTTPConnectionPool(host='127.0.0.1', port=8000): Max retries exceeded with url: /api/ (Caused by NewConnectionError('<urllib3.connection.HTTPConnection object at 0x00000237F53EBAC0>: Failed to establish a new connection: [WinError 10061] No connection could be made because the target machine actively refused it'))
2025-09-26 18:55:58,588 - api_client - WARNING - client.py:80 - Request attempt 3 failed: HTTPConnectionPool(host='127.0.0.1', port=8000): Max retries exceeded with url: /api/ (Caused by NewConnectionError('<urllib3.connection.HTTPConnection object at 0x00000237F53EB8A0>: Failed to establish a new connection: [WinError 10061] No connection could be made because the target machine actively refused it'))
2025-09-26 18:55:58,611 - device_location_syncer - ERROR - sync_device_locations.py:241 - Error processing device d11: could not convert string to float: ''
2025-09-26 18:55:58,617 - device_location_syncer - ERROR - sync_device_locations.py:241 - Error processing device pp111: could not convert string to float: ''
2025-09-26 18:55:58,624 - device_location_syncer - ERROR - sync_device_locations.py:241 - Error processing device ppp11: could not convert string to float: ''
2025-09-26 18:55:58,630 - device_location_syncer - ERROR - sync_device_locations.py:241 - Error processing device dev1: could not convert string to float: ''
2025-09-26 18:55:58,636 - device_location_syncer - ERROR - sync_device_locations.py:241 - Error processing device dv1: could not convert string to float: ''
2025-09-26 18:55:58,643 - device_location_syncer - ERROR - sync_device_locations.py:241 - Error processing device dv11: could not convert string to float: ''
2025-09-26 18:55:58,644 - device_location_syncer - INFO - sync_device_locations.py:250 - Sync completed. No location updates needed.
2025-09-26 18:56:11,356 - device_list - INFO - device_list.py:248 - Refreshing device data...
2025-09-26 18:56:11,359 - device_list - INFO - device_list.py:268 - Loaded 12 devices from CSV
2025-09-26 18:56:11,360 - main_window - INFO - main_window.py:317 - Refreshed data for Device Management
2025-09-26 18:56:13,584 - product_management - INFO - product_management.py:173 - Loaded 2 products from CSV
2025-09-26 18:56:13,584 - main_window - INFO - main_window.py:317 - Refreshed data for Product Management
2025-09-26 18:56:18,987 - device_list - INFO - device_list.py:248 - Refreshing device data...
2025-09-26 18:56:18,999 - device_list - INFO - device_list.py:268 - Loaded 12 devices from CSV
2025-09-26 18:56:22,526 - device_location_syncer - ERROR - sync_device_locations.py:241 - Error processing device d11: could not convert string to float: ''
2025-09-26 18:56:22,530 - device_location_syncer - ERROR - sync_device_locations.py:241 - Error processing device pp111: could not convert string to float: ''
2025-09-26 18:56:22,534 - device_location_syncer - ERROR - sync_device_locations.py:241 - Error processing device ppp11: could not convert string to float: ''
2025-09-26 18:56:22,539 - device_location_syncer - ERROR - sync_device_locations.py:241 - Error processing device dev1: could not convert string to float: ''
2025-09-26 18:56:22,543 - device_location_syncer - ERROR - sync_device_locations.py:241 - Error processing device dv1: could not convert string to float: ''
2025-09-26 18:56:22,549 - device_location_syncer - ERROR - sync_device_locations.py:241 - Error processing device dv11: could not convert string to float: ''
2025-09-26 18:56:22,550 - device_location_syncer - INFO - sync_device_locations.py:250 - Sync completed. No location updates needed.
2025-09-26 18:56:22,555 - product_management - INFO - product_management.py:173 - Loaded 2 products from CSV
2025-09-26 18:56:30,205 - main_window - INFO - main_window.py:317 - Refreshed data for Task Monitor
2025-09-26 18:56:32,775 - main_window - INFO - main_window.py:317 - Refreshed data for Map Management
2025-09-26 18:56:48,987 - device_list - INFO - device_list.py:248 - Refreshing device data...
2025-09-26 18:56:48,998 - device_list - INFO - device_list.py:268 - Loaded 12 devices from CSV
2025-09-26 18:56:54,538 - api_client - WARNING - client.py:80 - Request attempt 1 failed: HTTPConnectionPool(host='127.0.0.1', port=8000): Max retries exceeded with url: /api/ (Caused by NewConnectionError('<urllib3.connection.HTTPConnection object at 0x00000237F53EB680>: Failed to establish a new connection: [WinError 10061] No connection could be made because the target machine actively refused it'))
2025-09-26 18:56:56,572 - api_client - WARNING - client.py:80 - Request attempt 2 failed: HTTPConnectionPool(host='127.0.0.1', port=8000): Max retries exceeded with url: /api/ (Caused by NewConnectionError('<urllib3.connection.HTTPConnection object at 0x00000237F53EB460>: Failed to establish a new connection: [WinError 10061] No connection could be made because the target machine actively refused it'))
2025-09-26 18:56:58,622 - api_client - WARNING - client.py:80 - Request attempt 3 failed: HTTPConnectionPool(host='127.0.0.1', port=8000): Max retries exceeded with url: /api/ (Caused by NewConnectionError('<urllib3.connection.HTTPConnection object at 0x00000237F53EB240>: Failed to establish a new connection: [WinError 10061] No connection could be made because the target machine actively refused it'))
2025-09-26 18:56:58,687 - device_location_syncer - ERROR - sync_device_locations.py:241 - Error processing device d11: could not convert string to float: ''
2025-09-26 18:56:58,690 - device_location_syncer - ERROR - sync_device_locations.py:241 - Error processing device pp111: could not convert string to float: ''
2025-09-26 18:56:58,694 - device_location_syncer - ERROR - sync_device_locations.py:241 - Error processing device ppp11: could not convert string to float: ''
2025-09-26 18:56:58,698 - device_location_syncer - ERROR - sync_device_locations.py:241 - Error processing device dev1: could not convert string to float: ''
2025-09-26 18:56:58,700 - device_location_syncer - ERROR - sync_device_locations.py:241 - Error processing device dv1: could not convert string to float: ''
2025-09-26 18:56:58,702 - device_location_syncer - ERROR - sync_device_locations.py:241 - Error processing device dv11: could not convert string to float: ''
2025-09-26 18:56:58,703 - device_location_syncer - INFO - sync_device_locations.py:250 - Sync completed. No location updates needed.
2025-09-26 18:57:18,987 - device_list - INFO - device_list.py:248 - Refreshing device data...
2025-09-26 18:57:18,998 - device_list - INFO - device_list.py:268 - Loaded 12 devices from CSV
2025-09-26 18:57:22,520 - device_location_syncer - ERROR - sync_device_locations.py:241 - Error processing device d11: could not convert string to float: ''
2025-09-26 18:57:22,523 - device_location_syncer - ERROR - sync_device_locations.py:241 - Error processing device pp111: could not convert string to float: ''
2025-09-26 18:57:22,524 - device_location_syncer - ERROR - sync_device_locations.py:241 - Error processing device ppp11: could not convert string to float: ''
2025-09-26 18:57:22,526 - device_location_syncer - ERROR - sync_device_locations.py:241 - Error processing device dev1: could not convert string to float: ''
2025-09-26 18:57:22,527 - device_location_syncer - ERROR - sync_device_locations.py:241 - Error processing device dv1: could not convert string to float: ''
2025-09-26 18:57:22,529 - device_location_syncer - ERROR - sync_device_locations.py:241 - Error processing device dv11: could not convert string to float: ''
2025-09-26 18:57:22,529 - device_location_syncer - INFO - sync_device_locations.py:250 - Sync completed. No location updates needed.
2025-09-26 18:57:48,979 - device_list - INFO - device_list.py:248 - Refreshing device data...
2025-09-26 18:57:48,984 - device_list - INFO - device_list.py:268 - Loaded 12 devices from CSV
2025-09-26 18:57:54,538 - api_client - WARNING - client.py:80 - Request attempt 1 failed: HTTPConnectionPool(host='127.0.0.1', port=8000): Max retries exceeded with url: /api/ (Caused by NewConnectionError('<urllib3.connection.HTTPConnection object at 0x00000237F53EB020>: Failed to establish a new connection: [WinError 10061] No connection could be made because the target machine actively refused it'))
2025-09-26 18:57:56,572 - api_client - WARNING - client.py:80 - Request attempt 2 failed: HTTPConnectionPool(host='127.0.0.1', port=8000): Max retries exceeded with url: /api/ (Caused by NewConnectionError('<urllib3.connection.HTTPConnection object at 0x00000237F53EAE00>: Failed to establish a new connection: [WinError 10061] No connection could be made because the target machine actively refused it'))
2025-09-26 18:57:58,623 - api_client - WARNING - client.py:80 - Request attempt 3 failed: HTTPConnectionPool(host='127.0.0.1', port=8000): Max retries exceeded with url: /api/ (Caused by NewConnectionError('<urllib3.connection.HTTPConnection object at 0x00000237F53EABE0>: Failed to establish a new connection: [WinError 10061] No connection could be made because the target machine actively refused it'))
2025-09-26 18:57:58,715 - device_location_syncer - ERROR - sync_device_locations.py:241 - Error processing device d11: could not convert string to float: ''
2025-09-26 18:57:58,717 - device_location_syncer - ERROR - sync_device_locations.py:241 - Error processing device pp111: could not convert string to float: ''
2025-09-26 18:57:58,719 - device_location_syncer - ERROR - sync_device_locations.py:241 - Error processing device ppp11: could not convert string to float: ''
2025-09-26 18:57:58,721 - device_location_syncer - ERROR - sync_device_locations.py:241 - Error processing device dev1: could not convert string to float: ''
2025-09-26 18:57:58,723 - device_location_syncer - ERROR - sync_device_locations.py:241 - Error processing device dv1: could not convert string to float: ''
2025-09-26 18:57:58,726 - device_location_syncer - ERROR - sync_device_locations.py:241 - Error processing device dv11: could not convert string to float: ''
2025-09-26 18:57:58,727 - device_location_syncer - INFO - sync_device_locations.py:250 - Sync completed. No location updates needed.
2025-09-26 18:58:18,989 - device_list - INFO - device_list.py:248 - Refreshing device data...
2025-09-26 18:58:18,994 - device_list - INFO - device_list.py:268 - Loaded 12 devices from CSV
2025-09-26 18:58:22,511 - device_location_syncer - ERROR - sync_device_locations.py:241 - Error processing device d11: could not convert string to float: ''
2025-09-26 18:58:22,513 - device_location_syncer - ERROR - sync_device_locations.py:241 - Error processing device pp111: could not convert string to float: ''
2025-09-26 18:58:22,515 - device_location_syncer - ERROR - sync_device_locations.py:241 - Error processing device ppp11: could not convert string to float: ''
2025-09-26 18:58:22,516 - device_location_syncer - ERROR - sync_device_locations.py:241 - Error processing device dev1: could not convert string to float: ''
2025-09-26 18:58:22,517 - device_location_syncer - ERROR - sync_device_locations.py:241 - Error processing device dv1: could not convert string to float: ''
2025-09-26 18:58:22,520 - device_location_syncer - ERROR - sync_device_locations.py:241 - Error processing device dv11: could not convert string to float: ''
2025-09-26 18:58:22,521 - device_location_syncer - INFO - sync_device_locations.py:250 - Sync completed. No location updates needed.
2025-09-26 18:58:48,982 - device_list - INFO - device_list.py:248 - Refreshing device data...
2025-09-26 18:58:48,986 - device_list - INFO - device_list.py:268 - Loaded 12 devices from CSV
2025-09-26 18:58:54,556 - api_client - WARNING - client.py:80 - Request attempt 1 failed: HTTPConnectionPool(host='127.0.0.1', port=8000): Max retries exceeded with url: /api/ (Caused by NewConnectionError('<urllib3.connection.HTTPConnection object at 0x00000237F53EA9C0>: Failed to establish a new connection: [WinError 10061] No connection could be made because the target machine actively refused it'))
2025-09-26 18:58:56,606 - api_client - WARNING - client.py:80 - Request attempt 2 failed: HTTPConnectionPool(host='127.0.0.1', port=8000): Max retries exceeded with url: /api/ (Caused by NewConnectionError('<urllib3.connection.HTTPConnection object at 0x00000237F53EA7A0>: Failed to establish a new connection: [WinError 10061] No connection could be made because the target machine actively refused it'))
2025-09-26 18:58:58,656 - api_client - WARNING - client.py:80 - Request attempt 3 failed: HTTPConnectionPool(host='127.0.0.1', port=8000): Max retries exceeded with url: /api/ (Caused by NewConnectionError('<urllib3.connection.HTTPConnection object at 0x00000237F53EA580>: Failed to establish a new connection: [WinError 10061] No connection could be made because the target machine actively refused it'))
2025-09-26 18:58:58,730 - device_location_syncer - ERROR - sync_device_locations.py:241 - Error processing device d11: could not convert string to float: ''
2025-09-26 18:58:58,736 - device_location_syncer - ERROR - sync_device_locations.py:241 - Error processing device pp111: could not convert string to float: ''
2025-09-26 18:58:58,739 - device_location_syncer - ERROR - sync_device_locations.py:241 - Error processing device ppp11: could not convert string to float: ''
2025-09-26 18:58:58,741 - device_location_syncer - ERROR - sync_device_locations.py:241 - Error processing device dev1: could not convert string to float: ''
2025-09-26 18:58:58,744 - device_location_syncer - ERROR - sync_device_locations.py:241 - Error processing device dv1: could not convert string to float: ''
2025-09-26 18:58:58,752 - device_location_syncer - ERROR - sync_device_locations.py:241 - Error processing device dv11: could not convert string to float: ''
2025-09-26 18:58:58,753 - device_location_syncer - INFO - sync_device_locations.py:250 - Sync completed. No location updates needed.
2025-09-26 18:59:18,989 - device_list - INFO - device_list.py:248 - Refreshing device data...
2025-09-26 18:59:18,995 - device_list - INFO - device_list.py:268 - Loaded 12 devices from CSV
2025-09-26 18:59:22,532 - device_location_syncer - ERROR - sync_device_locations.py:241 - Error processing device d11: could not convert string to float: ''
2025-09-26 18:59:22,534 - device_location_syncer - ERROR - sync_device_locations.py:241 - Error processing device pp111: could not convert string to float: ''
2025-09-26 18:59:22,536 - device_location_syncer - ERROR - sync_device_locations.py:241 - Error processing device ppp11: could not convert string to float: ''
2025-09-26 18:59:22,538 - device_location_syncer - ERROR - sync_device_locations.py:241 - Error processing device dev1: could not convert string to float: ''
2025-09-26 18:59:22,542 - device_location_syncer - ERROR - sync_device_locations.py:241 - Error processing device dv1: could not convert string to float: ''
2025-09-26 18:59:22,545 - device_location_syncer - ERROR - sync_device_locations.py:241 - Error processing device dv11: could not convert string to float: ''
2025-09-26 18:59:22,546 - device_location_syncer - INFO - sync_device_locations.py:250 - Sync completed. No location updates needed.
2025-09-26 18:59:48,981 - device_list - INFO - device_list.py:248 - Refreshing device data...
2025-09-26 18:59:48,988 - device_list - INFO - device_list.py:268 - Loaded 12 devices from CSV
2025-09-26 18:59:54,538 - api_client - WARNING - client.py:80 - Request attempt 1 failed: HTTPConnectionPool(host='127.0.0.1', port=8000): Max retries exceeded with url: /api/ (Caused by NewConnectionError('<urllib3.connection.HTTPConnection object at 0x00000237F53EA360>: Failed to establish a new connection: [WinError 10061] No connection could be made because the target machine actively refused it'))
2025-09-26 18:59:56,587 - api_client - WARNING - client.py:80 - Request attempt 2 failed: HTTPConnectionPool(host='127.0.0.1', port=8000): Max retries exceeded with url: /api/ (Caused by NewConnectionError('<urllib3.connection.HTTPConnection object at 0x00000237F53EA140>: Failed to establish a new connection: [WinError 10061] No connection could be made because the target machine actively refused it'))
2025-09-26 18:59:58,638 - api_client - WARNING - client.py:80 - Request attempt 3 failed: HTTPConnectionPool(host='127.0.0.1', port=8000): Max retries exceeded with url: /api/ (Caused by NewConnectionError('<urllib3.connection.HTTPConnection object at 0x00000237F53E9F20>: Failed to establish a new connection: [WinError 10061] No connection could be made because the target machine actively refused it'))
2025-09-26 18:59:58,713 - device_location_syncer - ERROR - sync_device_locations.py:241 - Error processing device d11: could not convert string to float: ''
2025-09-26 18:59:58,720 - device_location_syncer - ERROR - sync_device_locations.py:241 - Error processing device pp111: could not convert string to float: ''
2025-09-26 18:59:58,722 - device_location_syncer - ERROR - sync_device_locations.py:241 - Error processing device ppp11: could not convert string to float: ''
2025-09-26 18:59:58,724 - device_location_syncer - ERROR - sync_device_locations.py:241 - Error processing device dev1: could not convert string to float: ''
2025-09-26 18:59:58,725 - device_location_syncer - ERROR - sync_device_locations.py:241 - Error processing device dv1: could not convert string to float: ''
2025-09-26 18:59:58,727 - device_location_syncer - ERROR - sync_device_locations.py:241 - Error processing device dv11: could not convert string to float: ''
2025-09-26 18:59:58,727 - device_location_syncer - INFO - sync_device_locations.py:250 - Sync completed. No location updates needed.
2025-09-26 19:00:18,983 - device_list - INFO - device_list.py:248 - Refreshing device data...
2025-09-26 19:00:18,986 - device_list - INFO - device_list.py:268 - Loaded 12 devices from CSV
2025-09-26 19:00:22,517 - device_location_syncer - ERROR - sync_device_locations.py:241 - Error processing device d11: could not convert string to float: ''
2025-09-26 19:00:22,519 - device_location_syncer - ERROR - sync_device_locations.py:241 - Error processing device pp111: could not convert string to float: ''
2025-09-26 19:00:22,520 - device_location_syncer - ERROR - sync_device_locations.py:241 - Error processing device ppp11: could not convert string to float: ''
2025-09-26 19:00:22,521 - device_location_syncer - ERROR - sync_device_locations.py:241 - Error processing device dev1: could not convert string to float: ''
2025-09-26 19:00:22,522 - device_location_syncer - ERROR - sync_device_locations.py:241 - Error processing device dv1: could not convert string to float: ''
2025-09-26 19:00:22,526 - device_location_syncer - ERROR - sync_device_locations.py:241 - Error processing device dv11: could not convert string to float: ''
2025-09-26 19:00:22,527 - device_location_syncer - INFO - sync_device_locations.py:250 - Sync completed. No location updates needed.
2025-09-26 19:00:48,988 - device_list - INFO - device_list.py:248 - Refreshing device data...
2025-09-26 19:00:48,992 - device_list - INFO - device_list.py:268 - Loaded 12 devices from CSV
2025-09-26 19:00:54,621 - api_client - WARNING - client.py:80 - Request attempt 1 failed: HTTPConnectionPool(host='127.0.0.1', port=8000): Max retries exceeded with url: /api/ (Caused by NewConnectionError('<urllib3.connection.HTTPConnection object at 0x00000237F53E9D00>: Failed to establish a new connection: [WinError 10061] No connection could be made because the target machine actively refused it'))
2025-09-26 19:00:56,672 - api_client - WARNING - client.py:80 - Request attempt 2 failed: HTTPConnectionPool(host='127.0.0.1', port=8000): Max retries exceeded with url: /api/ (Caused by NewConnectionError('<urllib3.connection.HTTPConnection object at 0x00000237F53E9AE0>: Failed to establish a new connection: [WinError 10061] No connection could be made because the target machine actively refused it'))
2025-09-26 19:00:58,722 - api_client - WARNING - client.py:80 - Request attempt 3 failed: HTTPConnectionPool(host='127.0.0.1', port=8000): Max retries exceeded with url: /api/ (Caused by NewConnectionError('<urllib3.connection.HTTPConnection object at 0x00000237F53E98C0>: Failed to establish a new connection: [WinError 10061] No connection could be made because the target machine actively refused it'))
2025-09-26 19:00:58,808 - device_location_syncer - ERROR - sync_device_locations.py:241 - Error processing device d11: could not convert string to float: ''
2025-09-26 19:00:58,810 - device_location_syncer - ERROR - sync_device_locations.py:241 - Error processing device pp111: could not convert string to float: ''
2025-09-26 19:00:58,811 - device_location_syncer - ERROR - sync_device_locations.py:241 - Error processing device ppp11: could not convert string to float: ''
2025-09-26 19:00:58,813 - device_location_syncer - ERROR - sync_device_locations.py:241 - Error processing device dev1: could not convert string to float: ''
2025-09-26 19:00:58,816 - device_location_syncer - ERROR - sync_device_locations.py:241 - Error processing device dv1: could not convert string to float: ''
2025-09-26 19:00:58,818 - device_location_syncer - ERROR - sync_device_locations.py:241 - Error processing device dv11: could not convert string to float: ''
2025-09-26 19:00:58,818 - device_location_syncer - INFO - sync_device_locations.py:250 - Sync completed. No location updates needed.
2025-09-26 19:01:18,982 - device_list - INFO - device_list.py:248 - Refreshing device data...
2025-09-26 19:01:18,985 - device_list - INFO - device_list.py:268 - Loaded 12 devices from CSV
2025-09-26 19:01:22,538 - device_location_syncer - ERROR - sync_device_locations.py:241 - Error processing device d11: could not convert string to float: ''
2025-09-26 19:01:22,540 - device_location_syncer - ERROR - sync_device_locations.py:241 - Error processing device pp111: could not convert string to float: ''
2025-09-26 19:01:22,542 - device_location_syncer - ERROR - sync_device_locations.py:241 - Error processing device ppp11: could not convert string to float: ''
2025-09-26 19:01:22,546 - device_location_syncer - ERROR - sync_device_locations.py:241 - Error processing device dev1: could not convert string to float: ''
2025-09-26 19:01:22,549 - device_location_syncer - ERROR - sync_device_locations.py:241 - Error processing device dv1: could not convert string to float: ''
2025-09-26 19:01:22,550 - device_location_syncer - ERROR - sync_device_locations.py:241 - Error processing device dv11: could not convert string to float: ''
2025-09-26 19:01:22,551 - device_location_syncer - INFO - sync_device_locations.py:250 - Sync completed. No location updates needed.
2025-09-26 19:01:48,994 - device_list - INFO - device_list.py:248 - Refreshing device data...
2025-09-26 19:01:48,997 - device_list - INFO - device_list.py:268 - Loaded 12 devices from CSV
2025-09-26 19:01:54,537 - api_client - WARNING - client.py:80 - Request attempt 1 failed: HTTPConnectionPool(host='127.0.0.1', port=8000): Max retries exceeded with url: /api/ (Caused by NewConnectionError('<urllib3.connection.HTTPConnection object at 0x00000237F53E96A0>: Failed to establish a new connection: [WinError 10061] No connection could be made because the target machine actively refused it'))
2025-09-26 19:01:56,588 - api_client - WARNING - client.py:80 - Request attempt 2 failed: HTTPConnectionPool(host='127.0.0.1', port=8000): Max retries exceeded with url: /api/ (Caused by NewConnectionError('<urllib3.connection.HTTPConnection object at 0x00000237F53E9480>: Failed to establish a new connection: [WinError 10061] No connection could be made because the target machine actively refused it'))
2025-09-26 19:01:58,638 - api_client - WARNING - client.py:80 - Request attempt 3 failed: HTTPConnectionPool(host='127.0.0.1', port=8000): Max retries exceeded with url: /api/ (Caused by NewConnectionError('<urllib3.connection.HTTPConnection object at 0x00000237F53E9260>: Failed to establish a new connection: [WinError 10061] No connection could be made because the target machine actively refused it'))
2025-09-26 19:01:58,714 - device_location_syncer - ERROR - sync_device_locations.py:241 - Error processing device d11: could not convert string to float: ''
2025-09-26 19:01:58,715 - device_location_syncer - ERROR - sync_device_locations.py:241 - Error processing device pp111: could not convert string to float: ''
2025-09-26 19:01:58,718 - device_location_syncer - ERROR - sync_device_locations.py:241 - Error processing device ppp11: could not convert string to float: ''
2025-09-26 19:01:58,725 - device_location_syncer - ERROR - sync_device_locations.py:241 - Error processing device dev1: could not convert string to float: ''
2025-09-26 19:01:58,726 - device_location_syncer - ERROR - sync_device_locations.py:241 - Error processing device dv1: could not convert string to float: ''
2025-09-26 19:01:58,728 - device_location_syncer - ERROR - sync_device_locations.py:241 - Error processing device dv11: could not convert string to float: ''
2025-09-26 19:01:58,728 - device_location_syncer - INFO - sync_device_locations.py:250 - Sync completed. No location updates needed.
2025-09-26 19:02:18,982 - device_list - INFO - device_list.py:248 - Refreshing device data...
2025-09-26 19:02:18,987 - device_list - INFO - device_list.py:268 - Loaded 12 devices from CSV
2025-09-26 19:02:22,534 - device_location_syncer - ERROR - sync_device_locations.py:241 - Error processing device d11: could not convert string to float: ''
2025-09-26 19:02:22,535 - device_location_syncer - ERROR - sync_device_locations.py:241 - Error processing device pp111: could not convert string to float: ''
2025-09-26 19:02:22,537 - device_location_syncer - ERROR - sync_device_locations.py:241 - Error processing device ppp11: could not convert string to float: ''
2025-09-26 19:02:22,538 - device_location_syncer - ERROR - sync_device_locations.py:241 - Error processing device dev1: could not convert string to float: ''
2025-09-26 19:02:22,540 - device_location_syncer - ERROR - sync_device_locations.py:241 - Error processing device dv1: could not convert string to float: ''
2025-09-26 19:02:22,541 - device_location_syncer - ERROR - sync_device_locations.py:241 - Error processing device dv11: could not convert string to float: ''
2025-09-26 19:02:22,541 - device_location_syncer - INFO - sync_device_locations.py:250 - Sync completed. No location updates needed.
2025-09-26 19:02:48,993 - device_list - INFO - device_list.py:248 - Refreshing device data...
2025-09-26 19:02:48,997 - device_list - INFO - device_list.py:268 - Loaded 12 devices from CSV
2025-09-26 19:02:54,556 - api_client - WARNING - client.py:80 - Request attempt 1 failed: HTTPConnectionPool(host='127.0.0.1', port=8000): Max retries exceeded with url: /api/ (Caused by NewConnectionError('<urllib3.connection.HTTPConnection object at 0x00000237F53E8490>: Failed to establish a new connection: [WinError 10061] No connection could be made because the target machine actively refused it'))
2025-09-26 19:02:56,606 - api_client - WARNING - client.py:80 - Request attempt 2 failed: HTTPConnectionPool(host='127.0.0.1', port=8000): Max retries exceeded with url: /api/ (Caused by NewConnectionError('<urllib3.connection.HTTPConnection object at 0x00000237F53E86B0>: Failed to establish a new connection: [WinError 10061] No connection could be made because the target machine actively refused it'))
2025-09-26 19:02:58,672 - api_client - WARNING - client.py:80 - Request attempt 3 failed: HTTPConnectionPool(host='127.0.0.1', port=8000): Max retries exceeded with url: /api/ (Caused by NewConnectionError('<urllib3.connection.HTTPConnection object at 0x00000237F53E88D0>: Failed to establish a new connection: [WinError 10061] No connection could be made because the target machine actively refused it'))
2025-09-26 19:02:58,745 - device_location_syncer - ERROR - sync_device_locations.py:241 - Error processing device d11: could not convert string to float: ''
2025-09-26 19:02:58,748 - device_location_syncer - ERROR - sync_device_locations.py:241 - Error processing device pp111: could not convert string to float: ''
2025-09-26 19:02:58,749 - device_location_syncer - ERROR - sync_device_locations.py:241 - Error processing device ppp11: could not convert string to float: ''
2025-09-26 19:02:58,751 - device_location_syncer - ERROR - sync_device_locations.py:241 - Error processing device dev1: could not convert string to float: ''
2025-09-26 19:02:58,753 - device_location_syncer - ERROR - sync_device_locations.py:241 - Error processing device dv1: could not convert string to float: ''
2025-09-26 19:02:58,759 - device_location_syncer - ERROR - sync_device_locations.py:241 - Error processing device dv11: could not convert string to float: ''
2025-09-26 19:02:58,760 - device_location_syncer - INFO - sync_device_locations.py:250 - Sync completed. No location updates needed.
2025-09-26 19:03:18,982 - device_list - INFO - device_list.py:248 - Refreshing device data...
2025-09-26 19:03:18,988 - device_list - INFO - device_list.py:268 - Loaded 12 devices from CSV
2025-09-26 19:03:22,528 - device_location_syncer - ERROR - sync_device_locations.py:241 - Error processing device d11: could not convert string to float: ''
2025-09-26 19:03:22,529 - device_location_syncer - ERROR - sync_device_locations.py:241 - Error processing device pp111: could not convert string to float: ''
2025-09-26 19:03:22,531 - device_location_syncer - ERROR - sync_device_locations.py:241 - Error processing device ppp11: could not convert string to float: ''
2025-09-26 19:03:22,534 - device_location_syncer - ERROR - sync_device_locations.py:241 - Error processing device dev1: could not convert string to float: ''
2025-09-26 19:03:22,537 - device_location_syncer - ERROR - sync_device_locations.py:241 - Error processing device dv1: could not convert string to float: ''
2025-09-26 19:03:22,538 - device_location_syncer - ERROR - sync_device_locations.py:241 - Error processing device dv11: could not convert string to float: ''
2025-09-26 19:03:22,538 - device_location_syncer - INFO - sync_device_locations.py:250 - Sync completed. No location updates needed.
2025-09-26 19:03:48,996 - device_list - INFO - device_list.py:248 - Refreshing device data...
2025-09-26 19:03:48,999 - device_list - INFO - device_list.py:268 - Loaded 12 devices from CSV
2025-09-26 19:03:54,556 - api_client - WARNING - client.py:80 - Request attempt 1 failed: HTTPConnectionPool(host='127.0.0.1', port=8000): Max retries exceeded with url: /api/ (Caused by NewConnectionError('<urllib3.connection.HTTPConnection object at 0x00000237F53E88D0>: Failed to establish a new connection: [WinError 10061] No connection could be made because the target machine actively refused it'))
2025-09-26 19:03:56,607 - api_client - WARNING - client.py:80 - Request attempt 2 failed: HTTPConnectionPool(host='127.0.0.1', port=8000): Max retries exceeded with url: /api/ (Caused by NewConnectionError('<urllib3.connection.HTTPConnection object at 0x00000237F53E86B0>: Failed to establish a new connection: [WinError 10061] No connection could be made because the target machine actively refused it'))
2025-09-26 19:03:58,656 - api_client - WARNING - client.py:80 - Request attempt 3 failed: HTTPConnectionPool(host='127.0.0.1', port=8000): Max retries exceeded with url: /api/ (Caused by NewConnectionError('<urllib3.connection.HTTPConnection object at 0x00000237F53E8490>: Failed to establish a new connection: [WinError 10061] No connection could be made because the target machine actively refused it'))
2025-09-26 19:03:58,720 - device_location_syncer - ERROR - sync_device_locations.py:241 - Error processing device d11: could not convert string to float: ''
2025-09-26 19:03:58,723 - device_location_syncer - ERROR - sync_device_locations.py:241 - Error processing device pp111: could not convert string to float: ''
2025-09-26 19:03:58,730 - device_location_syncer - ERROR - sync_device_locations.py:241 - Error processing device ppp11: could not convert string to float: ''
2025-09-26 19:03:58,732 - device_location_syncer - ERROR - sync_device_locations.py:241 - Error processing device dev1: could not convert string to float: ''
2025-09-26 19:03:58,733 - device_location_syncer - ERROR - sync_device_locations.py:241 - Error processing device dv1: could not convert string to float: ''
2025-09-26 19:03:58,735 - device_location_syncer - ERROR - sync_device_locations.py:241 - Error processing device dv11: could not convert string to float: ''
2025-09-26 19:03:58,735 - device_location_syncer - INFO - sync_device_locations.py:250 - Sync completed. No location updates needed.
2025-09-26 19:04:18,996 - device_list - INFO - device_list.py:248 - Refreshing device data...
2025-09-26 19:04:18,998 - device_list - INFO - device_list.py:268 - Loaded 12 devices from CSV
2025-09-26 19:04:22,525 - device_location_syncer - ERROR - sync_device_locations.py:241 - Error processing device d11: could not convert string to float: ''
2025-09-26 19:04:22,526 - device_location_syncer - ERROR - sync_device_locations.py:241 - Error processing device pp111: could not convert string to float: ''
2025-09-26 19:04:22,527 - device_location_syncer - ERROR - sync_device_locations.py:241 - Error processing device ppp11: could not convert string to float: ''
2025-09-26 19:04:22,528 - device_location_syncer - ERROR - sync_device_locations.py:241 - Error processing device dev1: could not convert string to float: ''
2025-09-26 19:04:22,530 - device_location_syncer - ERROR - sync_device_locations.py:241 - Error processing device dv1: could not convert string to float: ''
2025-09-26 19:04:22,531 - device_location_syncer - ERROR - sync_device_locations.py:241 - Error processing device dv11: could not convert string to float: ''
2025-09-26 19:04:22,531 - device_location_syncer - INFO - sync_device_locations.py:250 - Sync completed. No location updates needed.
2025-09-26 19:04:49,009 - device_list - INFO - device_list.py:248 - Refreshing device data...
2025-09-26 19:04:49,022 - device_list - INFO - device_list.py:268 - Loaded 12 devices from CSV
2025-09-26 19:04:54,576 - api_client - WARNING - client.py:80 - Request attempt 1 failed: HTTPConnectionPool(host='127.0.0.1', port=8000): Max retries exceeded with url: /api/ (Caused by NewConnectionError('<urllib3.connection.HTTPConnection object at 0x00000237F53E9260>: Failed to establish a new connection: [WinError 10061] No connection could be made because the target machine actively refused it'))
2025-09-26 19:04:56,621 - api_client - WARNING - client.py:80 - Request attempt 2 failed: HTTPConnectionPool(host='127.0.0.1', port=8000): Max retries exceeded with url: /api/ (Caused by NewConnectionError('<urllib3.connection.HTTPConnection object at 0x00000237F53E9480>: Failed to establish a new connection: [WinError 10061] No connection could be made because the target machine actively refused it'))
2025-09-26 19:04:58,656 - api_client - WARNING - client.py:80 - Request attempt 3 failed: HTTPConnectionPool(host='127.0.0.1', port=8000): Max retries exceeded with url: /api/ (Caused by NewConnectionError('<urllib3.connection.HTTPConnection object at 0x00000237F53E96A0>: Failed to establish a new connection: [WinError 10061] No connection could be made because the target machine actively refused it'))
2025-09-26 19:04:58,757 - device_location_syncer - ERROR - sync_device_locations.py:241 - Error processing device d11: could not convert string to float: ''
2025-09-26 19:04:58,771 - device_location_syncer - ERROR - sync_device_locations.py:241 - Error processing device pp111: could not convert string to float: ''
2025-09-26 19:04:58,773 - device_location_syncer - ERROR - sync_device_locations.py:241 - Error processing device ppp11: could not convert string to float: ''
2025-09-26 19:04:58,784 - device_location_syncer - ERROR - sync_device_locations.py:241 - Error processing device dev1: could not convert string to float: ''
2025-09-26 19:04:58,786 - device_location_syncer - ERROR - sync_device_locations.py:241 - Error processing device dv1: could not convert string to float: ''
2025-09-26 19:04:58,787 - device_location_syncer - ERROR - sync_device_locations.py:241 - Error processing device dv11: could not convert string to float: ''
2025-09-26 19:04:58,788 - device_location_syncer - INFO - sync_device_locations.py:250 - Sync completed. No location updates needed.
2025-09-26 19:05:19,006 - device_list - INFO - device_list.py:248 - Refreshing device data...
2025-09-26 19:05:19,017 - device_list - INFO - device_list.py:268 - Loaded 12 devices from CSV
2025-09-26 19:05:22,558 - device_location_syncer - ERROR - sync_device_locations.py:241 - Error processing device d11: could not convert string to float: ''
2025-09-26 19:05:22,562 - device_location_syncer - ERROR - sync_device_locations.py:241 - Error processing device pp111: could not convert string to float: ''
2025-09-26 19:05:22,564 - device_location_syncer - ERROR - sync_device_locations.py:241 - Error processing device ppp11: could not convert string to float: ''
2025-09-26 19:05:22,568 - device_location_syncer - ERROR - sync_device_locations.py:241 - Error processing device dev1: could not convert string to float: ''
2025-09-26 19:05:22,572 - device_location_syncer - ERROR - sync_device_locations.py:241 - Error processing device dv1: could not convert string to float: ''
2025-09-26 19:05:22,574 - device_location_syncer - ERROR - sync_device_locations.py:241 - Error processing device dv11: could not convert string to float: ''
2025-09-26 19:05:22,575 - device_location_syncer - INFO - sync_device_locations.py:250 - Sync completed. No location updates needed.
2025-09-26 19:05:48,996 - device_list - INFO - device_list.py:248 - Refreshing device data...
2025-09-26 19:05:49,005 - device_list - INFO - device_list.py:268 - Loaded 12 devices from CSV
2025-09-26 19:05:54,563 - api_client - WARNING - client.py:80 - Request attempt 1 failed: HTTPConnectionPool(host='127.0.0.1', port=8000): Max retries exceeded with url: /api/ (Caused by NewConnectionError('<urllib3.connection.HTTPConnection object at 0x00000237F53E98C0>: Failed to establish a new connection: [WinError 10061] No connection could be made because the target machine actively refused it'))
2025-09-26 19:05:56,596 - api_client - WARNING - client.py:80 - Request attempt 2 failed: HTTPConnectionPool(host='127.0.0.1', port=8000): Max retries exceeded with url: /api/ (Caused by NewConnectionError('<urllib3.connection.HTTPConnection object at 0x00000237F53E9AE0>: Failed to establish a new connection: [WinError 10061] No connection could be made because the target machine actively refused it'))
2025-09-26 19:05:58,638 - api_client - WARNING - client.py:80 - Request attempt 3 failed: HTTPConnectionPool(host='127.0.0.1', port=8000): Max retries exceeded with url: /api/ (Caused by NewConnectionError('<urllib3.connection.HTTPConnection object at 0x00000237F53E9D00>: Failed to establish a new connection: [WinError 10061] No connection could be made because the target machine actively refused it'))
2025-09-26 19:05:58,700 - device_location_syncer - ERROR - sync_device_locations.py:241 - Error processing device d11: could not convert string to float: ''
2025-09-26 19:05:58,711 - device_location_syncer - ERROR - sync_device_locations.py:241 - Error processing device pp111: could not convert string to float: ''
2025-09-26 19:05:58,716 - device_location_syncer - ERROR - sync_device_locations.py:241 - Error processing device ppp11: could not convert string to float: ''
2025-09-26 19:05:58,722 - device_location_syncer - ERROR - sync_device_locations.py:241 - Error processing device dev1: could not convert string to float: ''
2025-09-26 19:05:58,731 - device_location_syncer - ERROR - sync_device_locations.py:241 - Error processing device dv1: could not convert string to float: ''
2025-09-26 19:05:58,736 - device_location_syncer - ERROR - sync_device_locations.py:241 - Error processing device dv11: could not convert string to float: ''
2025-09-26 19:05:58,737 - device_location_syncer - INFO - sync_device_locations.py:250 - Sync completed. No location updates needed.
2025-09-26 19:06:19,006 - device_list - INFO - device_list.py:248 - Refreshing device data...
2025-09-26 19:06:19,015 - device_list - INFO - device_list.py:268 - Loaded 12 devices from CSV
2025-09-26 19:06:22,564 - device_location_syncer - ERROR - sync_device_locations.py:241 - Error processing device d11: could not convert string to float: ''
2025-09-26 19:06:22,568 - device_location_syncer - ERROR - sync_device_locations.py:241 - Error processing device pp111: could not convert string to float: ''
2025-09-26 19:06:22,573 - device_location_syncer - ERROR - sync_device_locations.py:241 - Error processing device ppp11: could not convert string to float: ''
2025-09-26 19:06:22,578 - device_location_syncer - ERROR - sync_device_locations.py:241 - Error processing device dev1: could not convert string to float: ''
2025-09-26 19:06:22,585 - device_location_syncer - ERROR - sync_device_locations.py:241 - Error processing device dv1: could not convert string to float: ''
2025-09-26 19:06:22,591 - device_location_syncer - ERROR - sync_device_locations.py:241 - Error processing device dv11: could not convert string to float: ''
2025-09-26 19:06:22,593 - device_location_syncer - INFO - sync_device_locations.py:250 - Sync completed. No location updates needed.
2025-09-26 19:06:49,005 - device_list - INFO - device_list.py:248 - Refreshing device data...
2025-09-26 19:06:49,014 - device_list - INFO - device_list.py:268 - Loaded 12 devices from CSV
2025-09-26 19:06:54,606 - api_client - WARNING - client.py:80 - Request attempt 1 failed: HTTPConnectionPool(host='127.0.0.1', port=8000): Max retries exceeded with url: /api/ (Caused by NewConnectionError('<urllib3.connection.HTTPConnection object at 0x00000237F53E9F20>: Failed to establish a new connection: [WinError 10061] No connection could be made because the target machine actively refused it'))
2025-09-26 19:06:56,638 - api_client - WARNING - client.py:80 - Request attempt 2 failed: HTTPConnectionPool(host='127.0.0.1', port=8000): Max retries exceeded with url: /api/ (Caused by NewConnectionError('<urllib3.connection.HTTPConnection object at 0x00000237F53EA140>: Failed to establish a new connection: [WinError 10061] No connection could be made because the target machine actively refused it'))
2025-09-26 19:06:58,687 - api_client - WARNING - client.py:80 - Request attempt 3 failed: HTTPConnectionPool(host='127.0.0.1', port=8000): Max retries exceeded with url: /api/ (Caused by NewConnectionError('<urllib3.connection.HTTPConnection object at 0x00000237F53EA360>: Failed to establish a new connection: [WinError 10061] No connection could be made because the target machine actively refused it'))
2025-09-26 19:06:58,713 - device_location_syncer - ERROR - sync_device_locations.py:241 - Error processing device d11: could not convert string to float: ''
2025-09-26 19:06:58,718 - device_location_syncer - ERROR - sync_device_locations.py:241 - Error processing device pp111: could not convert string to float: ''
2025-09-26 19:06:58,722 - device_location_syncer - ERROR - sync_device_locations.py:241 - Error processing device ppp11: could not convert string to float: ''
2025-09-26 19:06:58,727 - device_location_syncer - ERROR - sync_device_locations.py:241 - Error processing device dev1: could not convert string to float: ''
2025-09-26 19:06:58,735 - device_location_syncer - ERROR - sync_device_locations.py:241 - Error processing device dv1: could not convert string to float: ''
2025-09-26 19:06:58,743 - device_location_syncer - ERROR - sync_device_locations.py:241 - Error processing device dv11: could not convert string to float: ''
2025-09-26 19:06:58,744 - device_location_syncer - INFO - sync_device_locations.py:250 - Sync completed. No location updates needed.
2025-09-26 19:07:19,006 - device_list - INFO - device_list.py:248 - Refreshing device data...
2025-09-26 19:07:19,014 - device_list - INFO - device_list.py:268 - Loaded 12 devices from CSV
2025-09-26 19:07:22,566 - device_location_syncer - ERROR - sync_device_locations.py:241 - Error processing device d11: could not convert string to float: ''
2025-09-26 19:07:22,568 - device_location_syncer - ERROR - sync_device_locations.py:241 - Error processing device pp111: could not convert string to float: ''
2025-09-26 19:07:22,571 - device_location_syncer - ERROR - sync_device_locations.py:241 - Error processing device ppp11: could not convert string to float: ''
2025-09-26 19:07:22,574 - device_location_syncer - ERROR - sync_device_locations.py:241 - Error processing device dev1: could not convert string to float: ''
2025-09-26 19:07:22,578 - device_location_syncer - ERROR - sync_device_locations.py:241 - Error processing device dv1: could not convert string to float: ''
2025-09-26 19:07:22,581 - device_location_syncer - ERROR - sync_device_locations.py:241 - Error processing device dv11: could not convert string to float: ''
2025-09-26 19:07:22,614 - device_location_syncer - INFO - sync_device_locations.py:250 - Sync completed. No location updates needed.
2025-09-26 19:07:45,231 - product_management - INFO - product_management.py:173 - Loaded 2 products from CSV
2025-09-26 19:07:45,231 - main_window - INFO - main_window.py:317 - Refreshed data for Product Management
2025-09-26 19:07:48,998 - device_list - INFO - device_list.py:248 - Refreshing device data...
2025-09-26 19:07:49,007 - device_list - INFO - device_list.py:268 - Loaded 12 devices from CSV
2025-09-26 19:07:54,572 - api_client - WARNING - client.py:80 - Request attempt 1 failed: HTTPConnectionPool(host='127.0.0.1', port=8000): Max retries exceeded with url: /api/ (Caused by NewConnectionError('<urllib3.connection.HTTPConnection object at 0x00000237F53EA690>: Failed to establish a new connection: [WinError 10061] No connection could be made because the target machine actively refused it'))
2025-09-26 19:07:56,606 - api_client - WARNING - client.py:80 - Request attempt 2 failed: HTTPConnectionPool(host='127.0.0.1', port=8000): Max retries exceeded with url: /api/ (Caused by NewConnectionError('<urllib3.connection.HTTPConnection object at 0x00000237F53EA7A0>: Failed to establish a new connection: [WinError 10061] No connection could be made because the target machine actively refused it'))
2025-09-26 19:07:58,638 - api_client - WARNING - client.py:80 - Request attempt 3 failed: HTTPConnectionPool(host='127.0.0.1', port=8000): Max retries exceeded with url: /api/ (Caused by NewConnectionError('<urllib3.connection.HTTPConnection object at 0x00000237F53EA9C0>: Failed to establish a new connection: [WinError 10061] No connection could be made because the target machine actively refused it'))
2025-09-26 19:07:58,712 - device_location_syncer - ERROR - sync_device_locations.py:241 - Error processing device d11: could not convert string to float: ''
2025-09-26 19:07:58,714 - device_location_syncer - ERROR - sync_device_locations.py:241 - Error processing device pp111: could not convert string to float: ''
2025-09-26 19:07:58,721 - device_location_syncer - ERROR - sync_device_locations.py:241 - Error processing device ppp11: could not convert string to float: ''
2025-09-26 19:07:58,723 - device_location_syncer - ERROR - sync_device_locations.py:241 - Error processing device dev1: could not convert string to float: ''
2025-09-26 19:07:58,725 - device_location_syncer - ERROR - sync_device_locations.py:241 - Error processing device dv1: could not convert string to float: ''
2025-09-26 19:07:58,726 - device_location_syncer - ERROR - sync_device_locations.py:241 - Error processing device dv11: could not convert string to float: ''
2025-09-26 19:07:58,726 - device_location_syncer - INFO - sync_device_locations.py:250 - Sync completed. No location updates needed.
2025-09-26 19:07:58,729 - product_management - INFO - product_management.py:173 - Loaded 2 products from CSV
2025-09-26 19:08:19,005 - device_list - INFO - device_list.py:248 - Refreshing device data...
2025-09-26 19:08:19,015 - device_list - INFO - device_list.py:268 - Loaded 12 devices from CSV
2025-09-26 19:08:22,556 - device_location_syncer - ERROR - sync_device_locations.py:241 - Error processing device d11: could not convert string to float: ''
2025-09-26 19:08:22,559 - device_location_syncer - ERROR - sync_device_locations.py:241 - Error processing device pp111: could not convert string to float: ''
2025-09-26 19:08:22,563 - device_location_syncer - ERROR - sync_device_locations.py:241 - Error processing device ppp11: could not convert string to float: ''
2025-09-26 19:08:22,567 - device_location_syncer - ERROR - sync_device_locations.py:241 - Error processing device dev1: could not convert string to float: ''
2025-09-26 19:08:22,571 - device_location_syncer - ERROR - sync_device_locations.py:241 - Error processing device dv1: could not convert string to float: ''
2025-09-26 19:08:22,577 - device_location_syncer - ERROR - sync_device_locations.py:241 - Error processing device dv11: could not convert string to float: ''
2025-09-26 19:08:22,578 - device_location_syncer - INFO - sync_device_locations.py:250 - Sync completed. No location updates needed.
2025-09-26 19:08:22,583 - product_management - INFO - product_management.py:173 - Loaded 2 products from CSV
2025-09-26 19:08:49,006 - device_list - INFO - device_list.py:248 - Refreshing device data...
2025-09-26 19:08:49,014 - device_list - INFO - device_list.py:268 - Loaded 12 devices from CSV
2025-09-26 19:08:54,605 - api_client - WARNING - client.py:80 - Request attempt 1 failed: HTTPConnectionPool(host='127.0.0.1', port=8000): Max retries exceeded with url: /api/ (Caused by NewConnectionError('<urllib3.connection.HTTPConnection object at 0x00000237F53EABE0>: Failed to establish a new connection: [WinError 10061] No connection could be made because the target machine actively refused it'))
2025-09-26 19:08:56,655 - api_client - WARNING - client.py:80 - Request attempt 2 failed: HTTPConnectionPool(host='127.0.0.1', port=8000): Max retries exceeded with url: /api/ (Caused by NewConnectionError('<urllib3.connection.HTTPConnection object at 0x00000237F53EAE00>: Failed to establish a new connection: [WinError 10061] No connection could be made because the target machine actively refused it'))
2025-09-26 19:08:58,688 - api_client - WARNING - client.py:80 - Request attempt 3 failed: HTTPConnectionPool(host='127.0.0.1', port=8000): Max retries exceeded with url: /api/ (Caused by NewConnectionError('<urllib3.connection.HTTPConnection object at 0x00000237F53EB020>: Failed to establish a new connection: [WinError 10061] No connection could be made because the target machine actively refused it'))
2025-09-26 19:08:58,744 - device_location_syncer - ERROR - sync_device_locations.py:241 - Error processing device d11: could not convert string to float: ''
2025-09-26 19:08:58,746 - device_location_syncer - ERROR - sync_device_locations.py:241 - Error processing device pp111: could not convert string to float: ''
2025-09-26 19:08:58,748 - device_location_syncer - ERROR - sync_device_locations.py:241 - Error processing device ppp11: could not convert string to float: ''
2025-09-26 19:08:58,749 - device_location_syncer - ERROR - sync_device_locations.py:241 - Error processing device dev1: could not convert string to float: ''
2025-09-26 19:08:58,751 - device_location_syncer - ERROR - sync_device_locations.py:241 - Error processing device dv1: could not convert string to float: ''
2025-09-26 19:08:58,758 - device_location_syncer - ERROR - sync_device_locations.py:241 - Error processing device dv11: could not convert string to float: ''
2025-09-26 19:08:58,759 - device_location_syncer - INFO - sync_device_locations.py:250 - Sync completed. No location updates needed.
2025-09-26 19:08:58,760 - product_management - INFO - product_management.py:173 - Loaded 2 products from CSV
2025-09-26 19:09:19,005 - device_list - INFO - device_list.py:248 - Refreshing device data...
2025-09-26 19:09:19,009 - device_list - INFO - device_list.py:268 - Loaded 12 devices from CSV
2025-09-26 19:09:22,557 - device_location_syncer - ERROR - sync_device_locations.py:241 - Error processing device d11: could not convert string to float: ''
2025-09-26 19:09:22,561 - device_location_syncer - ERROR - sync_device_locations.py:241 - Error processing device pp111: could not convert string to float: ''
2025-09-26 19:09:22,564 - device_location_syncer - ERROR - sync_device_locations.py:241 - Error processing device ppp11: could not convert string to float: ''
2025-09-26 19:09:22,568 - device_location_syncer - ERROR - sync_device_locations.py:241 - Error processing device dev1: could not convert string to float: ''
2025-09-26 19:09:22,570 - device_location_syncer - ERROR - sync_device_locations.py:241 - Error processing device dv1: could not convert string to float: ''
2025-09-26 19:09:22,572 - device_location_syncer - ERROR - sync_device_locations.py:241 - Error processing device dv11: could not convert string to float: ''
2025-09-26 19:09:22,573 - device_location_syncer - INFO - sync_device_locations.py:250 - Sync completed. No location updates needed.
2025-09-26 19:09:22,575 - product_management - INFO - product_management.py:173 - Loaded 2 products from CSV
2025-09-26 19:09:49,005 - device_list - INFO - device_list.py:248 - Refreshing device data...
2025-09-26 19:09:49,014 - device_list - INFO - device_list.py:268 - Loaded 12 devices from CSV
2025-09-26 19:09:54,588 - api_client - WARNING - client.py:80 - Request attempt 1 failed: HTTPConnectionPool(host='127.0.0.1', port=8000): Max retries exceeded with url: /api/ (Caused by NewConnectionError('<urllib3.connection.HTTPConnection object at 0x00000237F53EB240>: Failed to establish a new connection: [WinError 10061] No connection could be made because the target machine actively refused it'))
2025-09-26 19:09:56,622 - api_client - WARNING - client.py:80 - Request attempt 2 failed: HTTPConnectionPool(host='127.0.0.1', port=8000): Max retries exceeded with url: /api/ (Caused by NewConnectionError('<urllib3.connection.HTTPConnection object at 0x00000237F53EB460>: Failed to establish a new connection: [WinError 10061] No connection could be made because the target machine actively refused it'))
2025-09-26 19:09:58,638 - api_client - WARNING - client.py:80 - Request attempt 3 failed: HTTPConnectionPool(host='127.0.0.1', port=8000): Max retries exceeded with url: /api/ (Caused by NewConnectionError('<urllib3.connection.HTTPConnection object at 0x00000237F53EB680>: Failed to establish a new connection: [WinError 10061] No connection could be made because the target machine actively refused it'))
2025-09-26 19:09:58,712 - device_location_syncer - ERROR - sync_device_locations.py:241 - Error processing device d11: could not convert string to float: ''
2025-09-26 19:09:58,713 - device_location_syncer - ERROR - sync_device_locations.py:241 - Error processing device pp111: could not convert string to float: ''
2025-09-26 19:09:58,715 - device_location_syncer - ERROR - sync_device_locations.py:241 - Error processing device ppp11: could not convert string to float: ''
2025-09-26 19:09:58,716 - device_location_syncer - ERROR - sync_device_locations.py:241 - Error processing device dev1: could not convert string to float: ''
2025-09-26 19:09:58,718 - device_location_syncer - ERROR - sync_device_locations.py:241 - Error processing device dv1: could not convert string to float: ''
2025-09-26 19:09:58,720 - device_location_syncer - ERROR - sync_device_locations.py:241 - Error processing device dv11: could not convert string to float: ''
2025-09-26 19:09:58,722 - device_location_syncer - INFO - sync_device_locations.py:250 - Sync completed. No location updates needed.
2025-09-26 19:09:58,725 - product_management - INFO - product_management.py:173 - Loaded 2 products from CSV
2025-09-26 19:10:19,006 - device_list - INFO - device_list.py:248 - Refreshing device data...
2025-09-26 19:10:19,015 - device_list - INFO - device_list.py:268 - Loaded 12 devices from CSV
2025-09-26 19:10:22,556 - device_location_syncer - ERROR - sync_device_locations.py:241 - Error processing device d11: could not convert string to float: ''
2025-09-26 19:10:22,560 - device_location_syncer - ERROR - sync_device_locations.py:241 - Error processing device pp111: could not convert string to float: ''
2025-09-26 19:10:22,563 - device_location_syncer - ERROR - sync_device_locations.py:241 - Error processing device ppp11: could not convert string to float: ''
2025-09-26 19:10:22,568 - device_location_syncer - ERROR - sync_device_locations.py:241 - Error processing device dev1: could not convert string to float: ''
2025-09-26 19:10:22,570 - device_location_syncer - ERROR - sync_device_locations.py:241 - Error processing device dv1: could not convert string to float: ''
2025-09-26 19:10:22,572 - device_location_syncer - ERROR - sync_device_locations.py:241 - Error processing device dv11: could not convert string to float: ''
2025-09-26 19:10:22,573 - device_location_syncer - INFO - sync_device_locations.py:250 - Sync completed. No location updates needed.
2025-09-26 19:10:22,575 - product_management - INFO - product_management.py:173 - Loaded 2 products from CSV
2025-09-26 19:10:25,532 - main_window - INFO - main_window.py:317 - Refreshed data for Task Monitor
2025-09-26 19:10:37,079 - product_management - INFO - product_management.py:173 - Loaded 2 products from CSV
2025-09-26 19:10:37,080 - main_window - INFO - main_window.py:317 - Refreshed data for Product Management
2025-09-26 19:10:49,005 - device_list - INFO - device_list.py:248 - Refreshing device data...
2025-09-26 19:10:49,012 - device_list - INFO - device_list.py:268 - Loaded 12 devices from CSV
2025-09-26 19:10:54,573 - api_client - WARNING - client.py:80 - Request attempt 1 failed: HTTPConnectionPool(host='127.0.0.1', port=8000): Max retries exceeded with url: /api/ (Caused by NewConnectionError('<urllib3.connection.HTTPConnection object at 0x00000237F53EB8A0>: Failed to establish a new connection: [WinError 10061] No connection could be made because the target machine actively refused it'))
2025-09-26 19:10:56,621 - api_client - WARNING - client.py:80 - Request attempt 2 failed: HTTPConnectionPool(host='127.0.0.1', port=8000): Max retries exceeded with url: /api/ (Caused by NewConnectionError('<urllib3.connection.HTTPConnection object at 0x00000237F53EBAC0>: Failed to establish a new connection: [WinError 10061] No connection could be made because the target machine actively refused it'))
2025-09-26 19:10:58,672 - api_client - WARNING - client.py:80 - Request attempt 3 failed: HTTPConnectionPool(host='127.0.0.1', port=8000): Max retries exceeded with url: /api/ (Caused by NewConnectionError('<urllib3.connection.HTTPConnection object at 0x00000237F53E89E0>: Failed to establish a new connection: [WinError 10061] No connection could be made because the target machine actively refused it'))
2025-09-26 19:10:58,735 - device_location_syncer - ERROR - sync_device_locations.py:241 - Error processing device d11: could not convert string to float: ''
2025-09-26 19:10:58,743 - device_location_syncer - ERROR - sync_device_locations.py:241 - Error processing device pp111: could not convert string to float: ''
2025-09-26 19:10:58,747 - device_location_syncer - ERROR - sync_device_locations.py:241 - Error processing device ppp11: could not convert string to float: ''
2025-09-26 19:10:58,748 - device_location_syncer - ERROR - sync_device_locations.py:241 - Error processing device dev1: could not convert string to float: ''
2025-09-26 19:10:58,750 - device_location_syncer - ERROR - sync_device_locations.py:241 - Error processing device dv1: could not convert string to float: ''
2025-09-26 19:10:58,751 - device_location_syncer - ERROR - sync_device_locations.py:241 - Error processing device dv11: could not convert string to float: ''
2025-09-26 19:10:58,751 - device_location_syncer - INFO - sync_device_locations.py:250 - Sync completed. No location updates needed.
2025-09-26 19:10:58,753 - product_management - INFO - product_management.py:173 - Loaded 2 products from CSV
2025-09-26 19:11:14,115 - main_window - INFO - main_window.py:317 - Refreshed data for Task Monitor
2025-09-26 19:11:15,400 - main_window - INFO - main_window.py:317 - Refreshed data for Map Management
2025-09-26 19:11:19,002 - device_list - INFO - device_list.py:248 - Refreshing device data...
2025-09-26 19:11:19,007 - device_list - INFO - device_list.py:268 - Loaded 12 devices from CSV
2025-09-26 19:11:22,544 - device_location_syncer - ERROR - sync_device_locations.py:241 - Error processing device d11: could not convert string to float: ''
2025-09-26 19:11:22,545 - device_location_syncer - ERROR - sync_device_locations.py:241 - Error processing device pp111: could not convert string to float: ''
2025-09-26 19:11:22,546 - device_location_syncer - ERROR - sync_device_locations.py:241 - Error processing device ppp11: could not convert string to float: ''
2025-09-26 19:11:22,548 - device_location_syncer - ERROR - sync_device_locations.py:241 - Error processing device dev1: could not convert string to float: ''
2025-09-26 19:11:22,549 - device_location_syncer - ERROR - sync_device_locations.py:241 - Error processing device dv1: could not convert string to float: ''
2025-09-26 19:11:22,552 - device_location_syncer - ERROR - sync_device_locations.py:241 - Error processing device dv11: could not convert string to float: ''
2025-09-26 19:11:22,552 - device_location_syncer - INFO - sync_device_locations.py:250 - Sync completed. No location updates needed.
2025-09-26 19:11:44,917 - product_management - INFO - product_management.py:173 - Loaded 2 products from CSV
2025-09-26 19:11:44,917 - main_window - INFO - main_window.py:317 - Refreshed data for Product Management
2025-09-26 19:11:48,461 - main_window - INFO - main_window.py:317 - Refreshed data for Dashboard
2025-09-26 19:11:49,001 - device_list - INFO - device_list.py:248 - Refreshing device data...
2025-09-26 19:11:49,012 - device_list - INFO - device_list.py:268 - Loaded 12 devices from CSV
2025-09-26 19:11:49,351 - device_list - INFO - device_list.py:248 - Refreshing device data...
2025-09-26 19:11:49,354 - device_list - INFO - device_list.py:268 - Loaded 12 devices from CSV
2025-09-26 19:11:49,354 - main_window - INFO - main_window.py:317 - Refreshed data for Device Management
2025-09-26 19:11:50,772 - main_window - INFO - main_window.py:317 - Refreshed data for Map Management
2025-09-26 19:11:54,588 - api_client - WARNING - client.py:80 - Request attempt 1 failed: HTTPConnectionPool(host='127.0.0.1', port=8000): Max retries exceeded with url: /api/ (Caused by NewConnectionError('<urllib3.connection.HTTPConnection object at 0x00000237F53E8E20>: Failed to establish a new connection: [WinError 10061] No connection could be made because the target machine actively refused it'))
2025-09-26 19:11:56,638 - api_client - WARNING - client.py:80 - Request attempt 2 failed: HTTPConnectionPool(host='127.0.0.1', port=8000): Max retries exceeded with url: /api/ (Caused by NewConnectionError('<urllib3.connection.HTTPConnection object at 0x00000237F53E8D10>: Failed to establish a new connection: [WinError 10061] No connection could be made because the target machine actively refused it'))
2025-09-26 19:11:58,687 - api_client - WARNING - client.py:80 - Request attempt 3 failed: HTTPConnectionPool(host='127.0.0.1', port=8000): Max retries exceeded with url: /api/ (Caused by NewConnectionError('<urllib3.connection.HTTPConnection object at 0x00000237F53EBF00>: Failed to establish a new connection: [WinError 10061] No connection could be made because the target machine actively refused it'))
2025-09-26 19:11:58,704 - device_location_syncer - ERROR - sync_device_locations.py:241 - Error processing device d11: could not convert string to float: ''
2025-09-26 19:11:58,708 - device_location_syncer - ERROR - sync_device_locations.py:241 - Error processing device pp111: could not convert string to float: ''
2025-09-26 19:11:58,712 - device_location_syncer - ERROR - sync_device_locations.py:241 - Error processing device ppp11: could not convert string to float: ''
2025-09-26 19:11:58,714 - device_location_syncer - ERROR - sync_device_locations.py:241 - Error processing device dev1: could not convert string to float: ''
2025-09-26 19:11:58,716 - device_location_syncer - ERROR - sync_device_locations.py:241 - Error processing device dv1: could not convert string to float: ''
2025-09-26 19:11:58,717 - device_location_syncer - ERROR - sync_device_locations.py:241 - Error processing device dv11: could not convert string to float: ''
2025-09-26 19:11:58,718 - device_location_syncer - INFO - sync_device_locations.py:250 - Sync completed. No location updates needed.
2025-09-26 19:12:00,400 - product_management - INFO - product_management.py:173 - Loaded 2 products from CSV
2025-09-26 19:12:00,400 - main_window - INFO - main_window.py:317 - Refreshed data for Product Management
2025-09-26 19:12:19,006 - device_list - INFO - device_list.py:248 - Refreshing device data...
2025-09-26 19:12:19,029 - device_list - INFO - device_list.py:268 - Loaded 12 devices from CSV
2025-09-26 19:12:22,559 - device_location_syncer - ERROR - sync_device_locations.py:241 - Error processing device d11: could not convert string to float: ''
2025-09-26 19:12:22,564 - device_location_syncer - ERROR - sync_device_locations.py:241 - Error processing device pp111: could not convert string to float: ''
2025-09-26 19:12:22,566 - device_location_syncer - ERROR - sync_device_locations.py:241 - Error processing device ppp11: could not convert string to float: ''
2025-09-26 19:12:22,569 - device_location_syncer - ERROR - sync_device_locations.py:241 - Error processing device dev1: could not convert string to float: ''
2025-09-26 19:12:22,572 - device_location_syncer - ERROR - sync_device_locations.py:241 - Error processing device dv1: could not convert string to float: ''
2025-09-26 19:12:22,574 - device_location_syncer - ERROR - sync_device_locations.py:241 - Error processing device dv11: could not convert string to float: ''
2025-09-26 19:12:22,575 - device_location_syncer - INFO - sync_device_locations.py:250 - Sync completed. No location updates needed.
2025-09-26 19:12:22,577 - product_management - INFO - product_management.py:173 - Loaded 2 products from CSV
2025-09-26 19:12:49,006 - device_list - INFO - device_list.py:248 - Refreshing device data...
2025-09-26 19:12:49,014 - device_list - INFO - device_list.py:268 - Loaded 12 devices from CSV
2025-09-26 19:12:54,595 - api_client - WARNING - client.py:80 - Request attempt 1 failed: HTTPConnectionPool(host='127.0.0.1', port=8000): Max retries exceeded with url: /api/ (Caused by NewConnectionError('<urllib3.connection.HTTPConnection object at 0x00000237F3068270>: Failed to establish a new connection: [WinError 10061] No connection could be made because the target machine actively refused it'))
2025-09-26 19:12:56,637 - api_client - WARNING - client.py:80 - Request attempt 2 failed: HTTPConnectionPool(host='127.0.0.1', port=8000): Max retries exceeded with url: /api/ (Caused by NewConnectionError('<urllib3.connection.HTTPConnection object at 0x00000237F53EBF00>: Failed to establish a new connection: [WinError 10061] No connection could be made because the target machine actively refused it'))
2025-09-26 19:12:58,672 - api_client - WARNING - client.py:80 - Request attempt 3 failed: HTTPConnectionPool(host='127.0.0.1', port=8000): Max retries exceeded with url: /api/ (Caused by NewConnectionError('<urllib3.connection.HTTPConnection object at 0x00000237F53E8AF0>: Failed to establish a new connection: [WinError 10061] No connection could be made because the target machine actively refused it'))
2025-09-26 19:12:58,697 - device_location_syncer - ERROR - sync_device_locations.py:241 - Error processing device d11: could not convert string to float: ''
2025-09-26 19:12:58,702 - device_location_syncer - ERROR - sync_device_locations.py:241 - Error processing device pp111: could not convert string to float: ''
2025-09-26 19:12:58,706 - device_location_syncer - ERROR - sync_device_locations.py:241 - Error processing device ppp11: could not convert string to float: ''
2025-09-26 19:12:58,712 - device_location_syncer - ERROR - sync_device_locations.py:241 - Error processing device dev1: could not convert string to float: ''
2025-09-26 19:12:58,721 - device_location_syncer - ERROR - sync_device_locations.py:241 - Error processing device dv1: could not convert string to float: ''
2025-09-26 19:12:58,725 - device_location_syncer - ERROR - sync_device_locations.py:241 - Error processing device dv11: could not convert string to float: ''
2025-09-26 19:12:58,725 - device_location_syncer - INFO - sync_device_locations.py:250 - Sync completed. No location updates needed.
2025-09-26 19:12:58,729 - product_management - INFO - product_management.py:173 - Loaded 2 products from CSV
2025-09-26 19:13:18,998 - device_list - INFO - device_list.py:248 - Refreshing device data...
2025-09-26 19:13:19,004 - device_list - INFO - device_list.py:268 - Loaded 12 devices from CSV
2025-09-26 19:13:22,558 - device_location_syncer - ERROR - sync_device_locations.py:241 - Error processing device d11: could not convert string to float: ''
2025-09-26 19:13:22,562 - device_location_syncer - ERROR - sync_device_locations.py:241 - Error processing device pp111: could not convert string to float: ''
2025-09-26 19:13:22,566 - device_location_syncer - ERROR - sync_device_locations.py:241 - Error processing device ppp11: could not convert string to float: ''
2025-09-26 19:13:22,569 - device_location_syncer - ERROR - sync_device_locations.py:241 - Error processing device dev1: could not convert string to float: ''
2025-09-26 19:13:22,572 - device_location_syncer - ERROR - sync_device_locations.py:241 - Error processing device dv1: could not convert string to float: ''
2025-09-26 19:13:22,574 - device_location_syncer - ERROR - sync_device_locations.py:241 - Error processing device dv11: could not convert string to float: ''
2025-09-26 19:13:22,574 - device_location_syncer - INFO - sync_device_locations.py:250 - Sync completed. No location updates needed.
2025-09-26 19:13:22,576 - product_management - INFO - product_management.py:173 - Loaded 2 products from CSV
2025-09-26 19:13:48,998 - device_list - INFO - device_list.py:248 - Refreshing device data...
2025-09-26 19:13:49,008 - device_list - INFO - device_list.py:268 - Loaded 12 devices from CSV
2025-09-26 19:13:49,742 - device_list - INFO - device_list.py:248 - Refreshing device data...
2025-09-26 19:13:49,745 - device_list - INFO - device_list.py:268 - Loaded 12 devices from CSV
2025-09-26 19:13:49,746 - main_window - INFO - main_window.py:317 - Refreshed data for Device Management
2025-09-26 19:13:54,605 - api_client - WARNING - client.py:80 - Request attempt 1 failed: HTTPConnectionPool(host='127.0.0.1', port=8000): Max retries exceeded with url: /api/ (Caused by NewConnectionError('<urllib3.connection.HTTPConnection object at 0x00000237F53E89E0>: Failed to establish a new connection: [WinError 10061] No connection could be made because the target machine actively refused it'))
2025-09-26 19:13:56,638 - api_client - WARNING - client.py:80 - Request attempt 2 failed: HTTPConnectionPool(host='127.0.0.1', port=8000): Max retries exceeded with url: /api/ (Caused by NewConnectionError('<urllib3.connection.HTTPConnection object at 0x00000237F53E85A0>: Failed to establish a new connection: [WinError 10061] No connection could be made because the target machine actively refused it'))
2025-09-26 19:13:58,672 - api_client - WARNING - client.py:80 - Request attempt 3 failed: HTTPConnectionPool(host='127.0.0.1', port=8000): Max retries exceeded with url: /api/ (Caused by NewConnectionError('<urllib3.connection.HTTPConnection object at 0x00000237F53EBBD0>: Failed to establish a new connection: [WinError 10061] No connection could be made because the target machine actively refused it'))
2025-09-26 19:13:58,705 - device_location_syncer - ERROR - sync_device_locations.py:241 - Error processing device d11: could not convert string to float: ''
2025-09-26 19:13:58,710 - device_location_syncer - ERROR - sync_device_locations.py:241 - Error processing device pp111: could not convert string to float: ''
2025-09-26 19:13:58,716 - device_location_syncer - ERROR - sync_device_locations.py:241 - Error processing device ppp11: could not convert string to float: ''
2025-09-26 19:13:58,721 - device_location_syncer - ERROR - sync_device_locations.py:241 - Error processing device dev1: could not convert string to float: ''
2025-09-26 19:13:58,723 - device_location_syncer - ERROR - sync_device_locations.py:241 - Error processing device dv1: could not convert string to float: ''
2025-09-26 19:13:58,725 - device_location_syncer - ERROR - sync_device_locations.py:241 - Error processing device dv11: could not convert string to float: ''
2025-09-26 19:13:58,725 - device_location_syncer - INFO - sync_device_locations.py:250 - Sync completed. No location updates needed.
2025-09-26 19:13:58,726 - device_list - INFO - device_list.py:248 - Refreshing device data...
2025-09-26 19:13:58,736 - device_list - INFO - device_list.py:268 - Loaded 12 devices from CSV
2025-09-26 19:14:00,982 - product_management - INFO - product_management.py:173 - Loaded 2 products from CSV
2025-09-26 19:14:00,983 - main_window - INFO - main_window.py:317 - Refreshed data for Product Management
2025-09-26 19:14:04,350 - main_window - INFO - main_window.py:317 - Refreshed data for Task Monitor
2025-09-26 19:14:05,435 - product_management - INFO - product_management.py:173 - Loaded 2 products from CSV
2025-09-26 19:14:05,435 - main_window - INFO - main_window.py:317 - Refreshed data for Product Management
2025-09-26 19:14:06,248 - device_list - INFO - device_list.py:248 - Refreshing device data...
2025-09-26 19:14:06,251 - device_list - INFO - device_list.py:268 - Loaded 12 devices from CSV
2025-09-26 19:14:06,252 - main_window - INFO - main_window.py:317 - Refreshed data for Device Management
2025-09-26 19:14:06,997 - product_management - INFO - product_management.py:173 - Loaded 2 products from CSV
2025-09-26 19:14:06,998 - main_window - INFO - main_window.py:317 - Refreshed data for Product Management
2025-09-26 19:14:08,748 - main_window - INFO - main_window.py:317 - Refreshed data for Task Monitor
2025-09-26 19:14:14,522 - main_window - INFO - main_window.py:413 - Application closing
