2025-09-05 11:33:59,408 - warehouse_app - INFO - main.py:30 - Starting Warehouse Management System v1.0.0
2025-09-05 11:34:07,411 - main_window - INFO - main_window.py:121 - Dashboard widget loaded successfully
2025-09-05 11:34:07,477 - device_list - INFO - device_list.py:241 - Refreshing device data...
2025-09-05 11:34:07,481 - device_list - INFO - device_list.py:261 - Loaded 12 devices from CSV
2025-09-05 11:34:07,511 - main_window - INFO - main_window.py:131 - Device Management widget loaded successfully
2025-09-05 11:34:07,777 - main_window - INFO - main_window.py:142 - Task Creation widget loaded successfully
2025-09-05 11:34:07,897 - main_window - INFO - main_window.py:153 - Task Monitor widget loaded successfully
2025-09-05 11:34:07,970 - user_management - INFO - user_management.py:581 - Refreshing user data...
2025-09-05 11:34:07,973 - user_management - INFO - user_management.py:603 - Loaded 12 users from CSV
2025-09-05 11:34:08,003 - main_window - INFO - main_window.py:163 - User Management widget loaded successfully
2025-09-05 11:34:09,037 - map_management - INFO - map_management.py:53 - Map Management widget initialized
2025-09-05 11:34:09,240 - main_window - INFO - main_window.py:175 - Map Management widget loaded successfully
2025-09-05 11:34:09,256 - main_window - INFO - main_window.py:187 - Robot Tracking widget loaded successfully
2025-09-05 11:34:11,390 - api_client - WARNING - client.py:80 - Request attempt 1 failed: HTTPConnectionPool(host='127.0.0.1', port=8000): Max retries exceeded with url: /api/ (Caused by NewConnectionError('<urllib3.connection.HTTPConnection object at 0x0000028CB94263C0>: Failed to establish a new connection: [WinError 10061] No connection could be made because the target machine actively refused it'))
2025-09-05 11:34:13,431 - api_client - WARNING - client.py:80 - Request attempt 2 failed: HTTPConnectionPool(host='127.0.0.1', port=8000): Max retries exceeded with url: /api/ (Caused by NewConnectionError('<urllib3.connection.HTTPConnection object at 0x0000028CB9377110>: Failed to establish a new connection: [WinError 10061] No connection could be made because the target machine actively refused it'))
2025-09-05 11:34:15,471 - api_client - WARNING - client.py:80 - Request attempt 3 failed: HTTPConnectionPool(host='127.0.0.1', port=8000): Max retries exceeded with url: /api/ (Caused by NewConnectionError('<urllib3.connection.HTTPConnection object at 0x0000028CB9377610>: Failed to establish a new connection: [WinError 10061] No connection could be made because the target machine actively refused it'))
2025-09-05 11:34:15,473 - warehouse_app - INFO - main.py:46 - Main window created successfully
2025-09-05 11:34:15,802 - warehouse_app - INFO - main.py:154 - Application started successfully
2025-09-05 11:34:19,031 - main_window - INFO - main_window.py:296 - Refreshed data for Map Management
2025-09-05 11:34:20,931 - main_window - INFO - main_window.py:296 - Refreshed data for Robot Tracking
2025-09-05 11:34:25,746 - csv_handler - WARNING - csv_handler.py:68 - Invalid file type: robot_robot_1_odometer
2025-09-05 11:34:26,249 - csv_handler - WARNING - csv_handler.py:68 - Invalid file type: robot_robot_1_odometer
2025-09-05 11:34:26,750 - csv_handler - WARNING - csv_handler.py:68 - Invalid file type: robot_robot_1_odometer
2025-09-05 11:34:27,250 - csv_handler - WARNING - csv_handler.py:68 - Invalid file type: robot_robot_1_odometer
2025-09-05 11:34:27,749 - csv_handler - WARNING - csv_handler.py:68 - Invalid file type: robot_robot_1_odometer
2025-09-05 11:34:28,249 - csv_handler - WARNING - csv_handler.py:68 - Invalid file type: robot_robot_1_odometer
2025-09-05 11:34:28,750 - csv_handler - WARNING - csv_handler.py:68 - Invalid file type: robot_robot_1_odometer
2025-09-05 11:34:29,298 - csv_handler - WARNING - csv_handler.py:68 - Invalid file type: robot_robot_1_odometer
2025-09-05 11:34:29,752 - csv_handler - WARNING - csv_handler.py:68 - Invalid file type: robot_robot_1_odometer
2025-09-05 11:34:30,250 - csv_handler - WARNING - csv_handler.py:68 - Invalid file type: robot_robot_1_odometer
2025-09-05 11:34:30,748 - csv_handler - WARNING - csv_handler.py:68 - Invalid file type: robot_robot_1_odometer
2025-09-05 11:34:31,249 - csv_handler - WARNING - csv_handler.py:68 - Invalid file type: robot_robot_1_odometer
2025-09-05 11:34:31,749 - csv_handler - WARNING - csv_handler.py:68 - Invalid file type: robot_robot_1_odometer
2025-09-05 11:34:32,249 - csv_handler - WARNING - csv_handler.py:68 - Invalid file type: robot_3_odometer
2025-09-05 11:34:32,749 - csv_handler - WARNING - csv_handler.py:68 - Invalid file type: robot_3_odometer
2025-09-05 11:34:33,248 - csv_handler - WARNING - csv_handler.py:68 - Invalid file type: robot_3_odometer
2025-09-05 11:34:33,747 - csv_handler - WARNING - csv_handler.py:68 - Invalid file type: robot_3_odometer
2025-09-05 11:34:34,247 - csv_handler - WARNING - csv_handler.py:68 - Invalid file type: robot_3_odometer
2025-09-05 11:34:34,468 - main_window - INFO - main_window.py:296 - Refreshed data for Task Monitor
2025-09-05 11:34:34,745 - csv_handler - WARNING - csv_handler.py:68 - Invalid file type: robot_3_odometer
2025-09-05 11:34:35,248 - csv_handler - WARNING - csv_handler.py:68 - Invalid file type: robot_3_odometer
2025-09-05 11:34:35,748 - csv_handler - WARNING - csv_handler.py:68 - Invalid file type: robot_3_odometer
2025-09-05 11:34:36,248 - csv_handler - WARNING - csv_handler.py:68 - Invalid file type: robot_3_odometer
2025-09-05 11:34:36,747 - csv_handler - WARNING - csv_handler.py:68 - Invalid file type: robot_3_odometer
2025-09-05 11:34:37,248 - csv_handler - WARNING - csv_handler.py:68 - Invalid file type: robot_3_odometer
2025-09-05 11:34:37,465 - device_list - INFO - device_list.py:241 - Refreshing device data...
2025-09-05 11:34:37,468 - device_list - INFO - device_list.py:261 - Loaded 12 devices from CSV
2025-09-05 11:34:37,747 - csv_handler - WARNING - csv_handler.py:68 - Invalid file type: robot_3_odometer
2025-09-05 11:34:38,248 - csv_handler - WARNING - csv_handler.py:68 - Invalid file type: robot_3_odometer
2025-09-05 11:34:38,747 - csv_handler - WARNING - csv_handler.py:68 - Invalid file type: robot_3_odometer
2025-09-05 11:34:39,264 - csv_handler - WARNING - csv_handler.py:68 - Invalid file type: robot_3_odometer
2025-09-05 11:34:39,747 - csv_handler - WARNING - csv_handler.py:68 - Invalid file type: robot_3_odometer
2025-09-05 11:34:40,416 - csv_handler - WARNING - csv_handler.py:68 - Invalid file type: robot_3_odometer
2025-09-05 11:34:40,756 - csv_handler - WARNING - csv_handler.py:68 - Invalid file type: robot_3_odometer
2025-09-05 11:34:41,249 - csv_handler - WARNING - csv_handler.py:68 - Invalid file type: robot_3_odometer
2025-09-05 11:34:41,746 - csv_handler - WARNING - csv_handler.py:68 - Invalid file type: robot_3_odometer
2025-09-05 11:34:42,290 - csv_handler - INFO - csv_handler.py:251 - Created backup: F:\warehouse_management_app\warehouse_management_app\data\backup\tasks_20250905_113442.csv
2025-09-05 11:34:42,295 - csv_handler - INFO - csv_handler.py:134 - Successfully wrote 9 rows to tasks CSV
2025-09-05 11:34:42,296 - csv_handler - INFO - csv_handler.py:203 - Successfully updated row 37 in tasks CSV
2025-09-05 11:34:42,448 - csv_handler - WARNING - csv_handler.py:68 - Invalid file type: robot_3_odometer
2025-09-05 11:34:42,758 - csv_handler - WARNING - csv_handler.py:68 - Invalid file type: robot_3_odometer
2025-09-05 11:34:43,247 - csv_handler - WARNING - csv_handler.py:68 - Invalid file type: robot_3_odometer
2025-09-05 11:34:43,747 - csv_handler - WARNING - csv_handler.py:68 - Invalid file type: robot_3_odometer
2025-09-05 11:34:44,248 - csv_handler - WARNING - csv_handler.py:68 - Invalid file type: robot_3_odometer
2025-09-05 11:34:44,748 - csv_handler - WARNING - csv_handler.py:68 - Invalid file type: robot_3_odometer
2025-09-05 11:34:45,258 - csv_handler - WARNING - csv_handler.py:68 - Invalid file type: robot_3_odometer
2025-09-05 11:34:45,750 - csv_handler - WARNING - csv_handler.py:68 - Invalid file type: robot_3_odometer
2025-09-05 11:34:47,807 - csv_handler - WARNING - csv_handler.py:68 - Invalid file type: robot_3_odometer
2025-09-05 11:34:47,847 - main_window - INFO - main_window.py:296 - Refreshed data for Robot Tracking
2025-09-05 11:34:48,252 - csv_handler - WARNING - csv_handler.py:68 - Invalid file type: robot_3_odometer
2025-09-05 11:34:48,760 - csv_handler - WARNING - csv_handler.py:68 - Invalid file type: robot_3_odometer
2025-09-05 11:34:49,251 - csv_handler - WARNING - csv_handler.py:68 - Invalid file type: robot_3_odometer
2025-09-05 11:34:49,745 - csv_handler - WARNING - csv_handler.py:68 - Invalid file type: robot_3_odometer
2025-09-05 11:34:50,244 - csv_handler - WARNING - csv_handler.py:68 - Invalid file type: robot_3_odometer
2025-09-05 11:34:50,759 - csv_handler - WARNING - csv_handler.py:68 - Invalid file type: robot_3_odometer
2025-09-05 11:34:51,245 - csv_handler - WARNING - csv_handler.py:68 - Invalid file type: robot_9_odometer
2025-09-05 11:34:51,759 - csv_handler - WARNING - csv_handler.py:68 - Invalid file type: robot_9_odometer
2025-09-05 11:34:52,245 - csv_handler - WARNING - csv_handler.py:68 - Invalid file type: robot_9_odometer
2025-09-05 11:34:52,759 - csv_handler - WARNING - csv_handler.py:68 - Invalid file type: robot_9_odometer
2025-09-05 11:34:53,260 - csv_handler - WARNING - csv_handler.py:68 - Invalid file type: robot_9_odometer
2025-09-05 11:34:53,759 - csv_handler - WARNING - csv_handler.py:68 - Invalid file type: robot_9_odometer
2025-09-05 11:34:54,246 - csv_handler - WARNING - csv_handler.py:68 - Invalid file type: robot_9_odometer
2025-09-05 11:34:54,758 - csv_handler - WARNING - csv_handler.py:68 - Invalid file type: robot_9_odometer
2025-09-05 11:34:55,259 - csv_handler - WARNING - csv_handler.py:68 - Invalid file type: robot_9_odometer
2025-09-05 11:34:55,759 - csv_handler - WARNING - csv_handler.py:68 - Invalid file type: robot_9_odometer
2025-09-05 11:34:56,259 - csv_handler - WARNING - csv_handler.py:68 - Invalid file type: robot_9_odometer
2025-09-05 11:34:56,759 - csv_handler - WARNING - csv_handler.py:68 - Invalid file type: robot_9_odometer
2025-09-05 11:34:57,259 - csv_handler - WARNING - csv_handler.py:68 - Invalid file type: robot_9_odometer
2025-09-05 11:34:57,758 - csv_handler - WARNING - csv_handler.py:68 - Invalid file type: robot_9_odometer
2025-09-05 11:34:58,259 - csv_handler - WARNING - csv_handler.py:68 - Invalid file type: robot_9_odometer
2025-09-05 11:34:58,758 - csv_handler - WARNING - csv_handler.py:68 - Invalid file type: robot_9_odometer
2025-09-05 11:34:59,264 - csv_handler - WARNING - csv_handler.py:68 - Invalid file type: robot_9_odometer
2025-09-05 11:34:59,758 - csv_handler - WARNING - csv_handler.py:68 - Invalid file type: robot_9_odometer
2025-09-05 11:35:00,258 - csv_handler - WARNING - csv_handler.py:68 - Invalid file type: robot_9_odometer
2025-09-05 11:35:00,758 - csv_handler - WARNING - csv_handler.py:68 - Invalid file type: robot_9_odometer
2025-09-05 11:35:01,257 - csv_handler - WARNING - csv_handler.py:68 - Invalid file type: robot_9_odometer
2025-09-05 11:35:01,758 - csv_handler - WARNING - csv_handler.py:68 - Invalid file type: robot_9_odometer
2025-09-05 11:35:02,257 - csv_handler - WARNING - csv_handler.py:68 - Invalid file type: robot_9_odometer
2025-09-05 11:35:02,758 - csv_handler - WARNING - csv_handler.py:68 - Invalid file type: robot_9_odometer
2025-09-05 11:35:03,257 - csv_handler - WARNING - csv_handler.py:68 - Invalid file type: robot_9_odometer
2025-09-05 11:35:03,757 - csv_handler - WARNING - csv_handler.py:68 - Invalid file type: robot_9_odometer
2025-09-05 11:35:04,257 - csv_handler - WARNING - csv_handler.py:68 - Invalid file type: robot_9_odometer
2025-09-05 11:35:04,757 - csv_handler - WARNING - csv_handler.py:68 - Invalid file type: robot_9_odometer
2025-09-05 11:35:05,258 - csv_handler - WARNING - csv_handler.py:68 - Invalid file type: robot_9_odometer
2025-09-05 11:35:05,757 - csv_handler - WARNING - csv_handler.py:68 - Invalid file type: robot_9_odometer
2025-09-05 11:35:06,257 - csv_handler - WARNING - csv_handler.py:68 - Invalid file type: robot_9_odometer
2025-09-05 11:35:06,757 - csv_handler - WARNING - csv_handler.py:68 - Invalid file type: robot_9_odometer
2025-09-05 11:35:07,256 - csv_handler - WARNING - csv_handler.py:68 - Invalid file type: robot_9_odometer
2025-09-05 11:35:07,474 - device_list - INFO - device_list.py:241 - Refreshing device data...
2025-09-05 11:35:07,479 - device_list - INFO - device_list.py:261 - Loaded 12 devices from CSV
2025-09-05 11:35:07,751 - csv_handler - WARNING - csv_handler.py:68 - Invalid file type: robot_9_odometer
2025-09-05 11:35:08,256 - csv_handler - WARNING - csv_handler.py:68 - Invalid file type: robot_9_odometer
2025-09-05 11:35:08,757 - csv_handler - WARNING - csv_handler.py:68 - Invalid file type: robot_9_odometer
2025-09-05 11:35:11,300 - api_client - WARNING - client.py:80 - Request attempt 1 failed: HTTPConnectionPool(host='127.0.0.1', port=8000): Max retries exceeded with url: /api/ (Caused by NewConnectionError('<urllib3.connection.HTTPConnection object at 0x0000028CB915BCE0>: Failed to establish a new connection: [WinError 10061] No connection could be made because the target machine actively refused it'))
2025-09-05 11:35:13,322 - api_client - WARNING - client.py:80 - Request attempt 2 failed: HTTPConnectionPool(host='127.0.0.1', port=8000): Max retries exceeded with url: /api/ (Caused by NewConnectionError('<urllib3.connection.HTTPConnection object at 0x0000028CBB818050>: Failed to establish a new connection: [WinError 10061] No connection could be made because the target machine actively refused it'))
2025-09-05 11:35:15,336 - api_client - WARNING - client.py:80 - Request attempt 3 failed: HTTPConnectionPool(host='127.0.0.1', port=8000): Max retries exceeded with url: /api/ (Caused by NewConnectionError('<urllib3.connection.HTTPConnection object at 0x0000028CB9435010>: Failed to establish a new connection: [WinError 10061] No connection could be made because the target machine actively refused it'))
2025-09-05 11:35:15,359 - csv_handler - WARNING - csv_handler.py:68 - Invalid file type: robot_9_odometer
2025-09-05 11:35:15,746 - csv_handler - WARNING - csv_handler.py:68 - Invalid file type: robot_9_odometer
2025-09-05 11:35:16,254 - csv_handler - WARNING - csv_handler.py:68 - Invalid file type: robot_9_odometer
2025-09-05 11:35:16,755 - csv_handler - WARNING - csv_handler.py:68 - Invalid file type: robot_9_odometer
2025-09-05 11:35:17,254 - csv_handler - WARNING - csv_handler.py:68 - Invalid file type: robot_9_odometer
2025-09-05 11:35:17,280 - main_window - INFO - main_window.py:296 - Refreshed data for Task Monitor
2025-09-05 11:35:17,757 - csv_handler - WARNING - csv_handler.py:68 - Invalid file type: robot_9_odometer
2025-09-05 11:35:18,254 - csv_handler - WARNING - csv_handler.py:68 - Invalid file type: robot_9_odometer
2025-09-05 11:35:18,754 - csv_handler - WARNING - csv_handler.py:68 - Invalid file type: robot_9_odometer
2025-09-05 11:35:19,260 - csv_handler - WARNING - csv_handler.py:68 - Invalid file type: robot_9_odometer
2025-09-05 11:35:19,754 - csv_handler - WARNING - csv_handler.py:68 - Invalid file type: robot_9_odometer
2025-09-05 11:35:20,254 - csv_handler - WARNING - csv_handler.py:68 - Invalid file type: robot_9_odometer
2025-09-05 11:35:21,275 - csv_handler - WARNING - csv_handler.py:68 - Invalid file type: robot_9_odometer
2025-09-05 11:35:21,756 - csv_handler - WARNING - csv_handler.py:68 - Invalid file type: robot_9_odometer
2025-09-05 11:35:22,254 - csv_handler - WARNING - csv_handler.py:68 - Invalid file type: robot_9_odometer
2025-09-05 11:35:22,754 - csv_handler - WARNING - csv_handler.py:68 - Invalid file type: robot_9_odometer
2025-09-05 11:35:23,252 - csv_handler - WARNING - csv_handler.py:68 - Invalid file type: robot_9_odometer
2025-09-05 11:35:23,753 - csv_handler - WARNING - csv_handler.py:68 - Invalid file type: robot_9_odometer
2025-09-05 11:35:24,250 - csv_handler - WARNING - csv_handler.py:68 - Invalid file type: robot_9_odometer
2025-09-05 11:35:24,753 - csv_handler - WARNING - csv_handler.py:68 - Invalid file type: robot_9_odometer
2025-09-05 11:35:25,246 - csv_handler - WARNING - csv_handler.py:68 - Invalid file type: robot_9_odometer
2025-09-05 11:35:25,745 - csv_handler - WARNING - csv_handler.py:68 - Invalid file type: robot_9_odometer
2025-09-05 11:35:26,259 - csv_handler - WARNING - csv_handler.py:68 - Invalid file type: robot_9_odometer
2025-09-05 11:35:26,752 - csv_handler - WARNING - csv_handler.py:68 - Invalid file type: robot_9_odometer
2025-09-05 11:35:27,252 - csv_handler - WARNING - csv_handler.py:68 - Invalid file type: robot_9_odometer
2025-09-05 11:35:27,751 - csv_handler - WARNING - csv_handler.py:68 - Invalid file type: robot_9_odometer
2025-09-05 11:35:28,251 - csv_handler - WARNING - csv_handler.py:68 - Invalid file type: robot_9_odometer
2025-09-05 11:35:28,752 - csv_handler - WARNING - csv_handler.py:68 - Invalid file type: robot_9_odometer
2025-09-05 11:35:29,259 - csv_handler - WARNING - csv_handler.py:68 - Invalid file type: robot_9_odometer
2025-09-05 11:35:29,750 - csv_handler - WARNING - csv_handler.py:68 - Invalid file type: robot_9_odometer
2025-09-05 11:35:30,252 - csv_handler - WARNING - csv_handler.py:68 - Invalid file type: robot_9_odometer
2025-09-05 11:35:30,752 - csv_handler - WARNING - csv_handler.py:68 - Invalid file type: robot_9_odometer
2025-09-05 11:35:31,251 - csv_handler - WARNING - csv_handler.py:68 - Invalid file type: robot_9_odometer
2025-09-05 11:35:31,751 - csv_handler - WARNING - csv_handler.py:68 - Invalid file type: robot_9_odometer
2025-09-05 11:35:32,250 - csv_handler - WARNING - csv_handler.py:68 - Invalid file type: robot_9_odometer
2025-09-05 11:35:32,750 - csv_handler - WARNING - csv_handler.py:68 - Invalid file type: robot_9_odometer
2025-09-05 11:35:33,251 - csv_handler - WARNING - csv_handler.py:68 - Invalid file type: robot_9_odometer
2025-09-05 11:35:33,751 - csv_handler - WARNING - csv_handler.py:68 - Invalid file type: robot_9_odometer
2025-09-05 11:35:34,255 - csv_handler - WARNING - csv_handler.py:68 - Invalid file type: robot_9_odometer
2025-09-05 11:35:34,752 - csv_handler - WARNING - csv_handler.py:68 - Invalid file type: robot_9_odometer
2025-09-05 11:35:35,250 - csv_handler - WARNING - csv_handler.py:68 - Invalid file type: robot_9_odometer
2025-09-05 11:35:35,750 - csv_handler - WARNING - csv_handler.py:68 - Invalid file type: robot_9_odometer
2025-09-05 11:35:36,250 - csv_handler - WARNING - csv_handler.py:68 - Invalid file type: robot_9_odometer
2025-09-05 11:35:36,749 - csv_handler - WARNING - csv_handler.py:68 - Invalid file type: robot_9_odometer
2025-09-05 11:35:37,249 - csv_handler - WARNING - csv_handler.py:68 - Invalid file type: robot_9_odometer
2025-09-05 11:35:37,469 - device_list - INFO - device_list.py:241 - Refreshing device data...
2025-09-05 11:35:37,473 - device_list - INFO - device_list.py:261 - Loaded 12 devices from CSV
2025-09-05 11:35:37,748 - csv_handler - WARNING - csv_handler.py:68 - Invalid file type: robot_9_odometer
2025-09-05 11:35:38,249 - csv_handler - WARNING - csv_handler.py:68 - Invalid file type: robot_9_odometer
2025-09-05 11:35:38,749 - csv_handler - WARNING - csv_handler.py:68 - Invalid file type: robot_9_odometer
2025-09-05 11:35:39,267 - csv_handler - WARNING - csv_handler.py:68 - Invalid file type: robot_9_odometer
2025-09-05 11:35:39,749 - csv_handler - WARNING - csv_handler.py:68 - Invalid file type: robot_9_odometer
2025-09-05 11:35:40,249 - csv_handler - WARNING - csv_handler.py:68 - Invalid file type: robot_9_odometer
2025-09-05 11:35:40,748 - csv_handler - WARNING - csv_handler.py:68 - Invalid file type: robot_9_odometer
2025-09-05 11:35:41,249 - csv_handler - WARNING - csv_handler.py:68 - Invalid file type: robot_9_odometer
2025-09-05 11:35:41,749 - csv_handler - WARNING - csv_handler.py:68 - Invalid file type: robot_9_odometer
2025-09-05 11:35:42,249 - csv_handler - WARNING - csv_handler.py:68 - Invalid file type: robot_9_odometer
2025-09-05 11:35:42,748 - csv_handler - WARNING - csv_handler.py:68 - Invalid file type: robot_9_odometer
2025-09-05 11:35:43,256 - csv_handler - WARNING - csv_handler.py:68 - Invalid file type: robot_9_odometer
2025-09-05 11:35:43,748 - csv_handler - WARNING - csv_handler.py:68 - Invalid file type: robot_9_odometer
2025-09-05 11:35:44,247 - csv_handler - WARNING - csv_handler.py:68 - Invalid file type: robot_9_odometer
2025-09-05 11:35:44,758 - csv_handler - WARNING - csv_handler.py:68 - Invalid file type: robot_9_odometer
2025-09-05 11:35:45,251 - csv_handler - WARNING - csv_handler.py:68 - Invalid file type: robot_9_odometer
2025-09-05 11:35:45,747 - csv_handler - WARNING - csv_handler.py:68 - Invalid file type: robot_9_odometer
2025-09-05 11:35:46,248 - csv_handler - WARNING - csv_handler.py:68 - Invalid file type: robot_9_odometer
2025-09-05 11:35:46,747 - csv_handler - WARNING - csv_handler.py:68 - Invalid file type: robot_9_odometer
2025-09-05 11:35:47,247 - csv_handler - WARNING - csv_handler.py:68 - Invalid file type: robot_9_odometer
2025-09-05 11:35:47,747 - csv_handler - WARNING - csv_handler.py:68 - Invalid file type: robot_9_odometer
2025-09-05 11:35:48,247 - csv_handler - WARNING - csv_handler.py:68 - Invalid file type: robot_9_odometer
2025-09-05 11:35:48,747 - csv_handler - WARNING - csv_handler.py:68 - Invalid file type: robot_9_odometer
2025-09-05 11:35:49,252 - csv_handler - WARNING - csv_handler.py:68 - Invalid file type: robot_9_odometer
2025-09-05 11:35:49,746 - csv_handler - WARNING - csv_handler.py:68 - Invalid file type: robot_9_odometer
2025-09-05 11:35:50,247 - csv_handler - WARNING - csv_handler.py:68 - Invalid file type: robot_9_odometer
2025-09-05 11:35:50,747 - csv_handler - WARNING - csv_handler.py:68 - Invalid file type: robot_9_odometer
2025-09-05 11:35:51,247 - csv_handler - WARNING - csv_handler.py:68 - Invalid file type: robot_9_odometer
2025-09-05 11:35:51,746 - csv_handler - WARNING - csv_handler.py:68 - Invalid file type: robot_9_odometer
2025-09-05 11:35:52,246 - csv_handler - WARNING - csv_handler.py:68 - Invalid file type: robot_9_odometer
2025-09-05 11:35:52,745 - csv_handler - WARNING - csv_handler.py:68 - Invalid file type: robot_9_odometer
2025-09-05 11:35:53,246 - csv_handler - WARNING - csv_handler.py:68 - Invalid file type: robot_9_odometer
2025-09-05 11:35:53,745 - csv_handler - WARNING - csv_handler.py:68 - Invalid file type: robot_9_odometer
2025-09-05 11:35:54,246 - csv_handler - WARNING - csv_handler.py:68 - Invalid file type: robot_9_odometer
2025-09-05 11:35:54,745 - csv_handler - WARNING - csv_handler.py:68 - Invalid file type: robot_9_odometer
2025-09-05 11:35:55,245 - csv_handler - WARNING - csv_handler.py:68 - Invalid file type: robot_9_odometer
2025-09-05 11:35:55,746 - csv_handler - WARNING - csv_handler.py:68 - Invalid file type: robot_9_odometer
2025-09-05 11:35:56,244 - csv_handler - WARNING - csv_handler.py:68 - Invalid file type: robot_9_odometer
2025-09-05 11:35:56,745 - csv_handler - WARNING - csv_handler.py:68 - Invalid file type: robot_9_odometer
2025-09-05 11:35:57,245 - csv_handler - WARNING - csv_handler.py:68 - Invalid file type: robot_9_odometer
2025-09-05 11:35:57,745 - csv_handler - WARNING - csv_handler.py:68 - Invalid file type: robot_9_odometer
2025-09-05 11:35:58,245 - csv_handler - WARNING - csv_handler.py:68 - Invalid file type: robot_9_odometer
2025-09-05 11:35:58,745 - csv_handler - WARNING - csv_handler.py:68 - Invalid file type: robot_9_odometer
2025-09-05 11:35:59,251 - csv_handler - WARNING - csv_handler.py:68 - Invalid file type: robot_9_odometer
2025-09-05 11:35:59,745 - csv_handler - WARNING - csv_handler.py:68 - Invalid file type: robot_9_odometer
2025-09-05 11:36:00,244 - csv_handler - WARNING - csv_handler.py:68 - Invalid file type: robot_9_odometer
2025-09-05 11:36:00,759 - csv_handler - WARNING - csv_handler.py:68 - Invalid file type: robot_9_odometer
2025-09-05 11:36:01,260 - csv_handler - WARNING - csv_handler.py:68 - Invalid file type: robot_9_odometer
2025-09-05 11:36:01,745 - csv_handler - WARNING - csv_handler.py:68 - Invalid file type: robot_9_odometer
2025-09-05 11:36:02,260 - csv_handler - WARNING - csv_handler.py:68 - Invalid file type: robot_9_odometer
2025-09-05 11:36:02,760 - csv_handler - WARNING - csv_handler.py:68 - Invalid file type: robot_9_odometer
2025-09-05 11:36:03,259 - csv_handler - WARNING - csv_handler.py:68 - Invalid file type: robot_9_odometer
2025-09-05 11:36:03,759 - csv_handler - WARNING - csv_handler.py:68 - Invalid file type: robot_9_odometer
2025-09-05 11:36:04,259 - csv_handler - WARNING - csv_handler.py:68 - Invalid file type: robot_9_odometer
2025-09-05 11:36:04,759 - csv_handler - WARNING - csv_handler.py:68 - Invalid file type: robot_9_odometer
2025-09-05 11:36:05,260 - csv_handler - WARNING - csv_handler.py:68 - Invalid file type: robot_9_odometer
2025-09-05 11:36:05,759 - csv_handler - WARNING - csv_handler.py:68 - Invalid file type: robot_9_odometer
2025-09-05 11:36:06,259 - csv_handler - WARNING - csv_handler.py:68 - Invalid file type: robot_9_odometer
2025-09-05 11:36:06,760 - csv_handler - WARNING - csv_handler.py:68 - Invalid file type: robot_9_odometer
2025-09-05 11:36:07,260 - csv_handler - WARNING - csv_handler.py:68 - Invalid file type: robot_9_odometer
2025-09-05 11:36:07,477 - device_list - INFO - device_list.py:241 - Refreshing device data...
2025-09-05 11:36:07,482 - device_list - INFO - device_list.py:261 - Loaded 12 devices from CSV
2025-09-05 11:36:07,759 - csv_handler - WARNING - csv_handler.py:68 - Invalid file type: robot_9_odometer
2025-09-05 11:36:08,260 - csv_handler - WARNING - csv_handler.py:68 - Invalid file type: robot_9_odometer
2025-09-05 11:36:08,759 - csv_handler - WARNING - csv_handler.py:68 - Invalid file type: robot_9_odometer
2025-09-05 11:36:11,301 - api_client - WARNING - client.py:80 - Request attempt 1 failed: HTTPConnectionPool(host='127.0.0.1', port=8000): Max retries exceeded with url: /api/ (Caused by NewConnectionError('<urllib3.connection.HTTPConnection object at 0x0000028CB93CB240>: Failed to establish a new connection: [WinError 10061] No connection could be made because the target machine actively refused it'))
2025-09-05 11:36:13,340 - api_client - WARNING - client.py:80 - Request attempt 2 failed: HTTPConnectionPool(host='127.0.0.1', port=8000): Max retries exceeded with url: /api/ (Caused by NewConnectionError('<urllib3.connection.HTTPConnection object at 0x0000028CB93CB9B0>: Failed to establish a new connection: [WinError 10061] No connection could be made because the target machine actively refused it'))
2025-09-05 11:36:15,388 - api_client - WARNING - client.py:80 - Request attempt 3 failed: HTTPConnectionPool(host='127.0.0.1', port=8000): Max retries exceeded with url: /api/ (Caused by NewConnectionError('<urllib3.connection.HTTPConnection object at 0x0000028CB93CBBD0>: Failed to establish a new connection: [WinError 10061] No connection could be made because the target machine actively refused it'))
2025-09-05 11:36:15,409 - csv_handler - WARNING - csv_handler.py:68 - Invalid file type: robot_9_odometer
2025-09-05 11:36:15,752 - csv_handler - WARNING - csv_handler.py:68 - Invalid file type: robot_9_odometer
2025-09-05 11:36:16,364 - csv_handler - WARNING - csv_handler.py:68 - Invalid file type: robot_9_odometer
2025-09-05 11:36:16,749 - csv_handler - WARNING - csv_handler.py:68 - Invalid file type: robot_9_odometer
2025-09-05 11:36:17,249 - csv_handler - WARNING - csv_handler.py:68 - Invalid file type: robot_9_odometer
2025-09-05 11:36:17,750 - csv_handler - WARNING - csv_handler.py:68 - Invalid file type: robot_9_odometer
2025-09-05 11:36:18,077 - main_window - INFO - main_window.py:385 - Application closing
2025-09-05 11:43:34,245 - warehouse_app - INFO - main.py:30 - Starting Warehouse Management System v1.0.0
2025-09-05 11:43:35,921 - main_window - INFO - main_window.py:121 - Dashboard widget loaded successfully
2025-09-05 11:43:35,970 - device_list - INFO - device_list.py:241 - Refreshing device data...
2025-09-05 11:43:35,973 - device_list - INFO - device_list.py:261 - Loaded 12 devices from CSV
2025-09-05 11:43:35,992 - main_window - INFO - main_window.py:131 - Device Management widget loaded successfully
2025-09-05 11:43:36,236 - main_window - INFO - main_window.py:142 - Task Creation widget loaded successfully
2025-09-05 11:43:36,313 - main_window - INFO - main_window.py:153 - Task Monitor widget loaded successfully
2025-09-05 11:43:36,384 - user_management - INFO - user_management.py:581 - Refreshing user data...
2025-09-05 11:43:36,388 - user_management - INFO - user_management.py:603 - Loaded 12 users from CSV
2025-09-05 11:43:36,417 - main_window - INFO - main_window.py:163 - User Management widget loaded successfully
2025-09-05 11:43:37,126 - map_management - INFO - map_management.py:53 - Map Management widget initialized
2025-09-05 11:43:37,325 - main_window - INFO - main_window.py:175 - Map Management widget loaded successfully
2025-09-05 11:43:37,345 - main_window - INFO - main_window.py:187 - Robot Tracking widget loaded successfully
2025-09-05 11:43:39,378 - api_client - WARNING - client.py:80 - Request attempt 1 failed: HTTPConnectionPool(host='127.0.0.1', port=8000): Max retries exceeded with url: /api/ (Caused by NewConnectionError('<urllib3.connection.HTTPConnection object at 0x00000228FB8D63C0>: Failed to establish a new connection: [WinError 10061] No connection could be made because the target machine actively refused it'))
2025-09-05 11:43:41,405 - api_client - WARNING - client.py:80 - Request attempt 2 failed: HTTPConnectionPool(host='127.0.0.1', port=8000): Max retries exceeded with url: /api/ (Caused by NewConnectionError('<urllib3.connection.HTTPConnection object at 0x00000228FB827110>: Failed to establish a new connection: [WinError 10061] No connection could be made because the target machine actively refused it'))
2025-09-05 11:43:43,442 - api_client - WARNING - client.py:80 - Request attempt 3 failed: HTTPConnectionPool(host='127.0.0.1', port=8000): Max retries exceeded with url: /api/ (Caused by NewConnectionError('<urllib3.connection.HTTPConnection object at 0x00000228FB827610>: Failed to establish a new connection: [WinError 10061] No connection could be made because the target machine actively refused it'))
2025-09-05 11:43:43,443 - warehouse_app - INFO - main.py:46 - Main window created successfully
2025-09-05 11:43:43,558 - warehouse_app - INFO - main.py:154 - Application started successfully
2025-09-05 11:43:46,757 - main_window - INFO - main_window.py:296 - Refreshed data for Task Monitor
2025-09-05 11:44:05,966 - device_list - INFO - device_list.py:241 - Refreshing device data...
2025-09-05 11:44:05,969 - device_list - INFO - device_list.py:261 - Loaded 12 devices from CSV
2025-09-05 11:44:35,963 - device_list - INFO - device_list.py:241 - Refreshing device data...
2025-09-05 11:44:35,966 - device_list - INFO - device_list.py:261 - Loaded 12 devices from CSV
2025-09-05 11:44:39,443 - api_client - WARNING - client.py:80 - Request attempt 1 failed: HTTPConnectionPool(host='127.0.0.1', port=8000): Max retries exceeded with url: /api/ (Caused by NewConnectionError('<urllib3.connection.HTTPConnection object at 0x00000228FDC943E0>: Failed to establish a new connection: [WinError 10061] No connection could be made because the target machine actively refused it'))
2025-09-05 11:44:41,500 - api_client - WARNING - client.py:80 - Request attempt 2 failed: HTTPConnectionPool(host='127.0.0.1', port=8000): Max retries exceeded with url: /api/ (Caused by NewConnectionError('<urllib3.connection.HTTPConnection object at 0x00000228FDC94770>: Failed to establish a new connection: [WinError 10061] No connection could be made because the target machine actively refused it'))
2025-09-05 11:44:43,550 - api_client - WARNING - client.py:80 - Request attempt 3 failed: HTTPConnectionPool(host='127.0.0.1', port=8000): Max retries exceeded with url: /api/ (Caused by NewConnectionError('<urllib3.connection.HTTPConnection object at 0x00000228FB8E5010>: Failed to establish a new connection: [WinError 10061] No connection could be made because the target machine actively refused it'))
2025-09-05 11:44:59,040 - csv_handler - INFO - csv_handler.py:251 - Created backup: F:\warehouse_management_app\warehouse_management_app\data\backup\tasks_20250905_114459.csv
2025-09-05 11:44:59,049 - csv_handler - INFO - csv_handler.py:134 - Successfully wrote 9 rows to tasks CSV
2025-09-05 11:44:59,051 - csv_handler - INFO - csv_handler.py:203 - Successfully updated row 37 in tasks CSV
2025-09-05 11:45:05,971 - device_list - INFO - device_list.py:241 - Refreshing device data...
2025-09-05 11:45:05,974 - device_list - INFO - device_list.py:261 - Loaded 12 devices from CSV
2025-09-05 11:45:35,972 - device_list - INFO - device_list.py:241 - Refreshing device data...
2025-09-05 11:45:35,975 - device_list - INFO - device_list.py:261 - Loaded 12 devices from CSV
2025-09-05 11:45:39,397 - api_client - WARNING - client.py:80 - Request attempt 1 failed: HTTPConnectionPool(host='127.0.0.1', port=8000): Max retries exceeded with url: /api/ (Caused by NewConnectionError('<urllib3.connection.HTTPConnection object at 0x00000228FB87BAC0>: Failed to establish a new connection: [WinError 10061] No connection could be made because the target machine actively refused it'))
2025-09-05 11:45:41,422 - api_client - WARNING - client.py:80 - Request attempt 2 failed: HTTPConnectionPool(host='127.0.0.1', port=8000): Max retries exceeded with url: /api/ (Caused by NewConnectionError('<urllib3.connection.HTTPConnection object at 0x00000228FB87B570>: Failed to establish a new connection: [WinError 10061] No connection could be made because the target machine actively refused it'))
2025-09-05 11:45:43,470 - api_client - WARNING - client.py:80 - Request attempt 3 failed: HTTPConnectionPool(host='127.0.0.1', port=8000): Max retries exceeded with url: /api/ (Caused by NewConnectionError('<urllib3.connection.HTTPConnection object at 0x00000228FB87B240>: Failed to establish a new connection: [WinError 10061] No connection could be made because the target machine actively refused it'))
2025-09-05 11:46:05,973 - device_list - INFO - device_list.py:241 - Refreshing device data...
2025-09-05 11:46:05,975 - device_list - INFO - device_list.py:261 - Loaded 12 devices from CSV
2025-09-05 11:46:35,969 - device_list - INFO - device_list.py:241 - Refreshing device data...
2025-09-05 11:46:35,972 - device_list - INFO - device_list.py:261 - Loaded 12 devices from CSV
2025-09-05 11:46:39,400 - api_client - WARNING - client.py:80 - Request attempt 1 failed: HTTPConnectionPool(host='127.0.0.1', port=8000): Max retries exceeded with url: /api/ (Caused by NewConnectionError('<urllib3.connection.HTTPConnection object at 0x00000228FB87B020>: Failed to establish a new connection: [WinError 10061] No connection could be made because the target machine actively refused it'))
2025-09-05 11:46:41,424 - api_client - WARNING - client.py:80 - Request attempt 2 failed: HTTPConnectionPool(host='127.0.0.1', port=8000): Max retries exceeded with url: /api/ (Caused by NewConnectionError('<urllib3.connection.HTTPConnection object at 0x00000228FB87BCE0>: Failed to establish a new connection: [WinError 10061] No connection could be made because the target machine actively refused it'))
2025-09-05 11:46:43,487 - api_client - WARNING - client.py:80 - Request attempt 3 failed: HTTPConnectionPool(host='127.0.0.1', port=8000): Max retries exceeded with url: /api/ (Caused by NewConnectionError('<urllib3.connection.HTTPConnection object at 0x00000228FB87BF00>: Failed to establish a new connection: [WinError 10061] No connection could be made because the target machine actively refused it'))
2025-09-05 11:47:05,976 - device_list - INFO - device_list.py:241 - Refreshing device data...
2025-09-05 11:47:05,979 - device_list - INFO - device_list.py:261 - Loaded 12 devices from CSV
2025-09-05 11:47:35,966 - device_list - INFO - device_list.py:241 - Refreshing device data...
2025-09-05 11:47:35,971 - device_list - INFO - device_list.py:261 - Loaded 12 devices from CSV
2025-09-05 11:47:39,387 - api_client - WARNING - client.py:80 - Request attempt 1 failed: HTTPConnectionPool(host='127.0.0.1', port=8000): Max retries exceeded with url: /api/ (Caused by NewConnectionError('<urllib3.connection.HTTPConnection object at 0x00000228FDCB0160>: Failed to establish a new connection: [WinError 10061] No connection could be made because the target machine actively refused it'))
2025-09-05 11:47:41,426 - api_client - WARNING - client.py:80 - Request attempt 2 failed: HTTPConnectionPool(host='127.0.0.1', port=8000): Max retries exceeded with url: /api/ (Caused by NewConnectionError('<urllib3.connection.HTTPConnection object at 0x00000228FDCB0380>: Failed to establish a new connection: [WinError 10061] No connection could be made because the target machine actively refused it'))
2025-09-05 11:47:43,458 - api_client - WARNING - client.py:80 - Request attempt 3 failed: HTTPConnectionPool(host='127.0.0.1', port=8000): Max retries exceeded with url: /api/ (Caused by NewConnectionError('<urllib3.connection.HTTPConnection object at 0x00000228FDCB05A0>: Failed to establish a new connection: [WinError 10061] No connection could be made because the target machine actively refused it'))
2025-09-05 11:48:05,974 - device_list - INFO - device_list.py:241 - Refreshing device data...
2025-09-05 11:48:05,977 - device_list - INFO - device_list.py:261 - Loaded 12 devices from CSV
2025-09-05 11:48:35,972 - device_list - INFO - device_list.py:241 - Refreshing device data...
2025-09-05 11:48:35,975 - device_list - INFO - device_list.py:261 - Loaded 12 devices from CSV
2025-09-05 11:48:39,374 - api_client - WARNING - client.py:80 - Request attempt 1 failed: HTTPConnectionPool(host='127.0.0.1', port=8000): Max retries exceeded with url: /api/ (Caused by NewConnectionError('<urllib3.connection.HTTPConnection object at 0x00000228FDCB07C0>: Failed to establish a new connection: [WinError 10061] No connection could be made because the target machine actively refused it'))
2025-09-05 11:48:41,395 - api_client - WARNING - client.py:80 - Request attempt 2 failed: HTTPConnectionPool(host='127.0.0.1', port=8000): Max retries exceeded with url: /api/ (Caused by NewConnectionError('<urllib3.connection.HTTPConnection object at 0x00000228FDCB09E0>: Failed to establish a new connection: [WinError 10061] No connection could be made because the target machine actively refused it'))
2025-09-05 11:48:43,444 - api_client - WARNING - client.py:80 - Request attempt 3 failed: HTTPConnectionPool(host='127.0.0.1', port=8000): Max retries exceeded with url: /api/ (Caused by NewConnectionError('<urllib3.connection.HTTPConnection object at 0x00000228FDCB0C00>: Failed to establish a new connection: [WinError 10061] No connection could be made because the target machine actively refused it'))
2025-09-05 11:49:05,978 - device_list - INFO - device_list.py:241 - Refreshing device data...
2025-09-05 11:49:05,982 - device_list - INFO - device_list.py:261 - Loaded 12 devices from CSV
2025-09-05 11:49:35,975 - device_list - INFO - device_list.py:241 - Refreshing device data...
2025-09-05 11:49:35,978 - device_list - INFO - device_list.py:261 - Loaded 12 devices from CSV
2025-09-05 11:49:39,361 - api_client - WARNING - client.py:80 - Request attempt 1 failed: HTTPConnectionPool(host='127.0.0.1', port=8000): Max retries exceeded with url: /api/ (Caused by NewConnectionError('<urllib3.connection.HTTPConnection object at 0x00000228FDCB0E20>: Failed to establish a new connection: [WinError 10061] No connection could be made because the target machine actively refused it'))
2025-09-05 11:49:41,398 - api_client - WARNING - client.py:80 - Request attempt 2 failed: HTTPConnectionPool(host='127.0.0.1', port=8000): Max retries exceeded with url: /api/ (Caused by NewConnectionError('<urllib3.connection.HTTPConnection object at 0x00000228FDCB1040>: Failed to establish a new connection: [WinError 10061] No connection could be made because the target machine actively refused it'))
2025-09-05 11:49:43,462 - api_client - WARNING - client.py:80 - Request attempt 3 failed: HTTPConnectionPool(host='127.0.0.1', port=8000): Max retries exceeded with url: /api/ (Caused by NewConnectionError('<urllib3.connection.HTTPConnection object at 0x00000228FDCB1260>: Failed to establish a new connection: [WinError 10061] No connection could be made because the target machine actively refused it'))
2025-09-05 11:50:05,965 - device_list - INFO - device_list.py:241 - Refreshing device data...
2025-09-05 11:50:05,969 - device_list - INFO - device_list.py:261 - Loaded 12 devices from CSV
2025-09-05 11:50:35,978 - device_list - INFO - device_list.py:241 - Refreshing device data...
2025-09-05 11:50:35,981 - device_list - INFO - device_list.py:261 - Loaded 12 devices from CSV
2025-09-05 11:50:39,394 - api_client - WARNING - client.py:80 - Request attempt 1 failed: HTTPConnectionPool(host='127.0.0.1', port=8000): Max retries exceeded with url: /api/ (Caused by NewConnectionError('<urllib3.connection.HTTPConnection object at 0x00000228FDCB1480>: Failed to establish a new connection: [WinError 10061] No connection could be made because the target machine actively refused it'))
2025-09-05 11:50:41,402 - api_client - WARNING - client.py:80 - Request attempt 2 failed: HTTPConnectionPool(host='127.0.0.1', port=8000): Max retries exceeded with url: /api/ (Caused by NewConnectionError('<urllib3.connection.HTTPConnection object at 0x00000228FDCB16A0>: Failed to establish a new connection: [WinError 10061] No connection could be made because the target machine actively refused it'))
2025-09-05 11:50:43,438 - api_client - WARNING - client.py:80 - Request attempt 3 failed: HTTPConnectionPool(host='127.0.0.1', port=8000): Max retries exceeded with url: /api/ (Caused by NewConnectionError('<urllib3.connection.HTTPConnection object at 0x00000228FDCB18C0>: Failed to establish a new connection: [WinError 10061] No connection could be made because the target machine actively refused it'))
2025-09-05 11:51:05,971 - device_list - INFO - device_list.py:241 - Refreshing device data...
2025-09-05 11:51:05,974 - device_list - INFO - device_list.py:261 - Loaded 12 devices from CSV
2025-09-05 11:51:35,977 - device_list - INFO - device_list.py:241 - Refreshing device data...
2025-09-05 11:51:35,979 - device_list - INFO - device_list.py:261 - Loaded 12 devices from CSV
2025-09-05 11:51:39,396 - api_client - WARNING - client.py:80 - Request attempt 1 failed: HTTPConnectionPool(host='127.0.0.1', port=8000): Max retries exceeded with url: /api/ (Caused by NewConnectionError('<urllib3.connection.HTTPConnection object at 0x00000228FDCB1AE0>: Failed to establish a new connection: [WinError 10061] No connection could be made because the target machine actively refused it'))
2025-09-05 11:51:41,436 - api_client - WARNING - client.py:80 - Request attempt 2 failed: HTTPConnectionPool(host='127.0.0.1', port=8000): Max retries exceeded with url: /api/ (Caused by NewConnectionError('<urllib3.connection.HTTPConnection object at 0x00000228FDCB1D00>: Failed to establish a new connection: [WinError 10061] No connection could be made because the target machine actively refused it'))
2025-09-05 11:51:43,484 - api_client - WARNING - client.py:80 - Request attempt 3 failed: HTTPConnectionPool(host='127.0.0.1', port=8000): Max retries exceeded with url: /api/ (Caused by NewConnectionError('<urllib3.connection.HTTPConnection object at 0x00000228FDCB1F20>: Failed to establish a new connection: [WinError 10061] No connection could be made because the target machine actively refused it'))
2025-09-05 11:52:05,970 - device_list - INFO - device_list.py:241 - Refreshing device data...
2025-09-05 11:52:05,975 - device_list - INFO - device_list.py:261 - Loaded 12 devices from CSV
2025-09-05 11:52:35,968 - device_list - INFO - device_list.py:241 - Refreshing device data...
2025-09-05 11:52:35,972 - device_list - INFO - device_list.py:261 - Loaded 12 devices from CSV
2025-09-05 11:52:39,412 - api_client - WARNING - client.py:80 - Request attempt 1 failed: HTTPConnectionPool(host='127.0.0.1', port=8000): Max retries exceeded with url: /api/ (Caused by NewConnectionError('<urllib3.connection.HTTPConnection object at 0x00000228FDCB2140>: Failed to establish a new connection: [WinError 10061] No connection could be made because the target machine actively refused it'))
2025-09-05 11:52:41,438 - api_client - WARNING - client.py:80 - Request attempt 2 failed: HTTPConnectionPool(host='127.0.0.1', port=8000): Max retries exceeded with url: /api/ (Caused by NewConnectionError('<urllib3.connection.HTTPConnection object at 0x00000228FDCB2360>: Failed to establish a new connection: [WinError 10061] No connection could be made because the target machine actively refused it'))
2025-09-05 11:52:43,471 - api_client - WARNING - client.py:80 - Request attempt 3 failed: HTTPConnectionPool(host='127.0.0.1', port=8000): Max retries exceeded with url: /api/ (Caused by NewConnectionError('<urllib3.connection.HTTPConnection object at 0x00000228FDCB2580>: Failed to establish a new connection: [WinError 10061] No connection could be made because the target machine actively refused it'))
2025-09-05 11:53:05,974 - device_list - INFO - device_list.py:241 - Refreshing device data...
2025-09-05 11:53:05,977 - device_list - INFO - device_list.py:261 - Loaded 12 devices from CSV
2025-09-05 11:53:35,969 - device_list - INFO - device_list.py:241 - Refreshing device data...
2025-09-05 11:53:35,974 - device_list - INFO - device_list.py:261 - Loaded 12 devices from CSV
2025-09-05 11:53:39,400 - api_client - WARNING - client.py:80 - Request attempt 1 failed: HTTPConnectionPool(host='127.0.0.1', port=8000): Max retries exceeded with url: /api/ (Caused by NewConnectionError('<urllib3.connection.HTTPConnection object at 0x00000228FB87BCE0>: Failed to establish a new connection: [WinError 10061] No connection could be made because the target machine actively refused it'))
2025-09-05 11:53:41,440 - api_client - WARNING - client.py:80 - Request attempt 2 failed: HTTPConnectionPool(host='127.0.0.1', port=8000): Max retries exceeded with url: /api/ (Caused by NewConnectionError('<urllib3.connection.HTTPConnection object at 0x00000228FB87B020>: Failed to establish a new connection: [WinError 10061] No connection could be made because the target machine actively refused it'))
2025-09-05 11:53:43,458 - api_client - WARNING - client.py:80 - Request attempt 3 failed: HTTPConnectionPool(host='127.0.0.1', port=8000): Max retries exceeded with url: /api/ (Caused by NewConnectionError('<urllib3.connection.HTTPConnection object at 0x00000228FB87B240>: Failed to establish a new connection: [WinError 10061] No connection could be made because the target machine actively refused it'))
2025-09-05 11:54:05,973 - device_list - INFO - device_list.py:241 - Refreshing device data...
2025-09-05 11:54:05,976 - device_list - INFO - device_list.py:261 - Loaded 12 devices from CSV
2025-09-05 11:54:35,971 - device_list - INFO - device_list.py:241 - Refreshing device data...
2025-09-05 11:54:35,974 - device_list - INFO - device_list.py:261 - Loaded 12 devices from CSV
2025-09-05 11:54:39,403 - api_client - WARNING - client.py:80 - Request attempt 1 failed: HTTPConnectionPool(host='127.0.0.1', port=8000): Max retries exceeded with url: /api/ (Caused by NewConnectionError('<urllib3.connection.HTTPConnection object at 0x00000228FB87B460>: Failed to establish a new connection: [WinError 10061] No connection could be made because the target machine actively refused it'))
2025-09-05 11:54:41,442 - api_client - WARNING - client.py:80 - Request attempt 2 failed: HTTPConnectionPool(host='127.0.0.1', port=8000): Max retries exceeded with url: /api/ (Caused by NewConnectionError('<urllib3.connection.HTTPConnection object at 0x00000228FB87B570>: Failed to establish a new connection: [WinError 10061] No connection could be made because the target machine actively refused it'))
2025-09-05 11:54:43,491 - api_client - WARNING - client.py:80 - Request attempt 3 failed: HTTPConnectionPool(host='127.0.0.1', port=8000): Max retries exceeded with url: /api/ (Caused by NewConnectionError('<urllib3.connection.HTTPConnection object at 0x00000228FB87B680>: Failed to establish a new connection: [WinError 10061] No connection could be made because the target machine actively refused it'))
2025-09-05 11:55:05,978 - device_list - INFO - device_list.py:241 - Refreshing device data...
2025-09-05 11:55:05,980 - device_list - INFO - device_list.py:261 - Loaded 12 devices from CSV
2025-09-05 11:55:35,973 - device_list - INFO - device_list.py:241 - Refreshing device data...
2025-09-05 11:55:35,978 - device_list - INFO - device_list.py:261 - Loaded 12 devices from CSV
2025-09-05 11:55:39,405 - api_client - WARNING - client.py:80 - Request attempt 1 failed: HTTPConnectionPool(host='127.0.0.1', port=8000): Max retries exceeded with url: /api/ (Caused by NewConnectionError('<urllib3.connection.HTTPConnection object at 0x00000228FB87BAC0>: Failed to establish a new connection: [WinError 10061] No connection could be made because the target machine actively refused it'))
2025-09-05 11:55:41,428 - api_client - WARNING - client.py:80 - Request attempt 2 failed: HTTPConnectionPool(host='127.0.0.1', port=8000): Max retries exceeded with url: /api/ (Caused by NewConnectionError('<urllib3.connection.HTTPConnection object at 0x00000228FDCB2360>: Failed to establish a new connection: [WinError 10061] No connection could be made because the target machine actively refused it'))
2025-09-05 11:55:43,492 - api_client - WARNING - client.py:80 - Request attempt 3 failed: HTTPConnectionPool(host='127.0.0.1', port=8000): Max retries exceeded with url: /api/ (Caused by NewConnectionError('<urllib3.connection.HTTPConnection object at 0x00000228FDCB2140>: Failed to establish a new connection: [WinError 10061] No connection could be made because the target machine actively refused it'))
2025-09-05 11:56:05,964 - device_list - INFO - device_list.py:241 - Refreshing device data...
2025-09-05 11:56:05,967 - device_list - INFO - device_list.py:261 - Loaded 12 devices from CSV
2025-09-05 11:56:35,975 - device_list - INFO - device_list.py:241 - Refreshing device data...
2025-09-05 11:56:35,977 - device_list - INFO - device_list.py:261 - Loaded 12 devices from CSV
2025-09-05 11:56:39,376 - api_client - WARNING - client.py:80 - Request attempt 1 failed: HTTPConnectionPool(host='127.0.0.1', port=8000): Max retries exceeded with url: /api/ (Caused by NewConnectionError('<urllib3.connection.HTTPConnection object at 0x00000228FDCB1F20>: Failed to establish a new connection: [WinError 10061] No connection could be made because the target machine actively refused it'))
2025-09-05 11:56:41,415 - api_client - WARNING - client.py:80 - Request attempt 2 failed: HTTPConnectionPool(host='127.0.0.1', port=8000): Max retries exceeded with url: /api/ (Caused by NewConnectionError('<urllib3.connection.HTTPConnection object at 0x00000228FDCB1D00>: Failed to establish a new connection: [WinError 10061] No connection could be made because the target machine actively refused it'))
2025-09-05 11:56:43,462 - api_client - WARNING - client.py:80 - Request attempt 3 failed: HTTPConnectionPool(host='127.0.0.1', port=8000): Max retries exceeded with url: /api/ (Caused by NewConnectionError('<urllib3.connection.HTTPConnection object at 0x00000228FDCB1AE0>: Failed to establish a new connection: [WinError 10061] No connection could be made because the target machine actively refused it'))
2025-09-05 11:57:05,964 - device_list - INFO - device_list.py:241 - Refreshing device data...
2025-09-05 11:57:05,967 - device_list - INFO - device_list.py:261 - Loaded 12 devices from CSV
2025-09-05 11:57:35,978 - device_list - INFO - device_list.py:241 - Refreshing device data...
2025-09-05 11:57:35,981 - device_list - INFO - device_list.py:261 - Loaded 12 devices from CSV
2025-09-05 11:57:39,379 - api_client - WARNING - client.py:80 - Request attempt 1 failed: HTTPConnectionPool(host='127.0.0.1', port=8000): Max retries exceeded with url: /api/ (Caused by NewConnectionError('<urllib3.connection.HTTPConnection object at 0x00000228FDCB18C0>: Failed to establish a new connection: [WinError 10061] No connection could be made because the target machine actively refused it'))
2025-09-05 11:57:41,417 - api_client - WARNING - client.py:80 - Request attempt 2 failed: HTTPConnectionPool(host='127.0.0.1', port=8000): Max retries exceeded with url: /api/ (Caused by NewConnectionError('<urllib3.connection.HTTPConnection object at 0x00000228FDCB16A0>: Failed to establish a new connection: [WinError 10061] No connection could be made because the target machine actively refused it'))
2025-09-05 11:57:43,449 - api_client - WARNING - client.py:80 - Request attempt 3 failed: HTTPConnectionPool(host='127.0.0.1', port=8000): Max retries exceeded with url: /api/ (Caused by NewConnectionError('<urllib3.connection.HTTPConnection object at 0x00000228FDCB1480>: Failed to establish a new connection: [WinError 10061] No connection could be made because the target machine actively refused it'))
2025-09-05 11:58:05,967 - device_list - INFO - device_list.py:241 - Refreshing device data...
2025-09-05 11:58:05,972 - device_list - INFO - device_list.py:261 - Loaded 12 devices from CSV
2025-09-05 11:58:35,970 - device_list - INFO - device_list.py:241 - Refreshing device data...
2025-09-05 11:58:35,974 - device_list - INFO - device_list.py:261 - Loaded 12 devices from CSV
2025-09-05 11:58:39,394 - api_client - WARNING - client.py:80 - Request attempt 1 failed: HTTPConnectionPool(host='127.0.0.1', port=8000): Max retries exceeded with url: /api/ (Caused by NewConnectionError('<urllib3.connection.HTTPConnection object at 0x00000228FDCB1260>: Failed to establish a new connection: [WinError 10061] No connection could be made because the target machine actively refused it'))
2025-09-05 11:58:41,418 - api_client - WARNING - client.py:80 - Request attempt 2 failed: HTTPConnectionPool(host='127.0.0.1', port=8000): Max retries exceeded with url: /api/ (Caused by NewConnectionError('<urllib3.connection.HTTPConnection object at 0x00000228FDCB1040>: Failed to establish a new connection: [WinError 10061] No connection could be made because the target machine actively refused it'))
2025-09-05 11:58:43,437 - api_client - WARNING - client.py:80 - Request attempt 3 failed: HTTPConnectionPool(host='127.0.0.1', port=8000): Max retries exceeded with url: /api/ (Caused by NewConnectionError('<urllib3.connection.HTTPConnection object at 0x00000228FDCB0E20>: Failed to establish a new connection: [WinError 10061] No connection could be made because the target machine actively refused it'))
2025-09-05 11:58:51,576 - main_window - INFO - main_window.py:385 - Application closing
2025-09-05 11:59:31,655 - warehouse_app - INFO - main.py:30 - Starting Warehouse Management System v1.0.0
2025-09-05 11:59:33,707 - main_window - INFO - main_window.py:121 - Dashboard widget loaded successfully
2025-09-05 11:59:33,747 - device_list - INFO - device_list.py:241 - Refreshing device data...
2025-09-05 11:59:33,755 - device_list - INFO - device_list.py:261 - Loaded 12 devices from CSV
2025-09-05 11:59:33,776 - main_window - INFO - main_window.py:131 - Device Management widget loaded successfully
2025-09-05 11:59:34,053 - main_window - INFO - main_window.py:142 - Task Creation widget loaded successfully
2025-09-05 11:59:34,158 - main_window - INFO - main_window.py:153 - Task Monitor widget loaded successfully
2025-09-05 11:59:34,263 - user_management - INFO - user_management.py:581 - Refreshing user data...
2025-09-05 11:59:34,267 - user_management - INFO - user_management.py:603 - Loaded 12 users from CSV
2025-09-05 11:59:34,318 - main_window - INFO - main_window.py:163 - User Management widget loaded successfully
2025-09-05 11:59:35,628 - map_management - INFO - map_management.py:53 - Map Management widget initialized
2025-09-05 11:59:35,878 - main_window - INFO - main_window.py:175 - Map Management widget loaded successfully
2025-09-05 11:59:35,913 - main_window - INFO - main_window.py:187 - Robot Tracking widget loaded successfully
2025-09-05 11:59:37,950 - api_client - WARNING - client.py:80 - Request attempt 1 failed: HTTPConnectionPool(host='127.0.0.1', port=8000): Max retries exceeded with url: /api/ (Caused by NewConnectionError('<urllib3.connection.HTTPConnection object at 0x000002AEBC6863C0>: Failed to establish a new connection: [WinError 10061] No connection could be made because the target machine actively refused it'))
2025-09-05 11:59:39,993 - api_client - WARNING - client.py:80 - Request attempt 2 failed: HTTPConnectionPool(host='127.0.0.1', port=8000): Max retries exceeded with url: /api/ (Caused by NewConnectionError('<urllib3.connection.HTTPConnection object at 0x000002AEBC5D7110>: Failed to establish a new connection: [WinError 10061] No connection could be made because the target machine actively refused it'))
2025-09-05 11:59:42,030 - api_client - WARNING - client.py:80 - Request attempt 3 failed: HTTPConnectionPool(host='127.0.0.1', port=8000): Max retries exceeded with url: /api/ (Caused by NewConnectionError('<urllib3.connection.HTTPConnection object at 0x000002AEBC5D7610>: Failed to establish a new connection: [WinError 10061] No connection could be made because the target machine actively refused it'))
2025-09-05 11:59:42,031 - warehouse_app - INFO - main.py:46 - Main window created successfully
2025-09-05 11:59:42,156 - warehouse_app - INFO - main.py:154 - Application started successfully
2025-09-05 11:59:44,375 - main_window - INFO - main_window.py:296 - Refreshed data for Robot Tracking
2025-09-05 11:59:49,050 - main_window - INFO - main_window.py:385 - Application closing
2025-09-05 12:10:43,352 - warehouse_app - INFO - main.py:30 - Starting Warehouse Management System v1.0.0
2025-09-05 12:10:45,046 - main_window - INFO - main_window.py:121 - Dashboard widget loaded successfully
2025-09-05 12:10:45,099 - device_list - INFO - device_list.py:241 - Refreshing device data...
2025-09-05 12:10:45,104 - device_list - INFO - device_list.py:261 - Loaded 12 devices from CSV
2025-09-05 12:10:45,131 - main_window - INFO - main_window.py:131 - Device Management widget loaded successfully
2025-09-05 12:10:45,386 - main_window - INFO - main_window.py:142 - Task Creation widget loaded successfully
2025-09-05 12:10:45,463 - main_window - INFO - main_window.py:153 - Task Monitor widget loaded successfully
2025-09-05 12:10:45,527 - user_management - INFO - user_management.py:581 - Refreshing user data...
2025-09-05 12:10:45,530 - user_management - INFO - user_management.py:603 - Loaded 12 users from CSV
2025-09-05 12:10:45,558 - main_window - INFO - main_window.py:163 - User Management widget loaded successfully
2025-09-05 12:10:46,439 - map_management - INFO - map_management.py:53 - Map Management widget initialized
2025-09-05 12:10:46,720 - main_window - INFO - main_window.py:175 - Map Management widget loaded successfully
2025-09-05 12:10:48,846 - api_client - WARNING - client.py:80 - Request attempt 1 failed: HTTPConnectionPool(host='127.0.0.1', port=8000): Max retries exceeded with url: /api/ (Caused by NewConnectionError('<urllib3.connection.HTTPConnection object at 0x000002555DFC63C0>: Failed to establish a new connection: [WinError 10061] No connection could be made because the target machine actively refused it'))
2025-09-05 12:10:50,880 - api_client - WARNING - client.py:80 - Request attempt 2 failed: HTTPConnectionPool(host='127.0.0.1', port=8000): Max retries exceeded with url: /api/ (Caused by NewConnectionError('<urllib3.connection.HTTPConnection object at 0x000002555DF92D50>: Failed to establish a new connection: [WinError 10061] No connection could be made because the target machine actively refused it'))
2025-09-05 12:10:52,912 - api_client - WARNING - client.py:80 - Request attempt 3 failed: HTTPConnectionPool(host='127.0.0.1', port=8000): Max retries exceeded with url: /api/ (Caused by NewConnectionError('<urllib3.connection.HTTPConnection object at 0x000002555DF93250>: Failed to establish a new connection: [WinError 10061] No connection could be made because the target machine actively refused it'))
2025-09-05 12:10:52,913 - warehouse_app - INFO - main.py:46 - Main window created successfully
2025-09-05 12:10:53,010 - warehouse_app - INFO - main.py:154 - Application started successfully
2025-09-05 12:10:55,836 - main_window - INFO - main_window.py:284 - Refreshed data for Task Monitor
2025-09-05 12:11:15,100 - device_list - INFO - device_list.py:241 - Refreshing device data...
2025-09-05 12:11:15,105 - device_list - INFO - device_list.py:261 - Loaded 12 devices from CSV
2025-09-05 12:11:20,416 - main_window - INFO - main_window.py:373 - Application closing
2025-09-05 12:13:29,907 - warehouse_app - INFO - main.py:30 - Starting Warehouse Management System v1.0.0
2025-09-05 12:13:31,579 - main_window - INFO - main_window.py:121 - Dashboard widget loaded successfully
2025-09-05 12:13:31,634 - device_list - INFO - device_list.py:241 - Refreshing device data...
2025-09-05 12:13:31,639 - device_list - INFO - device_list.py:261 - Loaded 12 devices from CSV
2025-09-05 12:13:31,660 - main_window - INFO - main_window.py:131 - Device Management widget loaded successfully
2025-09-05 12:13:31,944 - main_window - INFO - main_window.py:142 - Task Creation widget loaded successfully
2025-09-05 12:13:32,024 - main_window - INFO - main_window.py:153 - Task Monitor widget loaded successfully
2025-09-05 12:13:32,101 - user_management - INFO - user_management.py:581 - Refreshing user data...
2025-09-05 12:13:32,104 - user_management - INFO - user_management.py:603 - Loaded 12 users from CSV
2025-09-05 12:13:32,129 - main_window - INFO - main_window.py:163 - User Management widget loaded successfully
2025-09-05 12:13:33,142 - map_management - INFO - map_management.py:53 - Map Management widget initialized
2025-09-05 12:13:33,412 - main_window - INFO - main_window.py:175 - Map Management widget loaded successfully
2025-09-05 12:13:35,460 - api_client - WARNING - client.py:80 - Request attempt 1 failed: HTTPConnectionPool(host='127.0.0.1', port=8000): Max retries exceeded with url: /api/ (Caused by NewConnectionError('<urllib3.connection.HTTPConnection object at 0x000002DB2F9CA120>: Failed to establish a new connection: [WinError 10061] No connection could be made because the target machine actively refused it'))
2025-09-05 12:13:37,492 - api_client - WARNING - client.py:80 - Request attempt 2 failed: HTTPConnectionPool(host='127.0.0.1', port=8000): Max retries exceeded with url: /api/ (Caused by NewConnectionError('<urllib3.connection.HTTPConnection object at 0x000002DB2F916FD0>: Failed to establish a new connection: [WinError 10061] No connection could be made because the target machine actively refused it'))
2025-09-05 12:13:39,530 - api_client - WARNING - client.py:80 - Request attempt 3 failed: HTTPConnectionPool(host='127.0.0.1', port=8000): Max retries exceeded with url: /api/ (Caused by NewConnectionError('<urllib3.connection.HTTPConnection object at 0x000002DB2F9174D0>: Failed to establish a new connection: [WinError 10061] No connection could be made because the target machine actively refused it'))
2025-09-05 12:13:39,532 - warehouse_app - INFO - main.py:46 - Main window created successfully
2025-09-05 12:13:39,628 - warehouse_app - INFO - main.py:154 - Application started successfully
2025-09-05 12:13:42,194 - main_window - INFO - main_window.py:284 - Refreshed data for Task Monitor
2025-09-05 12:14:01,622 - device_list - INFO - device_list.py:241 - Refreshing device data...
2025-09-05 12:14:01,625 - device_list - INFO - device_list.py:261 - Loaded 12 devices from CSV
2025-09-05 12:14:31,622 - device_list - INFO - device_list.py:241 - Refreshing device data...
2025-09-05 12:14:31,627 - device_list - INFO - device_list.py:261 - Loaded 12 devices from CSV
2025-09-05 12:14:35,438 - api_client - WARNING - client.py:80 - Request attempt 1 failed: HTTPConnectionPool(host='127.0.0.1', port=8000): Max retries exceeded with url: /api/ (Caused by NewConnectionError('<urllib3.connection.HTTPConnection object at 0x000002DB2F6F9E00>: Failed to establish a new connection: [WinError 10061] No connection could be made because the target machine actively refused it'))
2025-09-05 12:14:37,472 - api_client - WARNING - client.py:80 - Request attempt 2 failed: HTTPConnectionPool(host='127.0.0.1', port=8000): Max retries exceeded with url: /api/ (Caused by NewConnectionError('<urllib3.connection.HTTPConnection object at 0x000002DB31DAC180>: Failed to establish a new connection: [WinError 10061] No connection could be made because the target machine actively refused it'))
2025-09-05 12:14:39,493 - api_client - WARNING - client.py:80 - Request attempt 3 failed: HTTPConnectionPool(host='127.0.0.1', port=8000): Max retries exceeded with url: /api/ (Caused by NewConnectionError('<urllib3.connection.HTTPConnection object at 0x000002DB2F9CCA70>: Failed to establish a new connection: [WinError 10061] No connection could be made because the target machine actively refused it'))
2025-09-05 12:15:01,631 - device_list - INFO - device_list.py:241 - Refreshing device data...
2025-09-05 12:15:01,635 - device_list - INFO - device_list.py:261 - Loaded 12 devices from CSV
2025-09-05 12:15:31,620 - device_list - INFO - device_list.py:241 - Refreshing device data...
2025-09-05 12:15:31,623 - device_list - INFO - device_list.py:261 - Loaded 12 devices from CSV
2025-09-05 12:15:35,446 - api_client - WARNING - client.py:80 - Request attempt 1 failed: HTTPConnectionPool(host='127.0.0.1', port=8000): Max retries exceeded with url: /api/ (Caused by NewConnectionError('<urllib3.connection.HTTPConnection object at 0x000002DB2F96BDF0>: Failed to establish a new connection: [WinError 10061] No connection could be made because the target machine actively refused it'))
2025-09-05 12:15:37,493 - api_client - WARNING - client.py:80 - Request attempt 2 failed: HTTPConnectionPool(host='127.0.0.1', port=8000): Max retries exceeded with url: /api/ (Caused by NewConnectionError('<urllib3.connection.HTTPConnection object at 0x000002DB31D98270>: Failed to establish a new connection: [WinError 10061] No connection could be made because the target machine actively refused it'))
2025-09-05 12:15:39,542 - api_client - WARNING - client.py:80 - Request attempt 3 failed: HTTPConnectionPool(host='127.0.0.1', port=8000): Max retries exceeded with url: /api/ (Caused by NewConnectionError('<urllib3.connection.HTTPConnection object at 0x000002DB31D98490>: Failed to establish a new connection: [WinError 10061] No connection could be made because the target machine actively refused it'))
2025-09-05 12:16:01,633 - device_list - INFO - device_list.py:241 - Refreshing device data...
2025-09-05 12:16:01,637 - device_list - INFO - device_list.py:261 - Loaded 12 devices from CSV
2025-09-05 12:16:31,627 - device_list - INFO - device_list.py:241 - Refreshing device data...
2025-09-05 12:16:31,636 - device_list - INFO - device_list.py:261 - Loaded 12 devices from CSV
2025-09-05 12:16:35,434 - api_client - WARNING - client.py:80 - Request attempt 1 failed: HTTPConnectionPool(host='127.0.0.1', port=8000): Max retries exceeded with url: /api/ (Caused by NewConnectionError('<urllib3.connection.HTTPConnection object at 0x000002DB31D986B0>: Failed to establish a new connection: [WinError 10061] No connection could be made because the target machine actively refused it'))
2025-09-05 12:16:37,447 - api_client - WARNING - client.py:80 - Request attempt 2 failed: HTTPConnectionPool(host='127.0.0.1', port=8000): Max retries exceeded with url: /api/ (Caused by NewConnectionError('<urllib3.connection.HTTPConnection object at 0x000002DB31D988D0>: Failed to establish a new connection: [WinError 10061] No connection could be made because the target machine actively refused it'))
2025-09-05 12:16:39,475 - api_client - WARNING - client.py:80 - Request attempt 3 failed: HTTPConnectionPool(host='127.0.0.1', port=8000): Max retries exceeded with url: /api/ (Caused by NewConnectionError('<urllib3.connection.HTTPConnection object at 0x000002DB2F96BCE0>: Failed to establish a new connection: [WinError 10061] No connection could be made because the target machine actively refused it'))
2025-09-05 12:16:49,313 - main_window - INFO - main_window.py:284 - Refreshed data for Create Task
2025-09-05 12:17:01,625 - device_list - INFO - device_list.py:241 - Refreshing device data...
2025-09-05 12:17:01,629 - device_list - INFO - device_list.py:261 - Loaded 12 devices from CSV
2025-09-05 12:17:10,793 - csv_handler - INFO - csv_handler.py:180 - Successfully appended row to tasks CSV with ID: 38
2025-09-05 12:17:10,794 - task_creation - INFO - task_creation.py:952 - Successfully created task: TASK0038
2025-09-05 12:17:13,920 - main_window - INFO - main_window.py:284 - Refreshed data for Task Monitor
2025-09-05 12:17:45,095 - warehouse_app - INFO - main.py:30 - Starting Warehouse Management System v1.0.0
2025-09-05 12:17:46,812 - main_window - INFO - main_window.py:121 - Dashboard widget loaded successfully
2025-09-05 12:17:46,868 - device_list - INFO - device_list.py:241 - Refreshing device data...
2025-09-05 12:17:46,871 - device_list - INFO - device_list.py:261 - Loaded 12 devices from CSV
2025-09-05 12:17:46,886 - main_window - INFO - main_window.py:131 - Device Management widget loaded successfully
2025-09-05 12:17:47,138 - main_window - INFO - main_window.py:142 - Task Creation widget loaded successfully
2025-09-05 12:17:47,226 - main_window - INFO - main_window.py:153 - Task Monitor widget loaded successfully
2025-09-05 12:17:47,297 - user_management - INFO - user_management.py:581 - Refreshing user data...
2025-09-05 12:17:47,302 - user_management - INFO - user_management.py:603 - Loaded 12 users from CSV
2025-09-05 12:17:47,326 - main_window - INFO - main_window.py:163 - User Management widget loaded successfully
2025-09-05 12:17:48,320 - map_management - INFO - map_management.py:53 - Map Management widget initialized
2025-09-05 12:17:48,501 - main_window - INFO - main_window.py:175 - Map Management widget loaded successfully
2025-09-05 12:17:50,539 - api_client - WARNING - client.py:80 - Request attempt 1 failed: HTTPConnectionPool(host='127.0.0.1', port=8000): Max retries exceeded with url: /api/ (Caused by NewConnectionError('<urllib3.connection.HTTPConnection object at 0x00000233CEE6A120>: Failed to establish a new connection: [WinError 10061] No connection could be made because the target machine actively refused it'))
2025-09-05 12:17:52,574 - api_client - WARNING - client.py:80 - Request attempt 2 failed: HTTPConnectionPool(host='127.0.0.1', port=8000): Max retries exceeded with url: /api/ (Caused by NewConnectionError('<urllib3.connection.HTTPConnection object at 0x00000233CEDB6FD0>: Failed to establish a new connection: [WinError 10061] No connection could be made because the target machine actively refused it'))
2025-09-05 12:17:54,613 - api_client - WARNING - client.py:80 - Request attempt 3 failed: HTTPConnectionPool(host='127.0.0.1', port=8000): Max retries exceeded with url: /api/ (Caused by NewConnectionError('<urllib3.connection.HTTPConnection object at 0x00000233CEDB74D0>: Failed to establish a new connection: [WinError 10061] No connection could be made because the target machine actively refused it'))
2025-09-05 12:17:54,615 - warehouse_app - INFO - main.py:46 - Main window created successfully
2025-09-05 12:17:54,703 - warehouse_app - INFO - main.py:154 - Application started successfully
2025-09-05 12:17:57,655 - main_window - INFO - main_window.py:284 - Refreshed data for Task Monitor
2025-09-05 12:18:07,758 - warehouse_app - INFO - main.py:30 - Starting Warehouse Management System v1.0.0
2025-09-05 12:18:09,429 - main_window - INFO - main_window.py:121 - Dashboard widget loaded successfully
2025-09-05 12:18:09,492 - device_list - INFO - device_list.py:241 - Refreshing device data...
2025-09-05 12:18:09,495 - device_list - INFO - device_list.py:261 - Loaded 12 devices from CSV
2025-09-05 12:18:09,521 - main_window - INFO - main_window.py:131 - Device Management widget loaded successfully
2025-09-05 12:18:09,792 - main_window - INFO - main_window.py:142 - Task Creation widget loaded successfully
2025-09-05 12:18:09,873 - main_window - INFO - main_window.py:153 - Task Monitor widget loaded successfully
2025-09-05 12:18:09,955 - user_management - INFO - user_management.py:581 - Refreshing user data...
2025-09-05 12:18:09,958 - user_management - INFO - user_management.py:603 - Loaded 12 users from CSV
2025-09-05 12:18:09,983 - main_window - INFO - main_window.py:163 - User Management widget loaded successfully
2025-09-05 12:18:10,963 - map_management - INFO - map_management.py:53 - Map Management widget initialized
2025-09-05 12:18:11,185 - main_window - INFO - main_window.py:175 - Map Management widget loaded successfully
2025-09-05 12:18:13,233 - api_client - WARNING - client.py:80 - Request attempt 1 failed: HTTPConnectionPool(host='127.0.0.1', port=8000): Max retries exceeded with url: /api/ (Caused by NewConnectionError('<urllib3.connection.HTTPConnection object at 0x000002408A06A120>: Failed to establish a new connection: [WinError 10061] No connection could be made because the target machine actively refused it'))
2025-09-05 12:18:15,266 - api_client - WARNING - client.py:80 - Request attempt 2 failed: HTTPConnectionPool(host='127.0.0.1', port=8000): Max retries exceeded with url: /api/ (Caused by NewConnectionError('<urllib3.connection.HTTPConnection object at 0x0000024089FB6FD0>: Failed to establish a new connection: [WinError 10061] No connection could be made because the target machine actively refused it'))
2025-09-05 12:18:17,296 - api_client - WARNING - client.py:80 - Request attempt 3 failed: HTTPConnectionPool(host='127.0.0.1', port=8000): Max retries exceeded with url: /api/ (Caused by NewConnectionError('<urllib3.connection.HTTPConnection object at 0x0000024089FB74D0>: Failed to establish a new connection: [WinError 10061] No connection could be made because the target machine actively refused it'))
2025-09-05 12:18:17,297 - warehouse_app - INFO - main.py:46 - Main window created successfully
2025-09-05 12:18:17,387 - warehouse_app - INFO - main.py:154 - Application started successfully
2025-09-05 12:18:23,134 - main_window - INFO - main_window.py:284 - Refreshed data for Task Monitor
2025-09-05 12:18:34,180 - main_window - INFO - main_window.py:284 - Refreshed data for Create Task
2025-09-05 12:18:39,489 - device_list - INFO - device_list.py:241 - Refreshing device data...
2025-09-05 12:18:39,492 - device_list - INFO - device_list.py:261 - Loaded 12 devices from CSV
2025-09-05 12:19:04,008 - csv_handler - INFO - csv_handler.py:180 - Successfully appended row to tasks CSV with ID: 39
2025-09-05 12:19:04,009 - task_creation - INFO - task_creation.py:952 - Successfully created task: TASK0039
2025-09-05 12:19:06,933 - main_window - INFO - main_window.py:284 - Refreshed data for Task Monitor
2025-09-05 12:19:09,480 - device_list - INFO - device_list.py:241 - Refreshing device data...
2025-09-05 12:19:09,484 - device_list - INFO - device_list.py:261 - Loaded 12 devices from CSV
2025-09-05 12:19:13,214 - api_client - WARNING - client.py:80 - Request attempt 1 failed: HTTPConnectionPool(host='127.0.0.1', port=8000): Max retries exceeded with url: /api/ (Caused by NewConnectionError('<urllib3.connection.HTTPConnection object at 0x0000024089D8B950>: Failed to establish a new connection: [WinError 10061] No connection could be made because the target machine actively refused it'))
2025-09-05 12:19:15,243 - api_client - WARNING - client.py:80 - Request attempt 2 failed: HTTPConnectionPool(host='127.0.0.1', port=8000): Max retries exceeded with url: /api/ (Caused by NewConnectionError('<urllib3.connection.HTTPConnection object at 0x0000024089D8BCE0>: Failed to establish a new connection: [WinError 10061] No connection could be made because the target machine actively refused it'))
2025-09-05 12:19:17,291 - api_client - WARNING - client.py:80 - Request attempt 3 failed: HTTPConnectionPool(host='127.0.0.1', port=8000): Max retries exceeded with url: /api/ (Caused by NewConnectionError('<urllib3.connection.HTTPConnection object at 0x000002408A06CA70>: Failed to establish a new connection: [WinError 10061] No connection could be made because the target machine actively refused it'))
2025-09-05 12:19:22,867 - main_window - INFO - main_window.py:284 - Refreshed data for Create Task
2025-09-05 12:19:34,962 - csv_handler - INFO - csv_handler.py:180 - Successfully appended row to tasks CSV with ID: 40
2025-09-05 12:19:34,963 - task_creation - INFO - task_creation.py:952 - Successfully created task: TASK0040
2025-09-05 12:19:37,885 - main_window - INFO - main_window.py:284 - Refreshed data for Task Monitor
2025-09-05 12:19:39,486 - device_list - INFO - device_list.py:241 - Refreshing device data...
2025-09-05 12:19:39,489 - device_list - INFO - device_list.py:261 - Loaded 12 devices from CSV
2025-09-05 12:20:11,919 - warehouse_app - INFO - main.py:30 - Starting Warehouse Management System v1.0.0
2025-09-05 12:20:13,651 - main_window - INFO - main_window.py:121 - Dashboard widget loaded successfully
2025-09-05 12:20:13,709 - device_list - INFO - device_list.py:241 - Refreshing device data...
2025-09-05 12:20:13,712 - device_list - INFO - device_list.py:261 - Loaded 12 devices from CSV
2025-09-05 12:20:13,733 - main_window - INFO - main_window.py:131 - Device Management widget loaded successfully
2025-09-05 12:20:13,973 - main_window - INFO - main_window.py:142 - Task Creation widget loaded successfully
2025-09-05 12:20:14,057 - main_window - INFO - main_window.py:153 - Task Monitor widget loaded successfully
2025-09-05 12:20:14,130 - user_management - INFO - user_management.py:581 - Refreshing user data...
2025-09-05 12:20:14,134 - user_management - INFO - user_management.py:603 - Loaded 12 users from CSV
2025-09-05 12:20:14,162 - main_window - INFO - main_window.py:163 - User Management widget loaded successfully
2025-09-05 12:20:15,158 - map_management - INFO - map_management.py:53 - Map Management widget initialized
2025-09-05 12:20:15,368 - main_window - INFO - main_window.py:175 - Map Management widget loaded successfully
2025-09-05 12:20:17,417 - api_client - WARNING - client.py:80 - Request attempt 1 failed: HTTPConnectionPool(host='127.0.0.1', port=8000): Max retries exceeded with url: /api/ (Caused by NewConnectionError('<urllib3.connection.HTTPConnection object at 0x000001F08039A120>: Failed to establish a new connection: [WinError 10061] No connection could be made because the target machine actively refused it'))
2025-09-05 12:20:19,448 - api_client - WARNING - client.py:80 - Request attempt 2 failed: HTTPConnectionPool(host='127.0.0.1', port=8000): Max retries exceeded with url: /api/ (Caused by NewConnectionError('<urllib3.connection.HTTPConnection object at 0x000001F0802E6FD0>: Failed to establish a new connection: [WinError 10061] No connection could be made because the target machine actively refused it'))
2025-09-05 12:20:21,486 - api_client - WARNING - client.py:80 - Request attempt 3 failed: HTTPConnectionPool(host='127.0.0.1', port=8000): Max retries exceeded with url: /api/ (Caused by NewConnectionError('<urllib3.connection.HTTPConnection object at 0x000001F0802E74D0>: Failed to establish a new connection: [WinError 10061] No connection could be made because the target machine actively refused it'))
2025-09-05 12:20:21,487 - warehouse_app - INFO - main.py:46 - Main window created successfully
2025-09-05 12:20:21,581 - warehouse_app - INFO - main.py:154 - Application started successfully
2025-09-05 12:20:24,081 - main_window - INFO - main_window.py:284 - Refreshed data for Task Monitor
2025-09-05 12:20:43,703 - device_list - INFO - device_list.py:241 - Refreshing device data...
2025-09-05 12:20:43,706 - device_list - INFO - device_list.py:261 - Loaded 12 devices from CSV
2025-09-05 12:22:31,260 - warehouse_app - INFO - main.py:30 - Starting Warehouse Management System v1.0.0
2025-09-05 12:22:33,006 - main_window - INFO - main_window.py:121 - Dashboard widget loaded successfully
2025-09-05 12:22:33,064 - device_list - INFO - device_list.py:241 - Refreshing device data...
2025-09-05 12:22:33,067 - device_list - INFO - device_list.py:261 - Loaded 12 devices from CSV
2025-09-05 12:22:33,086 - main_window - INFO - main_window.py:131 - Device Management widget loaded successfully
2025-09-05 12:22:33,363 - main_window - INFO - main_window.py:142 - Task Creation widget loaded successfully
2025-09-05 12:22:33,476 - main_window - INFO - main_window.py:153 - Task Monitor widget loaded successfully
2025-09-05 12:22:33,546 - user_management - INFO - user_management.py:581 - Refreshing user data...
2025-09-05 12:22:33,551 - user_management - INFO - user_management.py:603 - Loaded 12 users from CSV
2025-09-05 12:22:33,579 - main_window - INFO - main_window.py:163 - User Management widget loaded successfully
2025-09-05 12:22:34,244 - map_management - INFO - map_management.py:53 - Map Management widget initialized
2025-09-05 12:22:34,454 - main_window - INFO - main_window.py:175 - Map Management widget loaded successfully
2025-09-05 12:22:36,492 - api_client - WARNING - client.py:80 - Request attempt 1 failed: HTTPConnectionPool(host='127.0.0.1', port=8000): Max retries exceeded with url: /api/ (Caused by NewConnectionError('<urllib3.connection.HTTPConnection object at 0x0000017D257FE120>: Failed to establish a new connection: [WinError 10061] No connection could be made because the target machine actively refused it'))
2025-09-05 12:22:38,523 - api_client - WARNING - client.py:80 - Request attempt 2 failed: HTTPConnectionPool(host='127.0.0.1', port=8000): Max retries exceeded with url: /api/ (Caused by NewConnectionError('<urllib3.connection.HTTPConnection object at 0x0000017D25706FD0>: Failed to establish a new connection: [WinError 10061] No connection could be made because the target machine actively refused it'))
2025-09-05 12:22:40,551 - api_client - WARNING - client.py:80 - Request attempt 3 failed: HTTPConnectionPool(host='127.0.0.1', port=8000): Max retries exceeded with url: /api/ (Caused by NewConnectionError('<urllib3.connection.HTTPConnection object at 0x0000017D257074D0>: Failed to establish a new connection: [WinError 10061] No connection could be made because the target machine actively refused it'))
2025-09-05 12:22:40,552 - warehouse_app - INFO - main.py:46 - Main window created successfully
2025-09-05 12:22:40,651 - warehouse_app - INFO - main.py:154 - Application started successfully
2025-09-05 12:22:42,909 - main_window - INFO - main_window.py:284 - Refreshed data for Task Monitor
2025-09-05 12:23:03,061 - device_list - INFO - device_list.py:241 - Refreshing device data...
2025-09-05 12:23:03,064 - device_list - INFO - device_list.py:261 - Loaded 12 devices from CSV
2025-09-05 12:23:07,065 - main_window - INFO - main_window.py:373 - Application closing
2025-09-05 12:25:16,250 - warehouse_app - INFO - main.py:30 - Starting Warehouse Management System v1.0.0
2025-09-05 12:25:18,433 - main_window - INFO - main_window.py:121 - Dashboard widget loaded successfully
2025-09-05 12:25:18,707 - device_list - INFO - device_list.py:241 - Refreshing device data...
2025-09-05 12:25:18,719 - device_list - INFO - device_list.py:261 - Loaded 12 devices from CSV
2025-09-05 12:25:18,776 - main_window - INFO - main_window.py:131 - Device Management widget loaded successfully
2025-09-05 12:25:19,348 - main_window - INFO - main_window.py:142 - Task Creation widget loaded successfully
2025-09-05 12:25:19,493 - main_window - INFO - main_window.py:153 - Task Monitor widget loaded successfully
2025-09-05 12:25:19,665 - user_management - INFO - user_management.py:581 - Refreshing user data...
2025-09-05 12:25:19,678 - user_management - INFO - user_management.py:603 - Loaded 12 users from CSV
2025-09-05 12:25:19,732 - main_window - INFO - main_window.py:163 - User Management widget loaded successfully
2025-09-05 12:25:20,684 - map_management - INFO - map_management.py:53 - Map Management widget initialized
2025-09-05 12:25:21,028 - main_window - INFO - main_window.py:175 - Map Management widget loaded successfully
2025-09-05 12:25:23,115 - api_client - WARNING - client.py:80 - Request attempt 1 failed: HTTPConnectionPool(host='127.0.0.1', port=8000): Max retries exceeded with url: /api/ (Caused by NewConnectionError('<urllib3.connection.HTTPConnection object at 0x00000229D448E120>: Failed to establish a new connection: [WinError 10061] No connection could be made because the target machine actively refused it'))
2025-09-05 12:25:25,156 - api_client - WARNING - client.py:80 - Request attempt 2 failed: HTTPConnectionPool(host='127.0.0.1', port=8000): Max retries exceeded with url: /api/ (Caused by NewConnectionError('<urllib3.connection.HTTPConnection object at 0x00000229D4396FD0>: Failed to establish a new connection: [WinError 10061] No connection could be made because the target machine actively refused it'))
2025-09-05 12:25:27,198 - api_client - WARNING - client.py:80 - Request attempt 3 failed: HTTPConnectionPool(host='127.0.0.1', port=8000): Max retries exceeded with url: /api/ (Caused by NewConnectionError('<urllib3.connection.HTTPConnection object at 0x00000229D43974D0>: Failed to establish a new connection: [WinError 10061] No connection could be made because the target machine actively refused it'))
2025-09-05 12:25:27,206 - warehouse_app - INFO - main.py:46 - Main window created successfully
2025-09-05 12:25:27,349 - warehouse_app - INFO - main.py:154 - Application started successfully
2025-09-05 12:25:29,472 - main_window - INFO - main_window.py:284 - Refreshed data for Task Monitor
2025-09-05 12:26:06,355 - warehouse_app - INFO - main.py:30 - Starting Warehouse Management System v1.0.0
2025-09-05 12:26:08,288 - main_window - INFO - main_window.py:121 - Dashboard widget loaded successfully
2025-09-05 12:26:08,347 - device_list - INFO - device_list.py:241 - Refreshing device data...
2025-09-05 12:26:08,352 - device_list - INFO - device_list.py:261 - Loaded 12 devices from CSV
2025-09-05 12:26:08,376 - main_window - INFO - main_window.py:131 - Device Management widget loaded successfully
2025-09-05 12:26:08,653 - main_window - INFO - main_window.py:142 - Task Creation widget loaded successfully
2025-09-05 12:26:08,751 - main_window - INFO - main_window.py:153 - Task Monitor widget loaded successfully
2025-09-05 12:26:08,828 - user_management - INFO - user_management.py:581 - Refreshing user data...
2025-09-05 12:26:08,830 - user_management - INFO - user_management.py:603 - Loaded 12 users from CSV
2025-09-05 12:26:08,855 - main_window - INFO - main_window.py:163 - User Management widget loaded successfully
2025-09-05 12:26:09,962 - map_management - INFO - map_management.py:53 - Map Management widget initialized
2025-09-05 12:26:10,238 - main_window - INFO - main_window.py:175 - Map Management widget loaded successfully
2025-09-05 12:26:12,300 - api_client - WARNING - client.py:80 - Request attempt 1 failed: HTTPConnectionPool(host='127.0.0.1', port=8000): Max retries exceeded with url: /api/ (Caused by NewConnectionError('<urllib3.connection.HTTPConnection object at 0x0000026C7652A120>: Failed to establish a new connection: [WinError 10061] No connection could be made because the target machine actively refused it'))
2025-09-05 12:26:14,344 - api_client - WARNING - client.py:80 - Request attempt 2 failed: HTTPConnectionPool(host='127.0.0.1', port=8000): Max retries exceeded with url: /api/ (Caused by NewConnectionError('<urllib3.connection.HTTPConnection object at 0x0000026C76476FD0>: Failed to establish a new connection: [WinError 10061] No connection could be made because the target machine actively refused it'))
2025-09-05 12:26:16,377 - api_client - WARNING - client.py:80 - Request attempt 3 failed: HTTPConnectionPool(host='127.0.0.1', port=8000): Max retries exceeded with url: /api/ (Caused by NewConnectionError('<urllib3.connection.HTTPConnection object at 0x0000026C764774D0>: Failed to establish a new connection: [WinError 10061] No connection could be made because the target machine actively refused it'))
2025-09-05 12:26:16,378 - warehouse_app - INFO - main.py:46 - Main window created successfully
2025-09-05 12:26:16,485 - warehouse_app - INFO - main.py:154 - Application started successfully
2025-09-05 12:26:18,630 - main_window - INFO - main_window.py:284 - Refreshed data for Task Monitor
2025-09-05 12:26:38,806 - device_list - INFO - device_list.py:241 - Refreshing device data...
2025-09-05 12:26:38,809 - device_list - INFO - device_list.py:261 - Loaded 12 devices from CSV
2025-09-05 12:27:08,345 - device_list - INFO - device_list.py:241 - Refreshing device data...
2025-09-05 12:27:08,349 - device_list - INFO - device_list.py:261 - Loaded 12 devices from CSV
2025-09-05 12:27:12,304 - api_client - WARNING - client.py:80 - Request attempt 1 failed: HTTPConnectionPool(host='127.0.0.1', port=8000): Max retries exceeded with url: /api/ (Caused by NewConnectionError('<urllib3.connection.HTTPConnection object at 0x0000026C7625B6F0>: Failed to establish a new connection: [WinError 10061] No connection could be made because the target machine actively refused it'))
2025-09-05 12:27:14,334 - api_client - WARNING - client.py:80 - Request attempt 2 failed: HTTPConnectionPool(host='127.0.0.1', port=8000): Max retries exceeded with url: /api/ (Caused by NewConnectionError('<urllib3.connection.HTTPConnection object at 0x0000026C788D4510>: Failed to establish a new connection: [WinError 10061] No connection could be made because the target machine actively refused it'))
2025-09-05 12:27:16,377 - api_client - WARNING - client.py:80 - Request attempt 3 failed: HTTPConnectionPool(host='127.0.0.1', port=8000): Max retries exceeded with url: /api/ (Caused by NewConnectionError('<urllib3.connection.HTTPConnection object at 0x0000026C7652CA70>: Failed to establish a new connection: [WinError 10061] No connection could be made because the target machine actively refused it'))
2025-09-05 12:27:31,898 - main_window - INFO - main_window.py:373 - Application closing
2025-09-05 12:28:02,907 - warehouse_app - INFO - main.py:30 - Starting Warehouse Management System v1.0.0
2025-09-05 12:28:05,099 - main_window - INFO - main_window.py:121 - Dashboard widget loaded successfully
2025-09-05 12:28:05,152 - device_list - INFO - device_list.py:241 - Refreshing device data...
2025-09-05 12:28:05,156 - device_list - INFO - device_list.py:261 - Loaded 12 devices from CSV
2025-09-05 12:28:05,186 - main_window - INFO - main_window.py:131 - Device Management widget loaded successfully
2025-09-05 12:28:05,445 - main_window - INFO - main_window.py:142 - Task Creation widget loaded successfully
2025-09-05 12:28:05,555 - main_window - INFO - main_window.py:153 - Task Monitor widget loaded successfully
2025-09-05 12:28:05,652 - user_management - INFO - user_management.py:581 - Refreshing user data...
2025-09-05 12:28:05,660 - user_management - INFO - user_management.py:603 - Loaded 12 users from CSV
2025-09-05 12:28:05,700 - main_window - INFO - main_window.py:163 - User Management widget loaded successfully
2025-09-05 12:28:07,043 - map_management - INFO - map_management.py:53 - Map Management widget initialized
2025-09-05 12:28:07,291 - main_window - INFO - main_window.py:175 - Map Management widget loaded successfully
2025-09-05 12:28:09,333 - api_client - WARNING - client.py:80 - Request attempt 1 failed: HTTPConnectionPool(host='127.0.0.1', port=8000): Max retries exceeded with url: /api/ (Caused by NewConnectionError('<urllib3.connection.HTTPConnection object at 0x0000029A9563E120>: Failed to establish a new connection: [WinError 10061] No connection could be made because the target machine actively refused it'))
2025-09-05 12:28:11,363 - api_client - WARNING - client.py:80 - Request attempt 2 failed: HTTPConnectionPool(host='127.0.0.1', port=8000): Max retries exceeded with url: /api/ (Caused by NewConnectionError('<urllib3.connection.HTTPConnection object at 0x0000029A95546FD0>: Failed to establish a new connection: [WinError 10061] No connection could be made because the target machine actively refused it'))
2025-09-05 12:28:13,398 - api_client - WARNING - client.py:80 - Request attempt 3 failed: HTTPConnectionPool(host='127.0.0.1', port=8000): Max retries exceeded with url: /api/ (Caused by NewConnectionError('<urllib3.connection.HTTPConnection object at 0x0000029A955474D0>: Failed to establish a new connection: [WinError 10061] No connection could be made because the target machine actively refused it'))
2025-09-05 12:28:13,398 - warehouse_app - INFO - main.py:46 - Main window created successfully
2025-09-05 12:28:13,490 - warehouse_app - INFO - main.py:154 - Application started successfully
2025-09-05 12:28:15,851 - main_window - INFO - main_window.py:284 - Refreshed data for Task Monitor
2025-09-05 12:28:35,152 - device_list - INFO - device_list.py:241 - Refreshing device data...
2025-09-05 12:28:35,157 - device_list - INFO - device_list.py:261 - Loaded 12 devices from CSV
2025-09-05 12:28:47,957 - main_window - INFO - main_window.py:373 - Application closing
2025-09-05 12:29:32,272 - warehouse_app - INFO - main.py:30 - Starting Warehouse Management System v1.0.0
2025-09-05 12:29:35,754 - main_window - INFO - main_window.py:121 - Dashboard widget loaded successfully
2025-09-05 12:29:35,814 - device_list - INFO - device_list.py:241 - Refreshing device data...
2025-09-05 12:29:35,817 - device_list - INFO - device_list.py:261 - Loaded 12 devices from CSV
2025-09-05 12:29:35,836 - main_window - INFO - main_window.py:131 - Device Management widget loaded successfully
2025-09-05 12:29:36,138 - main_window - INFO - main_window.py:142 - Task Creation widget loaded successfully
2025-09-05 12:29:36,246 - main_window - INFO - main_window.py:153 - Task Monitor widget loaded successfully
2025-09-05 12:29:36,320 - user_management - INFO - user_management.py:581 - Refreshing user data...
2025-09-05 12:29:36,326 - user_management - INFO - user_management.py:603 - Loaded 12 users from CSV
2025-09-05 12:29:36,350 - main_window - INFO - main_window.py:163 - User Management widget loaded successfully
2025-09-05 12:29:37,318 - map_management - INFO - map_management.py:53 - Map Management widget initialized
2025-09-05 12:29:37,509 - main_window - INFO - main_window.py:175 - Map Management widget loaded successfully
2025-09-05 12:29:39,544 - api_client - WARNING - client.py:80 - Request attempt 1 failed: HTTPConnectionPool(host='127.0.0.1', port=8000): Max retries exceeded with url: /api/ (Caused by NewConnectionError('<urllib3.connection.HTTPConnection object at 0x000002000A57E120>: Failed to establish a new connection: [WinError 10061] No connection could be made because the target machine actively refused it'))
2025-09-05 12:29:41,574 - api_client - WARNING - client.py:80 - Request attempt 2 failed: HTTPConnectionPool(host='127.0.0.1', port=8000): Max retries exceeded with url: /api/ (Caused by NewConnectionError('<urllib3.connection.HTTPConnection object at 0x000002000A486FD0>: Failed to establish a new connection: [WinError 10061] No connection could be made because the target machine actively refused it'))
2025-09-05 12:29:43,596 - api_client - WARNING - client.py:80 - Request attempt 3 failed: HTTPConnectionPool(host='127.0.0.1', port=8000): Max retries exceeded with url: /api/ (Caused by NewConnectionError('<urllib3.connection.HTTPConnection object at 0x000002000A4874D0>: Failed to establish a new connection: [WinError 10061] No connection could be made because the target machine actively refused it'))
2025-09-05 12:29:43,597 - warehouse_app - INFO - main.py:46 - Main window created successfully
2025-09-05 12:29:43,702 - warehouse_app - INFO - main.py:154 - Application started successfully
2025-09-05 12:29:46,942 - main_window - INFO - main_window.py:284 - Refreshed data for Task Monitor
2025-09-05 12:33:07,144 - warehouse_app - INFO - main.py:30 - Starting Warehouse Management System v1.0.0
2025-09-05 12:33:08,866 - main_window - INFO - main_window.py:121 - Dashboard widget loaded successfully
2025-09-05 12:33:08,925 - device_list - INFO - device_list.py:241 - Refreshing device data...
2025-09-05 12:33:08,930 - device_list - INFO - device_list.py:261 - Loaded 12 devices from CSV
2025-09-05 12:33:08,953 - main_window - INFO - main_window.py:131 - Device Management widget loaded successfully
2025-09-05 12:33:09,232 - main_window - INFO - main_window.py:142 - Task Creation widget loaded successfully
2025-09-05 12:33:09,388 - main_window - INFO - main_window.py:153 - Task Monitor widget loaded successfully
2025-09-05 12:33:09,462 - user_management - INFO - user_management.py:581 - Refreshing user data...
2025-09-05 12:33:09,464 - user_management - INFO - user_management.py:603 - Loaded 12 users from CSV
2025-09-05 12:33:09,488 - main_window - INFO - main_window.py:163 - User Management widget loaded successfully
2025-09-05 12:33:10,662 - map_management - INFO - map_management.py:53 - Map Management widget initialized
2025-09-05 12:33:10,950 - main_window - INFO - main_window.py:175 - Map Management widget loaded successfully
2025-09-05 12:33:12,998 - api_client - WARNING - client.py:80 - Request attempt 1 failed: HTTPConnectionPool(host='127.0.0.1', port=8000): Max retries exceeded with url: /api/ (Caused by NewConnectionError('<urllib3.connection.HTTPConnection object at 0x000001D928626120>: Failed to establish a new connection: [WinError 10061] No connection could be made because the target machine actively refused it'))
2025-09-05 12:33:15,040 - api_client - WARNING - client.py:80 - Request attempt 2 failed: HTTPConnectionPool(host='127.0.0.1', port=8000): Max retries exceeded with url: /api/ (Caused by NewConnectionError('<urllib3.connection.HTTPConnection object at 0x000001D928537110>: Failed to establish a new connection: [WinError 10061] No connection could be made because the target machine actively refused it'))
2025-09-05 12:33:17,072 - api_client - WARNING - client.py:80 - Request attempt 3 failed: HTTPConnectionPool(host='127.0.0.1', port=8000): Max retries exceeded with url: /api/ (Caused by NewConnectionError('<urllib3.connection.HTTPConnection object at 0x000001D928537610>: Failed to establish a new connection: [WinError 10061] No connection could be made because the target machine actively refused it'))
2025-09-05 12:33:17,073 - warehouse_app - INFO - main.py:46 - Main window created successfully
2025-09-05 12:33:17,165 - warehouse_app - INFO - main.py:154 - Application started successfully
2025-09-05 12:33:19,601 - main_window - INFO - main_window.py:284 - Refreshed data for Task Monitor
2025-09-05 12:33:33,231 - warehouse_app - INFO - main.py:30 - Starting Warehouse Management System v1.0.0
2025-09-05 12:33:34,935 - main_window - INFO - main_window.py:121 - Dashboard widget loaded successfully
2025-09-05 12:33:34,999 - device_list - INFO - device_list.py:241 - Refreshing device data...
2025-09-05 12:33:35,003 - device_list - INFO - device_list.py:261 - Loaded 12 devices from CSV
2025-09-05 12:33:35,021 - main_window - INFO - main_window.py:131 - Device Management widget loaded successfully
2025-09-05 12:33:35,294 - main_window - INFO - main_window.py:142 - Task Creation widget loaded successfully
2025-09-05 12:33:35,389 - main_window - INFO - main_window.py:153 - Task Monitor widget loaded successfully
2025-09-05 12:33:35,473 - user_management - INFO - user_management.py:581 - Refreshing user data...
2025-09-05 12:33:35,477 - user_management - INFO - user_management.py:603 - Loaded 12 users from CSV
2025-09-05 12:33:35,508 - main_window - INFO - main_window.py:163 - User Management widget loaded successfully
2025-09-05 12:33:36,424 - map_management - INFO - map_management.py:53 - Map Management widget initialized
2025-09-05 12:33:36,713 - main_window - INFO - main_window.py:175 - Map Management widget loaded successfully
2025-09-05 12:33:38,791 - api_client - WARNING - client.py:80 - Request attempt 1 failed: HTTPConnectionPool(host='127.0.0.1', port=8000): Max retries exceeded with url: /api/ (Caused by NewConnectionError('<urllib3.connection.HTTPConnection object at 0x000002737299A120>: Failed to establish a new connection: [WinError 10061] No connection could be made because the target machine actively refused it'))
2025-09-05 12:33:40,819 - api_client - WARNING - client.py:80 - Request attempt 2 failed: HTTPConnectionPool(host='127.0.0.1', port=8000): Max retries exceeded with url: /api/ (Caused by NewConnectionError('<urllib3.connection.HTTPConnection object at 0x00000273728E7110>: Failed to establish a new connection: [WinError 10061] No connection could be made because the target machine actively refused it'))
2025-09-05 12:33:42,851 - api_client - WARNING - client.py:80 - Request attempt 3 failed: HTTPConnectionPool(host='127.0.0.1', port=8000): Max retries exceeded with url: /api/ (Caused by NewConnectionError('<urllib3.connection.HTTPConnection object at 0x00000273728E7610>: Failed to establish a new connection: [WinError 10061] No connection could be made because the target machine actively refused it'))
2025-09-05 12:33:42,852 - warehouse_app - INFO - main.py:46 - Main window created successfully
2025-09-05 12:33:42,944 - warehouse_app - INFO - main.py:154 - Application started successfully
2025-09-05 12:33:45,143 - main_window - INFO - main_window.py:284 - Refreshed data for Task Monitor
2025-09-05 12:34:04,983 - device_list - INFO - device_list.py:241 - Refreshing device data...
2025-09-05 12:34:04,988 - device_list - INFO - device_list.py:261 - Loaded 12 devices from CSV
2025-09-05 12:38:13,171 - warehouse_app - INFO - main.py:30 - Starting Warehouse Management System v1.0.0
2025-09-05 12:38:14,876 - main_window - INFO - main_window.py:121 - Dashboard widget loaded successfully
2025-09-05 12:38:14,935 - device_list - INFO - device_list.py:241 - Refreshing device data...
2025-09-05 12:38:14,939 - device_list - INFO - device_list.py:261 - Loaded 12 devices from CSV
2025-09-05 12:38:14,960 - main_window - INFO - main_window.py:131 - Device Management widget loaded successfully
2025-09-05 12:38:15,254 - main_window - INFO - main_window.py:142 - Task Creation widget loaded successfully
2025-09-05 12:38:15,381 - main_window - INFO - main_window.py:153 - Task Monitor widget loaded successfully
2025-09-05 12:38:15,454 - user_management - INFO - user_management.py:581 - Refreshing user data...
2025-09-05 12:38:15,457 - user_management - INFO - user_management.py:603 - Loaded 12 users from CSV
2025-09-05 12:38:15,480 - main_window - INFO - main_window.py:163 - User Management widget loaded successfully
2025-09-05 12:38:16,441 - map_management - INFO - map_management.py:53 - Map Management widget initialized
2025-09-05 12:38:16,798 - main_window - INFO - main_window.py:175 - Map Management widget loaded successfully
2025-09-05 12:38:18,873 - api_client - WARNING - client.py:80 - Request attempt 1 failed: HTTPConnectionPool(host='127.0.0.1', port=8000): Max retries exceeded with url: /api/ (Caused by NewConnectionError('<urllib3.connection.HTTPConnection object at 0x00000235F1BF2120>: Failed to establish a new connection: [WinError 10061] No connection could be made because the target machine actively refused it'))
2025-09-05 12:38:20,901 - api_client - WARNING - client.py:80 - Request attempt 2 failed: HTTPConnectionPool(host='127.0.0.1', port=8000): Max retries exceeded with url: /api/ (Caused by NewConnectionError('<urllib3.connection.HTTPConnection object at 0x00000235F1B07110>: Failed to establish a new connection: [WinError 10061] No connection could be made because the target machine actively refused it'))
2025-09-05 12:38:22,923 - api_client - WARNING - client.py:80 - Request attempt 3 failed: HTTPConnectionPool(host='127.0.0.1', port=8000): Max retries exceeded with url: /api/ (Caused by NewConnectionError('<urllib3.connection.HTTPConnection object at 0x00000235F1B07610>: Failed to establish a new connection: [WinError 10061] No connection could be made because the target machine actively refused it'))
2025-09-05 12:38:22,924 - warehouse_app - INFO - main.py:46 - Main window created successfully
2025-09-05 12:38:23,017 - warehouse_app - INFO - main.py:154 - Application started successfully
2025-09-05 12:38:25,299 - main_window - INFO - main_window.py:284 - Refreshed data for Task Monitor
2025-09-05 12:38:44,945 - device_list - INFO - device_list.py:241 - Refreshing device data...
2025-09-05 12:38:44,949 - device_list - INFO - device_list.py:261 - Loaded 12 devices from CSV
2025-09-05 12:39:14,936 - device_list - INFO - device_list.py:241 - Refreshing device data...
2025-09-05 12:39:14,942 - device_list - INFO - device_list.py:261 - Loaded 12 devices from CSV
2025-09-05 12:39:18,878 - api_client - WARNING - client.py:80 - Request attempt 1 failed: HTTPConnectionPool(host='127.0.0.1', port=8000): Max retries exceeded with url: /api/ (Caused by NewConnectionError('<urllib3.connection.HTTPConnection object at 0x00000235F3FF4640>: Failed to establish a new connection: [WinError 10061] No connection could be made because the target machine actively refused it'))
2025-09-05 12:39:20,906 - api_client - WARNING - client.py:80 - Request attempt 2 failed: HTTPConnectionPool(host='127.0.0.1', port=8000): Max retries exceeded with url: /api/ (Caused by NewConnectionError('<urllib3.connection.HTTPConnection object at 0x00000235F3FF4770>: Failed to establish a new connection: [WinError 10061] No connection could be made because the target machine actively refused it'))
2025-09-05 12:39:22,954 - api_client - WARNING - client.py:80 - Request attempt 3 failed: HTTPConnectionPool(host='127.0.0.1', port=8000): Max retries exceeded with url: /api/ (Caused by NewConnectionError('<urllib3.connection.HTTPConnection object at 0x00000235F1BFCCB0>: Failed to establish a new connection: [WinError 10061] No connection could be made because the target machine actively refused it'))
2025-09-05 12:39:33,606 - main_window - INFO - main_window.py:373 - Application closing
2025-09-05 12:40:15,780 - warehouse_app - INFO - main.py:30 - Starting Warehouse Management System v1.0.0
2025-09-05 12:40:17,859 - main_window - INFO - main_window.py:121 - Dashboard widget loaded successfully
2025-09-05 12:40:17,918 - device_list - INFO - device_list.py:241 - Refreshing device data...
2025-09-05 12:40:17,923 - device_list - INFO - device_list.py:261 - Loaded 12 devices from CSV
2025-09-05 12:40:17,954 - main_window - INFO - main_window.py:131 - Device Management widget loaded successfully
2025-09-05 12:40:18,312 - main_window - INFO - main_window.py:142 - Task Creation widget loaded successfully
2025-09-05 12:40:18,431 - main_window - INFO - main_window.py:153 - Task Monitor widget loaded successfully
2025-09-05 12:40:18,520 - user_management - INFO - user_management.py:581 - Refreshing user data...
2025-09-05 12:40:18,526 - user_management - INFO - user_management.py:603 - Loaded 12 users from CSV
2025-09-05 12:40:18,556 - main_window - INFO - main_window.py:163 - User Management widget loaded successfully
2025-09-05 12:40:19,430 - map_management - INFO - map_management.py:53 - Map Management widget initialized
2025-09-05 12:40:19,649 - main_window - INFO - main_window.py:175 - Map Management widget loaded successfully
2025-09-05 12:40:21,702 - api_client - WARNING - client.py:80 - Request attempt 1 failed: HTTPConnectionPool(host='127.0.0.1', port=8000): Max retries exceeded with url: /api/ (Caused by NewConnectionError('<urllib3.connection.HTTPConnection object at 0x0000027524FDA120>: Failed to establish a new connection: [WinError 10061] No connection could be made because the target machine actively refused it'))
2025-09-05 12:40:23,734 - api_client - WARNING - client.py:80 - Request attempt 2 failed: HTTPConnectionPool(host='127.0.0.1', port=8000): Max retries exceeded with url: /api/ (Caused by NewConnectionError('<urllib3.connection.HTTPConnection object at 0x0000027524F27110>: Failed to establish a new connection: [WinError 10061] No connection could be made because the target machine actively refused it'))
2025-09-05 12:40:25,761 - api_client - WARNING - client.py:80 - Request attempt 3 failed: HTTPConnectionPool(host='127.0.0.1', port=8000): Max retries exceeded with url: /api/ (Caused by NewConnectionError('<urllib3.connection.HTTPConnection object at 0x0000027524F27610>: Failed to establish a new connection: [WinError 10061] No connection could be made because the target machine actively refused it'))
2025-09-05 12:40:25,762 - warehouse_app - INFO - main.py:46 - Main window created successfully
2025-09-05 12:40:25,852 - warehouse_app - INFO - main.py:154 - Application started successfully
2025-09-05 12:40:35,938 - main_window - INFO - main_window.py:284 - Refreshed data for Task Monitor
2025-09-05 12:40:47,480 - main_window - INFO - main_window.py:373 - Application closing
2025-09-05 12:44:03,603 - warehouse_app - INFO - main.py:30 - Starting Warehouse Management System v1.0.0
2025-09-05 12:44:05,547 - main_window - INFO - main_window.py:121 - Dashboard widget loaded successfully
2025-09-05 12:44:05,608 - device_list - INFO - device_list.py:241 - Refreshing device data...
2025-09-05 12:44:05,611 - device_list - INFO - device_list.py:261 - Loaded 12 devices from CSV
2025-09-05 12:44:05,627 - main_window - INFO - main_window.py:131 - Device Management widget loaded successfully
2025-09-05 12:44:05,906 - main_window - INFO - main_window.py:142 - Task Creation widget loaded successfully
2025-09-05 12:44:06,017 - main_window - INFO - main_window.py:153 - Task Monitor widget loaded successfully
2025-09-05 12:44:06,086 - user_management - INFO - user_management.py:581 - Refreshing user data...
2025-09-05 12:44:06,091 - user_management - INFO - user_management.py:603 - Loaded 12 users from CSV
2025-09-05 12:44:06,120 - main_window - INFO - main_window.py:163 - User Management widget loaded successfully
2025-09-05 12:44:07,083 - map_management - INFO - map_management.py:53 - Map Management widget initialized
2025-09-05 12:44:07,298 - main_window - INFO - main_window.py:175 - Map Management widget loaded successfully
2025-09-05 12:44:09,348 - api_client - WARNING - client.py:80 - Request attempt 1 failed: HTTPConnectionPool(host='127.0.0.1', port=8000): Max retries exceeded with url: /api/ (Caused by NewConnectionError('<urllib3.connection.HTTPConnection object at 0x00000192EFCE6120>: Failed to establish a new connection: [WinError 10061] No connection could be made because the target machine actively refused it'))
2025-09-05 12:44:11,372 - api_client - WARNING - client.py:80 - Request attempt 2 failed: HTTPConnectionPool(host='127.0.0.1', port=8000): Max retries exceeded with url: /api/ (Caused by NewConnectionError('<urllib3.connection.HTTPConnection object at 0x00000192EFBF7110>: Failed to establish a new connection: [WinError 10061] No connection could be made because the target machine actively refused it'))
2025-09-05 12:44:13,408 - api_client - WARNING - client.py:80 - Request attempt 3 failed: HTTPConnectionPool(host='127.0.0.1', port=8000): Max retries exceeded with url: /api/ (Caused by NewConnectionError('<urllib3.connection.HTTPConnection object at 0x00000192EFBF7610>: Failed to establish a new connection: [WinError 10061] No connection could be made because the target machine actively refused it'))
2025-09-05 12:44:13,409 - warehouse_app - INFO - main.py:46 - Main window created successfully
2025-09-05 12:44:13,508 - warehouse_app - INFO - main.py:154 - Application started successfully
2025-09-05 12:44:15,506 - main_window - INFO - main_window.py:284 - Refreshed data for Task Monitor
2025-09-05 12:44:32,718 - main_window - INFO - main_window.py:373 - Application closing
2025-09-05 12:49:38,623 - warehouse_app - INFO - main.py:30 - Starting Warehouse Management System v1.0.0
2025-09-05 12:49:40,346 - main_window - INFO - main_window.py:121 - Dashboard widget loaded successfully
2025-09-05 12:49:40,395 - device_list - INFO - device_list.py:241 - Refreshing device data...
2025-09-05 12:49:40,398 - device_list - INFO - device_list.py:261 - Loaded 12 devices from CSV
2025-09-05 12:49:40,419 - main_window - INFO - main_window.py:131 - Device Management widget loaded successfully
2025-09-05 12:49:40,672 - main_window - INFO - main_window.py:142 - Task Creation widget loaded successfully
2025-09-05 12:49:40,779 - main_window - INFO - main_window.py:153 - Task Monitor widget loaded successfully
2025-09-05 12:49:40,845 - user_management - INFO - user_management.py:581 - Refreshing user data...
2025-09-05 12:49:40,849 - user_management - INFO - user_management.py:603 - Loaded 12 users from CSV
2025-09-05 12:49:40,875 - main_window - INFO - main_window.py:163 - User Management widget loaded successfully
2025-09-05 12:49:41,913 - map_management - INFO - map_management.py:53 - Map Management widget initialized
2025-09-05 12:49:42,075 - main_window - INFO - main_window.py:175 - Map Management widget loaded successfully
2025-09-05 12:49:44,137 - api_client - WARNING - client.py:80 - Request attempt 1 failed: HTTPConnectionPool(host='127.0.0.1', port=8000): Max retries exceeded with url: /api/ (Caused by NewConnectionError('<urllib3.connection.HTTPConnection object at 0x000002AFFB37E120>: Failed to establish a new connection: [WinError 10061] No connection could be made because the target machine actively refused it'))
2025-09-05 12:49:46,168 - api_client - WARNING - client.py:80 - Request attempt 2 failed: HTTPConnectionPool(host='127.0.0.1', port=8000): Max retries exceeded with url: /api/ (Caused by NewConnectionError('<urllib3.connection.HTTPConnection object at 0x000002AFFB287110>: Failed to establish a new connection: [WinError 10061] No connection could be made because the target machine actively refused it'))
2025-09-05 12:49:48,200 - api_client - WARNING - client.py:80 - Request attempt 3 failed: HTTPConnectionPool(host='127.0.0.1', port=8000): Max retries exceeded with url: /api/ (Caused by NewConnectionError('<urllib3.connection.HTTPConnection object at 0x000002AFFB287610>: Failed to establish a new connection: [WinError 10061] No connection could be made because the target machine actively refused it'))
2025-09-05 12:49:48,201 - warehouse_app - INFO - main.py:46 - Main window created successfully
2025-09-05 12:49:48,299 - warehouse_app - INFO - main.py:154 - Application started successfully
2025-09-05 12:49:50,875 - main_window - INFO - main_window.py:284 - Refreshed data for Task Monitor
2025-09-05 12:52:17,712 - warehouse_app - INFO - main.py:30 - Starting Warehouse Management System v1.0.0
2025-09-05 12:52:19,387 - main_window - INFO - main_window.py:121 - Dashboard widget loaded successfully
2025-09-05 12:52:19,449 - device_list - INFO - device_list.py:241 - Refreshing device data...
2025-09-05 12:52:19,453 - device_list - INFO - device_list.py:261 - Loaded 12 devices from CSV
2025-09-05 12:52:19,473 - main_window - INFO - main_window.py:131 - Device Management widget loaded successfully
2025-09-05 12:52:19,744 - main_window - INFO - main_window.py:142 - Task Creation widget loaded successfully
2025-09-05 12:52:19,879 - main_window - INFO - main_window.py:153 - Task Monitor widget loaded successfully
2025-09-05 12:52:19,960 - user_management - INFO - user_management.py:581 - Refreshing user data...
2025-09-05 12:52:19,964 - user_management - INFO - user_management.py:603 - Loaded 12 users from CSV
2025-09-05 12:52:20,001 - main_window - INFO - main_window.py:163 - User Management widget loaded successfully
2025-09-05 12:52:20,983 - map_management - INFO - map_management.py:53 - Map Management widget initialized
2025-09-05 12:52:21,171 - main_window - INFO - main_window.py:175 - Map Management widget loaded successfully
2025-09-05 12:52:23,269 - api_client - WARNING - client.py:80 - Request attempt 1 failed: HTTPConnectionPool(host='127.0.0.1', port=8000): Max retries exceeded with url: /api/ (Caused by NewConnectionError('<urllib3.connection.HTTPConnection object at 0x0000013977616120>: Failed to establish a new connection: [WinError 10061] No connection could be made because the target machine actively refused it'))
2025-09-05 12:52:25,295 - api_client - WARNING - client.py:80 - Request attempt 2 failed: HTTPConnectionPool(host='127.0.0.1', port=8000): Max retries exceeded with url: /api/ (Caused by NewConnectionError('<urllib3.connection.HTTPConnection object at 0x0000013977527110>: Failed to establish a new connection: [WinError 10061] No connection could be made because the target machine actively refused it'))
2025-09-05 12:52:27,334 - api_client - WARNING - client.py:80 - Request attempt 3 failed: HTTPConnectionPool(host='127.0.0.1', port=8000): Max retries exceeded with url: /api/ (Caused by NewConnectionError('<urllib3.connection.HTTPConnection object at 0x0000013977527610>: Failed to establish a new connection: [WinError 10061] No connection could be made because the target machine actively refused it'))
2025-09-05 12:52:27,335 - warehouse_app - INFO - main.py:46 - Main window created successfully
2025-09-05 12:52:27,435 - warehouse_app - INFO - main.py:154 - Application started successfully
2025-09-05 12:52:29,494 - main_window - INFO - main_window.py:284 - Refreshed data for Task Monitor
2025-09-05 12:52:47,917 - main_window - INFO - main_window.py:284 - Refreshed data for Map Management
2025-09-05 12:52:49,453 - device_list - INFO - device_list.py:241 - Refreshing device data...
2025-09-05 12:52:49,457 - device_list - INFO - device_list.py:261 - Loaded 12 devices from CSV
2025-09-05 12:52:53,881 - main_window - INFO - main_window.py:284 - Refreshed data for Create Task
2025-09-05 12:53:04,317 - csv_handler - INFO - csv_handler.py:180 - Successfully appended row to tasks CSV with ID: 41
2025-09-05 12:53:04,318 - task_creation - INFO - task_creation.py:952 - Successfully created task: TASK0041
2025-09-05 12:53:07,407 - main_window - INFO - main_window.py:284 - Refreshed data for Task Monitor
2025-09-05 12:53:19,455 - device_list - INFO - device_list.py:241 - Refreshing device data...
2025-09-05 12:53:19,460 - device_list - INFO - device_list.py:261 - Loaded 12 devices from CSV
2025-09-05 12:53:23,252 - api_client - WARNING - client.py:80 - Request attempt 1 failed: HTTPConnectionPool(host='127.0.0.1', port=8000): Max retries exceeded with url: /api/ (Caused by NewConnectionError('<urllib3.connection.HTTPConnection object at 0x000001397730B950>: Failed to establish a new connection: [WinError 10061] No connection could be made because the target machine actively refused it'))
2025-09-05 12:53:25,288 - api_client - WARNING - client.py:80 - Request attempt 2 failed: HTTPConnectionPool(host='127.0.0.1', port=8000): Max retries exceeded with url: /api/ (Caused by NewConnectionError('<urllib3.connection.HTTPConnection object at 0x000001397730BCE0>: Failed to establish a new connection: [WinError 10061] No connection could be made because the target machine actively refused it'))
2025-09-05 12:53:27,306 - api_client - WARNING - client.py:80 - Request attempt 3 failed: HTTPConnectionPool(host='127.0.0.1', port=8000): Max retries exceeded with url: /api/ (Caused by NewConnectionError('<urllib3.connection.HTTPConnection object at 0x000001397761CCB0>: Failed to establish a new connection: [WinError 10061] No connection could be made because the target machine actively refused it'))
2025-09-05 12:53:49,457 - device_list - INFO - device_list.py:241 - Refreshing device data...
2025-09-05 12:53:49,460 - device_list - INFO - device_list.py:261 - Loaded 12 devices from CSV
2025-09-05 12:54:08,368 - main_window - INFO - main_window.py:284 - Refreshed data for Map Management
2025-09-05 12:54:13,409 - main_window - INFO - main_window.py:373 - Application closing
2025-09-05 12:56:03,684 - warehouse_app - INFO - main.py:30 - Starting Warehouse Management System v1.0.0
2025-09-05 12:56:05,361 - main_window - INFO - main_window.py:121 - Dashboard widget loaded successfully
2025-09-05 12:56:05,418 - device_list - INFO - device_list.py:241 - Refreshing device data...
2025-09-05 12:56:05,421 - device_list - INFO - device_list.py:261 - Loaded 12 devices from CSV
2025-09-05 12:56:05,442 - main_window - INFO - main_window.py:131 - Device Management widget loaded successfully
2025-09-05 12:56:05,705 - main_window - INFO - main_window.py:142 - Task Creation widget loaded successfully
2025-09-05 12:56:05,820 - main_window - INFO - main_window.py:153 - Task Monitor widget loaded successfully
2025-09-05 12:56:05,903 - user_management - INFO - user_management.py:581 - Refreshing user data...
2025-09-05 12:56:05,907 - user_management - INFO - user_management.py:603 - Loaded 12 users from CSV
2025-09-05 12:56:05,941 - main_window - INFO - main_window.py:163 - User Management widget loaded successfully
2025-09-05 12:56:06,753 - map_management - INFO - map_management.py:53 - Map Management widget initialized
2025-09-05 12:56:06,890 - main_window - INFO - main_window.py:175 - Map Management widget loaded successfully
2025-09-05 12:56:08,995 - api_client - WARNING - client.py:80 - Request attempt 1 failed: HTTPConnectionPool(host='127.0.0.1', port=8000): Max retries exceeded with url: /api/ (Caused by NewConnectionError('<urllib3.connection.HTTPConnection object at 0x0000029927E12120>: Failed to establish a new connection: [WinError 10061] No connection could be made because the target machine actively refused it'))
2025-09-05 12:56:11,032 - api_client - WARNING - client.py:80 - Request attempt 2 failed: HTTPConnectionPool(host='127.0.0.1', port=8000): Max retries exceeded with url: /api/ (Caused by NewConnectionError('<urllib3.connection.HTTPConnection object at 0x0000029927D27110>: Failed to establish a new connection: [WinError 10061] No connection could be made because the target machine actively refused it'))
2025-09-05 12:56:13,071 - api_client - WARNING - client.py:80 - Request attempt 3 failed: HTTPConnectionPool(host='127.0.0.1', port=8000): Max retries exceeded with url: /api/ (Caused by NewConnectionError('<urllib3.connection.HTTPConnection object at 0x0000029927D27610>: Failed to establish a new connection: [WinError 10061] No connection could be made because the target machine actively refused it'))
2025-09-05 12:56:13,072 - warehouse_app - INFO - main.py:46 - Main window created successfully
2025-09-05 12:56:13,170 - warehouse_app - INFO - main.py:154 - Application started successfully
2025-09-05 12:56:15,056 - main_window - INFO - main_window.py:284 - Refreshed data for Task Monitor
2025-09-05 12:56:32,413 - main_window - INFO - main_window.py:373 - Application closing
2025-09-05 13:15:19,193 - warehouse_app - INFO - main.py:30 - Starting Warehouse Management System v1.0.0
2025-09-05 13:15:26,241 - main_window - INFO - main_window.py:121 - Dashboard widget loaded successfully
2025-09-05 13:15:26,284 - device_list - INFO - device_list.py:241 - Refreshing device data...
2025-09-05 13:15:26,290 - device_list - INFO - device_list.py:261 - Loaded 12 devices from CSV
2025-09-05 13:15:26,308 - main_window - INFO - main_window.py:131 - Device Management widget loaded successfully
2025-09-05 13:15:26,566 - main_window - INFO - main_window.py:142 - Task Creation widget loaded successfully
2025-09-05 13:15:26,664 - main_window - INFO - main_window.py:153 - Task Monitor widget loaded successfully
2025-09-05 13:15:26,730 - user_management - INFO - user_management.py:581 - Refreshing user data...
2025-09-05 13:15:26,734 - user_management - INFO - user_management.py:603 - Loaded 12 users from CSV
2025-09-05 13:15:26,765 - main_window - INFO - main_window.py:163 - User Management widget loaded successfully
2025-09-05 13:15:27,703 - map_management - INFO - map_management.py:53 - Map Management widget initialized
2025-09-05 13:15:27,930 - main_window - INFO - main_window.py:175 - Map Management widget loaded successfully
2025-09-05 13:15:30,034 - api_client - WARNING - client.py:80 - Request attempt 1 failed: HTTPConnectionPool(host='127.0.0.1', port=8000): Max retries exceeded with url: /api/ (Caused by NewConnectionError('<urllib3.connection.HTTPConnection object at 0x00000182FEE8A120>: Failed to establish a new connection: [WinError 10061] No connection could be made because the target machine actively refused it'))
2025-09-05 13:15:32,066 - api_client - WARNING - client.py:80 - Request attempt 2 failed: HTTPConnectionPool(host='127.0.0.1', port=8000): Max retries exceeded with url: /api/ (Caused by NewConnectionError('<urllib3.connection.HTTPConnection object at 0x00000182FEDD7110>: Failed to establish a new connection: [WinError 10061] No connection could be made because the target machine actively refused it'))
2025-09-05 13:15:34,100 - api_client - WARNING - client.py:80 - Request attempt 3 failed: HTTPConnectionPool(host='127.0.0.1', port=8000): Max retries exceeded with url: /api/ (Caused by NewConnectionError('<urllib3.connection.HTTPConnection object at 0x00000182FEDD7610>: Failed to establish a new connection: [WinError 10061] No connection could be made because the target machine actively refused it'))
2025-09-05 13:15:34,102 - warehouse_app - INFO - main.py:46 - Main window created successfully
2025-09-05 13:15:34,298 - warehouse_app - INFO - main.py:154 - Application started successfully
2025-09-05 13:15:56,263 - device_list - INFO - device_list.py:241 - Refreshing device data...
2025-09-05 13:15:56,266 - device_list - INFO - device_list.py:261 - Loaded 12 devices from CSV
2025-09-05 13:15:58,235 - main_window - INFO - main_window.py:284 - Refreshed data for Task Monitor
2025-09-05 13:16:26,263 - device_list - INFO - device_list.py:241 - Refreshing device data...
2025-09-05 13:16:26,268 - device_list - INFO - device_list.py:261 - Loaded 12 devices from CSV
2025-09-05 13:16:29,968 - api_client - WARNING - client.py:80 - Request attempt 1 failed: HTTPConnectionPool(host='127.0.0.1', port=8000): Max retries exceeded with url: /api/ (Caused by NewConnectionError('<urllib3.connection.HTTPConnection object at 0x00000182FEBA9CD0>: Failed to establish a new connection: [WinError 10061] No connection could be made because the target machine actively refused it'))
2025-09-05 13:16:31,993 - api_client - WARNING - client.py:80 - Request attempt 2 failed: HTTPConnectionPool(host='127.0.0.1', port=8000): Max retries exceeded with url: /api/ (Caused by NewConnectionError('<urllib3.connection.HTTPConnection object at 0x00000182FFAC43E0>: Failed to establish a new connection: [WinError 10061] No connection could be made because the target machine actively refused it'))
2025-09-05 13:16:34,041 - api_client - WARNING - client.py:80 - Request attempt 3 failed: HTTPConnectionPool(host='127.0.0.1', port=8000): Max retries exceeded with url: /api/ (Caused by NewConnectionError('<urllib3.connection.HTTPConnection object at 0x00000182FEE8CDD0>: Failed to establish a new connection: [WinError 10061] No connection could be made because the target machine actively refused it'))
2025-09-05 13:16:56,263 - device_list - INFO - device_list.py:241 - Refreshing device data...
2025-09-05 13:16:56,265 - device_list - INFO - device_list.py:261 - Loaded 12 devices from CSV
2025-09-05 13:17:26,273 - device_list - INFO - device_list.py:241 - Refreshing device data...
2025-09-05 13:17:26,278 - device_list - INFO - device_list.py:261 - Loaded 12 devices from CSV
2025-09-05 13:17:29,970 - api_client - WARNING - client.py:80 - Request attempt 1 failed: HTTPConnectionPool(host='127.0.0.1', port=8000): Max retries exceeded with url: /api/ (Caused by NewConnectionError('<urllib3.connection.HTTPConnection object at 0x00000182FEE2BF00>: Failed to establish a new connection: [WinError 10061] No connection could be made because the target machine actively refused it'))
2025-09-05 13:17:32,010 - api_client - WARNING - client.py:80 - Request attempt 2 failed: HTTPConnectionPool(host='127.0.0.1', port=8000): Max retries exceeded with url: /api/ (Caused by NewConnectionError('<urllib3.connection.HTTPConnection object at 0x00000182FFAD4380>: Failed to establish a new connection: [WinError 10061] No connection could be made because the target machine actively refused it'))
2025-09-05 13:17:34,061 - api_client - WARNING - client.py:80 - Request attempt 3 failed: HTTPConnectionPool(host='127.0.0.1', port=8000): Max retries exceeded with url: /api/ (Caused by NewConnectionError('<urllib3.connection.HTTPConnection object at 0x00000182FFAD45A0>: Failed to establish a new connection: [WinError 10061] No connection could be made because the target machine actively refused it'))
2025-09-05 13:17:56,266 - device_list - INFO - device_list.py:241 - Refreshing device data...
2025-09-05 13:17:56,269 - device_list - INFO - device_list.py:261 - Loaded 12 devices from CSV
2025-09-05 13:18:26,261 - device_list - INFO - device_list.py:241 - Refreshing device data...
2025-09-05 13:18:26,266 - device_list - INFO - device_list.py:261 - Loaded 12 devices from CSV
2025-09-05 13:18:29,988 - api_client - WARNING - client.py:80 - Request attempt 1 failed: HTTPConnectionPool(host='127.0.0.1', port=8000): Max retries exceeded with url: /api/ (Caused by NewConnectionError('<urllib3.connection.HTTPConnection object at 0x00000182FEE2BCE0>: Failed to establish a new connection: [WinError 10061] No connection could be made because the target machine actively refused it'))
2025-09-05 13:18:32,014 - api_client - WARNING - client.py:80 - Request attempt 2 failed: HTTPConnectionPool(host='127.0.0.1', port=8000): Max retries exceeded with url: /api/ (Caused by NewConnectionError('<urllib3.connection.HTTPConnection object at 0x00000182FEE2BBD0>: Failed to establish a new connection: [WinError 10061] No connection could be made because the target machine actively refused it'))
2025-09-05 13:18:34,062 - api_client - WARNING - client.py:80 - Request attempt 3 failed: HTTPConnectionPool(host='127.0.0.1', port=8000): Max retries exceeded with url: /api/ (Caused by NewConnectionError('<urllib3.connection.HTTPConnection object at 0x00000182FEE2B790>: Failed to establish a new connection: [WinError 10061] No connection could be made because the target machine actively refused it'))
2025-09-05 13:18:56,269 - device_list - INFO - device_list.py:241 - Refreshing device data...
2025-09-05 13:18:56,272 - device_list - INFO - device_list.py:261 - Loaded 12 devices from CSV
2025-09-05 13:19:26,263 - device_list - INFO - device_list.py:241 - Refreshing device data...
2025-09-05 13:19:26,265 - device_list - INFO - device_list.py:261 - Loaded 12 devices from CSV
2025-09-05 13:19:29,980 - api_client - WARNING - client.py:80 - Request attempt 1 failed: HTTPConnectionPool(host='127.0.0.1', port=8000): Max retries exceeded with url: /api/ (Caused by NewConnectionError('<urllib3.connection.HTTPConnection object at 0x00000182FEE2B680>: Failed to establish a new connection: [WinError 10061] No connection could be made because the target machine actively refused it'))
2025-09-05 13:19:32,047 - api_client - WARNING - client.py:80 - Request attempt 2 failed: HTTPConnectionPool(host='127.0.0.1', port=8000): Max retries exceeded with url: /api/ (Caused by NewConnectionError('<urllib3.connection.HTTPConnection object at 0x00000182FEE2B460>: Failed to establish a new connection: [WinError 10061] No connection could be made because the target machine actively refused it'))
2025-09-05 13:19:34,075 - api_client - WARNING - client.py:80 - Request attempt 3 failed: HTTPConnectionPool(host='127.0.0.1', port=8000): Max retries exceeded with url: /api/ (Caused by NewConnectionError('<urllib3.connection.HTTPConnection object at 0x00000182FEE2B130>: Failed to establish a new connection: [WinError 10061] No connection could be made because the target machine actively refused it'))
2025-09-05 13:19:38,313 - main_window - INFO - main_window.py:284 - Refreshed data for Create Task
2025-09-05 13:19:56,264 - device_list - INFO - device_list.py:241 - Refreshing device data...
2025-09-05 13:19:56,268 - device_list - INFO - device_list.py:261 - Loaded 12 devices from CSV
2025-09-05 13:20:18,752 - csv_handler - INFO - csv_handler.py:180 - Successfully appended row to tasks CSV with ID: 42
2025-09-05 13:20:18,753 - task_creation - INFO - task_creation.py:952 - Successfully created task: TASK0042
2025-09-05 13:20:22,328 - main_window - INFO - main_window.py:373 - Application closing
2025-09-05 13:20:26,501 - warehouse_app - INFO - main.py:30 - Starting Warehouse Management System v1.0.0
2025-09-05 13:20:28,170 - main_window - INFO - main_window.py:121 - Dashboard widget loaded successfully
2025-09-05 13:20:28,223 - device_list - INFO - device_list.py:241 - Refreshing device data...
2025-09-05 13:20:28,227 - device_list - INFO - device_list.py:261 - Loaded 12 devices from CSV
2025-09-05 13:20:28,251 - main_window - INFO - main_window.py:131 - Device Management widget loaded successfully
2025-09-05 13:20:28,477 - main_window - INFO - main_window.py:142 - Task Creation widget loaded successfully
2025-09-05 13:20:28,555 - main_window - INFO - main_window.py:153 - Task Monitor widget loaded successfully
2025-09-05 13:20:28,622 - user_management - INFO - user_management.py:581 - Refreshing user data...
2025-09-05 13:20:28,627 - user_management - INFO - user_management.py:603 - Loaded 12 users from CSV
2025-09-05 13:20:28,654 - main_window - INFO - main_window.py:163 - User Management widget loaded successfully
2025-09-05 13:20:29,640 - map_management - INFO - map_management.py:53 - Map Management widget initialized
2025-09-05 13:20:29,873 - main_window - INFO - main_window.py:175 - Map Management widget loaded successfully
2025-09-05 13:20:31,938 - api_client - WARNING - client.py:80 - Request attempt 1 failed: HTTPConnectionPool(host='127.0.0.1', port=8000): Max retries exceeded with url: /api/ (Caused by NewConnectionError('<urllib3.connection.HTTPConnection object at 0x000002A0CAF7A120>: Failed to establish a new connection: [WinError 10061] No connection could be made because the target machine actively refused it'))
2025-09-05 13:20:33,969 - api_client - WARNING - client.py:80 - Request attempt 2 failed: HTTPConnectionPool(host='127.0.0.1', port=8000): Max retries exceeded with url: /api/ (Caused by NewConnectionError('<urllib3.connection.HTTPConnection object at 0x000002A0CAECB110>: Failed to establish a new connection: [WinError 10061] No connection could be made because the target machine actively refused it'))
2025-09-05 13:20:35,998 - api_client - WARNING - client.py:80 - Request attempt 3 failed: HTTPConnectionPool(host='127.0.0.1', port=8000): Max retries exceeded with url: /api/ (Caused by NewConnectionError('<urllib3.connection.HTTPConnection object at 0x000002A0CAECB610>: Failed to establish a new connection: [WinError 10061] No connection could be made because the target machine actively refused it'))
2025-09-05 13:20:35,999 - warehouse_app - INFO - main.py:46 - Main window created successfully
2025-09-05 13:20:36,119 - warehouse_app - INFO - main.py:154 - Application started successfully
2025-09-05 13:20:42,539 - main_window - INFO - main_window.py:284 - Refreshed data for Task Monitor
2025-09-05 13:20:58,214 - device_list - INFO - device_list.py:241 - Refreshing device data...
2025-09-05 13:20:58,218 - device_list - INFO - device_list.py:261 - Loaded 12 devices from CSV
2025-09-05 13:21:28,227 - device_list - INFO - device_list.py:241 - Refreshing device data...
2025-09-05 13:21:28,232 - device_list - INFO - device_list.py:261 - Loaded 12 devices from CSV
2025-09-05 13:21:31,885 - api_client - WARNING - client.py:80 - Request attempt 1 failed: HTTPConnectionPool(host='127.0.0.1', port=8000): Max retries exceeded with url: /api/ (Caused by NewConnectionError('<urllib3.connection.HTTPConnection object at 0x000002A0CD3542B0>: Failed to establish a new connection: [WinError 10061] No connection could be made because the target machine actively refused it'))
2025-09-05 13:21:33,932 - api_client - WARNING - client.py:80 - Request attempt 2 failed: HTTPConnectionPool(host='127.0.0.1', port=8000): Max retries exceeded with url: /api/ (Caused by NewConnectionError('<urllib3.connection.HTTPConnection object at 0x000002A0CD3548A0>: Failed to establish a new connection: [WinError 10061] No connection could be made because the target machine actively refused it'))
2025-09-05 13:21:35,975 - api_client - WARNING - client.py:80 - Request attempt 3 failed: HTTPConnectionPool(host='127.0.0.1', port=8000): Max retries exceeded with url: /api/ (Caused by NewConnectionError('<urllib3.connection.HTTPConnection object at 0x000002A0CAF7CDD0>: Failed to establish a new connection: [WinError 10061] No connection could be made because the target machine actively refused it'))
2025-09-05 13:21:58,230 - device_list - INFO - device_list.py:241 - Refreshing device data...
2025-09-05 13:21:58,233 - device_list - INFO - device_list.py:261 - Loaded 12 devices from CSV
2025-09-05 13:22:28,235 - device_list - INFO - device_list.py:241 - Refreshing device data...
2025-09-05 13:22:28,238 - device_list - INFO - device_list.py:261 - Loaded 12 devices from CSV
2025-09-05 13:22:31,922 - api_client - WARNING - client.py:80 - Request attempt 1 failed: HTTPConnectionPool(host='127.0.0.1', port=8000): Max retries exceeded with url: /api/ (Caused by NewConnectionError('<urllib3.connection.HTTPConnection object at 0x000002A0CD348160>: Failed to establish a new connection: [WinError 10061] No connection could be made because the target machine actively refused it'))
2025-09-05 13:22:33,973 - api_client - WARNING - client.py:80 - Request attempt 2 failed: HTTPConnectionPool(host='127.0.0.1', port=8000): Max retries exceeded with url: /api/ (Caused by NewConnectionError('<urllib3.connection.HTTPConnection object at 0x000002A0CD3485A0>: Failed to establish a new connection: [WinError 10061] No connection could be made because the target machine actively refused it'))
2025-09-05 13:22:36,042 - api_client - WARNING - client.py:80 - Request attempt 3 failed: HTTPConnectionPool(host='127.0.0.1', port=8000): Max retries exceeded with url: /api/ (Caused by NewConnectionError('<urllib3.connection.HTTPConnection object at 0x000002A0CAF1FF00>: Failed to establish a new connection: [WinError 10061] No connection could be made because the target machine actively refused it'))
2025-09-05 13:22:54,252 - main_window - INFO - main_window.py:284 - Refreshed data for Create Task
2025-09-05 13:22:56,489 - user_management - INFO - user_management.py:581 - Refreshing user data...
2025-09-05 13:22:56,493 - user_management - INFO - user_management.py:603 - Loaded 12 users from CSV
2025-09-05 13:22:56,493 - main_window - INFO - main_window.py:284 - Refreshed data for User Management
2025-09-05 13:22:58,240 - device_list - INFO - device_list.py:241 - Refreshing device data...
2025-09-05 13:22:58,245 - device_list - INFO - device_list.py:261 - Loaded 12 devices from CSV
2025-09-05 13:22:58,791 - main_window - INFO - main_window.py:284 - Refreshed data for Task Monitor
2025-09-05 13:22:59,988 - main_window - INFO - main_window.py:284 - Refreshed data for Map Management
2025-09-05 13:23:28,241 - device_list - INFO - device_list.py:241 - Refreshing device data...
2025-09-05 13:23:28,245 - device_list - INFO - device_list.py:261 - Loaded 12 devices from CSV
2025-09-05 13:23:31,910 - api_client - WARNING - client.py:80 - Request attempt 1 failed: HTTPConnectionPool(host='127.0.0.1', port=8000): Max retries exceeded with url: /api/ (Caused by NewConnectionError('<urllib3.connection.HTTPConnection object at 0x000002A0CAF1FCE0>: Failed to establish a new connection: [WinError 10061] No connection could be made because the target machine actively refused it'))
2025-09-05 13:23:33,947 - api_client - WARNING - client.py:80 - Request attempt 2 failed: HTTPConnectionPool(host='127.0.0.1', port=8000): Max retries exceeded with url: /api/ (Caused by NewConnectionError('<urllib3.connection.HTTPConnection object at 0x000002A0CAF1F570>: Failed to establish a new connection: [WinError 10061] No connection could be made because the target machine actively refused it'))
2025-09-05 13:23:35,983 - api_client - WARNING - client.py:80 - Request attempt 3 failed: HTTPConnectionPool(host='127.0.0.1', port=8000): Max retries exceeded with url: /api/ (Caused by NewConnectionError('<urllib3.connection.HTTPConnection object at 0x000002A0CAF1F350>: Failed to establish a new connection: [WinError 10061] No connection could be made because the target machine actively refused it'))
2025-09-05 13:23:58,234 - device_list - INFO - device_list.py:241 - Refreshing device data...
2025-09-05 13:23:58,240 - device_list - INFO - device_list.py:261 - Loaded 12 devices from CSV
2025-09-05 13:24:28,237 - device_list - INFO - device_list.py:241 - Refreshing device data...
2025-09-05 13:24:28,240 - device_list - INFO - device_list.py:261 - Loaded 12 devices from CSV
2025-09-05 13:24:31,904 - api_client - WARNING - client.py:80 - Request attempt 1 failed: HTTPConnectionPool(host='127.0.0.1', port=8000): Max retries exceeded with url: /api/ (Caused by NewConnectionError('<urllib3.connection.HTTPConnection object at 0x000002A0CAF1F020>: Failed to establish a new connection: [WinError 10061] No connection could be made because the target machine actively refused it'))
2025-09-05 13:24:33,946 - api_client - WARNING - client.py:80 - Request attempt 2 failed: HTTPConnectionPool(host='127.0.0.1', port=8000): Max retries exceeded with url: /api/ (Caused by NewConnectionError('<urllib3.connection.HTTPConnection object at 0x000002A0CAF1F240>: Failed to establish a new connection: [WinError 10061] No connection could be made because the target machine actively refused it'))
2025-09-05 13:24:35,992 - api_client - WARNING - client.py:80 - Request attempt 3 failed: HTTPConnectionPool(host='127.0.0.1', port=8000): Max retries exceeded with url: /api/ (Caused by NewConnectionError('<urllib3.connection.HTTPConnection object at 0x000002A0CD3D0050>: Failed to establish a new connection: [WinError 10061] No connection could be made because the target machine actively refused it'))
2025-09-05 13:24:58,243 - device_list - INFO - device_list.py:241 - Refreshing device data...
2025-09-05 13:24:58,252 - device_list - INFO - device_list.py:261 - Loaded 12 devices from CSV
2025-09-05 13:25:28,241 - device_list - INFO - device_list.py:241 - Refreshing device data...
2025-09-05 13:25:28,244 - device_list - INFO - device_list.py:261 - Loaded 12 devices from CSV
2025-09-05 13:25:31,929 - api_client - WARNING - client.py:80 - Request attempt 1 failed: HTTPConnectionPool(host='127.0.0.1', port=8000): Max retries exceeded with url: /api/ (Caused by NewConnectionError('<urllib3.connection.HTTPConnection object at 0x000002A0CD3D0270>: Failed to establish a new connection: [WinError 10061] No connection could be made because the target machine actively refused it'))
2025-09-05 13:25:33,965 - api_client - WARNING - client.py:80 - Request attempt 2 failed: HTTPConnectionPool(host='127.0.0.1', port=8000): Max retries exceeded with url: /api/ (Caused by NewConnectionError('<urllib3.connection.HTTPConnection object at 0x000002A0CD3D0490>: Failed to establish a new connection: [WinError 10061] No connection could be made because the target machine actively refused it'))
2025-09-05 13:25:36,002 - api_client - WARNING - client.py:80 - Request attempt 3 failed: HTTPConnectionPool(host='127.0.0.1', port=8000): Max retries exceeded with url: /api/ (Caused by NewConnectionError('<urllib3.connection.HTTPConnection object at 0x000002A0CD3D06B0>: Failed to establish a new connection: [WinError 10061] No connection could be made because the target machine actively refused it'))
2025-09-05 13:25:58,242 - device_list - INFO - device_list.py:241 - Refreshing device data...
2025-09-05 13:25:58,248 - device_list - INFO - device_list.py:261 - Loaded 12 devices from CSV
2025-09-05 13:26:28,244 - device_list - INFO - device_list.py:241 - Refreshing device data...
2025-09-05 13:26:28,249 - device_list - INFO - device_list.py:261 - Loaded 12 devices from CSV
2025-09-05 13:26:31,914 - api_client - WARNING - client.py:80 - Request attempt 1 failed: HTTPConnectionPool(host='127.0.0.1', port=8000): Max retries exceeded with url: /api/ (Caused by NewConnectionError('<urllib3.connection.HTTPConnection object at 0x000002A0CD3D08D0>: Failed to establish a new connection: [WinError 10061] No connection could be made because the target machine actively refused it'))
2025-09-05 13:26:33,931 - api_client - WARNING - client.py:80 - Request attempt 2 failed: HTTPConnectionPool(host='127.0.0.1', port=8000): Max retries exceeded with url: /api/ (Caused by NewConnectionError('<urllib3.connection.HTTPConnection object at 0x000002A0CD3D0AF0>: Failed to establish a new connection: [WinError 10061] No connection could be made because the target machine actively refused it'))
2025-09-05 13:26:35,979 - api_client - WARNING - client.py:80 - Request attempt 3 failed: HTTPConnectionPool(host='127.0.0.1', port=8000): Max retries exceeded with url: /api/ (Caused by NewConnectionError('<urllib3.connection.HTTPConnection object at 0x000002A0CD3D0D10>: Failed to establish a new connection: [WinError 10061] No connection could be made because the target machine actively refused it'))
2025-09-05 13:26:58,232 - device_list - INFO - device_list.py:241 - Refreshing device data...
2025-09-05 13:26:58,235 - device_list - INFO - device_list.py:261 - Loaded 12 devices from CSV
2025-09-05 13:27:28,244 - device_list - INFO - device_list.py:241 - Refreshing device data...
2025-09-05 13:27:28,248 - device_list - INFO - device_list.py:261 - Loaded 12 devices from CSV
2025-09-05 13:27:31,904 - api_client - WARNING - client.py:80 - Request attempt 1 failed: HTTPConnectionPool(host='127.0.0.1', port=8000): Max retries exceeded with url: /api/ (Caused by NewConnectionError('<urllib3.connection.HTTPConnection object at 0x000002A0CD3D0F30>: Failed to establish a new connection: [WinError 10061] No connection could be made because the target machine actively refused it'))
2025-09-05 13:27:33,928 - api_client - WARNING - client.py:80 - Request attempt 2 failed: HTTPConnectionPool(host='127.0.0.1', port=8000): Max retries exceeded with url: /api/ (Caused by NewConnectionError('<urllib3.connection.HTTPConnection object at 0x000002A0CD3D1150>: Failed to establish a new connection: [WinError 10061] No connection could be made because the target machine actively refused it'))
2025-09-05 13:27:35,971 - api_client - WARNING - client.py:80 - Request attempt 3 failed: HTTPConnectionPool(host='127.0.0.1', port=8000): Max retries exceeded with url: /api/ (Caused by NewConnectionError('<urllib3.connection.HTTPConnection object at 0x000002A0CD3D1370>: Failed to establish a new connection: [WinError 10061] No connection could be made because the target machine actively refused it'))
2025-09-05 13:27:58,239 - device_list - INFO - device_list.py:241 - Refreshing device data...
2025-09-05 13:27:58,244 - device_list - INFO - device_list.py:261 - Loaded 12 devices from CSV
2025-09-05 13:28:28,230 - device_list - INFO - device_list.py:241 - Refreshing device data...
2025-09-05 13:28:28,233 - device_list - INFO - device_list.py:261 - Loaded 12 devices from CSV
2025-09-05 13:28:31,906 - api_client - WARNING - client.py:80 - Request attempt 1 failed: HTTPConnectionPool(host='127.0.0.1', port=8000): Max retries exceeded with url: /api/ (Caused by NewConnectionError('<urllib3.connection.HTTPConnection object at 0x000002A0CD3D1590>: Failed to establish a new connection: [WinError 10061] No connection could be made because the target machine actively refused it'))
2025-09-05 13:28:33,936 - api_client - WARNING - client.py:80 - Request attempt 2 failed: HTTPConnectionPool(host='127.0.0.1', port=8000): Max retries exceeded with url: /api/ (Caused by NewConnectionError('<urllib3.connection.HTTPConnection object at 0x000002A0CD3D17B0>: Failed to establish a new connection: [WinError 10061] No connection could be made because the target machine actively refused it'))
2025-09-05 13:28:35,978 - api_client - WARNING - client.py:80 - Request attempt 3 failed: HTTPConnectionPool(host='127.0.0.1', port=8000): Max retries exceeded with url: /api/ (Caused by NewConnectionError('<urllib3.connection.HTTPConnection object at 0x000002A0CD3D19D0>: Failed to establish a new connection: [WinError 10061] No connection could be made because the target machine actively refused it'))
2025-09-05 13:28:58,238 - device_list - INFO - device_list.py:241 - Refreshing device data...
2025-09-05 13:28:58,243 - device_list - INFO - device_list.py:261 - Loaded 12 devices from CSV
2025-09-05 13:29:28,237 - device_list - INFO - device_list.py:241 - Refreshing device data...
2025-09-05 13:29:28,240 - device_list - INFO - device_list.py:261 - Loaded 12 devices from CSV
2025-09-05 13:29:31,913 - api_client - WARNING - client.py:80 - Request attempt 1 failed: HTTPConnectionPool(host='127.0.0.1', port=8000): Max retries exceeded with url: /api/ (Caused by NewConnectionError('<urllib3.connection.HTTPConnection object at 0x000002A0CAF1F240>: Failed to establish a new connection: [WinError 10061] No connection could be made because the target machine actively refused it'))
2025-09-05 13:29:33,934 - api_client - WARNING - client.py:80 - Request attempt 2 failed: HTTPConnectionPool(host='127.0.0.1', port=8000): Max retries exceeded with url: /api/ (Caused by NewConnectionError('<urllib3.connection.HTTPConnection object at 0x000002A0CAF1F020>: Failed to establish a new connection: [WinError 10061] No connection could be made because the target machine actively refused it'))
2025-09-05 13:29:35,964 - api_client - WARNING - client.py:80 - Request attempt 3 failed: HTTPConnectionPool(host='127.0.0.1', port=8000): Max retries exceeded with url: /api/ (Caused by NewConnectionError('<urllib3.connection.HTTPConnection object at 0x000002A0CAF1F350>: Failed to establish a new connection: [WinError 10061] No connection could be made because the target machine actively refused it'))
2025-09-05 13:29:58,239 - device_list - INFO - device_list.py:241 - Refreshing device data...
2025-09-05 13:29:58,243 - device_list - INFO - device_list.py:261 - Loaded 12 devices from CSV
2025-09-05 13:30:28,244 - device_list - INFO - device_list.py:241 - Refreshing device data...
2025-09-05 13:30:28,248 - device_list - INFO - device_list.py:261 - Loaded 12 devices from CSV
2025-09-05 13:30:31,927 - api_client - WARNING - client.py:80 - Request attempt 1 failed: HTTPConnectionPool(host='127.0.0.1', port=8000): Max retries exceeded with url: /api/ (Caused by NewConnectionError('<urllib3.connection.HTTPConnection object at 0x000002A0CAF1F570>: Failed to establish a new connection: [WinError 10061] No connection could be made because the target machine actively refused it'))
2025-09-05 13:30:33,957 - api_client - WARNING - client.py:80 - Request attempt 2 failed: HTTPConnectionPool(host='127.0.0.1', port=8000): Max retries exceeded with url: /api/ (Caused by NewConnectionError('<urllib3.connection.HTTPConnection object at 0x000002A0CAF1FCE0>: Failed to establish a new connection: [WinError 10061] No connection could be made because the target machine actively refused it'))
2025-09-05 13:30:35,990 - api_client - WARNING - client.py:80 - Request attempt 3 failed: HTTPConnectionPool(host='127.0.0.1', port=8000): Max retries exceeded with url: /api/ (Caused by NewConnectionError('<urllib3.connection.HTTPConnection object at 0x000002A0CAF1FAC0>: Failed to establish a new connection: [WinError 10061] No connection could be made because the target machine actively refused it'))
2025-09-05 13:30:58,242 - device_list - INFO - device_list.py:241 - Refreshing device data...
2025-09-05 13:30:58,248 - device_list - INFO - device_list.py:261 - Loaded 12 devices from CSV
2025-09-05 13:31:28,231 - device_list - INFO - device_list.py:241 - Refreshing device data...
2025-09-05 13:31:28,234 - device_list - INFO - device_list.py:261 - Loaded 12 devices from CSV
2025-09-05 13:31:31,911 - api_client - WARNING - client.py:80 - Request attempt 1 failed: HTTPConnectionPool(host='127.0.0.1', port=8000): Max retries exceeded with url: /api/ (Caused by NewConnectionError('<urllib3.connection.HTTPConnection object at 0x000002A0CAF1F790>: Failed to establish a new connection: [WinError 10061] No connection could be made because the target machine actively refused it'))
2025-09-05 13:31:33,975 - api_client - WARNING - client.py:80 - Request attempt 2 failed: HTTPConnectionPool(host='127.0.0.1', port=8000): Max retries exceeded with url: /api/ (Caused by NewConnectionError('<urllib3.connection.HTTPConnection object at 0x000002A0CAF1FF00>: Failed to establish a new connection: [WinError 10061] No connection could be made because the target machine actively refused it'))
2025-09-05 13:31:36,018 - api_client - WARNING - client.py:80 - Request attempt 3 failed: HTTPConnectionPool(host='127.0.0.1', port=8000): Max retries exceeded with url: /api/ (Caused by NewConnectionError('<urllib3.connection.HTTPConnection object at 0x000002A0CD39C050>: Failed to establish a new connection: [WinError 10061] No connection could be made because the target machine actively refused it'))
2025-09-05 13:31:56,960 - main_window - INFO - main_window.py:284 - Refreshed data for Task Monitor
2025-09-05 13:31:58,235 - device_list - INFO - device_list.py:241 - Refreshing device data...
2025-09-05 13:31:58,240 - device_list - INFO - device_list.py:261 - Loaded 12 devices from CSV
2025-09-05 13:32:28,242 - device_list - INFO - device_list.py:241 - Refreshing device data...
2025-09-05 13:32:28,245 - device_list - INFO - device_list.py:261 - Loaded 12 devices from CSV
2025-09-05 13:32:31,912 - api_client - WARNING - client.py:80 - Request attempt 1 failed: HTTPConnectionPool(host='127.0.0.1', port=8000): Max retries exceeded with url: /api/ (Caused by NewConnectionError('<urllib3.connection.HTTPConnection object at 0x000002A0CD39C270>: Failed to establish a new connection: [WinError 10061] No connection could be made because the target machine actively refused it'))
2025-09-05 13:32:33,958 - api_client - WARNING - client.py:80 - Request attempt 2 failed: HTTPConnectionPool(host='127.0.0.1', port=8000): Max retries exceeded with url: /api/ (Caused by NewConnectionError('<urllib3.connection.HTTPConnection object at 0x000002A0CD39C490>: Failed to establish a new connection: [WinError 10061] No connection could be made because the target machine actively refused it'))
2025-09-05 13:32:36,008 - api_client - WARNING - client.py:80 - Request attempt 3 failed: HTTPConnectionPool(host='127.0.0.1', port=8000): Max retries exceeded with url: /api/ (Caused by NewConnectionError('<urllib3.connection.HTTPConnection object at 0x000002A0CD39C6B0>: Failed to establish a new connection: [WinError 10061] No connection could be made because the target machine actively refused it'))
2025-09-05 13:32:58,239 - device_list - INFO - device_list.py:241 - Refreshing device data...
2025-09-05 13:32:58,245 - device_list - INFO - device_list.py:261 - Loaded 12 devices from CSV
2025-09-05 13:33:28,241 - device_list - INFO - device_list.py:241 - Refreshing device data...
2025-09-05 13:33:28,244 - device_list - INFO - device_list.py:261 - Loaded 12 devices from CSV
2025-09-05 13:33:31,908 - api_client - WARNING - client.py:80 - Request attempt 1 failed: HTTPConnectionPool(host='127.0.0.1', port=8000): Max retries exceeded with url: /api/ (Caused by NewConnectionError('<urllib3.connection.HTTPConnection object at 0x000002A0CD39CD10>: Failed to establish a new connection: [WinError 10061] No connection could be made because the target machine actively refused it'))
2025-09-05 13:33:33,967 - api_client - WARNING - client.py:80 - Request attempt 2 failed: HTTPConnectionPool(host='127.0.0.1', port=8000): Max retries exceeded with url: /api/ (Caused by NewConnectionError('<urllib3.connection.HTTPConnection object at 0x000002A0CD39CF30>: Failed to establish a new connection: [WinError 10061] No connection could be made because the target machine actively refused it'))
2025-09-05 13:33:35,995 - api_client - WARNING - client.py:80 - Request attempt 3 failed: HTTPConnectionPool(host='127.0.0.1', port=8000): Max retries exceeded with url: /api/ (Caused by NewConnectionError('<urllib3.connection.HTTPConnection object at 0x000002A0CD39D150>: Failed to establish a new connection: [WinError 10061] No connection could be made because the target machine actively refused it'))
2025-09-05 13:33:58,230 - device_list - INFO - device_list.py:241 - Refreshing device data...
2025-09-05 13:33:58,236 - device_list - INFO - device_list.py:261 - Loaded 12 devices from CSV
2025-09-05 13:34:28,236 - device_list - INFO - device_list.py:241 - Refreshing device data...
2025-09-05 13:34:28,240 - device_list - INFO - device_list.py:261 - Loaded 12 devices from CSV
2025-09-05 13:34:31,922 - api_client - WARNING - client.py:80 - Request attempt 1 failed: HTTPConnectionPool(host='127.0.0.1', port=8000): Max retries exceeded with url: /api/ (Caused by NewConnectionError('<urllib3.connection.HTTPConnection object at 0x000002A0CD39D370>: Failed to establish a new connection: [WinError 10061] No connection could be made because the target machine actively refused it'))
2025-09-05 13:34:33,973 - api_client - WARNING - client.py:80 - Request attempt 2 failed: HTTPConnectionPool(host='127.0.0.1', port=8000): Max retries exceeded with url: /api/ (Caused by NewConnectionError('<urllib3.connection.HTTPConnection object at 0x000002A0CD39D590>: Failed to establish a new connection: [WinError 10061] No connection could be made because the target machine actively refused it'))
2025-09-05 13:34:36,022 - api_client - WARNING - client.py:80 - Request attempt 3 failed: HTTPConnectionPool(host='127.0.0.1', port=8000): Max retries exceeded with url: /api/ (Caused by NewConnectionError('<urllib3.connection.HTTPConnection object at 0x000002A0CD39D7B0>: Failed to establish a new connection: [WinError 10061] No connection could be made because the target machine actively refused it'))
2025-09-05 13:34:58,237 - device_list - INFO - device_list.py:241 - Refreshing device data...
2025-09-05 13:34:58,242 - device_list - INFO - device_list.py:261 - Loaded 12 devices from CSV
2025-09-05 13:35:28,240 - device_list - INFO - device_list.py:241 - Refreshing device data...
2025-09-05 13:35:28,243 - device_list - INFO - device_list.py:261 - Loaded 12 devices from CSV
2025-09-05 13:35:31,916 - api_client - WARNING - client.py:80 - Request attempt 1 failed: HTTPConnectionPool(host='127.0.0.1', port=8000): Max retries exceeded with url: /api/ (Caused by NewConnectionError('<urllib3.connection.HTTPConnection object at 0x000002A0CD39D9D0>: Failed to establish a new connection: [WinError 10061] No connection could be made because the target machine actively refused it'))
2025-09-05 13:35:33,941 - api_client - WARNING - client.py:80 - Request attempt 2 failed: HTTPConnectionPool(host='127.0.0.1', port=8000): Max retries exceeded with url: /api/ (Caused by NewConnectionError('<urllib3.connection.HTTPConnection object at 0x000002A0CD39DBF0>: Failed to establish a new connection: [WinError 10061] No connection could be made because the target machine actively refused it'))
2025-09-05 13:35:36,003 - api_client - WARNING - client.py:80 - Request attempt 3 failed: HTTPConnectionPool(host='127.0.0.1', port=8000): Max retries exceeded with url: /api/ (Caused by NewConnectionError('<urllib3.connection.HTTPConnection object at 0x000002A0CD39DE10>: Failed to establish a new connection: [WinError 10061] No connection could be made because the target machine actively refused it'))
2025-09-05 13:35:58,240 - device_list - INFO - device_list.py:241 - Refreshing device data...
2025-09-05 13:35:58,243 - device_list - INFO - device_list.py:261 - Loaded 12 devices from CSV
2025-09-05 13:36:28,242 - device_list - INFO - device_list.py:241 - Refreshing device data...
2025-09-05 13:36:28,245 - device_list - INFO - device_list.py:261 - Loaded 12 devices from CSV
2025-09-05 13:36:31,901 - api_client - WARNING - client.py:80 - Request attempt 1 failed: HTTPConnectionPool(host='127.0.0.1', port=8000): Max retries exceeded with url: /api/ (Caused by NewConnectionError('<urllib3.connection.HTTPConnection object at 0x000002A0CD39E030>: Failed to establish a new connection: [WinError 10061] No connection could be made because the target machine actively refused it'))
2025-09-05 13:36:33,910 - api_client - WARNING - client.py:80 - Request attempt 2 failed: HTTPConnectionPool(host='127.0.0.1', port=8000): Max retries exceeded with url: /api/ (Caused by NewConnectionError('<urllib3.connection.HTTPConnection object at 0x000002A0CD39E250>: Failed to establish a new connection: [WinError 10061] No connection could be made because the target machine actively refused it'))
2025-09-05 13:36:35,955 - api_client - WARNING - client.py:80 - Request attempt 3 failed: HTTPConnectionPool(host='127.0.0.1', port=8000): Max retries exceeded with url: /api/ (Caused by NewConnectionError('<urllib3.connection.HTTPConnection object at 0x000002A0CD39E470>: Failed to establish a new connection: [WinError 10061] No connection could be made because the target machine actively refused it'))
2025-09-05 13:36:58,233 - device_list - INFO - device_list.py:241 - Refreshing device data...
2025-09-05 13:36:58,236 - device_list - INFO - device_list.py:261 - Loaded 12 devices from CSV
2025-09-05 13:37:28,230 - device_list - INFO - device_list.py:241 - Refreshing device data...
2025-09-05 13:37:28,233 - device_list - INFO - device_list.py:261 - Loaded 12 devices from CSV
2025-09-05 13:37:31,904 - api_client - WARNING - client.py:80 - Request attempt 1 failed: HTTPConnectionPool(host='127.0.0.1', port=8000): Max retries exceeded with url: /api/ (Caused by NewConnectionError('<urllib3.connection.HTTPConnection object at 0x000002A0CD39E690>: Failed to establish a new connection: [WinError 10061] No connection could be made because the target machine actively refused it'))
2025-09-05 13:37:33,943 - api_client - WARNING - client.py:80 - Request attempt 2 failed: HTTPConnectionPool(host='127.0.0.1', port=8000): Max retries exceeded with url: /api/ (Caused by NewConnectionError('<urllib3.connection.HTTPConnection object at 0x000002A0CD39E8B0>: Failed to establish a new connection: [WinError 10061] No connection could be made because the target machine actively refused it'))
2025-09-05 13:37:35,991 - api_client - WARNING - client.py:80 - Request attempt 3 failed: HTTPConnectionPool(host='127.0.0.1', port=8000): Max retries exceeded with url: /api/ (Caused by NewConnectionError('<urllib3.connection.HTTPConnection object at 0x000002A0CAF1FF00>: Failed to establish a new connection: [WinError 10061] No connection could be made because the target machine actively refused it'))
2025-09-05 13:37:58,244 - device_list - INFO - device_list.py:241 - Refreshing device data...
2025-09-05 13:37:58,251 - device_list - INFO - device_list.py:261 - Loaded 12 devices from CSV
2025-09-05 13:38:28,238 - device_list - INFO - device_list.py:241 - Refreshing device data...
2025-09-05 13:38:28,243 - device_list - INFO - device_list.py:261 - Loaded 12 devices from CSV
2025-09-05 13:38:31,922 - api_client - WARNING - client.py:80 - Request attempt 1 failed: HTTPConnectionPool(host='127.0.0.1', port=8000): Max retries exceeded with url: /api/ (Caused by NewConnectionError('<urllib3.connection.HTTPConnection object at 0x000002A0CAF1F790>: Failed to establish a new connection: [WinError 10061] No connection could be made because the target machine actively refused it'))
2025-09-05 13:38:33,961 - api_client - WARNING - client.py:80 - Request attempt 2 failed: HTTPConnectionPool(host='127.0.0.1', port=8000): Max retries exceeded with url: /api/ (Caused by NewConnectionError('<urllib3.connection.HTTPConnection object at 0x000002A0CAF1FAC0>: Failed to establish a new connection: [WinError 10061] No connection could be made because the target machine actively refused it'))
2025-09-05 13:38:36,010 - api_client - WARNING - client.py:80 - Request attempt 3 failed: HTTPConnectionPool(host='127.0.0.1', port=8000): Max retries exceeded with url: /api/ (Caused by NewConnectionError('<urllib3.connection.HTTPConnection object at 0x000002A0CAF1FCE0>: Failed to establish a new connection: [WinError 10061] No connection could be made because the target machine actively refused it'))
2025-09-05 13:38:58,232 - device_list - INFO - device_list.py:241 - Refreshing device data...
2025-09-05 13:38:58,238 - device_list - INFO - device_list.py:261 - Loaded 12 devices from CSV
2025-09-05 13:39:28,232 - device_list - INFO - device_list.py:241 - Refreshing device data...
2025-09-05 13:39:28,235 - device_list - INFO - device_list.py:261 - Loaded 12 devices from CSV
2025-09-05 13:39:31,909 - api_client - WARNING - client.py:80 - Request attempt 1 failed: HTTPConnectionPool(host='127.0.0.1', port=8000): Max retries exceeded with url: /api/ (Caused by NewConnectionError('<urllib3.connection.HTTPConnection object at 0x000002A0CAF1F570>: Failed to establish a new connection: [WinError 10061] No connection could be made because the target machine actively refused it'))
2025-09-05 13:39:33,933 - api_client - WARNING - client.py:80 - Request attempt 2 failed: HTTPConnectionPool(host='127.0.0.1', port=8000): Max retries exceeded with url: /api/ (Caused by NewConnectionError('<urllib3.connection.HTTPConnection object at 0x000002A0CAF1F350>: Failed to establish a new connection: [WinError 10061] No connection could be made because the target machine actively refused it'))
2025-09-05 13:39:35,979 - api_client - WARNING - client.py:80 - Request attempt 3 failed: HTTPConnectionPool(host='127.0.0.1', port=8000): Max retries exceeded with url: /api/ (Caused by NewConnectionError('<urllib3.connection.HTTPConnection object at 0x000002A0CAF1F020>: Failed to establish a new connection: [WinError 10061] No connection could be made because the target machine actively refused it'))
2025-09-05 13:39:58,233 - device_list - INFO - device_list.py:241 - Refreshing device data...
2025-09-05 13:39:58,236 - device_list - INFO - device_list.py:261 - Loaded 12 devices from CSV
2025-09-05 13:40:28,231 - device_list - INFO - device_list.py:241 - Refreshing device data...
2025-09-05 13:40:28,234 - device_list - INFO - device_list.py:261 - Loaded 12 devices from CSV
2025-09-05 13:40:31,943 - api_client - WARNING - client.py:80 - Request attempt 1 failed: HTTPConnectionPool(host='127.0.0.1', port=8000): Max retries exceeded with url: /api/ (Caused by NewConnectionError('<urllib3.connection.HTTPConnection object at 0x000002A0CAF1F240>: Failed to establish a new connection: [WinError 10061] No connection could be made because the target machine actively refused it'))
2025-09-05 13:40:33,967 - api_client - WARNING - client.py:80 - Request attempt 2 failed: HTTPConnectionPool(host='127.0.0.1', port=8000): Max retries exceeded with url: /api/ (Caused by NewConnectionError('<urllib3.connection.HTTPConnection object at 0x000002A0CD39E690>: Failed to establish a new connection: [WinError 10061] No connection could be made because the target machine actively refused it'))
2025-09-05 13:40:35,999 - api_client - WARNING - client.py:80 - Request attempt 3 failed: HTTPConnectionPool(host='127.0.0.1', port=8000): Max retries exceeded with url: /api/ (Caused by NewConnectionError('<urllib3.connection.HTTPConnection object at 0x000002A0CD39E470>: Failed to establish a new connection: [WinError 10061] No connection could be made because the target machine actively refused it'))
2025-09-05 13:40:58,237 - device_list - INFO - device_list.py:241 - Refreshing device data...
2025-09-05 13:40:58,243 - device_list - INFO - device_list.py:261 - Loaded 12 devices from CSV
2025-09-05 13:41:28,236 - device_list - INFO - device_list.py:241 - Refreshing device data...
2025-09-05 13:41:28,239 - device_list - INFO - device_list.py:261 - Loaded 12 devices from CSV
2025-09-05 13:41:31,928 - api_client - WARNING - client.py:80 - Request attempt 1 failed: HTTPConnectionPool(host='127.0.0.1', port=8000): Max retries exceeded with url: /api/ (Caused by NewConnectionError('<urllib3.connection.HTTPConnection object at 0x000002A0CD39E250>: Failed to establish a new connection: [WinError 10061] No connection could be made because the target machine actively refused it'))
2025-09-05 13:41:33,953 - api_client - WARNING - client.py:80 - Request attempt 2 failed: HTTPConnectionPool(host='127.0.0.1', port=8000): Max retries exceeded with url: /api/ (Caused by NewConnectionError('<urllib3.connection.HTTPConnection object at 0x000002A0CD39E030>: Failed to establish a new connection: [WinError 10061] No connection could be made because the target machine actively refused it'))
2025-09-05 13:41:36,002 - api_client - WARNING - client.py:80 - Request attempt 3 failed: HTTPConnectionPool(host='127.0.0.1', port=8000): Max retries exceeded with url: /api/ (Caused by NewConnectionError('<urllib3.connection.HTTPConnection object at 0x000002A0CD39DE10>: Failed to establish a new connection: [WinError 10061] No connection could be made because the target machine actively refused it'))
2025-09-05 13:41:58,236 - device_list - INFO - device_list.py:241 - Refreshing device data...
2025-09-05 13:41:58,241 - device_list - INFO - device_list.py:261 - Loaded 12 devices from CSV
2025-09-05 13:42:28,230 - device_list - INFO - device_list.py:241 - Refreshing device data...
2025-09-05 13:42:28,235 - device_list - INFO - device_list.py:261 - Loaded 12 devices from CSV
2025-09-05 13:42:31,915 - api_client - WARNING - client.py:80 - Request attempt 1 failed: HTTPConnectionPool(host='127.0.0.1', port=8000): Max retries exceeded with url: /api/ (Caused by NewConnectionError('<urllib3.connection.HTTPConnection object at 0x000002A0CD39DBF0>: Failed to establish a new connection: [WinError 10061] No connection could be made because the target machine actively refused it'))
2025-09-05 13:42:33,954 - api_client - WARNING - client.py:80 - Request attempt 2 failed: HTTPConnectionPool(host='127.0.0.1', port=8000): Max retries exceeded with url: /api/ (Caused by NewConnectionError('<urllib3.connection.HTTPConnection object at 0x000002A0CD39D9D0>: Failed to establish a new connection: [WinError 10061] No connection could be made because the target machine actively refused it'))
2025-09-05 13:42:36,004 - api_client - WARNING - client.py:80 - Request attempt 3 failed: HTTPConnectionPool(host='127.0.0.1', port=8000): Max retries exceeded with url: /api/ (Caused by NewConnectionError('<urllib3.connection.HTTPConnection object at 0x000002A0CD39D7B0>: Failed to establish a new connection: [WinError 10061] No connection could be made because the target machine actively refused it'))
2025-09-05 13:42:58,240 - device_list - INFO - device_list.py:241 - Refreshing device data...
2025-09-05 13:42:58,245 - device_list - INFO - device_list.py:261 - Loaded 12 devices from CSV
2025-09-05 13:43:28,232 - device_list - INFO - device_list.py:241 - Refreshing device data...
2025-09-05 13:43:28,234 - device_list - INFO - device_list.py:261 - Loaded 12 devices from CSV
2025-09-05 13:43:31,902 - api_client - WARNING - client.py:80 - Request attempt 1 failed: HTTPConnectionPool(host='127.0.0.1', port=8000): Max retries exceeded with url: /api/ (Caused by NewConnectionError('<urllib3.connection.HTTPConnection object at 0x000002A0CD39D590>: Failed to establish a new connection: [WinError 10061] No connection could be made because the target machine actively refused it'))
2025-09-05 13:43:33,957 - api_client - WARNING - client.py:80 - Request attempt 2 failed: HTTPConnectionPool(host='127.0.0.1', port=8000): Max retries exceeded with url: /api/ (Caused by NewConnectionError('<urllib3.connection.HTTPConnection object at 0x000002A0CD39D370>: Failed to establish a new connection: [WinError 10061] No connection could be made because the target machine actively refused it'))
2025-09-05 13:43:35,991 - api_client - WARNING - client.py:80 - Request attempt 3 failed: HTTPConnectionPool(host='127.0.0.1', port=8000): Max retries exceeded with url: /api/ (Caused by NewConnectionError('<urllib3.connection.HTTPConnection object at 0x000002A0CD39D150>: Failed to establish a new connection: [WinError 10061] No connection could be made because the target machine actively refused it'))
2025-09-05 13:43:58,242 - device_list - INFO - device_list.py:241 - Refreshing device data...
2025-09-05 13:43:58,245 - device_list - INFO - device_list.py:261 - Loaded 12 devices from CSV
2025-09-05 13:44:28,234 - device_list - INFO - device_list.py:241 - Refreshing device data...
2025-09-05 13:44:28,237 - device_list - INFO - device_list.py:261 - Loaded 12 devices from CSV
2025-09-05 13:44:31,921 - api_client - WARNING - client.py:80 - Request attempt 1 failed: HTTPConnectionPool(host='127.0.0.1', port=8000): Max retries exceeded with url: /api/ (Caused by NewConnectionError('<urllib3.connection.HTTPConnection object at 0x000002A0CD39CF30>: Failed to establish a new connection: [WinError 10061] No connection could be made because the target machine actively refused it'))
2025-09-05 13:44:33,960 - api_client - WARNING - client.py:80 - Request attempt 2 failed: HTTPConnectionPool(host='127.0.0.1', port=8000): Max retries exceeded with url: /api/ (Caused by NewConnectionError('<urllib3.connection.HTTPConnection object at 0x000002A0CD39CD10>: Failed to establish a new connection: [WinError 10061] No connection could be made because the target machine actively refused it'))
2025-09-05 13:44:35,993 - api_client - WARNING - client.py:80 - Request attempt 3 failed: HTTPConnectionPool(host='127.0.0.1', port=8000): Max retries exceeded with url: /api/ (Caused by NewConnectionError('<urllib3.connection.HTTPConnection object at 0x000002A0CD39C6B0>: Failed to establish a new connection: [WinError 10061] No connection could be made because the target machine actively refused it'))
2025-09-05 13:44:58,229 - device_list - INFO - device_list.py:241 - Refreshing device data...
2025-09-05 13:44:58,232 - device_list - INFO - device_list.py:261 - Loaded 12 devices from CSV
2025-09-05 13:45:28,237 - device_list - INFO - device_list.py:241 - Refreshing device data...
2025-09-05 13:45:28,240 - device_list - INFO - device_list.py:261 - Loaded 12 devices from CSV
2025-09-05 13:45:31,905 - api_client - WARNING - client.py:80 - Request attempt 1 failed: HTTPConnectionPool(host='127.0.0.1', port=8000): Max retries exceeded with url: /api/ (Caused by NewConnectionError('<urllib3.connection.HTTPConnection object at 0x000002A0CD39C490>: Failed to establish a new connection: [WinError 10061] No connection could be made because the target machine actively refused it'))
2025-09-05 13:45:33,915 - api_client - WARNING - client.py:80 - Request attempt 2 failed: HTTPConnectionPool(host='127.0.0.1', port=8000): Max retries exceeded with url: /api/ (Caused by NewConnectionError('<urllib3.connection.HTTPConnection object at 0x000002A0CD39C270>: Failed to establish a new connection: [WinError 10061] No connection could be made because the target machine actively refused it'))
2025-09-05 13:45:35,961 - api_client - WARNING - client.py:80 - Request attempt 3 failed: HTTPConnectionPool(host='127.0.0.1', port=8000): Max retries exceeded with url: /api/ (Caused by NewConnectionError('<urllib3.connection.HTTPConnection object at 0x000002A0CD39C050>: Failed to establish a new connection: [WinError 10061] No connection could be made because the target machine actively refused it'))
2025-09-05 13:45:58,230 - device_list - INFO - device_list.py:241 - Refreshing device data...
2025-09-05 13:45:58,233 - device_list - INFO - device_list.py:261 - Loaded 12 devices from CSV
2025-09-05 13:46:28,238 - device_list - INFO - device_list.py:241 - Refreshing device data...
2025-09-05 13:46:28,243 - device_list - INFO - device_list.py:261 - Loaded 12 devices from CSV
2025-09-05 13:46:31,909 - api_client - WARNING - client.py:80 - Request attempt 1 failed: HTTPConnectionPool(host='127.0.0.1', port=8000): Max retries exceeded with url: /api/ (Caused by NewConnectionError('<urllib3.connection.HTTPConnection object at 0x000002A0CD39EAD0>: Failed to establish a new connection: [WinError 10061] No connection could be made because the target machine actively refused it'))
2025-09-05 13:46:33,949 - api_client - WARNING - client.py:80 - Request attempt 2 failed: HTTPConnectionPool(host='127.0.0.1', port=8000): Max retries exceeded with url: /api/ (Caused by NewConnectionError('<urllib3.connection.HTTPConnection object at 0x000002A0CD39ECF0>: Failed to establish a new connection: [WinError 10061] No connection could be made because the target machine actively refused it'))
2025-09-05 13:46:35,996 - api_client - WARNING - client.py:80 - Request attempt 3 failed: HTTPConnectionPool(host='127.0.0.1', port=8000): Max retries exceeded with url: /api/ (Caused by NewConnectionError('<urllib3.connection.HTTPConnection object at 0x000002A0CD39EF10>: Failed to establish a new connection: [WinError 10061] No connection could be made because the target machine actively refused it'))
2025-09-05 13:46:58,236 - device_list - INFO - device_list.py:241 - Refreshing device data...
2025-09-05 13:46:58,239 - device_list - INFO - device_list.py:261 - Loaded 12 devices from CSV
2025-09-05 13:47:28,238 - device_list - INFO - device_list.py:241 - Refreshing device data...
2025-09-05 13:47:28,242 - device_list - INFO - device_list.py:261 - Loaded 12 devices from CSV
2025-09-05 13:47:31,911 - api_client - WARNING - client.py:80 - Request attempt 1 failed: HTTPConnectionPool(host='127.0.0.1', port=8000): Max retries exceeded with url: /api/ (Caused by NewConnectionError('<urllib3.connection.HTTPConnection object at 0x000002A0CD39F130>: Failed to establish a new connection: [WinError 10061] No connection could be made because the target machine actively refused it'))
2025-09-05 13:47:33,934 - api_client - WARNING - client.py:80 - Request attempt 2 failed: HTTPConnectionPool(host='127.0.0.1', port=8000): Max retries exceeded with url: /api/ (Caused by NewConnectionError('<urllib3.connection.HTTPConnection object at 0x000002A0CD39F350>: Failed to establish a new connection: [WinError 10061] No connection could be made because the target machine actively refused it'))
2025-09-05 13:47:35,982 - api_client - WARNING - client.py:80 - Request attempt 3 failed: HTTPConnectionPool(host='127.0.0.1', port=8000): Max retries exceeded with url: /api/ (Caused by NewConnectionError('<urllib3.connection.HTTPConnection object at 0x000002A0CAF1EF10>: Failed to establish a new connection: [WinError 10061] No connection could be made because the target machine actively refused it'))
2025-09-05 13:47:58,235 - device_list - INFO - device_list.py:241 - Refreshing device data...
2025-09-05 13:47:58,240 - device_list - INFO - device_list.py:261 - Loaded 12 devices from CSV
2025-09-05 13:48:28,239 - device_list - INFO - device_list.py:241 - Refreshing device data...
2025-09-05 13:48:28,244 - device_list - INFO - device_list.py:261 - Loaded 12 devices from CSV
2025-09-05 13:48:31,943 - api_client - WARNING - client.py:80 - Request attempt 1 failed: HTTPConnectionPool(host='127.0.0.1', port=8000): Max retries exceeded with url: /api/ (Caused by NewConnectionError('<urllib3.connection.HTTPConnection object at 0x000002A0CAF1F130>: Failed to establish a new connection: [WinError 10061] No connection could be made because the target machine actively refused it'))
2025-09-05 13:48:33,970 - api_client - WARNING - client.py:80 - Request attempt 2 failed: HTTPConnectionPool(host='127.0.0.1', port=8000): Max retries exceeded with url: /api/ (Caused by NewConnectionError('<urllib3.connection.HTTPConnection object at 0x000002A0CAF1F460>: Failed to establish a new connection: [WinError 10061] No connection could be made because the target machine actively refused it'))
2025-09-05 13:48:36,018 - api_client - WARNING - client.py:80 - Request attempt 3 failed: HTTPConnectionPool(host='127.0.0.1', port=8000): Max retries exceeded with url: /api/ (Caused by NewConnectionError('<urllib3.connection.HTTPConnection object at 0x000002A0CAF1F680>: Failed to establish a new connection: [WinError 10061] No connection could be made because the target machine actively refused it'))
2025-09-05 13:48:58,241 - device_list - INFO - device_list.py:241 - Refreshing device data...
2025-09-05 13:48:58,245 - device_list - INFO - device_list.py:261 - Loaded 12 devices from CSV
2025-09-05 13:49:28,229 - device_list - INFO - device_list.py:241 - Refreshing device data...
2025-09-05 13:49:28,234 - device_list - INFO - device_list.py:261 - Loaded 12 devices from CSV
2025-09-05 13:49:31,930 - api_client - WARNING - client.py:80 - Request attempt 1 failed: HTTPConnectionPool(host='127.0.0.1', port=8000): Max retries exceeded with url: /api/ (Caused by NewConnectionError('<urllib3.connection.HTTPConnection object at 0x000002A0CAF1FBD0>: Failed to establish a new connection: [WinError 10061] No connection could be made because the target machine actively refused it'))
2025-09-05 13:49:33,956 - api_client - WARNING - client.py:80 - Request attempt 2 failed: HTTPConnectionPool(host='127.0.0.1', port=8000): Max retries exceeded with url: /api/ (Caused by NewConnectionError('<urllib3.connection.HTTPConnection object at 0x000002A0CAF1F9B0>: Failed to establish a new connection: [WinError 10061] No connection could be made because the target machine actively refused it'))
2025-09-05 13:49:35,989 - api_client - WARNING - client.py:80 - Request attempt 3 failed: HTTPConnectionPool(host='127.0.0.1', port=8000): Max retries exceeded with url: /api/ (Caused by NewConnectionError('<urllib3.connection.HTTPConnection object at 0x000002A0CAF1F8A0>: Failed to establish a new connection: [WinError 10061] No connection could be made because the target machine actively refused it'))
2025-09-05 13:49:58,241 - device_list - INFO - device_list.py:241 - Refreshing device data...
2025-09-05 13:49:58,244 - device_list - INFO - device_list.py:261 - Loaded 12 devices from CSV
2025-09-05 13:50:28,230 - device_list - INFO - device_list.py:241 - Refreshing device data...
2025-09-05 13:50:28,234 - device_list - INFO - device_list.py:261 - Loaded 12 devices from CSV
2025-09-05 13:50:31,932 - api_client - WARNING - client.py:80 - Request attempt 1 failed: HTTPConnectionPool(host='127.0.0.1', port=8000): Max retries exceeded with url: /api/ (Caused by NewConnectionError('<urllib3.connection.HTTPConnection object at 0x000002A0CAF1FDF0>: Failed to establish a new connection: [WinError 10061] No connection could be made because the target machine actively refused it'))
2025-09-05 13:50:33,958 - api_client - WARNING - client.py:80 - Request attempt 2 failed: HTTPConnectionPool(host='127.0.0.1', port=8000): Max retries exceeded with url: /api/ (Caused by NewConnectionError('<urllib3.connection.HTTPConnection object at 0x000002A0CD39F240>: Failed to establish a new connection: [WinError 10061] No connection could be made because the target machine actively refused it'))
2025-09-05 13:50:36,022 - api_client - WARNING - client.py:80 - Request attempt 3 failed: HTTPConnectionPool(host='127.0.0.1', port=8000): Max retries exceeded with url: /api/ (Caused by NewConnectionError('<urllib3.connection.HTTPConnection object at 0x000002A0CD39F020>: Failed to establish a new connection: [WinError 10061] No connection could be made because the target machine actively refused it'))
2025-09-05 13:50:58,231 - device_list - INFO - device_list.py:241 - Refreshing device data...
2025-09-05 13:50:58,234 - device_list - INFO - device_list.py:261 - Loaded 12 devices from CSV
2025-09-05 13:51:28,236 - device_list - INFO - device_list.py:241 - Refreshing device data...
2025-09-05 13:51:28,239 - device_list - INFO - device_list.py:261 - Loaded 12 devices from CSV
2025-09-05 13:51:31,905 - api_client - WARNING - client.py:80 - Request attempt 1 failed: HTTPConnectionPool(host='127.0.0.1', port=8000): Max retries exceeded with url: /api/ (Caused by NewConnectionError('<urllib3.connection.HTTPConnection object at 0x000002A0CD39EE00>: Failed to establish a new connection: [WinError 10061] No connection could be made because the target machine actively refused it'))
2025-09-05 13:51:33,929 - api_client - WARNING - client.py:80 - Request attempt 2 failed: HTTPConnectionPool(host='127.0.0.1', port=8000): Max retries exceeded with url: /api/ (Caused by NewConnectionError('<urllib3.connection.HTTPConnection object at 0x000002A0CD39EBE0>: Failed to establish a new connection: [WinError 10061] No connection could be made because the target machine actively refused it'))
2025-09-05 13:51:35,960 - api_client - WARNING - client.py:80 - Request attempt 3 failed: HTTPConnectionPool(host='127.0.0.1', port=8000): Max retries exceeded with url: /api/ (Caused by NewConnectionError('<urllib3.connection.HTTPConnection object at 0x000002A0CD39C160>: Failed to establish a new connection: [WinError 10061] No connection could be made because the target machine actively refused it'))
2025-09-05 13:51:58,244 - device_list - INFO - device_list.py:241 - Refreshing device data...
2025-09-05 13:51:58,251 - device_list - INFO - device_list.py:261 - Loaded 12 devices from CSV
2025-09-05 13:52:28,232 - device_list - INFO - device_list.py:241 - Refreshing device data...
2025-09-05 13:52:28,236 - device_list - INFO - device_list.py:261 - Loaded 12 devices from CSV
2025-09-05 13:52:31,905 - api_client - WARNING - client.py:80 - Request attempt 1 failed: HTTPConnectionPool(host='127.0.0.1', port=8000): Max retries exceeded with url: /api/ (Caused by NewConnectionError('<urllib3.connection.HTTPConnection object at 0x000002A0CD39C380>: Failed to establish a new connection: [WinError 10061] No connection could be made because the target machine actively refused it'))
2025-09-05 13:52:33,945 - api_client - WARNING - client.py:80 - Request attempt 2 failed: HTTPConnectionPool(host='127.0.0.1', port=8000): Max retries exceeded with url: /api/ (Caused by NewConnectionError('<urllib3.connection.HTTPConnection object at 0x000002A0CD39C5A0>: Failed to establish a new connection: [WinError 10061] No connection could be made because the target machine actively refused it'))
2025-09-05 13:52:35,964 - api_client - WARNING - client.py:80 - Request attempt 3 failed: HTTPConnectionPool(host='127.0.0.1', port=8000): Max retries exceeded with url: /api/ (Caused by NewConnectionError('<urllib3.connection.HTTPConnection object at 0x000002A0CD39C7C0>: Failed to establish a new connection: [WinError 10061] No connection could be made because the target machine actively refused it'))
2025-09-05 13:52:58,230 - device_list - INFO - device_list.py:241 - Refreshing device data...
2025-09-05 13:52:58,233 - device_list - INFO - device_list.py:261 - Loaded 12 devices from CSV
2025-09-05 13:53:28,243 - device_list - INFO - device_list.py:241 - Refreshing device data...
2025-09-05 13:53:28,246 - device_list - INFO - device_list.py:261 - Loaded 12 devices from CSV
2025-09-05 13:53:31,940 - api_client - WARNING - client.py:80 - Request attempt 1 failed: HTTPConnectionPool(host='127.0.0.1', port=8000): Max retries exceeded with url: /api/ (Caused by NewConnectionError('<urllib3.connection.HTTPConnection object at 0x000002A0CD39CE20>: Failed to establish a new connection: [WinError 10061] No connection could be made because the target machine actively refused it'))
2025-09-05 13:53:33,997 - api_client - WARNING - client.py:80 - Request attempt 2 failed: HTTPConnectionPool(host='127.0.0.1', port=8000): Max retries exceeded with url: /api/ (Caused by NewConnectionError('<urllib3.connection.HTTPConnection object at 0x000002A0CD39D040>: Failed to establish a new connection: [WinError 10061] No connection could be made because the target machine actively refused it'))
2025-09-05 13:53:36,033 - api_client - WARNING - client.py:80 - Request attempt 3 failed: HTTPConnectionPool(host='127.0.0.1', port=8000): Max retries exceeded with url: /api/ (Caused by NewConnectionError('<urllib3.connection.HTTPConnection object at 0x000002A0CD39D260>: Failed to establish a new connection: [WinError 10061] No connection could be made because the target machine actively refused it'))
2025-09-05 13:53:58,236 - device_list - INFO - device_list.py:241 - Refreshing device data...
2025-09-05 13:53:58,240 - device_list - INFO - device_list.py:261 - Loaded 12 devices from CSV
2025-09-05 13:54:28,232 - device_list - INFO - device_list.py:241 - Refreshing device data...
2025-09-05 13:54:28,237 - device_list - INFO - device_list.py:261 - Loaded 12 devices from CSV
2025-09-05 13:54:31,895 - api_client - WARNING - client.py:80 - Request attempt 1 failed: HTTPConnectionPool(host='127.0.0.1', port=8000): Max retries exceeded with url: /api/ (Caused by NewConnectionError('<urllib3.connection.HTTPConnection object at 0x000002A0CD39D480>: Failed to establish a new connection: [WinError 10061] No connection could be made because the target machine actively refused it'))
2025-09-05 13:54:33,934 - api_client - WARNING - client.py:80 - Request attempt 2 failed: HTTPConnectionPool(host='127.0.0.1', port=8000): Max retries exceeded with url: /api/ (Caused by NewConnectionError('<urllib3.connection.HTTPConnection object at 0x000002A0CD39D6A0>: Failed to establish a new connection: [WinError 10061] No connection could be made because the target machine actively refused it'))
2025-09-05 13:54:35,983 - api_client - WARNING - client.py:80 - Request attempt 3 failed: HTTPConnectionPool(host='127.0.0.1', port=8000): Max retries exceeded with url: /api/ (Caused by NewConnectionError('<urllib3.connection.HTTPConnection object at 0x000002A0CD39D8C0>: Failed to establish a new connection: [WinError 10061] No connection could be made because the target machine actively refused it'))
2025-09-05 13:54:58,237 - device_list - INFO - device_list.py:241 - Refreshing device data...
2025-09-05 13:54:58,240 - device_list - INFO - device_list.py:261 - Loaded 12 devices from CSV
2025-09-05 13:55:28,237 - device_list - INFO - device_list.py:241 - Refreshing device data...
2025-09-05 13:55:28,240 - device_list - INFO - device_list.py:261 - Loaded 12 devices from CSV
2025-09-05 13:55:31,927 - api_client - WARNING - client.py:80 - Request attempt 1 failed: HTTPConnectionPool(host='127.0.0.1', port=8000): Max retries exceeded with url: /api/ (Caused by NewConnectionError('<urllib3.connection.HTTPConnection object at 0x000002A0CD39DAE0>: Failed to establish a new connection: [WinError 10061] No connection could be made because the target machine actively refused it'))
2025-09-05 13:55:33,968 - api_client - WARNING - client.py:80 - Request attempt 2 failed: HTTPConnectionPool(host='127.0.0.1', port=8000): Max retries exceeded with url: /api/ (Caused by NewConnectionError('<urllib3.connection.HTTPConnection object at 0x000002A0CD39DD00>: Failed to establish a new connection: [WinError 10061] No connection could be made because the target machine actively refused it'))
2025-09-05 13:55:35,986 - api_client - WARNING - client.py:80 - Request attempt 3 failed: HTTPConnectionPool(host='127.0.0.1', port=8000): Max retries exceeded with url: /api/ (Caused by NewConnectionError('<urllib3.connection.HTTPConnection object at 0x000002A0CD39DF20>: Failed to establish a new connection: [WinError 10061] No connection could be made because the target machine actively refused it'))
2025-09-05 13:55:58,237 - device_list - INFO - device_list.py:241 - Refreshing device data...
2025-09-05 13:55:58,242 - device_list - INFO - device_list.py:261 - Loaded 12 devices from CSV
2025-09-05 13:56:28,241 - device_list - INFO - device_list.py:241 - Refreshing device data...
2025-09-05 13:56:28,243 - device_list - INFO - device_list.py:261 - Loaded 12 devices from CSV
2025-09-05 13:56:31,914 - api_client - WARNING - client.py:80 - Request attempt 1 failed: HTTPConnectionPool(host='127.0.0.1', port=8000): Max retries exceeded with url: /api/ (Caused by NewConnectionError('<urllib3.connection.HTTPConnection object at 0x000002A0CD39E140>: Failed to establish a new connection: [WinError 10061] No connection could be made because the target machine actively refused it'))
2025-09-05 13:56:33,939 - api_client - WARNING - client.py:80 - Request attempt 2 failed: HTTPConnectionPool(host='127.0.0.1', port=8000): Max retries exceeded with url: /api/ (Caused by NewConnectionError('<urllib3.connection.HTTPConnection object at 0x000002A0CD39E360>: Failed to establish a new connection: [WinError 10061] No connection could be made because the target machine actively refused it'))
2025-09-05 13:56:35,972 - api_client - WARNING - client.py:80 - Request attempt 3 failed: HTTPConnectionPool(host='127.0.0.1', port=8000): Max retries exceeded with url: /api/ (Caused by NewConnectionError('<urllib3.connection.HTTPConnection object at 0x000002A0CD39E580>: Failed to establish a new connection: [WinError 10061] No connection could be made because the target machine actively refused it'))
2025-09-05 13:56:58,239 - device_list - INFO - device_list.py:241 - Refreshing device data...
2025-09-05 13:56:58,243 - device_list - INFO - device_list.py:261 - Loaded 12 devices from CSV
2025-09-05 13:57:28,232 - device_list - INFO - device_list.py:241 - Refreshing device data...
2025-09-05 13:57:28,235 - device_list - INFO - device_list.py:261 - Loaded 12 devices from CSV
2025-09-05 13:57:31,902 - api_client - WARNING - client.py:80 - Request attempt 1 failed: HTTPConnectionPool(host='127.0.0.1', port=8000): Max retries exceeded with url: /api/ (Caused by NewConnectionError('<urllib3.connection.HTTPConnection object at 0x000002A0CD39E7A0>: Failed to establish a new connection: [WinError 10061] No connection could be made because the target machine actively refused it'))
2025-09-05 13:57:33,958 - api_client - WARNING - client.py:80 - Request attempt 2 failed: HTTPConnectionPool(host='127.0.0.1', port=8000): Max retries exceeded with url: /api/ (Caused by NewConnectionError('<urllib3.connection.HTTPConnection object at 0x000002A0CD39F570>: Failed to establish a new connection: [WinError 10061] No connection could be made because the target machine actively refused it'))
2025-09-05 13:57:36,007 - api_client - WARNING - client.py:80 - Request attempt 3 failed: HTTPConnectionPool(host='127.0.0.1', port=8000): Max retries exceeded with url: /api/ (Caused by NewConnectionError('<urllib3.connection.HTTPConnection object at 0x000002A0CAF1FDF0>: Failed to establish a new connection: [WinError 10061] No connection could be made because the target machine actively refused it'))
2025-09-05 13:57:58,244 - device_list - INFO - device_list.py:241 - Refreshing device data...
2025-09-05 13:57:58,249 - device_list - INFO - device_list.py:261 - Loaded 12 devices from CSV
2025-09-05 13:58:28,229 - device_list - INFO - device_list.py:241 - Refreshing device data...
2025-09-05 13:58:28,234 - device_list - INFO - device_list.py:261 - Loaded 12 devices from CSV
2025-09-05 13:58:31,904 - api_client - WARNING - client.py:80 - Request attempt 1 failed: HTTPConnectionPool(host='127.0.0.1', port=8000): Max retries exceeded with url: /api/ (Caused by NewConnectionError('<urllib3.connection.HTTPConnection object at 0x000002A0CAF1FF00>: Failed to establish a new connection: [WinError 10061] No connection could be made because the target machine actively refused it'))
2025-09-05 13:58:33,943 - api_client - WARNING - client.py:80 - Request attempt 2 failed: HTTPConnectionPool(host='127.0.0.1', port=8000): Max retries exceeded with url: /api/ (Caused by NewConnectionError('<urllib3.connection.HTTPConnection object at 0x000002A0CAF1F790>: Failed to establish a new connection: [WinError 10061] No connection could be made because the target machine actively refused it'))
2025-09-05 13:58:35,961 - api_client - WARNING - client.py:80 - Request attempt 3 failed: HTTPConnectionPool(host='127.0.0.1', port=8000): Max retries exceeded with url: /api/ (Caused by NewConnectionError('<urllib3.connection.HTTPConnection object at 0x000002A0CAF1FAC0>: Failed to establish a new connection: [WinError 10061] No connection could be made because the target machine actively refused it'))
2025-09-05 13:58:58,243 - device_list - INFO - device_list.py:241 - Refreshing device data...
2025-09-05 13:58:58,248 - device_list - INFO - device_list.py:261 - Loaded 12 devices from CSV
2025-09-05 13:59:28,237 - device_list - INFO - device_list.py:241 - Refreshing device data...
2025-09-05 13:59:28,240 - device_list - INFO - device_list.py:261 - Loaded 12 devices from CSV
2025-09-05 13:59:31,923 - api_client - WARNING - client.py:80 - Request attempt 1 failed: HTTPConnectionPool(host='127.0.0.1', port=8000): Max retries exceeded with url: /api/ (Caused by NewConnectionError('<urllib3.connection.HTTPConnection object at 0x000002A0CAF1FCE0>: Failed to establish a new connection: [WinError 10061] No connection could be made because the target machine actively refused it'))
2025-09-05 13:59:33,948 - api_client - WARNING - client.py:80 - Request attempt 2 failed: HTTPConnectionPool(host='127.0.0.1', port=8000): Max retries exceeded with url: /api/ (Caused by NewConnectionError('<urllib3.connection.HTTPConnection object at 0x000002A0CAF1F570>: Failed to establish a new connection: [WinError 10061] No connection could be made because the target machine actively refused it'))
2025-09-05 13:59:35,994 - api_client - WARNING - client.py:80 - Request attempt 3 failed: HTTPConnectionPool(host='127.0.0.1', port=8000): Max retries exceeded with url: /api/ (Caused by NewConnectionError('<urllib3.connection.HTTPConnection object at 0x000002A0CAF1F350>: Failed to establish a new connection: [WinError 10061] No connection could be made because the target machine actively refused it'))
2025-09-05 13:59:58,238 - device_list - INFO - device_list.py:241 - Refreshing device data...
2025-09-05 13:59:58,243 - device_list - INFO - device_list.py:261 - Loaded 12 devices from CSV
2025-09-05 14:00:28,231 - device_list - INFO - device_list.py:241 - Refreshing device data...
2025-09-05 14:00:28,233 - device_list - INFO - device_list.py:261 - Loaded 12 devices from CSV
2025-09-05 14:00:31,939 - api_client - WARNING - client.py:80 - Request attempt 1 failed: HTTPConnectionPool(host='127.0.0.1', port=8000): Max retries exceeded with url: /api/ (Caused by NewConnectionError('<urllib3.connection.HTTPConnection object at 0x000002A0CAF1F020>: Failed to establish a new connection: [WinError 10061] No connection could be made because the target machine actively refused it'))
2025-09-05 14:00:33,981 - api_client - WARNING - client.py:80 - Request attempt 2 failed: HTTPConnectionPool(host='127.0.0.1', port=8000): Max retries exceeded with url: /api/ (Caused by NewConnectionError('<urllib3.connection.HTTPConnection object at 0x000002A0CD39F570>: Failed to establish a new connection: [WinError 10061] No connection could be made because the target machine actively refused it'))
2025-09-05 14:00:36,014 - api_client - WARNING - client.py:80 - Request attempt 3 failed: HTTPConnectionPool(host='127.0.0.1', port=8000): Max retries exceeded with url: /api/ (Caused by NewConnectionError('<urllib3.connection.HTTPConnection object at 0x000002A0CD39E7A0>: Failed to establish a new connection: [WinError 10061] No connection could be made because the target machine actively refused it'))
2025-09-05 14:00:58,236 - device_list - INFO - device_list.py:241 - Refreshing device data...
2025-09-05 14:00:58,240 - device_list - INFO - device_list.py:261 - Loaded 12 devices from CSV
2025-09-05 14:01:28,236 - device_list - INFO - device_list.py:241 - Refreshing device data...
2025-09-05 14:01:28,239 - device_list - INFO - device_list.py:261 - Loaded 12 devices from CSV
2025-09-05 14:01:31,911 - api_client - WARNING - client.py:80 - Request attempt 1 failed: HTTPConnectionPool(host='127.0.0.1', port=8000): Max retries exceeded with url: /api/ (Caused by NewConnectionError('<urllib3.connection.HTTPConnection object at 0x000002A0CD39E580>: Failed to establish a new connection: [WinError 10061] No connection could be made because the target machine actively refused it'))
2025-09-05 14:01:33,950 - api_client - WARNING - client.py:80 - Request attempt 2 failed: HTTPConnectionPool(host='127.0.0.1', port=8000): Max retries exceeded with url: /api/ (Caused by NewConnectionError('<urllib3.connection.HTTPConnection object at 0x000002A0CD39E360>: Failed to establish a new connection: [WinError 10061] No connection could be made because the target machine actively refused it'))
2025-09-05 14:01:35,969 - api_client - WARNING - client.py:80 - Request attempt 3 failed: HTTPConnectionPool(host='127.0.0.1', port=8000): Max retries exceeded with url: /api/ (Caused by NewConnectionError('<urllib3.connection.HTTPConnection object at 0x000002A0CD39E140>: Failed to establish a new connection: [WinError 10061] No connection could be made because the target machine actively refused it'))
2025-09-05 14:01:58,235 - device_list - INFO - device_list.py:241 - Refreshing device data...
2025-09-05 14:01:58,240 - device_list - INFO - device_list.py:261 - Loaded 12 devices from CSV
2025-09-05 14:02:28,237 - device_list - INFO - device_list.py:241 - Refreshing device data...
2025-09-05 14:02:28,242 - device_list - INFO - device_list.py:261 - Loaded 12 devices from CSV
2025-09-05 14:02:31,913 - api_client - WARNING - client.py:80 - Request attempt 1 failed: HTTPConnectionPool(host='127.0.0.1', port=8000): Max retries exceeded with url: /api/ (Caused by NewConnectionError('<urllib3.connection.HTTPConnection object at 0x000002A0CD39DF20>: Failed to establish a new connection: [WinError 10061] No connection could be made because the target machine actively refused it'))
2025-09-05 14:02:33,954 - api_client - WARNING - client.py:80 - Request attempt 2 failed: HTTPConnectionPool(host='127.0.0.1', port=8000): Max retries exceeded with url: /api/ (Caused by NewConnectionError('<urllib3.connection.HTTPConnection object at 0x000002A0CD39DD00>: Failed to establish a new connection: [WinError 10061] No connection could be made because the target machine actively refused it'))
2025-09-05 14:02:36,002 - api_client - WARNING - client.py:80 - Request attempt 3 failed: HTTPConnectionPool(host='127.0.0.1', port=8000): Max retries exceeded with url: /api/ (Caused by NewConnectionError('<urllib3.connection.HTTPConnection object at 0x000002A0CD39DAE0>: Failed to establish a new connection: [WinError 10061] No connection could be made because the target machine actively refused it'))
2025-09-05 14:02:58,239 - device_list - INFO - device_list.py:241 - Refreshing device data...
2025-09-05 14:02:58,244 - device_list - INFO - device_list.py:261 - Loaded 12 devices from CSV
2025-09-05 14:03:28,237 - device_list - INFO - device_list.py:241 - Refreshing device data...
2025-09-05 14:03:28,240 - device_list - INFO - device_list.py:261 - Loaded 12 devices from CSV
2025-09-05 14:03:31,914 - api_client - WARNING - client.py:80 - Request attempt 1 failed: HTTPConnectionPool(host='127.0.0.1', port=8000): Max retries exceeded with url: /api/ (Caused by NewConnectionError('<urllib3.connection.HTTPConnection object at 0x000002A0CD39D8C0>: Failed to establish a new connection: [WinError 10061] No connection could be made because the target machine actively refused it'))
2025-09-05 14:03:33,939 - api_client - WARNING - client.py:80 - Request attempt 2 failed: HTTPConnectionPool(host='127.0.0.1', port=8000): Max retries exceeded with url: /api/ (Caused by NewConnectionError('<urllib3.connection.HTTPConnection object at 0x000002A0CD39D6A0>: Failed to establish a new connection: [WinError 10061] No connection could be made because the target machine actively refused it'))
2025-09-05 14:03:35,971 - api_client - WARNING - client.py:80 - Request attempt 3 failed: HTTPConnectionPool(host='127.0.0.1', port=8000): Max retries exceeded with url: /api/ (Caused by NewConnectionError('<urllib3.connection.HTTPConnection object at 0x000002A0CD39D480>: Failed to establish a new connection: [WinError 10061] No connection could be made because the target machine actively refused it'))
2025-09-05 14:03:58,239 - device_list - INFO - device_list.py:241 - Refreshing device data...
2025-09-05 14:03:58,242 - device_list - INFO - device_list.py:261 - Loaded 12 devices from CSV
2025-09-05 14:04:28,241 - device_list - INFO - device_list.py:241 - Refreshing device data...
2025-09-05 14:04:28,245 - device_list - INFO - device_list.py:261 - Loaded 12 devices from CSV
2025-09-05 14:04:31,903 - api_client - WARNING - client.py:80 - Request attempt 1 failed: HTTPConnectionPool(host='127.0.0.1', port=8000): Max retries exceeded with url: /api/ (Caused by NewConnectionError('<urllib3.connection.HTTPConnection object at 0x000002A0CD39D260>: Failed to establish a new connection: [WinError 10061] No connection could be made because the target machine actively refused it'))
2025-09-05 14:04:33,927 - api_client - WARNING - client.py:80 - Request attempt 2 failed: HTTPConnectionPool(host='127.0.0.1', port=8000): Max retries exceeded with url: /api/ (Caused by NewConnectionError('<urllib3.connection.HTTPConnection object at 0x000002A0CD39D040>: Failed to establish a new connection: [WinError 10061] No connection could be made because the target machine actively refused it'))
2025-09-05 14:04:35,957 - api_client - WARNING - client.py:80 - Request attempt 3 failed: HTTPConnectionPool(host='127.0.0.1', port=8000): Max retries exceeded with url: /api/ (Caused by NewConnectionError('<urllib3.connection.HTTPConnection object at 0x000002A0CD39CE20>: Failed to establish a new connection: [WinError 10061] No connection could be made because the target machine actively refused it'))
2025-09-05 14:04:58,240 - device_list - INFO - device_list.py:241 - Refreshing device data...
2025-09-05 14:04:58,242 - device_list - INFO - device_list.py:261 - Loaded 12 devices from CSV
2025-09-05 14:05:28,234 - device_list - INFO - device_list.py:241 - Refreshing device data...
2025-09-05 14:05:28,238 - device_list - INFO - device_list.py:261 - Loaded 12 devices from CSV
2025-09-05 14:05:31,919 - api_client - WARNING - client.py:80 - Request attempt 1 failed: HTTPConnectionPool(host='127.0.0.1', port=8000): Max retries exceeded with url: /api/ (Caused by NewConnectionError('<urllib3.connection.HTTPConnection object at 0x000002A0CD39C7C0>: Failed to establish a new connection: [WinError 10061] No connection could be made because the target machine actively refused it'))
2025-09-05 14:05:33,943 - api_client - WARNING - client.py:80 - Request attempt 2 failed: HTTPConnectionPool(host='127.0.0.1', port=8000): Max retries exceeded with url: /api/ (Caused by NewConnectionError('<urllib3.connection.HTTPConnection object at 0x000002A0CD39C5A0>: Failed to establish a new connection: [WinError 10061] No connection could be made because the target machine actively refused it'))
2025-09-05 14:05:35,977 - api_client - WARNING - client.py:80 - Request attempt 3 failed: HTTPConnectionPool(host='127.0.0.1', port=8000): Max retries exceeded with url: /api/ (Caused by NewConnectionError('<urllib3.connection.HTTPConnection object at 0x000002A0CD39C380>: Failed to establish a new connection: [WinError 10061] No connection could be made because the target machine actively refused it'))
2025-09-05 14:05:58,244 - device_list - INFO - device_list.py:241 - Refreshing device data...
2025-09-05 14:05:58,248 - device_list - INFO - device_list.py:261 - Loaded 12 devices from CSV
2025-09-05 14:06:28,241 - device_list - INFO - device_list.py:241 - Refreshing device data...
2025-09-05 14:06:28,246 - device_list - INFO - device_list.py:261 - Loaded 12 devices from CSV
2025-09-05 14:06:31,923 - api_client - WARNING - client.py:80 - Request attempt 1 failed: HTTPConnectionPool(host='127.0.0.1', port=8000): Max retries exceeded with url: /api/ (Caused by NewConnectionError('<urllib3.connection.HTTPConnection object at 0x000002A0CD39C160>: Failed to establish a new connection: [WinError 10061] No connection could be made because the target machine actively refused it'))
2025-09-05 14:06:33,961 - api_client - WARNING - client.py:80 - Request attempt 2 failed: HTTPConnectionPool(host='127.0.0.1', port=8000): Max retries exceeded with url: /api/ (Caused by NewConnectionError('<urllib3.connection.HTTPConnection object at 0x000002A0CD39EBE0>: Failed to establish a new connection: [WinError 10061] No connection could be made because the target machine actively refused it'))
2025-09-05 14:06:35,981 - api_client - WARNING - client.py:80 - Request attempt 3 failed: HTTPConnectionPool(host='127.0.0.1', port=8000): Max retries exceeded with url: /api/ (Caused by NewConnectionError('<urllib3.connection.HTTPConnection object at 0x000002A0CD39EE00>: Failed to establish a new connection: [WinError 10061] No connection could be made because the target machine actively refused it'))
2025-09-05 14:06:58,231 - device_list - INFO - device_list.py:241 - Refreshing device data...
2025-09-05 14:06:58,234 - device_list - INFO - device_list.py:261 - Loaded 12 devices from CSV
2025-09-05 14:07:28,243 - device_list - INFO - device_list.py:241 - Refreshing device data...
2025-09-05 14:07:28,247 - device_list - INFO - device_list.py:261 - Loaded 12 devices from CSV
2025-09-05 14:07:31,925 - api_client - WARNING - client.py:80 - Request attempt 1 failed: HTTPConnectionPool(host='127.0.0.1', port=8000): Max retries exceeded with url: /api/ (Caused by NewConnectionError('<urllib3.connection.HTTPConnection object at 0x000002A0CD39F020>: Failed to establish a new connection: [WinError 10061] No connection could be made because the target machine actively refused it'))
2025-09-05 14:07:33,950 - api_client - WARNING - client.py:80 - Request attempt 2 failed: HTTPConnectionPool(host='127.0.0.1', port=8000): Max retries exceeded with url: /api/ (Caused by NewConnectionError('<urllib3.connection.HTTPConnection object at 0x000002A0CD39F240>: Failed to establish a new connection: [WinError 10061] No connection could be made because the target machine actively refused it'))
2025-09-05 14:07:35,997 - api_client - WARNING - client.py:80 - Request attempt 3 failed: HTTPConnectionPool(host='127.0.0.1', port=8000): Max retries exceeded with url: /api/ (Caused by NewConnectionError('<urllib3.connection.HTTPConnection object at 0x000002A0CD39F130>: Failed to establish a new connection: [WinError 10061] No connection could be made because the target machine actively refused it'))
2025-09-05 14:07:58,235 - device_list - INFO - device_list.py:241 - Refreshing device data...
2025-09-05 14:07:58,239 - device_list - INFO - device_list.py:261 - Loaded 12 devices from CSV
2025-09-05 14:08:28,230 - device_list - INFO - device_list.py:241 - Refreshing device data...
2025-09-05 14:08:28,233 - device_list - INFO - device_list.py:261 - Loaded 12 devices from CSV
2025-09-05 14:08:31,926 - api_client - WARNING - client.py:80 - Request attempt 1 failed: HTTPConnectionPool(host='127.0.0.1', port=8000): Max retries exceeded with url: /api/ (Caused by NewConnectionError('<urllib3.connection.HTTPConnection object at 0x000002A0CAF1F020>: Failed to establish a new connection: [WinError 10061] No connection could be made because the target machine actively refused it'))
2025-09-05 14:08:33,983 - api_client - WARNING - client.py:80 - Request attempt 2 failed: HTTPConnectionPool(host='127.0.0.1', port=8000): Max retries exceeded with url: /api/ (Caused by NewConnectionError('<urllib3.connection.HTTPConnection object at 0x000002A0CAF1F350>: Failed to establish a new connection: [WinError 10061] No connection could be made because the target machine actively refused it'))
2025-09-05 14:08:36,018 - api_client - WARNING - client.py:80 - Request attempt 3 failed: HTTPConnectionPool(host='127.0.0.1', port=8000): Max retries exceeded with url: /api/ (Caused by NewConnectionError('<urllib3.connection.HTTPConnection object at 0x000002A0CAF1F570>: Failed to establish a new connection: [WinError 10061] No connection could be made because the target machine actively refused it'))
2025-09-05 14:08:58,239 - device_list - INFO - device_list.py:241 - Refreshing device data...
2025-09-05 14:08:58,244 - device_list - INFO - device_list.py:261 - Loaded 12 devices from CSV
2025-09-05 14:09:28,232 - device_list - INFO - device_list.py:241 - Refreshing device data...
2025-09-05 14:09:28,234 - device_list - INFO - device_list.py:261 - Loaded 12 devices from CSV
2025-09-05 14:09:31,929 - api_client - WARNING - client.py:80 - Request attempt 1 failed: HTTPConnectionPool(host='127.0.0.1', port=8000): Max retries exceeded with url: /api/ (Caused by NewConnectionError('<urllib3.connection.HTTPConnection object at 0x000002A0CAF1FCE0>: Failed to establish a new connection: [WinError 10061] No connection could be made because the target machine actively refused it'))
2025-09-05 14:09:33,970 - api_client - WARNING - client.py:80 - Request attempt 2 failed: HTTPConnectionPool(host='127.0.0.1', port=8000): Max retries exceeded with url: /api/ (Caused by NewConnectionError('<urllib3.connection.HTTPConnection object at 0x000002A0CAF1FAC0>: Failed to establish a new connection: [WinError 10061] No connection could be made because the target machine actively refused it'))
2025-09-05 14:09:36,003 - api_client - WARNING - client.py:80 - Request attempt 3 failed: HTTPConnectionPool(host='127.0.0.1', port=8000): Max retries exceeded with url: /api/ (Caused by NewConnectionError('<urllib3.connection.HTTPConnection object at 0x000002A0CAF1F790>: Failed to establish a new connection: [WinError 10061] No connection could be made because the target machine actively refused it'))
2025-09-05 14:09:58,239 - device_list - INFO - device_list.py:241 - Refreshing device data...
2025-09-05 14:09:58,242 - device_list - INFO - device_list.py:261 - Loaded 12 devices from CSV
2025-09-05 14:10:28,235 - device_list - INFO - device_list.py:241 - Refreshing device data...
2025-09-05 14:10:28,238 - device_list - INFO - device_list.py:261 - Loaded 12 devices from CSV
2025-09-05 14:10:31,932 - api_client - WARNING - client.py:80 - Request attempt 1 failed: HTTPConnectionPool(host='127.0.0.1', port=8000): Max retries exceeded with url: /api/ (Caused by NewConnectionError('<urllib3.connection.HTTPConnection object at 0x000002A0CAF1FF00>: Failed to establish a new connection: [WinError 10061] No connection could be made because the target machine actively refused it'))
2025-09-05 14:10:33,941 - api_client - WARNING - client.py:80 - Request attempt 2 failed: HTTPConnectionPool(host='127.0.0.1', port=8000): Max retries exceeded with url: /api/ (Caused by NewConnectionError('<urllib3.connection.HTTPConnection object at 0x000002A0CAF1FDF0>: Failed to establish a new connection: [WinError 10061] No connection could be made because the target machine actively refused it'))
2025-09-05 14:10:36,004 - api_client - WARNING - client.py:80 - Request attempt 3 failed: HTTPConnectionPool(host='127.0.0.1', port=8000): Max retries exceeded with url: /api/ (Caused by NewConnectionError('<urllib3.connection.HTTPConnection object at 0x000002A0CD39F240>: Failed to establish a new connection: [WinError 10061] No connection could be made because the target machine actively refused it'))
2025-09-05 14:10:58,244 - device_list - INFO - device_list.py:241 - Refreshing device data...
2025-09-05 14:10:58,248 - device_list - INFO - device_list.py:261 - Loaded 12 devices from CSV
2025-09-05 14:11:28,237 - device_list - INFO - device_list.py:241 - Refreshing device data...
2025-09-05 14:11:28,241 - device_list - INFO - device_list.py:261 - Loaded 12 devices from CSV
2025-09-05 14:11:31,902 - api_client - WARNING - client.py:80 - Request attempt 1 failed: HTTPConnectionPool(host='127.0.0.1', port=8000): Max retries exceeded with url: /api/ (Caused by NewConnectionError('<urllib3.connection.HTTPConnection object at 0x000002A0CD39F020>: Failed to establish a new connection: [WinError 10061] No connection could be made because the target machine actively refused it'))
2025-09-05 14:11:33,927 - api_client - WARNING - client.py:80 - Request attempt 2 failed: HTTPConnectionPool(host='127.0.0.1', port=8000): Max retries exceeded with url: /api/ (Caused by NewConnectionError('<urllib3.connection.HTTPConnection object at 0x000002A0CD39EE00>: Failed to establish a new connection: [WinError 10061] No connection could be made because the target machine actively refused it'))
2025-09-05 14:11:35,974 - api_client - WARNING - client.py:80 - Request attempt 3 failed: HTTPConnectionPool(host='127.0.0.1', port=8000): Max retries exceeded with url: /api/ (Caused by NewConnectionError('<urllib3.connection.HTTPConnection object at 0x000002A0CD39EBE0>: Failed to establish a new connection: [WinError 10061] No connection could be made because the target machine actively refused it'))
2025-09-05 14:11:58,242 - device_list - INFO - device_list.py:241 - Refreshing device data...
2025-09-05 14:11:58,245 - device_list - INFO - device_list.py:261 - Loaded 12 devices from CSV
2025-09-05 14:12:28,235 - device_list - INFO - device_list.py:241 - Refreshing device data...
2025-09-05 14:12:28,238 - device_list - INFO - device_list.py:261 - Loaded 12 devices from CSV
2025-09-05 14:12:31,937 - api_client - WARNING - client.py:80 - Request attempt 1 failed: HTTPConnectionPool(host='127.0.0.1', port=8000): Max retries exceeded with url: /api/ (Caused by NewConnectionError('<urllib3.connection.HTTPConnection object at 0x000002A0CD39C160>: Failed to establish a new connection: [WinError 10061] No connection could be made because the target machine actively refused it'))
2025-09-05 14:12:33,977 - api_client - WARNING - client.py:80 - Request attempt 2 failed: HTTPConnectionPool(host='127.0.0.1', port=8000): Max retries exceeded with url: /api/ (Caused by NewConnectionError('<urllib3.connection.HTTPConnection object at 0x000002A0CD39C380>: Failed to establish a new connection: [WinError 10061] No connection could be made because the target machine actively refused it'))
2025-09-05 14:12:35,994 - api_client - WARNING - client.py:80 - Request attempt 3 failed: HTTPConnectionPool(host='127.0.0.1', port=8000): Max retries exceeded with url: /api/ (Caused by NewConnectionError('<urllib3.connection.HTTPConnection object at 0x000002A0CD39C5A0>: Failed to establish a new connection: [WinError 10061] No connection could be made because the target machine actively refused it'))
2025-09-05 14:12:58,230 - device_list - INFO - device_list.py:241 - Refreshing device data...
2025-09-05 14:12:58,233 - device_list - INFO - device_list.py:261 - Loaded 12 devices from CSV
2025-09-05 14:13:28,242 - device_list - INFO - device_list.py:241 - Refreshing device data...
2025-09-05 14:13:28,245 - device_list - INFO - device_list.py:261 - Loaded 12 devices from CSV
2025-09-05 14:13:31,923 - api_client - WARNING - client.py:80 - Request attempt 1 failed: HTTPConnectionPool(host='127.0.0.1', port=8000): Max retries exceeded with url: /api/ (Caused by NewConnectionError('<urllib3.connection.HTTPConnection object at 0x000002A0CD39C7C0>: Failed to establish a new connection: [WinError 10061] No connection could be made because the target machine actively refused it'))
2025-09-05 14:13:33,962 - api_client - WARNING - client.py:80 - Request attempt 2 failed: HTTPConnectionPool(host='127.0.0.1', port=8000): Max retries exceeded with url: /api/ (Caused by NewConnectionError('<urllib3.connection.HTTPConnection object at 0x000002A0CD39CE20>: Failed to establish a new connection: [WinError 10061] No connection could be made because the target machine actively refused it'))
2025-09-05 14:13:35,964 - api_client - WARNING - client.py:80 - Request attempt 3 failed: HTTPConnectionPool(host='127.0.0.1', port=8000): Max retries exceeded with url: /api/ (Caused by NewConnectionError('<urllib3.connection.HTTPConnection object at 0x000002A0CD39D040>: Failed to establish a new connection: [WinError 10061] No connection could be made because the target machine actively refused it'))
2025-09-05 14:13:58,230 - device_list - INFO - device_list.py:241 - Refreshing device data...
2025-09-05 14:13:58,233 - device_list - INFO - device_list.py:261 - Loaded 12 devices from CSV
2025-09-05 14:14:28,229 - device_list - INFO - device_list.py:241 - Refreshing device data...
2025-09-05 14:14:28,232 - device_list - INFO - device_list.py:261 - Loaded 12 devices from CSV
2025-09-05 14:14:31,925 - api_client - WARNING - client.py:80 - Request attempt 1 failed: HTTPConnectionPool(host='127.0.0.1', port=8000): Max retries exceeded with url: /api/ (Caused by NewConnectionError('<urllib3.connection.HTTPConnection object at 0x000002A0CD39D260>: Failed to establish a new connection: [WinError 10061] No connection could be made because the target machine actively refused it'))
2025-09-05 14:14:33,965 - api_client - WARNING - client.py:80 - Request attempt 2 failed: HTTPConnectionPool(host='127.0.0.1', port=8000): Max retries exceeded with url: /api/ (Caused by NewConnectionError('<urllib3.connection.HTTPConnection object at 0x000002A0CD39D480>: Failed to establish a new connection: [WinError 10061] No connection could be made because the target machine actively refused it'))
2025-09-05 14:14:35,999 - api_client - WARNING - client.py:80 - Request attempt 3 failed: HTTPConnectionPool(host='127.0.0.1', port=8000): Max retries exceeded with url: /api/ (Caused by NewConnectionError('<urllib3.connection.HTTPConnection object at 0x000002A0CD39D6A0>: Failed to establish a new connection: [WinError 10061] No connection could be made because the target machine actively refused it'))
2025-09-05 14:14:58,235 - device_list - INFO - device_list.py:241 - Refreshing device data...
2025-09-05 14:14:58,237 - device_list - INFO - device_list.py:261 - Loaded 12 devices from CSV
2025-09-05 14:15:28,231 - device_list - INFO - device_list.py:241 - Refreshing device data...
2025-09-05 14:15:28,234 - device_list - INFO - device_list.py:261 - Loaded 12 devices from CSV
2025-09-05 14:15:31,926 - api_client - WARNING - client.py:80 - Request attempt 1 failed: HTTPConnectionPool(host='127.0.0.1', port=8000): Max retries exceeded with url: /api/ (Caused by NewConnectionError('<urllib3.connection.HTTPConnection object at 0x000002A0CD39D8C0>: Failed to establish a new connection: [WinError 10061] No connection could be made because the target machine actively refused it'))
2025-09-05 14:15:33,951 - api_client - WARNING - client.py:80 - Request attempt 2 failed: HTTPConnectionPool(host='127.0.0.1', port=8000): Max retries exceeded with url: /api/ (Caused by NewConnectionError('<urllib3.connection.HTTPConnection object at 0x000002A0CD39DAE0>: Failed to establish a new connection: [WinError 10061] No connection could be made because the target machine actively refused it'))
2025-09-05 14:15:36,000 - api_client - WARNING - client.py:80 - Request attempt 3 failed: HTTPConnectionPool(host='127.0.0.1', port=8000): Max retries exceeded with url: /api/ (Caused by NewConnectionError('<urllib3.connection.HTTPConnection object at 0x000002A0CD39DD00>: Failed to establish a new connection: [WinError 10061] No connection could be made because the target machine actively refused it'))
2025-09-05 14:15:58,239 - device_list - INFO - device_list.py:241 - Refreshing device data...
2025-09-05 14:15:58,241 - device_list - INFO - device_list.py:261 - Loaded 12 devices from CSV
2025-09-05 14:16:28,233 - device_list - INFO - device_list.py:241 - Refreshing device data...
2025-09-05 14:16:28,236 - device_list - INFO - device_list.py:261 - Loaded 12 devices from CSV
2025-09-05 14:16:31,929 - api_client - WARNING - client.py:80 - Request attempt 1 failed: HTTPConnectionPool(host='127.0.0.1', port=8000): Max retries exceeded with url: /api/ (Caused by NewConnectionError('<urllib3.connection.HTTPConnection object at 0x000002A0CD39DF20>: Failed to establish a new connection: [WinError 10061] No connection could be made because the target machine actively refused it'))
2025-09-05 14:16:33,954 - api_client - WARNING - client.py:80 - Request attempt 2 failed: HTTPConnectionPool(host='127.0.0.1', port=8000): Max retries exceeded with url: /api/ (Caused by NewConnectionError('<urllib3.connection.HTTPConnection object at 0x000002A0CD39E140>: Failed to establish a new connection: [WinError 10061] No connection could be made because the target machine actively refused it'))
2025-09-05 14:16:36,002 - api_client - WARNING - client.py:80 - Request attempt 3 failed: HTTPConnectionPool(host='127.0.0.1', port=8000): Max retries exceeded with url: /api/ (Caused by NewConnectionError('<urllib3.connection.HTTPConnection object at 0x000002A0CD39E360>: Failed to establish a new connection: [WinError 10061] No connection could be made because the target machine actively refused it'))
2025-09-05 14:16:58,240 - device_list - INFO - device_list.py:241 - Refreshing device data...
2025-09-05 14:16:58,243 - device_list - INFO - device_list.py:261 - Loaded 12 devices from CSV
2025-09-05 14:17:28,236 - device_list - INFO - device_list.py:241 - Refreshing device data...
2025-09-05 14:17:28,241 - device_list - INFO - device_list.py:261 - Loaded 12 devices from CSV
2025-09-05 14:17:31,931 - api_client - WARNING - client.py:80 - Request attempt 1 failed: HTTPConnectionPool(host='127.0.0.1', port=8000): Max retries exceeded with url: /api/ (Caused by NewConnectionError('<urllib3.connection.HTTPConnection object at 0x000002A0CD39E580>: Failed to establish a new connection: [WinError 10061] No connection could be made because the target machine actively refused it'))
2025-09-05 14:17:33,956 - api_client - WARNING - client.py:80 - Request attempt 2 failed: HTTPConnectionPool(host='127.0.0.1', port=8000): Max retries exceeded with url: /api/ (Caused by NewConnectionError('<urllib3.connection.HTTPConnection object at 0x000002A0CD39E7A0>: Failed to establish a new connection: [WinError 10061] No connection could be made because the target machine actively refused it'))
2025-09-05 14:17:35,989 - api_client - WARNING - client.py:80 - Request attempt 3 failed: HTTPConnectionPool(host='127.0.0.1', port=8000): Max retries exceeded with url: /api/ (Caused by NewConnectionError('<urllib3.connection.HTTPConnection object at 0x000002A0CD39F570>: Failed to establish a new connection: [WinError 10061] No connection could be made because the target machine actively refused it'))
2025-09-05 14:17:58,241 - device_list - INFO - device_list.py:241 - Refreshing device data...
2025-09-05 14:17:58,244 - device_list - INFO - device_list.py:261 - Loaded 12 devices from CSV
2025-09-05 14:18:28,238 - device_list - INFO - device_list.py:241 - Refreshing device data...
2025-09-05 14:18:28,240 - device_list - INFO - device_list.py:261 - Loaded 12 devices from CSV
2025-09-05 14:18:31,917 - api_client - WARNING - client.py:80 - Request attempt 1 failed: HTTPConnectionPool(host='127.0.0.1', port=8000): Max retries exceeded with url: /api/ (Caused by NewConnectionError('<urllib3.connection.HTTPConnection object at 0x000002A0CAF1FDF0>: Failed to establish a new connection: [WinError 10061] No connection could be made because the target machine actively refused it'))
2025-09-05 14:18:33,958 - api_client - WARNING - client.py:80 - Request attempt 2 failed: HTTPConnectionPool(host='127.0.0.1', port=8000): Max retries exceeded with url: /api/ (Caused by NewConnectionError('<urllib3.connection.HTTPConnection object at 0x000002A0CAF1FF00>: Failed to establish a new connection: [WinError 10061] No connection could be made because the target machine actively refused it'))
2025-09-05 14:18:35,992 - api_client - WARNING - client.py:80 - Request attempt 3 failed: HTTPConnectionPool(host='127.0.0.1', port=8000): Max retries exceeded with url: /api/ (Caused by NewConnectionError('<urllib3.connection.HTTPConnection object at 0x000002A0CAF1F790>: Failed to establish a new connection: [WinError 10061] No connection could be made because the target machine actively refused it'))
2025-09-05 14:18:58,244 - device_list - INFO - device_list.py:241 - Refreshing device data...
2025-09-05 14:18:58,248 - device_list - INFO - device_list.py:261 - Loaded 12 devices from CSV
2025-09-05 14:19:28,240 - device_list - INFO - device_list.py:241 - Refreshing device data...
2025-09-05 14:19:28,243 - device_list - INFO - device_list.py:261 - Loaded 12 devices from CSV
2025-09-05 14:19:31,921 - api_client - WARNING - client.py:80 - Request attempt 1 failed: HTTPConnectionPool(host='127.0.0.1', port=8000): Max retries exceeded with url: /api/ (Caused by NewConnectionError('<urllib3.connection.HTTPConnection object at 0x000002A0CAF1FAC0>: Failed to establish a new connection: [WinError 10061] No connection could be made because the target machine actively refused it'))
2025-09-05 14:19:33,945 - api_client - WARNING - client.py:80 - Request attempt 2 failed: HTTPConnectionPool(host='127.0.0.1', port=8000): Max retries exceeded with url: /api/ (Caused by NewConnectionError('<urllib3.connection.HTTPConnection object at 0x000002A0CAF1FCE0>: Failed to establish a new connection: [WinError 10061] No connection could be made because the target machine actively refused it'))
2025-09-05 14:19:35,992 - api_client - WARNING - client.py:80 - Request attempt 3 failed: HTTPConnectionPool(host='127.0.0.1', port=8000): Max retries exceeded with url: /api/ (Caused by NewConnectionError('<urllib3.connection.HTTPConnection object at 0x000002A0CAF1F570>: Failed to establish a new connection: [WinError 10061] No connection could be made because the target machine actively refused it'))
2025-09-05 14:19:58,230 - device_list - INFO - device_list.py:241 - Refreshing device data...
2025-09-05 14:19:58,233 - device_list - INFO - device_list.py:261 - Loaded 12 devices from CSV
2025-09-05 14:20:28,243 - device_list - INFO - device_list.py:241 - Refreshing device data...
2025-09-05 14:20:28,245 - device_list - INFO - device_list.py:261 - Loaded 12 devices from CSV
2025-09-05 14:20:31,893 - api_client - WARNING - client.py:80 - Request attempt 1 failed: HTTPConnectionPool(host='127.0.0.1', port=8000): Max retries exceeded with url: /api/ (Caused by NewConnectionError('<urllib3.connection.HTTPConnection object at 0x000002A0CAF1F350>: Failed to establish a new connection: [WinError 10061] No connection could be made because the target machine actively refused it'))
2025-09-05 14:20:33,930 - api_client - WARNING - client.py:80 - Request attempt 2 failed: HTTPConnectionPool(host='127.0.0.1', port=8000): Max retries exceeded with url: /api/ (Caused by NewConnectionError('<urllib3.connection.HTTPConnection object at 0x000002A0CAF1F020>: Failed to establish a new connection: [WinError 10061] No connection could be made because the target machine actively refused it'))
2025-09-05 14:20:35,963 - api_client - WARNING - client.py:80 - Request attempt 3 failed: HTTPConnectionPool(host='127.0.0.1', port=8000): Max retries exceeded with url: /api/ (Caused by NewConnectionError('<urllib3.connection.HTTPConnection object at 0x000002A0CD39E7A0>: Failed to establish a new connection: [WinError 10061] No connection could be made because the target machine actively refused it'))
2025-09-05 14:20:58,231 - device_list - INFO - device_list.py:241 - Refreshing device data...
2025-09-05 14:20:58,234 - device_list - INFO - device_list.py:261 - Loaded 12 devices from CSV
2025-09-05 14:21:28,244 - device_list - INFO - device_list.py:241 - Refreshing device data...
2025-09-05 14:21:28,248 - device_list - INFO - device_list.py:261 - Loaded 12 devices from CSV
2025-09-05 14:21:31,925 - api_client - WARNING - client.py:80 - Request attempt 1 failed: HTTPConnectionPool(host='127.0.0.1', port=8000): Max retries exceeded with url: /api/ (Caused by NewConnectionError('<urllib3.connection.HTTPConnection object at 0x000002A0CD39E580>: Failed to establish a new connection: [WinError 10061] No connection could be made because the target machine actively refused it'))
2025-09-05 14:21:33,965 - api_client - WARNING - client.py:80 - Request attempt 2 failed: HTTPConnectionPool(host='127.0.0.1', port=8000): Max retries exceeded with url: /api/ (Caused by NewConnectionError('<urllib3.connection.HTTPConnection object at 0x000002A0CD39E360>: Failed to establish a new connection: [WinError 10061] No connection could be made because the target machine actively refused it'))
2025-09-05 14:21:36,015 - api_client - WARNING - client.py:80 - Request attempt 3 failed: HTTPConnectionPool(host='127.0.0.1', port=8000): Max retries exceeded with url: /api/ (Caused by NewConnectionError('<urllib3.connection.HTTPConnection object at 0x000002A0CD39E140>: Failed to establish a new connection: [WinError 10061] No connection could be made because the target machine actively refused it'))
2025-09-05 14:21:58,236 - device_list - INFO - device_list.py:241 - Refreshing device data...
2025-09-05 14:21:58,239 - device_list - INFO - device_list.py:261 - Loaded 12 devices from CSV
2025-09-05 14:22:28,231 - device_list - INFO - device_list.py:241 - Refreshing device data...
2025-09-05 14:22:28,233 - device_list - INFO - device_list.py:261 - Loaded 12 devices from CSV
2025-09-05 14:22:31,927 - api_client - WARNING - client.py:80 - Request attempt 1 failed: HTTPConnectionPool(host='127.0.0.1', port=8000): Max retries exceeded with url: /api/ (Caused by NewConnectionError('<urllib3.connection.HTTPConnection object at 0x000002A0CD39DF20>: Failed to establish a new connection: [WinError 10061] No connection could be made because the target machine actively refused it'))
2025-09-05 14:22:33,967 - api_client - WARNING - client.py:80 - Request attempt 2 failed: HTTPConnectionPool(host='127.0.0.1', port=8000): Max retries exceeded with url: /api/ (Caused by NewConnectionError('<urllib3.connection.HTTPConnection object at 0x000002A0CD39DD00>: Failed to establish a new connection: [WinError 10061] No connection could be made because the target machine actively refused it'))
2025-09-05 14:22:36,001 - api_client - WARNING - client.py:80 - Request attempt 3 failed: HTTPConnectionPool(host='127.0.0.1', port=8000): Max retries exceeded with url: /api/ (Caused by NewConnectionError('<urllib3.connection.HTTPConnection object at 0x000002A0CD39DAE0>: Failed to establish a new connection: [WinError 10061] No connection could be made because the target machine actively refused it'))
2025-09-05 14:22:58,237 - device_list - INFO - device_list.py:241 - Refreshing device data...
2025-09-05 14:22:58,240 - device_list - INFO - device_list.py:261 - Loaded 12 devices from CSV
2025-09-05 14:23:28,234 - device_list - INFO - device_list.py:241 - Refreshing device data...
2025-09-05 14:23:28,237 - device_list - INFO - device_list.py:261 - Loaded 12 devices from CSV
2025-09-05 14:23:31,929 - api_client - WARNING - client.py:80 - Request attempt 1 failed: HTTPConnectionPool(host='127.0.0.1', port=8000): Max retries exceeded with url: /api/ (Caused by NewConnectionError('<urllib3.connection.HTTPConnection object at 0x000002A0CD39D8C0>: Failed to establish a new connection: [WinError 10061] No connection could be made because the target machine actively refused it'))
2025-09-05 14:23:33,986 - api_client - WARNING - client.py:80 - Request attempt 2 failed: HTTPConnectionPool(host='127.0.0.1', port=8000): Max retries exceeded with url: /api/ (Caused by NewConnectionError('<urllib3.connection.HTTPConnection object at 0x000002A0CD39D6A0>: Failed to establish a new connection: [WinError 10061] No connection could be made because the target machine actively refused it'))
2025-09-05 14:23:36,004 - api_client - WARNING - client.py:80 - Request attempt 3 failed: HTTPConnectionPool(host='127.0.0.1', port=8000): Max retries exceeded with url: /api/ (Caused by NewConnectionError('<urllib3.connection.HTTPConnection object at 0x000002A0CD39D480>: Failed to establish a new connection: [WinError 10061] No connection could be made because the target machine actively refused it'))
2025-09-05 14:23:58,240 - device_list - INFO - device_list.py:241 - Refreshing device data...
2025-09-05 14:23:58,243 - device_list - INFO - device_list.py:261 - Loaded 12 devices from CSV
2025-09-05 14:24:28,236 - device_list - INFO - device_list.py:241 - Refreshing device data...
2025-09-05 14:24:28,241 - device_list - INFO - device_list.py:261 - Loaded 12 devices from CSV
2025-09-05 14:24:31,932 - api_client - WARNING - client.py:80 - Request attempt 1 failed: HTTPConnectionPool(host='127.0.0.1', port=8000): Max retries exceeded with url: /api/ (Caused by NewConnectionError('<urllib3.connection.HTTPConnection object at 0x000002A0CD39D260>: Failed to establish a new connection: [WinError 10061] No connection could be made because the target machine actively refused it'))
2025-09-05 14:24:33,957 - api_client - WARNING - client.py:80 - Request attempt 2 failed: HTTPConnectionPool(host='127.0.0.1', port=8000): Max retries exceeded with url: /api/ (Caused by NewConnectionError('<urllib3.connection.HTTPConnection object at 0x000002A0CD39D040>: Failed to establish a new connection: [WinError 10061] No connection could be made because the target machine actively refused it'))
2025-09-05 14:24:35,989 - api_client - WARNING - client.py:80 - Request attempt 3 failed: HTTPConnectionPool(host='127.0.0.1', port=8000): Max retries exceeded with url: /api/ (Caused by NewConnectionError('<urllib3.connection.HTTPConnection object at 0x000002A0CD39CE20>: Failed to establish a new connection: [WinError 10061] No connection could be made because the target machine actively refused it'))
2025-09-05 14:24:58,241 - device_list - INFO - device_list.py:241 - Refreshing device data...
2025-09-05 14:24:58,244 - device_list - INFO - device_list.py:261 - Loaded 12 devices from CSV
2025-09-05 14:25:28,239 - device_list - INFO - device_list.py:241 - Refreshing device data...
2025-09-05 14:25:28,243 - device_list - INFO - device_list.py:261 - Loaded 12 devices from CSV
2025-09-05 14:25:31,903 - api_client - WARNING - client.py:80 - Request attempt 1 failed: HTTPConnectionPool(host='127.0.0.1', port=8000): Max retries exceeded with url: /api/ (Caused by NewConnectionError('<urllib3.connection.HTTPConnection object at 0x000002A0CD39C7C0>: Failed to establish a new connection: [WinError 10061] No connection could be made because the target machine actively refused it'))
2025-09-05 14:25:33,927 - api_client - WARNING - client.py:80 - Request attempt 2 failed: HTTPConnectionPool(host='127.0.0.1', port=8000): Max retries exceeded with url: /api/ (Caused by NewConnectionError('<urllib3.connection.HTTPConnection object at 0x000002A0CD39C5A0>: Failed to establish a new connection: [WinError 10061] No connection could be made because the target machine actively refused it'))
2025-09-05 14:25:35,989 - api_client - WARNING - client.py:80 - Request attempt 3 failed: HTTPConnectionPool(host='127.0.0.1', port=8000): Max retries exceeded with url: /api/ (Caused by NewConnectionError('<urllib3.connection.HTTPConnection object at 0x000002A0CD39C380>: Failed to establish a new connection: [WinError 10061] No connection could be made because the target machine actively refused it'))
2025-09-05 14:25:58,243 - device_list - INFO - device_list.py:241 - Refreshing device data...
2025-09-05 14:25:58,246 - device_list - INFO - device_list.py:261 - Loaded 12 devices from CSV
2025-09-05 14:26:28,240 - device_list - INFO - device_list.py:241 - Refreshing device data...
2025-09-05 14:26:28,243 - device_list - INFO - device_list.py:261 - Loaded 12 devices from CSV
2025-09-05 14:26:31,922 - api_client - WARNING - client.py:80 - Request attempt 1 failed: HTTPConnectionPool(host='127.0.0.1', port=8000): Max retries exceeded with url: /api/ (Caused by NewConnectionError('<urllib3.connection.HTTPConnection object at 0x000002A0CD39C160>: Failed to establish a new connection: [WinError 10061] No connection could be made because the target machine actively refused it'))
2025-09-05 14:26:33,929 - api_client - WARNING - client.py:80 - Request attempt 2 failed: HTTPConnectionPool(host='127.0.0.1', port=8000): Max retries exceeded with url: /api/ (Caused by NewConnectionError('<urllib3.connection.HTTPConnection object at 0x000002A0CD39EBE0>: Failed to establish a new connection: [WinError 10061] No connection could be made because the target machine actively refused it'))
2025-09-05 14:26:35,976 - api_client - WARNING - client.py:80 - Request attempt 3 failed: HTTPConnectionPool(host='127.0.0.1', port=8000): Max retries exceeded with url: /api/ (Caused by NewConnectionError('<urllib3.connection.HTTPConnection object at 0x000002A0CD39EE00>: Failed to establish a new connection: [WinError 10061] No connection could be made because the target machine actively refused it'))
2025-09-05 14:26:58,229 - device_list - INFO - device_list.py:241 - Refreshing device data...
2025-09-05 14:26:58,234 - device_list - INFO - device_list.py:261 - Loaded 12 devices from CSV
2025-09-05 14:27:28,241 - device_list - INFO - device_list.py:241 - Refreshing device data...
2025-09-05 14:27:28,244 - device_list - INFO - device_list.py:261 - Loaded 12 devices from CSV
2025-09-05 14:27:31,938 - api_client - WARNING - client.py:80 - Request attempt 1 failed: HTTPConnectionPool(host='127.0.0.1', port=8000): Max retries exceeded with url: /api/ (Caused by NewConnectionError('<urllib3.connection.HTTPConnection object at 0x000002A0CD39F020>: Failed to establish a new connection: [WinError 10061] No connection could be made because the target machine actively refused it'))
2025-09-05 14:27:33,963 - api_client - WARNING - client.py:80 - Request attempt 2 failed: HTTPConnectionPool(host='127.0.0.1', port=8000): Max retries exceeded with url: /api/ (Caused by NewConnectionError('<urllib3.connection.HTTPConnection object at 0x000002A0CD39F240>: Failed to establish a new connection: [WinError 10061] No connection could be made because the target machine actively refused it'))
2025-09-05 14:27:36,013 - api_client - WARNING - client.py:80 - Request attempt 3 failed: HTTPConnectionPool(host='127.0.0.1', port=8000): Max retries exceeded with url: /api/ (Caused by NewConnectionError('<urllib3.connection.HTTPConnection object at 0x000002A0CD39F790>: Failed to establish a new connection: [WinError 10061] No connection could be made because the target machine actively refused it'))
2025-09-05 14:27:58,234 - device_list - INFO - device_list.py:241 - Refreshing device data...
2025-09-05 14:27:58,239 - device_list - INFO - device_list.py:261 - Loaded 12 devices from CSV
2025-09-05 14:28:28,244 - device_list - INFO - device_list.py:241 - Refreshing device data...
2025-09-05 14:28:28,249 - device_list - INFO - device_list.py:261 - Loaded 12 devices from CSV
2025-09-05 14:28:31,910 - api_client - WARNING - client.py:80 - Request attempt 1 failed: HTTPConnectionPool(host='127.0.0.1', port=8000): Max retries exceeded with url: /api/ (Caused by NewConnectionError('<urllib3.connection.HTTPConnection object at 0x000002A0CAF1F020>: Failed to establish a new connection: [WinError 10061] No connection could be made because the target machine actively refused it'))
2025-09-05 14:28:33,950 - api_client - WARNING - client.py:80 - Request attempt 2 failed: HTTPConnectionPool(host='127.0.0.1', port=8000): Max retries exceeded with url: /api/ (Caused by NewConnectionError('<urllib3.connection.HTTPConnection object at 0x000002A0CAF1F350>: Failed to establish a new connection: [WinError 10061] No connection could be made because the target machine actively refused it'))
2025-09-05 14:28:36,014 - api_client - WARNING - client.py:80 - Request attempt 3 failed: HTTPConnectionPool(host='127.0.0.1', port=8000): Max retries exceeded with url: /api/ (Caused by NewConnectionError('<urllib3.connection.HTTPConnection object at 0x000002A0CAF1F570>: Failed to establish a new connection: [WinError 10061] No connection could be made because the target machine actively refused it'))
2025-09-05 14:43:08,526 - device_list - INFO - device_list.py:241 - Refreshing device data...
2025-09-05 14:43:08,537 - device_list - INFO - device_list.py:261 - Loaded 12 devices from CSV
2025-09-05 14:43:12,899 - api_client - WARNING - client.py:80 - Request attempt 1 failed: HTTPConnectionPool(host='127.0.0.1', port=8000): Max retries exceeded with url: /api/ (Caused by NewConnectionError('<urllib3.connection.HTTPConnection object at 0x000002A0CAF1FCE0>: Failed to establish a new connection: [WinError 10061] No connection could be made because the target machine actively refused it'))
2025-09-05 14:43:15,025 - api_client - WARNING - client.py:80 - Request attempt 2 failed: HTTPConnectionPool(host='127.0.0.1', port=8000): Max retries exceeded with url: /api/ (Caused by NewConnectionError('<urllib3.connection.HTTPConnection object at 0x000002A0CAF1FAC0>: Failed to establish a new connection: [WinError 10061] No connection could be made because the target machine actively refused it'))
2025-09-05 14:43:17,130 - api_client - WARNING - client.py:80 - Request attempt 3 failed: HTTPConnectionPool(host='127.0.0.1', port=8000): Max retries exceeded with url: /api/ (Caused by NewConnectionError('<urllib3.connection.HTTPConnection object at 0x000002A0CAF1F790>: Failed to establish a new connection: [WinError 10061] No connection could be made because the target machine actively refused it'))
2025-09-05 14:43:38,521 - device_list - INFO - device_list.py:241 - Refreshing device data...
2025-09-05 14:43:38,524 - device_list - INFO - device_list.py:261 - Loaded 12 devices from CSV
2025-09-05 14:43:49,415 - main_window - INFO - main_window.py:373 - Application closing
2025-09-05 15:07:08,882 - warehouse_app - INFO - main.py:30 - Starting Warehouse Management System v1.0.0
2025-09-05 15:07:16,693 - main_window - INFO - main_window.py:121 - Dashboard widget loaded successfully
2025-09-05 15:07:16,749 - device_list - INFO - device_list.py:241 - Refreshing device data...
2025-09-05 15:07:16,754 - device_list - INFO - device_list.py:261 - Loaded 12 devices from CSV
2025-09-05 15:07:16,776 - main_window - INFO - main_window.py:131 - Device Management widget loaded successfully
2025-09-05 15:07:17,048 - main_window - INFO - main_window.py:142 - Task Creation widget loaded successfully
2025-09-05 15:07:17,158 - main_window - INFO - main_window.py:153 - Task Monitor widget loaded successfully
2025-09-05 15:07:17,233 - user_management - INFO - user_management.py:581 - Refreshing user data...
2025-09-05 15:07:17,237 - user_management - INFO - user_management.py:603 - Loaded 12 users from CSV
2025-09-05 15:07:17,261 - main_window - INFO - main_window.py:163 - User Management widget loaded successfully
2025-09-05 15:07:18,049 - map_management - INFO - map_management.py:53 - Map Management widget initialized
2025-09-05 15:07:18,215 - main_window - INFO - main_window.py:175 - Map Management widget loaded successfully
2025-09-05 15:07:20,310 - api_client - WARNING - client.py:80 - Request attempt 1 failed: HTTPConnectionPool(host='127.0.0.1', port=8000): Max retries exceeded with url: /api/ (Caused by NewConnectionError('<urllib3.connection.HTTPConnection object at 0x000001BDC228A120>: Failed to establish a new connection: [WinError 10061] No connection could be made because the target machine actively refused it'))
2025-09-05 15:07:22,338 - api_client - WARNING - client.py:80 - Request attempt 2 failed: HTTPConnectionPool(host='127.0.0.1', port=8000): Max retries exceeded with url: /api/ (Caused by NewConnectionError('<urllib3.connection.HTTPConnection object at 0x000001BDC21D7110>: Failed to establish a new connection: [WinError 10061] No connection could be made because the target machine actively refused it'))
2025-09-05 15:07:24,366 - api_client - WARNING - client.py:80 - Request attempt 3 failed: HTTPConnectionPool(host='127.0.0.1', port=8000): Max retries exceeded with url: /api/ (Caused by NewConnectionError('<urllib3.connection.HTTPConnection object at 0x000001BDC21D7610>: Failed to establish a new connection: [WinError 10061] No connection could be made because the target machine actively refused it'))
2025-09-05 15:07:24,367 - warehouse_app - INFO - main.py:46 - Main window created successfully
2025-09-05 15:07:24,542 - warehouse_app - INFO - main.py:154 - Application started successfully
2025-09-05 15:07:27,126 - main_window - INFO - main_window.py:284 - Refreshed data for Task Monitor
2025-09-05 15:07:29,735 - main_window - INFO - main_window.py:284 - Refreshed data for Map Management
2025-09-05 15:07:46,759 - device_list - INFO - device_list.py:241 - Refreshing device data...
2025-09-05 15:07:46,762 - device_list - INFO - device_list.py:261 - Loaded 12 devices from CSV
2025-09-05 15:08:04,957 - csv_handler - INFO - csv_handler.py:180 - Successfully appended row to stops CSV with ID: 424
2025-09-05 15:08:05,002 - csv_handler - INFO - csv_handler.py:180 - Successfully appended row to stops CSV with ID: 425
2025-09-05 15:08:05,023 - csv_handler - INFO - csv_handler.py:180 - Successfully appended row to stops CSV with ID: 426
2025-09-05 15:08:05,042 - csv_handler - INFO - csv_handler.py:180 - Successfully appended row to stops CSV with ID: 427
2025-09-05 15:08:05,062 - csv_handler - INFO - csv_handler.py:180 - Successfully appended row to stops CSV with ID: 428
2025-09-05 15:08:16,757 - device_list - INFO - device_list.py:241 - Refreshing device data...
2025-09-05 15:08:16,761 - device_list - INFO - device_list.py:261 - Loaded 12 devices from CSV
2025-09-05 15:08:20,284 - api_client - WARNING - client.py:80 - Request attempt 1 failed: HTTPConnectionPool(host='127.0.0.1', port=8000): Max retries exceeded with url: /api/ (Caused by NewConnectionError('<urllib3.connection.HTTPConnection object at 0x000001BDC1FA9E00>: Failed to establish a new connection: [WinError 10061] No connection could be made because the target machine actively refused it'))
2025-09-05 15:08:22,318 - api_client - WARNING - client.py:80 - Request attempt 2 failed: HTTPConnectionPool(host='127.0.0.1', port=8000): Max retries exceeded with url: /api/ (Caused by NewConnectionError('<urllib3.connection.HTTPConnection object at 0x000001BDC1FABE10>: Failed to establish a new connection: [WinError 10061] No connection could be made because the target machine actively refused it'))
2025-09-05 15:08:24,356 - api_client - WARNING - client.py:80 - Request attempt 3 failed: HTTPConnectionPool(host='127.0.0.1', port=8000): Max retries exceeded with url: /api/ (Caused by NewConnectionError('<urllib3.connection.HTTPConnection object at 0x000001BDC228CDD0>: Failed to establish a new connection: [WinError 10061] No connection could be made because the target machine actively refused it'))
2025-09-05 15:08:46,757 - device_list - INFO - device_list.py:241 - Refreshing device data...
2025-09-05 15:08:46,762 - device_list - INFO - device_list.py:261 - Loaded 12 devices from CSV
2025-09-05 15:09:16,751 - device_list - INFO - device_list.py:241 - Refreshing device data...
2025-09-05 15:09:16,754 - device_list - INFO - device_list.py:261 - Loaded 12 devices from CSV
2025-09-05 15:09:20,274 - api_client - WARNING - client.py:80 - Request attempt 1 failed: HTTPConnectionPool(host='127.0.0.1', port=8000): Max retries exceeded with url: /api/ (Caused by NewConnectionError('<urllib3.connection.HTTPConnection object at 0x000001BDC222F130>: Failed to establish a new connection: [WinError 10061] No connection could be made because the target machine actively refused it'))
2025-09-05 15:09:22,309 - api_client - WARNING - client.py:80 - Request attempt 2 failed: HTTPConnectionPool(host='127.0.0.1', port=8000): Max retries exceeded with url: /api/ (Caused by NewConnectionError('<urllib3.connection.HTTPConnection object at 0x000001BDC222F790>: Failed to establish a new connection: [WinError 10061] No connection could be made because the target machine actively refused it'))
2025-09-05 15:09:24,358 - api_client - WARNING - client.py:80 - Request attempt 3 failed: HTTPConnectionPool(host='127.0.0.1', port=8000): Max retries exceeded with url: /api/ (Caused by NewConnectionError('<urllib3.connection.HTTPConnection object at 0x000001BDC222FCE0>: Failed to establish a new connection: [WinError 10061] No connection could be made because the target machine actively refused it'))
2025-09-05 15:09:46,753 - device_list - INFO - device_list.py:241 - Refreshing device data...
2025-09-05 15:09:46,758 - device_list - INFO - device_list.py:261 - Loaded 12 devices from CSV
2025-09-05 15:10:16,755 - device_list - INFO - device_list.py:241 - Refreshing device data...
2025-09-05 15:10:16,760 - device_list - INFO - device_list.py:261 - Loaded 12 devices from CSV
2025-09-05 15:10:20,250 - api_client - WARNING - client.py:80 - Request attempt 1 failed: HTTPConnectionPool(host='127.0.0.1', port=8000): Max retries exceeded with url: /api/ (Caused by NewConnectionError('<urllib3.connection.HTTPConnection object at 0x000001BDC222FF00>: Failed to establish a new connection: [WinError 10061] No connection could be made because the target machine actively refused it'))
2025-09-05 15:10:22,274 - api_client - WARNING - client.py:80 - Request attempt 2 failed: HTTPConnectionPool(host='127.0.0.1', port=8000): Max retries exceeded with url: /api/ (Caused by NewConnectionError('<urllib3.connection.HTTPConnection object at 0x000001BDC466C160>: Failed to establish a new connection: [WinError 10061] No connection could be made because the target machine actively refused it'))
2025-09-05 15:10:24,309 - api_client - WARNING - client.py:80 - Request attempt 3 failed: HTTPConnectionPool(host='127.0.0.1', port=8000): Max retries exceeded with url: /api/ (Caused by NewConnectionError('<urllib3.connection.HTTPConnection object at 0x000001BDC466C380>: Failed to establish a new connection: [WinError 10061] No connection could be made because the target machine actively refused it'))
2025-09-05 15:10:46,755 - device_list - INFO - device_list.py:241 - Refreshing device data...
2025-09-05 15:10:46,771 - device_list - INFO - device_list.py:261 - Loaded 12 devices from CSV
2025-09-05 15:11:16,752 - device_list - INFO - device_list.py:241 - Refreshing device data...
2025-09-05 15:11:16,756 - device_list - INFO - device_list.py:261 - Loaded 12 devices from CSV
2025-09-05 15:11:20,275 - api_client - WARNING - client.py:80 - Request attempt 1 failed: HTTPConnectionPool(host='127.0.0.1', port=8000): Max retries exceeded with url: /api/ (Caused by NewConnectionError('<urllib3.connection.HTTPConnection object at 0x000001BDC466C5A0>: Failed to establish a new connection: [WinError 10061] No connection could be made because the target machine actively refused it'))
2025-09-05 15:11:22,300 - api_client - WARNING - client.py:80 - Request attempt 2 failed: HTTPConnectionPool(host='127.0.0.1', port=8000): Max retries exceeded with url: /api/ (Caused by NewConnectionError('<urllib3.connection.HTTPConnection object at 0x000001BDC466C7C0>: Failed to establish a new connection: [WinError 10061] No connection could be made because the target machine actively refused it'))
2025-09-05 15:11:24,341 - api_client - WARNING - client.py:80 - Request attempt 3 failed: HTTPConnectionPool(host='127.0.0.1', port=8000): Max retries exceeded with url: /api/ (Caused by NewConnectionError('<urllib3.connection.HTTPConnection object at 0x000001BDC466C9E0>: Failed to establish a new connection: [WinError 10061] No connection could be made because the target machine actively refused it'))
2025-09-05 15:11:46,751 - device_list - INFO - device_list.py:241 - Refreshing device data...
2025-09-05 15:11:46,756 - device_list - INFO - device_list.py:261 - Loaded 12 devices from CSV
2025-09-05 15:12:16,753 - device_list - INFO - device_list.py:241 - Refreshing device data...
2025-09-05 15:12:16,756 - device_list - INFO - device_list.py:261 - Loaded 12 devices from CSV
2025-09-05 15:12:20,244 - api_client - WARNING - client.py:80 - Request attempt 1 failed: HTTPConnectionPool(host='127.0.0.1', port=8000): Max retries exceeded with url: /api/ (Caused by NewConnectionError('<urllib3.connection.HTTPConnection object at 0x000001BDC466CC00>: Failed to establish a new connection: [WinError 10061] No connection could be made because the target machine actively refused it'))
2025-09-05 15:12:22,283 - api_client - WARNING - client.py:80 - Request attempt 2 failed: HTTPConnectionPool(host='127.0.0.1', port=8000): Max retries exceeded with url: /api/ (Caused by NewConnectionError('<urllib3.connection.HTTPConnection object at 0x000001BDC466CE20>: Failed to establish a new connection: [WinError 10061] No connection could be made because the target machine actively refused it'))
2025-09-05 15:12:24,316 - api_client - WARNING - client.py:80 - Request attempt 3 failed: HTTPConnectionPool(host='127.0.0.1', port=8000): Max retries exceeded with url: /api/ (Caused by NewConnectionError('<urllib3.connection.HTTPConnection object at 0x000001BDC466D040>: Failed to establish a new connection: [WinError 10061] No connection could be made because the target machine actively refused it'))
2025-09-05 15:12:27,312 - main_window - INFO - main_window.py:373 - Application closing
2025-09-05 15:12:32,432 - warehouse_app - INFO - main.py:30 - Starting Warehouse Management System v1.0.0
2025-09-05 15:12:34,090 - main_window - INFO - main_window.py:121 - Dashboard widget loaded successfully
2025-09-05 15:12:34,150 - device_list - INFO - device_list.py:241 - Refreshing device data...
2025-09-05 15:12:34,153 - device_list - INFO - device_list.py:261 - Loaded 12 devices from CSV
2025-09-05 15:12:34,170 - main_window - INFO - main_window.py:131 - Device Management widget loaded successfully
2025-09-05 15:12:34,462 - main_window - INFO - main_window.py:142 - Task Creation widget loaded successfully
2025-09-05 15:12:34,666 - main_window - INFO - main_window.py:153 - Task Monitor widget loaded successfully
2025-09-05 15:12:34,752 - user_management - INFO - user_management.py:581 - Refreshing user data...
2025-09-05 15:12:34,754 - user_management - INFO - user_management.py:603 - Loaded 12 users from CSV
2025-09-05 15:12:34,784 - main_window - INFO - main_window.py:163 - User Management widget loaded successfully
2025-09-05 15:12:35,624 - map_management - INFO - map_management.py:53 - Map Management widget initialized
2025-09-05 15:12:35,924 - main_window - INFO - main_window.py:175 - Map Management widget loaded successfully
2025-09-05 15:12:38,027 - api_client - WARNING - client.py:80 - Request attempt 1 failed: HTTPConnectionPool(host='127.0.0.1', port=8000): Max retries exceeded with url: /api/ (Caused by NewConnectionError('<urllib3.connection.HTTPConnection object at 0x000002A1BAF56120>: Failed to establish a new connection: [WinError 10061] No connection could be made because the target machine actively refused it'))
2025-09-05 15:12:40,056 - api_client - WARNING - client.py:80 - Request attempt 2 failed: HTTPConnectionPool(host='127.0.0.1', port=8000): Max retries exceeded with url: /api/ (Caused by NewConnectionError('<urllib3.connection.HTTPConnection object at 0x000002A1BAEA7110>: Failed to establish a new connection: [WinError 10061] No connection could be made because the target machine actively refused it'))
2025-09-05 15:12:42,086 - api_client - WARNING - client.py:80 - Request attempt 3 failed: HTTPConnectionPool(host='127.0.0.1', port=8000): Max retries exceeded with url: /api/ (Caused by NewConnectionError('<urllib3.connection.HTTPConnection object at 0x000002A1BAEA7610>: Failed to establish a new connection: [WinError 10061] No connection could be made because the target machine actively refused it'))
2025-09-05 15:12:42,087 - warehouse_app - INFO - main.py:46 - Main window created successfully
2025-09-05 15:12:42,182 - warehouse_app - INFO - main.py:154 - Application started successfully
2025-09-05 15:12:44,529 - main_window - INFO - main_window.py:284 - Refreshed data for Map Management
2025-09-05 15:13:04,136 - device_list - INFO - device_list.py:241 - Refreshing device data...
2025-09-05 15:13:04,141 - device_list - INFO - device_list.py:261 - Loaded 12 devices from CSV
2025-09-05 15:13:34,146 - device_list - INFO - device_list.py:241 - Refreshing device data...
2025-09-05 15:13:34,150 - device_list - INFO - device_list.py:261 - Loaded 12 devices from CSV
2025-09-05 15:13:38,004 - api_client - WARNING - client.py:80 - Request attempt 1 failed: HTTPConnectionPool(host='127.0.0.1', port=8000): Max retries exceeded with url: /api/ (Caused by NewConnectionError('<urllib3.connection.HTTPConnection object at 0x000002A1BAC8BA80>: Failed to establish a new connection: [WinError 10061] No connection could be made because the target machine actively refused it'))
2025-09-05 15:13:40,051 - api_client - WARNING - client.py:80 - Request attempt 2 failed: HTTPConnectionPool(host='127.0.0.1', port=8000): Max retries exceeded with url: /api/ (Caused by NewConnectionError('<urllib3.connection.HTTPConnection object at 0x000002A1BD358050>: Failed to establish a new connection: [WinError 10061] No connection could be made because the target machine actively refused it'))
2025-09-05 15:13:42,069 - api_client - WARNING - client.py:80 - Request attempt 3 failed: HTTPConnectionPool(host='127.0.0.1', port=8000): Max retries exceeded with url: /api/ (Caused by NewConnectionError('<urllib3.connection.HTTPConnection object at 0x000002A1BAF99010>: Failed to establish a new connection: [WinError 10061] No connection could be made because the target machine actively refused it'))
2025-09-05 15:13:58,918 - csv_handler - INFO - csv_handler.py:180 - Successfully appended row to stops CSV with ID: 429
2025-09-05 15:13:58,950 - csv_handler - INFO - csv_handler.py:180 - Successfully appended row to stops CSV with ID: 430
2025-09-05 15:13:58,971 - csv_handler - INFO - csv_handler.py:180 - Successfully appended row to stops CSV with ID: 431
2025-09-05 15:13:59,013 - csv_handler - INFO - csv_handler.py:180 - Successfully appended row to stops CSV with ID: 432
2025-09-05 15:14:04,138 - device_list - INFO - device_list.py:241 - Refreshing device data...
2025-09-05 15:14:04,143 - device_list - INFO - device_list.py:261 - Loaded 12 devices from CSV
2025-09-05 15:14:34,139 - device_list - INFO - device_list.py:241 - Refreshing device data...
2025-09-05 15:14:34,141 - device_list - INFO - device_list.py:261 - Loaded 12 devices from CSV
2025-09-05 15:14:38,034 - api_client - WARNING - client.py:80 - Request attempt 1 failed: HTTPConnectionPool(host='127.0.0.1', port=8000): Max retries exceeded with url: /api/ (Caused by NewConnectionError('<urllib3.connection.HTTPConnection object at 0x000002A1BAEFB8A0>: Failed to establish a new connection: [WinError 10061] No connection could be made because the target machine actively refused it'))
2025-09-05 15:14:40,055 - api_client - WARNING - client.py:80 - Request attempt 2 failed: HTTPConnectionPool(host='127.0.0.1', port=8000): Max retries exceeded with url: /api/ (Caused by NewConnectionError('<urllib3.connection.HTTPConnection object at 0x000002A1BAEFB570>: Failed to establish a new connection: [WinError 10061] No connection could be made because the target machine actively refused it'))
2025-09-05 15:14:42,103 - api_client - WARNING - client.py:80 - Request attempt 3 failed: HTTPConnectionPool(host='127.0.0.1', port=8000): Max retries exceeded with url: /api/ (Caused by NewConnectionError('<urllib3.connection.HTTPConnection object at 0x000002A1BAEFB240>: Failed to establish a new connection: [WinError 10061] No connection could be made because the target machine actively refused it'))
2025-09-05 15:14:58,700 - main_window - INFO - main_window.py:373 - Application closing
2025-09-05 15:20:20,655 - warehouse_app - INFO - main.py:30 - Starting Warehouse Management System v1.0.0
2025-09-05 15:20:22,408 - main_window - INFO - main_window.py:121 - Dashboard widget loaded successfully
2025-09-05 15:20:22,460 - device_list - INFO - device_list.py:241 - Refreshing device data...
2025-09-05 15:20:22,464 - device_list - INFO - device_list.py:261 - Loaded 12 devices from CSV
2025-09-05 15:20:22,488 - main_window - INFO - main_window.py:131 - Device Management widget loaded successfully
2025-09-05 15:20:22,913 - main_window - INFO - main_window.py:142 - Task Creation widget loaded successfully
2025-09-05 15:20:23,009 - main_window - INFO - main_window.py:153 - Task Monitor widget loaded successfully
2025-09-05 15:20:23,095 - user_management - INFO - user_management.py:581 - Refreshing user data...
2025-09-05 15:20:23,098 - user_management - INFO - user_management.py:603 - Loaded 12 users from CSV
2025-09-05 15:20:23,133 - main_window - INFO - main_window.py:163 - User Management widget loaded successfully
2025-09-05 15:20:23,969 - map_management - INFO - map_management.py:53 - Map Management widget initialized
2025-09-05 15:20:24,162 - main_window - INFO - main_window.py:175 - Map Management widget loaded successfully
2025-09-05 15:20:26,217 - api_client - WARNING - client.py:80 - Request attempt 1 failed: HTTPConnectionPool(host='127.0.0.1', port=8000): Max retries exceeded with url: /api/ (Caused by NewConnectionError('<urllib3.connection.HTTPConnection object at 0x00000150FD7BA120>: Failed to establish a new connection: [WinError 10061] No connection could be made because the target machine actively refused it'))
2025-09-05 15:20:28,254 - api_client - WARNING - client.py:80 - Request attempt 2 failed: HTTPConnectionPool(host='127.0.0.1', port=8000): Max retries exceeded with url: /api/ (Caused by NewConnectionError('<urllib3.connection.HTTPConnection object at 0x00000150FD707110>: Failed to establish a new connection: [WinError 10061] No connection could be made because the target machine actively refused it'))
2025-09-05 15:20:30,288 - api_client - WARNING - client.py:80 - Request attempt 3 failed: HTTPConnectionPool(host='127.0.0.1', port=8000): Max retries exceeded with url: /api/ (Caused by NewConnectionError('<urllib3.connection.HTTPConnection object at 0x00000150FD707610>: Failed to establish a new connection: [WinError 10061] No connection could be made because the target machine actively refused it'))
2025-09-05 15:20:30,289 - warehouse_app - INFO - main.py:46 - Main window created successfully
2025-09-05 15:20:30,386 - warehouse_app - INFO - main.py:154 - Application started successfully
2025-09-05 15:20:33,242 - main_window - INFO - main_window.py:284 - Refreshed data for Map Management
2025-09-05 15:20:52,458 - device_list - INFO - device_list.py:241 - Refreshing device data...
2025-09-05 15:20:52,461 - device_list - INFO - device_list.py:261 - Loaded 12 devices from CSV
2025-09-05 15:21:22,456 - device_list - INFO - device_list.py:241 - Refreshing device data...
2025-09-05 15:21:22,461 - device_list - INFO - device_list.py:261 - Loaded 12 devices from CSV
2025-09-05 15:21:26,171 - api_client - WARNING - client.py:80 - Request attempt 1 failed: HTTPConnectionPool(host='127.0.0.1', port=8000): Max retries exceeded with url: /api/ (Caused by NewConnectionError('<urllib3.connection.HTTPConnection object at 0x00000150FD4EBBB0>: Failed to establish a new connection: [WinError 10061] No connection could be made because the target machine actively refused it'))
2025-09-05 15:21:28,220 - api_client - WARNING - client.py:80 - Request attempt 2 failed: HTTPConnectionPool(host='127.0.0.1', port=8000): Max retries exceeded with url: /api/ (Caused by NewConnectionError('<urllib3.connection.HTTPConnection object at 0x00000150FFB8C180>: Failed to establish a new connection: [WinError 10061] No connection could be made because the target machine actively refused it'))
2025-09-05 15:21:30,267 - api_client - WARNING - client.py:80 - Request attempt 3 failed: HTTPConnectionPool(host='127.0.0.1', port=8000): Max retries exceeded with url: /api/ (Caused by NewConnectionError('<urllib3.connection.HTTPConnection object at 0x00000150FD7BCDD0>: Failed to establish a new connection: [WinError 10061] No connection could be made because the target machine actively refused it'))
2025-09-05 15:21:52,456 - device_list - INFO - device_list.py:241 - Refreshing device data...
2025-09-05 15:21:52,459 - device_list - INFO - device_list.py:261 - Loaded 12 devices from CSV
2025-09-05 15:22:22,455 - device_list - INFO - device_list.py:241 - Refreshing device data...
2025-09-05 15:22:22,460 - device_list - INFO - device_list.py:261 - Loaded 12 devices from CSV
2025-09-05 15:22:26,196 - api_client - WARNING - client.py:80 - Request attempt 1 failed: HTTPConnectionPool(host='127.0.0.1', port=8000): Max retries exceeded with url: /api/ (Caused by NewConnectionError('<urllib3.connection.HTTPConnection object at 0x00000150FD75B790>: Failed to establish a new connection: [WinError 10061] No connection could be made because the target machine actively refused it'))
2025-09-05 15:22:28,223 - api_client - WARNING - client.py:80 - Request attempt 2 failed: HTTPConnectionPool(host='127.0.0.1', port=8000): Max retries exceeded with url: /api/ (Caused by NewConnectionError('<urllib3.connection.HTTPConnection object at 0x00000150FD75B460>: Failed to establish a new connection: [WinError 10061] No connection could be made because the target machine actively refused it'))
2025-09-05 15:22:30,269 - api_client - WARNING - client.py:80 - Request attempt 3 failed: HTTPConnectionPool(host='127.0.0.1', port=8000): Max retries exceeded with url: /api/ (Caused by NewConnectionError('<urllib3.connection.HTTPConnection object at 0x00000150FD75B130>: Failed to establish a new connection: [WinError 10061] No connection could be made because the target machine actively refused it'))
2025-09-05 15:22:52,450 - device_list - INFO - device_list.py:241 - Refreshing device data...
2025-09-05 15:22:52,455 - device_list - INFO - device_list.py:261 - Loaded 12 devices from CSV
2025-09-05 15:23:22,458 - device_list - INFO - device_list.py:241 - Refreshing device data...
2025-09-05 15:23:22,460 - device_list - INFO - device_list.py:261 - Loaded 12 devices from CSV
2025-09-05 15:23:26,180 - api_client - WARNING - client.py:80 - Request attempt 1 failed: HTTPConnectionPool(host='127.0.0.1', port=8000): Max retries exceeded with url: /api/ (Caused by NewConnectionError('<urllib3.connection.HTTPConnection object at 0x00000150FD75AF10>: Failed to establish a new connection: [WinError 10061] No connection could be made because the target machine actively refused it'))
2025-09-05 15:23:28,200 - api_client - WARNING - client.py:80 - Request attempt 2 failed: HTTPConnectionPool(host='127.0.0.1', port=8000): Max retries exceeded with url: /api/ (Caused by NewConnectionError('<urllib3.connection.HTTPConnection object at 0x00000150FD75BBD0>: Failed to establish a new connection: [WinError 10061] No connection could be made because the target machine actively refused it'))
2025-09-05 15:23:30,247 - api_client - WARNING - client.py:80 - Request attempt 3 failed: HTTPConnectionPool(host='127.0.0.1', port=8000): Max retries exceeded with url: /api/ (Caused by NewConnectionError('<urllib3.connection.HTTPConnection object at 0x00000150FD75BDF0>: Failed to establish a new connection: [WinError 10061] No connection could be made because the target machine actively refused it'))
2025-09-05 15:23:52,451 - device_list - INFO - device_list.py:241 - Refreshing device data...
2025-09-05 15:23:52,454 - device_list - INFO - device_list.py:261 - Loaded 12 devices from CSV
2025-09-05 15:24:22,451 - device_list - INFO - device_list.py:241 - Refreshing device data...
2025-09-05 15:24:22,454 - device_list - INFO - device_list.py:261 - Loaded 12 devices from CSV
2025-09-05 15:24:26,200 - api_client - WARNING - client.py:80 - Request attempt 1 failed: HTTPConnectionPool(host='127.0.0.1', port=8000): Max retries exceeded with url: /api/ (Caused by NewConnectionError('<urllib3.connection.HTTPConnection object at 0x00000150FFBA8050>: Failed to establish a new connection: [WinError 10061] No connection could be made because the target machine actively refused it'))
2025-09-05 15:24:28,237 - api_client - WARNING - client.py:80 - Request attempt 2 failed: HTTPConnectionPool(host='127.0.0.1', port=8000): Max retries exceeded with url: /api/ (Caused by NewConnectionError('<urllib3.connection.HTTPConnection object at 0x00000150FFBA8270>: Failed to establish a new connection: [WinError 10061] No connection could be made because the target machine actively refused it'))
2025-09-05 15:24:30,260 - api_client - WARNING - client.py:80 - Request attempt 3 failed: HTTPConnectionPool(host='127.0.0.1', port=8000): Max retries exceeded with url: /api/ (Caused by NewConnectionError('<urllib3.connection.HTTPConnection object at 0x00000150FFBA8490>: Failed to establish a new connection: [WinError 10061] No connection could be made because the target machine actively refused it'))
2025-09-05 15:24:52,455 - device_list - INFO - device_list.py:241 - Refreshing device data...
2025-09-05 15:24:52,460 - device_list - INFO - device_list.py:261 - Loaded 12 devices from CSV
2025-09-05 15:25:22,463 - device_list - INFO - device_list.py:241 - Refreshing device data...
2025-09-05 15:25:22,466 - device_list - INFO - device_list.py:261 - Loaded 12 devices from CSV
2025-09-05 15:25:26,209 - api_client - WARNING - client.py:80 - Request attempt 1 failed: HTTPConnectionPool(host='127.0.0.1', port=8000): Max retries exceeded with url: /api/ (Caused by NewConnectionError('<urllib3.connection.HTTPConnection object at 0x00000150FFBA86B0>: Failed to establish a new connection: [WinError 10061] No connection could be made because the target machine actively refused it'))
2025-09-05 15:25:28,250 - api_client - WARNING - client.py:80 - Request attempt 2 failed: HTTPConnectionPool(host='127.0.0.1', port=8000): Max retries exceeded with url: /api/ (Caused by NewConnectionError('<urllib3.connection.HTTPConnection object at 0x00000150FFBA88D0>: Failed to establish a new connection: [WinError 10061] No connection could be made because the target machine actively refused it'))
2025-09-05 15:25:30,287 - api_client - WARNING - client.py:80 - Request attempt 3 failed: HTTPConnectionPool(host='127.0.0.1', port=8000): Max retries exceeded with url: /api/ (Caused by NewConnectionError('<urllib3.connection.HTTPConnection object at 0x00000150FFBA8AF0>: Failed to establish a new connection: [WinError 10061] No connection could be made because the target machine actively refused it'))
2025-09-05 15:25:52,457 - device_list - INFO - device_list.py:241 - Refreshing device data...
2025-09-05 15:25:52,461 - device_list - INFO - device_list.py:261 - Loaded 12 devices from CSV
2025-09-05 15:26:22,448 - device_list - INFO - device_list.py:241 - Refreshing device data...
2025-09-05 15:26:22,451 - device_list - INFO - device_list.py:261 - Loaded 12 devices from CSV
2025-09-05 15:26:26,171 - api_client - WARNING - client.py:80 - Request attempt 1 failed: HTTPConnectionPool(host='127.0.0.1', port=8000): Max retries exceeded with url: /api/ (Caused by NewConnectionError('<urllib3.connection.HTTPConnection object at 0x00000150FFBA8D10>: Failed to establish a new connection: [WinError 10061] No connection could be made because the target machine actively refused it'))
2025-09-05 15:26:28,214 - api_client - WARNING - client.py:80 - Request attempt 2 failed: HTTPConnectionPool(host='127.0.0.1', port=8000): Max retries exceeded with url: /api/ (Caused by NewConnectionError('<urllib3.connection.HTTPConnection object at 0x00000150FFBA8F30>: Failed to establish a new connection: [WinError 10061] No connection could be made because the target machine actively refused it'))
2025-09-05 15:26:30,244 - api_client - WARNING - client.py:80 - Request attempt 3 failed: HTTPConnectionPool(host='127.0.0.1', port=8000): Max retries exceeded with url: /api/ (Caused by NewConnectionError('<urllib3.connection.HTTPConnection object at 0x00000150FFBA9150>: Failed to establish a new connection: [WinError 10061] No connection could be made because the target machine actively refused it'))
2025-09-05 15:26:52,449 - device_list - INFO - device_list.py:241 - Refreshing device data...
2025-09-05 15:26:52,452 - device_list - INFO - device_list.py:261 - Loaded 12 devices from CSV
2025-09-05 15:27:22,452 - device_list - INFO - device_list.py:241 - Refreshing device data...
2025-09-05 15:27:22,459 - device_list - INFO - device_list.py:261 - Loaded 12 devices from CSV
2025-09-05 15:27:26,208 - api_client - WARNING - client.py:80 - Request attempt 1 failed: HTTPConnectionPool(host='127.0.0.1', port=8000): Max retries exceeded with url: /api/ (Caused by NewConnectionError('<urllib3.connection.HTTPConnection object at 0x00000150FFBA9370>: Failed to establish a new connection: [WinError 10061] No connection could be made because the target machine actively refused it'))
2025-09-05 15:27:28,234 - api_client - WARNING - client.py:80 - Request attempt 2 failed: HTTPConnectionPool(host='127.0.0.1', port=8000): Max retries exceeded with url: /api/ (Caused by NewConnectionError('<urllib3.connection.HTTPConnection object at 0x00000150FFBA9590>: Failed to establish a new connection: [WinError 10061] No connection could be made because the target machine actively refused it'))
2025-09-05 15:27:30,270 - api_client - WARNING - client.py:80 - Request attempt 3 failed: HTTPConnectionPool(host='127.0.0.1', port=8000): Max retries exceeded with url: /api/ (Caused by NewConnectionError('<urllib3.connection.HTTPConnection object at 0x00000150FFBA97B0>: Failed to establish a new connection: [WinError 10061] No connection could be made because the target machine actively refused it'))
2025-09-05 15:27:52,451 - device_list - INFO - device_list.py:241 - Refreshing device data...
2025-09-05 15:27:52,453 - device_list - INFO - device_list.py:261 - Loaded 12 devices from CSV
2025-09-05 15:28:22,462 - device_list - INFO - device_list.py:241 - Refreshing device data...
2025-09-05 15:28:22,468 - device_list - INFO - device_list.py:261 - Loaded 12 devices from CSV
2025-09-05 15:28:26,221 - api_client - WARNING - client.py:80 - Request attempt 1 failed: HTTPConnectionPool(host='127.0.0.1', port=8000): Max retries exceeded with url: /api/ (Caused by NewConnectionError('<urllib3.connection.HTTPConnection object at 0x00000150FFBA99D0>: Failed to establish a new connection: [WinError 10061] No connection could be made because the target machine actively refused it'))
2025-09-05 15:28:28,252 - api_client - WARNING - client.py:80 - Request attempt 2 failed: HTTPConnectionPool(host='127.0.0.1', port=8000): Max retries exceeded with url: /api/ (Caused by NewConnectionError('<urllib3.connection.HTTPConnection object at 0x00000150FFBA9BF0>: Failed to establish a new connection: [WinError 10061] No connection could be made because the target machine actively refused it'))
2025-09-05 15:28:30,278 - api_client - WARNING - client.py:80 - Request attempt 3 failed: HTTPConnectionPool(host='127.0.0.1', port=8000): Max retries exceeded with url: /api/ (Caused by NewConnectionError('<urllib3.connection.HTTPConnection object at 0x00000150FFBA9E10>: Failed to establish a new connection: [WinError 10061] No connection could be made because the target machine actively refused it'))
2025-09-05 15:28:52,463 - device_list - INFO - device_list.py:241 - Refreshing device data...
2025-09-05 15:28:52,468 - device_list - INFO - device_list.py:261 - Loaded 12 devices from CSV
2025-09-05 15:29:22,457 - device_list - INFO - device_list.py:241 - Refreshing device data...
2025-09-05 15:29:22,462 - device_list - INFO - device_list.py:261 - Loaded 12 devices from CSV
2025-09-05 15:29:26,200 - api_client - WARNING - client.py:80 - Request attempt 1 failed: HTTPConnectionPool(host='127.0.0.1', port=8000): Max retries exceeded with url: /api/ (Caused by NewConnectionError('<urllib3.connection.HTTPConnection object at 0x00000150FD75BDF0>: Failed to establish a new connection: [WinError 10061] No connection could be made because the target machine actively refused it'))
2025-09-05 15:29:28,223 - api_client - WARNING - client.py:80 - Request attempt 2 failed: HTTPConnectionPool(host='127.0.0.1', port=8000): Max retries exceeded with url: /api/ (Caused by NewConnectionError('<urllib3.connection.HTTPConnection object at 0x00000150FD75BBD0>: Failed to establish a new connection: [WinError 10061] No connection could be made because the target machine actively refused it'))
2025-09-05 15:29:30,249 - api_client - WARNING - client.py:80 - Request attempt 3 failed: HTTPConnectionPool(host='127.0.0.1', port=8000): Max retries exceeded with url: /api/ (Caused by NewConnectionError('<urllib3.connection.HTTPConnection object at 0x00000150FD75AF10>: Failed to establish a new connection: [WinError 10061] No connection could be made because the target machine actively refused it'))
2025-09-05 15:29:52,455 - device_list - INFO - device_list.py:241 - Refreshing device data...
2025-09-05 15:29:52,460 - device_list - INFO - device_list.py:261 - Loaded 12 devices from CSV
2025-09-05 15:30:22,459 - device_list - INFO - device_list.py:241 - Refreshing device data...
2025-09-05 15:30:22,463 - device_list - INFO - device_list.py:261 - Loaded 12 devices from CSV
2025-09-05 15:30:26,205 - api_client - WARNING - client.py:80 - Request attempt 1 failed: HTTPConnectionPool(host='127.0.0.1', port=8000): Max retries exceeded with url: /api/ (Caused by NewConnectionError('<urllib3.connection.HTTPConnection object at 0x00000150FD75B130>: Failed to establish a new connection: [WinError 10061] No connection could be made because the target machine actively refused it'))
2025-09-05 15:30:28,245 - api_client - WARNING - client.py:80 - Request attempt 2 failed: HTTPConnectionPool(host='127.0.0.1', port=8000): Max retries exceeded with url: /api/ (Caused by NewConnectionError('<urllib3.connection.HTTPConnection object at 0x00000150FD75B350>: Failed to establish a new connection: [WinError 10061] No connection could be made because the target machine actively refused it'))
2025-09-05 15:30:30,290 - api_client - WARNING - client.py:80 - Request attempt 3 failed: HTTPConnectionPool(host='127.0.0.1', port=8000): Max retries exceeded with url: /api/ (Caused by NewConnectionError('<urllib3.connection.HTTPConnection object at 0x00000150FD75B460>: Failed to establish a new connection: [WinError 10061] No connection could be made because the target machine actively refused it'))
2025-09-05 15:30:52,460 - device_list - INFO - device_list.py:241 - Refreshing device data...
2025-09-05 15:30:52,465 - device_list - INFO - device_list.py:261 - Loaded 12 devices from CSV
2025-09-05 15:31:22,451 - device_list - INFO - device_list.py:241 - Refreshing device data...
2025-09-05 15:31:22,455 - device_list - INFO - device_list.py:261 - Loaded 12 devices from CSV
2025-09-05 15:31:26,213 - api_client - WARNING - client.py:80 - Request attempt 1 failed: HTTPConnectionPool(host='127.0.0.1', port=8000): Max retries exceeded with url: /api/ (Caused by NewConnectionError('<urllib3.connection.HTTPConnection object at 0x00000150FD75B8A0>: Failed to establish a new connection: [WinError 10061] No connection could be made because the target machine actively refused it'))
2025-09-05 15:31:28,245 - api_client - WARNING - client.py:80 - Request attempt 2 failed: HTTPConnectionPool(host='127.0.0.1', port=8000): Max retries exceeded with url: /api/ (Caused by NewConnectionError('<urllib3.connection.HTTPConnection object at 0x00000150FD75B790>: Failed to establish a new connection: [WinError 10061] No connection could be made because the target machine actively refused it'))
2025-09-05 15:31:30,282 - api_client - WARNING - client.py:80 - Request attempt 3 failed: HTTPConnectionPool(host='127.0.0.1', port=8000): Max retries exceeded with url: /api/ (Caused by NewConnectionError('<urllib3.connection.HTTPConnection object at 0x00000150FFB90050>: Failed to establish a new connection: [WinError 10061] No connection could be made because the target machine actively refused it'))
2025-09-05 15:39:16,882 - warehouse_app - INFO - main.py:30 - Starting Warehouse Management System v1.0.0
2025-09-05 15:39:29,140 - main_window - INFO - main_window.py:121 - Dashboard widget loaded successfully
2025-09-05 15:39:29,259 - device_list - INFO - device_list.py:241 - Refreshing device data...
2025-09-05 15:39:29,262 - device_list - INFO - device_list.py:261 - Loaded 12 devices from CSV
2025-09-05 15:39:29,275 - main_window - INFO - main_window.py:131 - Device Management widget loaded successfully
2025-09-05 15:39:29,506 - main_window - INFO - main_window.py:142 - Task Creation widget loaded successfully
2025-09-05 15:39:29,617 - main_window - INFO - main_window.py:153 - Task Monitor widget loaded successfully
2025-09-05 15:39:29,707 - user_management - INFO - user_management.py:581 - Refreshing user data...
2025-09-05 15:39:29,709 - user_management - INFO - user_management.py:603 - Loaded 12 users from CSV
2025-09-05 15:39:29,727 - main_window - INFO - main_window.py:163 - User Management widget loaded successfully
2025-09-05 15:39:31,236 - map_management - INFO - map_management.py:53 - Map Management widget initialized
2025-09-05 15:39:31,374 - main_window - INFO - main_window.py:175 - Map Management widget loaded successfully
2025-09-05 15:39:33,490 - api_client - WARNING - client.py:80 - Request attempt 1 failed: HTTPConnectionPool(host='127.0.0.1', port=8000): Max retries exceeded with url: /api/ (Caused by NewConnectionError('<urllib3.connection.HTTPConnection object at 0x0000025474166120>: Failed to establish a new connection: [WinError 10061] No connection could be made because the target machine actively refused it'))
2025-09-05 15:39:35,528 - api_client - WARNING - client.py:80 - Request attempt 2 failed: HTTPConnectionPool(host='127.0.0.1', port=8000): Max retries exceeded with url: /api/ (Caused by NewConnectionError('<urllib3.connection.HTTPConnection object at 0x00000254740B6FD0>: Failed to establish a new connection: [WinError 10061] No connection could be made because the target machine actively refused it'))
2025-09-05 15:39:37,553 - api_client - WARNING - client.py:80 - Request attempt 3 failed: HTTPConnectionPool(host='127.0.0.1', port=8000): Max retries exceeded with url: /api/ (Caused by NewConnectionError('<urllib3.connection.HTTPConnection object at 0x00000254740B74D0>: Failed to establish a new connection: [WinError 10061] No connection could be made because the target machine actively refused it'))
2025-09-05 15:39:37,554 - warehouse_app - INFO - main.py:46 - Main window created successfully
2025-09-05 15:39:37,722 - warehouse_app - INFO - main.py:154 - Application started successfully
2025-09-05 15:39:41,995 - main_window - INFO - main_window.py:284 - Refreshed data for Map Management
2025-09-05 15:39:53,719 - csv_handler - INFO - csv_handler.py:180 - Successfully appended row to maps CSV with ID: 116
2025-09-05 15:39:59,260 - device_list - INFO - device_list.py:241 - Refreshing device data...
2025-09-05 15:39:59,264 - device_list - INFO - device_list.py:261 - Loaded 12 devices from CSV
2025-09-05 15:40:04,910 - csv_handler - INFO - csv_handler.py:180 - Successfully appended row to zones CSV with ID: 179
2025-09-05 15:40:29,252 - device_list - INFO - device_list.py:241 - Refreshing device data...
2025-09-05 15:40:29,262 - device_list - INFO - device_list.py:261 - Loaded 12 devices from CSV
2025-09-05 15:40:33,418 - api_client - WARNING - client.py:80 - Request attempt 1 failed: HTTPConnectionPool(host='127.0.0.1', port=8000): Max retries exceeded with url: /api/ (Caused by NewConnectionError('<urllib3.connection.HTTPConnection object at 0x0000025473E9BA80>: Failed to establish a new connection: [WinError 10061] No connection could be made because the target machine actively refused it'))
2025-09-05 15:40:35,439 - api_client - WARNING - client.py:80 - Request attempt 2 failed: HTTPConnectionPool(host='127.0.0.1', port=8000): Max retries exceeded with url: /api/ (Caused by NewConnectionError('<urllib3.connection.HTTPConnection object at 0x0000025476540050>: Failed to establish a new connection: [WinError 10061] No connection could be made because the target machine actively refused it'))
2025-09-05 15:40:37,489 - api_client - WARNING - client.py:80 - Request attempt 3 failed: HTTPConnectionPool(host='127.0.0.1', port=8000): Max retries exceeded with url: /api/ (Caused by NewConnectionError('<urllib3.connection.HTTPConnection object at 0x00000254741A9010>: Failed to establish a new connection: [WinError 10061] No connection could be made because the target machine actively refused it'))
2025-09-05 15:40:59,246 - device_list - INFO - device_list.py:241 - Refreshing device data...
2025-09-05 15:40:59,253 - device_list - INFO - device_list.py:261 - Loaded 12 devices from CSV
2025-09-05 15:41:29,247 - device_list - INFO - device_list.py:241 - Refreshing device data...
2025-09-05 15:41:29,256 - device_list - INFO - device_list.py:261 - Loaded 12 devices from CSV
2025-09-05 15:41:33,402 - api_client - WARNING - client.py:80 - Request attempt 1 failed: HTTPConnectionPool(host='127.0.0.1', port=8000): Max retries exceeded with url: /api/ (Caused by NewConnectionError('<urllib3.connection.HTTPConnection object at 0x000002547410B8A0>: Failed to establish a new connection: [WinError 10061] No connection could be made because the target machine actively refused it'))
2025-09-05 15:41:35,442 - api_client - WARNING - client.py:80 - Request attempt 2 failed: HTTPConnectionPool(host='127.0.0.1', port=8000): Max retries exceeded with url: /api/ (Caused by NewConnectionError('<urllib3.connection.HTTPConnection object at 0x000002547410B570>: Failed to establish a new connection: [WinError 10061] No connection could be made because the target machine actively refused it'))
2025-09-05 15:41:37,475 - api_client - WARNING - client.py:80 - Request attempt 3 failed: HTTPConnectionPool(host='127.0.0.1', port=8000): Max retries exceeded with url: /api/ (Caused by NewConnectionError('<urllib3.connection.HTTPConnection object at 0x000002547410B240>: Failed to establish a new connection: [WinError 10061] No connection could be made because the target machine actively refused it'))
2025-09-05 15:41:59,248 - device_list - INFO - device_list.py:241 - Refreshing device data...
2025-09-05 15:41:59,256 - device_list - INFO - device_list.py:261 - Loaded 12 devices from CSV
2025-09-05 15:42:13,794 - csv_handler - INFO - csv_handler.py:180 - Successfully appended row to stops CSV with ID: 433
2025-09-05 15:42:13,815 - csv_handler - INFO - csv_handler.py:180 - Successfully appended row to stops CSV with ID: 434
2025-09-05 15:42:13,831 - csv_handler - INFO - csv_handler.py:180 - Successfully appended row to stops CSV with ID: 435
2025-09-05 15:42:29,254 - device_list - INFO - device_list.py:241 - Refreshing device data...
2025-09-05 15:42:29,257 - device_list - INFO - device_list.py:261 - Loaded 12 devices from CSV
2025-09-05 15:42:33,419 - api_client - WARNING - client.py:80 - Request attempt 1 failed: HTTPConnectionPool(host='127.0.0.1', port=8000): Max retries exceeded with url: /api/ (Caused by NewConnectionError('<urllib3.connection.HTTPConnection object at 0x000002547410BBD0>: Failed to establish a new connection: [WinError 10061] No connection could be made because the target machine actively refused it'))
2025-09-05 15:42:35,471 - api_client - WARNING - client.py:80 - Request attempt 2 failed: HTTPConnectionPool(host='127.0.0.1', port=8000): Max retries exceeded with url: /api/ (Caused by NewConnectionError('<urllib3.connection.HTTPConnection object at 0x000002547410BF00>: Failed to establish a new connection: [WinError 10061] No connection could be made because the target machine actively refused it'))
2025-09-05 15:42:37,521 - api_client - WARNING - client.py:80 - Request attempt 3 failed: HTTPConnectionPool(host='127.0.0.1', port=8000): Max retries exceeded with url: /api/ (Caused by NewConnectionError('<urllib3.connection.HTTPConnection object at 0x0000025476568160>: Failed to establish a new connection: [WinError 10061] No connection could be made because the target machine actively refused it'))
2025-09-05 15:42:59,249 - device_list - INFO - device_list.py:241 - Refreshing device data...
2025-09-05 15:42:59,257 - device_list - INFO - device_list.py:261 - Loaded 12 devices from CSV
2025-09-05 15:43:29,249 - device_list - INFO - device_list.py:241 - Refreshing device data...
2025-09-05 15:43:29,259 - device_list - INFO - device_list.py:261 - Loaded 12 devices from CSV
2025-09-05 15:43:33,390 - api_client - WARNING - client.py:80 - Request attempt 1 failed: HTTPConnectionPool(host='127.0.0.1', port=8000): Max retries exceeded with url: /api/ (Caused by NewConnectionError('<urllib3.connection.HTTPConnection object at 0x0000025476568380>: Failed to establish a new connection: [WinError 10061] No connection could be made because the target machine actively refused it'))
2025-09-05 15:43:35,421 - api_client - WARNING - client.py:80 - Request attempt 2 failed: HTTPConnectionPool(host='127.0.0.1', port=8000): Max retries exceeded with url: /api/ (Caused by NewConnectionError('<urllib3.connection.HTTPConnection object at 0x00000254765685A0>: Failed to establish a new connection: [WinError 10061] No connection could be made because the target machine actively refused it'))
2025-09-05 15:43:37,461 - api_client - WARNING - client.py:80 - Request attempt 3 failed: HTTPConnectionPool(host='127.0.0.1', port=8000): Max retries exceeded with url: /api/ (Caused by NewConnectionError('<urllib3.connection.HTTPConnection object at 0x00000254765687C0>: Failed to establish a new connection: [WinError 10061] No connection could be made because the target machine actively refused it'))
2025-09-05 15:43:59,266 - device_list - INFO - device_list.py:241 - Refreshing device data...
2025-09-05 15:43:59,276 - device_list - INFO - device_list.py:261 - Loaded 12 devices from CSV
2025-09-05 15:44:29,261 - device_list - INFO - device_list.py:241 - Refreshing device data...
2025-09-05 15:44:29,265 - device_list - INFO - device_list.py:261 - Loaded 12 devices from CSV
2025-09-05 15:44:33,431 - api_client - WARNING - client.py:80 - Request attempt 1 failed: HTTPConnectionPool(host='127.0.0.1', port=8000): Max retries exceeded with url: /api/ (Caused by NewConnectionError('<urllib3.connection.HTTPConnection object at 0x00000254765689E0>: Failed to establish a new connection: [WinError 10061] No connection could be made because the target machine actively refused it'))
2025-09-05 15:44:35,475 - api_client - WARNING - client.py:80 - Request attempt 2 failed: HTTPConnectionPool(host='127.0.0.1', port=8000): Max retries exceeded with url: /api/ (Caused by NewConnectionError('<urllib3.connection.HTTPConnection object at 0x0000025476568C00>: Failed to establish a new connection: [WinError 10061] No connection could be made because the target machine actively refused it'))
2025-09-05 15:44:37,524 - api_client - WARNING - client.py:80 - Request attempt 3 failed: HTTPConnectionPool(host='127.0.0.1', port=8000): Max retries exceeded with url: /api/ (Caused by NewConnectionError('<urllib3.connection.HTTPConnection object at 0x0000025476568E20>: Failed to establish a new connection: [WinError 10061] No connection could be made because the target machine actively refused it'))
2025-09-05 15:44:59,278 - device_list - INFO - device_list.py:241 - Refreshing device data...
2025-09-05 15:44:59,281 - device_list - INFO - device_list.py:261 - Loaded 12 devices from CSV
2025-09-05 15:45:02,190 - main_window - INFO - main_window.py:373 - Application closing
2025-09-05 15:45:07,024 - warehouse_app - INFO - main.py:30 - Starting Warehouse Management System v1.0.0
2025-09-05 15:45:08,527 - main_window - INFO - main_window.py:121 - Dashboard widget loaded successfully
2025-09-05 15:45:08,569 - device_list - INFO - device_list.py:241 - Refreshing device data...
2025-09-05 15:45:08,571 - device_list - INFO - device_list.py:261 - Loaded 12 devices from CSV
2025-09-05 15:45:08,586 - main_window - INFO - main_window.py:131 - Device Management widget loaded successfully
2025-09-05 15:45:08,771 - main_window - INFO - main_window.py:142 - Task Creation widget loaded successfully
2025-09-05 15:45:08,991 - main_window - INFO - main_window.py:153 - Task Monitor widget loaded successfully
2025-09-05 15:45:09,049 - user_management - INFO - user_management.py:581 - Refreshing user data...
2025-09-05 15:45:09,051 - user_management - INFO - user_management.py:603 - Loaded 12 users from CSV
2025-09-05 15:45:09,072 - main_window - INFO - main_window.py:163 - User Management widget loaded successfully
2025-09-05 15:45:09,707 - map_management - INFO - map_management.py:53 - Map Management widget initialized
2025-09-05 15:45:09,847 - main_window - INFO - main_window.py:175 - Map Management widget loaded successfully
2025-09-05 15:45:11,880 - api_client - WARNING - client.py:80 - Request attempt 1 failed: HTTPConnectionPool(host='127.0.0.1', port=8000): Max retries exceeded with url: /api/ (Caused by NewConnectionError('<urllib3.connection.HTTPConnection object at 0x0000026DA1106120>: Failed to establish a new connection: [WinError 10061] No connection could be made because the target machine actively refused it'))
2025-09-05 15:45:13,908 - api_client - WARNING - client.py:80 - Request attempt 2 failed: HTTPConnectionPool(host='127.0.0.1', port=8000): Max retries exceeded with url: /api/ (Caused by NewConnectionError('<urllib3.connection.HTTPConnection object at 0x0000026DA1056FD0>: Failed to establish a new connection: [WinError 10061] No connection could be made because the target machine actively refused it'))
2025-09-05 15:45:15,947 - api_client - WARNING - client.py:80 - Request attempt 3 failed: HTTPConnectionPool(host='127.0.0.1', port=8000): Max retries exceeded with url: /api/ (Caused by NewConnectionError('<urllib3.connection.HTTPConnection object at 0x0000026DA10574D0>: Failed to establish a new connection: [WinError 10061] No connection could be made because the target machine actively refused it'))
2025-09-05 15:45:15,948 - warehouse_app - INFO - main.py:46 - Main window created successfully
2025-09-05 15:45:16,038 - warehouse_app - INFO - main.py:154 - Application started successfully
2025-09-05 15:45:38,558 - device_list - INFO - device_list.py:241 - Refreshing device data...
2025-09-05 15:45:38,567 - device_list - INFO - device_list.py:261 - Loaded 12 devices from CSV
2025-09-05 15:45:52,267 - main_window - INFO - main_window.py:284 - Refreshed data for Map Management
2025-09-05 15:46:08,559 - device_list - INFO - device_list.py:241 - Refreshing device data...
2025-09-05 15:46:08,567 - device_list - INFO - device_list.py:261 - Loaded 12 devices from CSV
2025-09-05 15:46:11,873 - api_client - WARNING - client.py:80 - Request attempt 1 failed: HTTPConnectionPool(host='127.0.0.1', port=8000): Max retries exceeded with url: /api/ (Caused by NewConnectionError('<urllib3.connection.HTTPConnection object at 0x0000026DA0E3B950>: Failed to establish a new connection: [WinError 10061] No connection could be made because the target machine actively refused it'))
2025-09-05 15:46:13,921 - api_client - WARNING - client.py:80 - Request attempt 2 failed: HTTPConnectionPool(host='127.0.0.1', port=8000): Max retries exceeded with url: /api/ (Caused by NewConnectionError('<urllib3.connection.HTTPConnection object at 0x0000026DA3508050>: Failed to establish a new connection: [WinError 10061] No connection could be made because the target machine actively refused it'))
2025-09-05 15:46:15,970 - api_client - WARNING - client.py:80 - Request attempt 3 failed: HTTPConnectionPool(host='127.0.0.1', port=8000): Max retries exceeded with url: /api/ (Caused by NewConnectionError('<urllib3.connection.HTTPConnection object at 0x0000026DA1149010>: Failed to establish a new connection: [WinError 10061] No connection could be made because the target machine actively refused it'))
2025-09-05 15:46:38,561 - device_list - INFO - device_list.py:241 - Refreshing device data...
2025-09-05 15:46:38,571 - device_list - INFO - device_list.py:261 - Loaded 12 devices from CSV
2025-09-05 15:47:08,559 - device_list - INFO - device_list.py:241 - Refreshing device data...
2025-09-05 15:47:08,568 - device_list - INFO - device_list.py:261 - Loaded 12 devices from CSV
2025-09-05 15:47:11,892 - api_client - WARNING - client.py:80 - Request attempt 1 failed: HTTPConnectionPool(host='127.0.0.1', port=8000): Max retries exceeded with url: /api/ (Caused by NewConnectionError('<urllib3.connection.HTTPConnection object at 0x0000026DA10ABDF0>: Failed to establish a new connection: [WinError 10061] No connection could be made because the target machine actively refused it'))
2025-09-05 15:47:13,956 - api_client - WARNING - client.py:80 - Request attempt 2 failed: HTTPConnectionPool(host='127.0.0.1', port=8000): Max retries exceeded with url: /api/ (Caused by NewConnectionError('<urllib3.connection.HTTPConnection object at 0x0000026DA34B0270>: Failed to establish a new connection: [WinError 10061] No connection could be made because the target machine actively refused it'))
2025-09-05 15:47:16,007 - api_client - WARNING - client.py:80 - Request attempt 3 failed: HTTPConnectionPool(host='127.0.0.1', port=8000): Max retries exceeded with url: /api/ (Caused by NewConnectionError('<urllib3.connection.HTTPConnection object at 0x0000026DA34B0490>: Failed to establish a new connection: [WinError 10061] No connection could be made because the target machine actively refused it'))
2025-09-05 15:47:38,560 - device_list - INFO - device_list.py:241 - Refreshing device data...
2025-09-05 15:47:38,567 - device_list - INFO - device_list.py:261 - Loaded 12 devices from CSV
2025-09-05 15:47:53,872 - main_window - INFO - main_window.py:373 - Application closing
2025-09-05 15:56:47,717 - warehouse_app - INFO - main.py:30 - Starting Warehouse Management System v1.0.0
2025-09-05 15:56:58,255 - main_window - INFO - main_window.py:121 - Dashboard widget loaded successfully
2025-09-05 15:56:58,372 - device_list - INFO - device_list.py:241 - Refreshing device data...
2025-09-05 15:56:58,374 - device_list - INFO - device_list.py:261 - Loaded 12 devices from CSV
2025-09-05 15:56:58,391 - main_window - INFO - main_window.py:131 - Device Management widget loaded successfully
2025-09-05 15:56:58,600 - main_window - INFO - main_window.py:142 - Task Creation widget loaded successfully
2025-09-05 15:56:58,753 - main_window - INFO - main_window.py:153 - Task Monitor widget loaded successfully
2025-09-05 15:56:58,853 - user_management - INFO - user_management.py:581 - Refreshing user data...
2025-09-05 15:56:58,856 - user_management - INFO - user_management.py:603 - Loaded 12 users from CSV
2025-09-05 15:56:58,876 - main_window - INFO - main_window.py:163 - User Management widget loaded successfully
2025-09-05 15:57:00,093 - map_management - INFO - map_management.py:53 - Map Management widget initialized
2025-09-05 15:57:00,170 - main_window - INFO - main_window.py:175 - Map Management widget loaded successfully
2025-09-05 15:57:02,351 - api_client - WARNING - client.py:80 - Request attempt 1 failed: HTTPConnectionPool(host='127.0.0.1', port=8000): Max retries exceeded with url: /api/ (Caused by NewConnectionError('<urllib3.connection.HTTPConnection object at 0x0000021F1D9D6120>: Failed to establish a new connection: [WinError 10061] No connection could be made because the target machine actively refused it'))
2025-09-05 15:57:04,400 - api_client - WARNING - client.py:80 - Request attempt 2 failed: HTTPConnectionPool(host='127.0.0.1', port=8000): Max retries exceeded with url: /api/ (Caused by NewConnectionError('<urllib3.connection.HTTPConnection object at 0x0000021F1D926FD0>: Failed to establish a new connection: [WinError 10061] No connection could be made because the target machine actively refused it'))
2025-09-05 15:57:06,430 - api_client - WARNING - client.py:80 - Request attempt 3 failed: HTTPConnectionPool(host='127.0.0.1', port=8000): Max retries exceeded with url: /api/ (Caused by NewConnectionError('<urllib3.connection.HTTPConnection object at 0x0000021F1D9274D0>: Failed to establish a new connection: [WinError 10061] No connection could be made because the target machine actively refused it'))
2025-09-05 15:57:06,432 - warehouse_app - INFO - main.py:46 - Main window created successfully
2025-09-05 15:57:06,607 - warehouse_app - INFO - main.py:154 - Application started successfully
2025-09-05 15:57:17,900 - main_window - INFO - main_window.py:284 - Refreshed data for Map Management
2025-09-05 15:57:28,363 - device_list - INFO - device_list.py:241 - Refreshing device data...
2025-09-05 15:57:28,370 - device_list - INFO - device_list.py:261 - Loaded 12 devices from CSV
2025-09-05 15:57:58,357 - device_list - INFO - device_list.py:241 - Refreshing device data...
2025-09-05 15:57:58,372 - device_list - INFO - device_list.py:261 - Loaded 12 devices from CSV
2025-09-05 15:58:02,213 - api_client - WARNING - client.py:80 - Request attempt 1 failed: HTTPConnectionPool(host='127.0.0.1', port=8000): Max retries exceeded with url: /api/ (Caused by NewConnectionError('<urllib3.connection.HTTPConnection object at 0x0000021F1D70BA80>: Failed to establish a new connection: [WinError 10061] No connection could be made because the target machine actively refused it'))
2025-09-05 15:58:04,249 - api_client - WARNING - client.py:80 - Request attempt 2 failed: HTTPConnectionPool(host='127.0.0.1', port=8000): Max retries exceeded with url: /api/ (Caused by NewConnectionError('<urllib3.connection.HTTPConnection object at 0x0000021F1FDD0050>: Failed to establish a new connection: [WinError 10061] No connection could be made because the target machine actively refused it'))
2025-09-05 15:58:06,291 - api_client - WARNING - client.py:80 - Request attempt 3 failed: HTTPConnectionPool(host='127.0.0.1', port=8000): Max retries exceeded with url: /api/ (Caused by NewConnectionError('<urllib3.connection.HTTPConnection object at 0x0000021F1DA19010>: Failed to establish a new connection: [WinError 10061] No connection could be made because the target machine actively refused it'))
2025-09-05 15:58:28,359 - device_list - INFO - device_list.py:241 - Refreshing device data...
2025-09-05 15:58:28,362 - device_list - INFO - device_list.py:261 - Loaded 12 devices from CSV
2025-09-05 15:58:58,368 - device_list - INFO - device_list.py:241 - Refreshing device data...
2025-09-05 15:58:58,378 - device_list - INFO - device_list.py:261 - Loaded 12 devices from CSV
2025-09-05 15:59:02,218 - api_client - WARNING - client.py:80 - Request attempt 1 failed: HTTPConnectionPool(host='127.0.0.1', port=8000): Max retries exceeded with url: /api/ (Caused by NewConnectionError('<urllib3.connection.HTTPConnection object at 0x0000021F1D97BDF0>: Failed to establish a new connection: [WinError 10061] No connection could be made because the target machine actively refused it'))
2025-09-05 15:59:04,243 - api_client - WARNING - client.py:80 - Request attempt 2 failed: HTTPConnectionPool(host='127.0.0.1', port=8000): Max retries exceeded with url: /api/ (Caused by NewConnectionError('<urllib3.connection.HTTPConnection object at 0x0000021F1FDAC270>: Failed to establish a new connection: [WinError 10061] No connection could be made because the target machine actively refused it'))
2025-09-05 15:59:06,275 - api_client - WARNING - client.py:80 - Request attempt 3 failed: HTTPConnectionPool(host='127.0.0.1', port=8000): Max retries exceeded with url: /api/ (Caused by NewConnectionError('<urllib3.connection.HTTPConnection object at 0x0000021F1FDAC490>: Failed to establish a new connection: [WinError 10061] No connection could be made because the target machine actively refused it'))
2025-09-05 15:59:28,363 - device_list - INFO - device_list.py:241 - Refreshing device data...
2025-09-05 15:59:28,369 - device_list - INFO - device_list.py:261 - Loaded 12 devices from CSV
2025-09-05 15:59:58,364 - device_list - INFO - device_list.py:241 - Refreshing device data...
2025-09-05 15:59:58,373 - device_list - INFO - device_list.py:261 - Loaded 12 devices from CSV
2025-09-05 16:00:02,206 - api_client - WARNING - client.py:80 - Request attempt 1 failed: HTTPConnectionPool(host='127.0.0.1', port=8000): Max retries exceeded with url: /api/ (Caused by NewConnectionError('<urllib3.connection.HTTPConnection object at 0x0000021F1D97BCE0>: Failed to establish a new connection: [WinError 10061] No connection could be made because the target machine actively refused it'))
2025-09-05 16:00:04,239 - api_client - WARNING - client.py:80 - Request attempt 2 failed: HTTPConnectionPool(host='127.0.0.1', port=8000): Max retries exceeded with url: /api/ (Caused by NewConnectionError('<urllib3.connection.HTTPConnection object at 0x0000021F1D97BDF0>: Failed to establish a new connection: [WinError 10061] No connection could be made because the target machine actively refused it'))
2025-09-05 16:00:06,290 - api_client - WARNING - client.py:80 - Request attempt 3 failed: HTTPConnectionPool(host='127.0.0.1', port=8000): Max retries exceeded with url: /api/ (Caused by NewConnectionError('<urllib3.connection.HTTPConnection object at 0x0000021F1D97BAC0>: Failed to establish a new connection: [WinError 10061] No connection could be made because the target machine actively refused it'))
2025-09-05 16:00:28,364 - device_list - INFO - device_list.py:241 - Refreshing device data...
2025-09-05 16:00:28,370 - device_list - INFO - device_list.py:261 - Loaded 12 devices from CSV
2025-09-05 16:00:48,345 - main_window - INFO - main_window.py:373 - Application closing
2025-09-05 16:00:53,370 - warehouse_app - INFO - main.py:30 - Starting Warehouse Management System v1.0.0
2025-09-05 16:00:55,014 - main_window - INFO - main_window.py:121 - Dashboard widget loaded successfully
2025-09-05 16:00:55,054 - device_list - INFO - device_list.py:241 - Refreshing device data...
2025-09-05 16:00:55,058 - device_list - INFO - device_list.py:261 - Loaded 12 devices from CSV
2025-09-05 16:00:55,073 - main_window - INFO - main_window.py:131 - Device Management widget loaded successfully
2025-09-05 16:00:55,288 - main_window - INFO - main_window.py:142 - Task Creation widget loaded successfully
2025-09-05 16:00:55,403 - main_window - INFO - main_window.py:153 - Task Monitor widget loaded successfully
2025-09-05 16:00:55,472 - user_management - INFO - user_management.py:581 - Refreshing user data...
2025-09-05 16:00:55,475 - user_management - INFO - user_management.py:603 - Loaded 12 users from CSV
2025-09-05 16:00:55,498 - main_window - INFO - main_window.py:163 - User Management widget loaded successfully
2025-09-05 16:00:56,295 - map_management - INFO - map_management.py:53 - Map Management widget initialized
2025-09-05 16:00:56,456 - main_window - INFO - main_window.py:175 - Map Management widget loaded successfully
2025-09-05 16:00:58,500 - api_client - WARNING - client.py:80 - Request attempt 1 failed: HTTPConnectionPool(host='127.0.0.1', port=8000): Max retries exceeded with url: /api/ (Caused by NewConnectionError('<urllib3.connection.HTTPConnection object at 0x000001C37E07A120>: Failed to establish a new connection: [WinError 10061] No connection could be made because the target machine actively refused it'))
2025-09-05 16:01:00,534 - api_client - WARNING - client.py:80 - Request attempt 2 failed: HTTPConnectionPool(host='127.0.0.1', port=8000): Max retries exceeded with url: /api/ (Caused by NewConnectionError('<urllib3.connection.HTTPConnection object at 0x000001C37DFC6FD0>: Failed to establish a new connection: [WinError 10061] No connection could be made because the target machine actively refused it'))
2025-09-05 16:01:02,566 - api_client - WARNING - client.py:80 - Request attempt 3 failed: HTTPConnectionPool(host='127.0.0.1', port=8000): Max retries exceeded with url: /api/ (Caused by NewConnectionError('<urllib3.connection.HTTPConnection object at 0x000001C37DFC74D0>: Failed to establish a new connection: [WinError 10061] No connection could be made because the target machine actively refused it'))
2025-09-05 16:01:02,567 - warehouse_app - INFO - main.py:46 - Main window created successfully
2025-09-05 16:01:02,688 - warehouse_app - INFO - main.py:154 - Application started successfully
2025-09-05 16:01:04,727 - main_window - INFO - main_window.py:284 - Refreshed data for Map Management
2025-09-05 16:01:25,056 - device_list - INFO - device_list.py:241 - Refreshing device data...
2025-09-05 16:01:25,059 - device_list - INFO - device_list.py:261 - Loaded 12 devices from CSV
2025-09-05 16:01:25,249 - csv_handler - INFO - csv_handler.py:180 - Successfully appended row to zones CSV with ID: 180
2025-09-05 16:01:42,818 - csv_handler - INFO - csv_handler.py:180 - Successfully appended row to stops CSV with ID: 436
2025-09-05 16:01:42,835 - csv_handler - INFO - csv_handler.py:180 - Successfully appended row to stops CSV with ID: 437
2025-09-05 16:01:55,051 - device_list - INFO - device_list.py:241 - Refreshing device data...
2025-09-05 16:01:55,054 - device_list - INFO - device_list.py:261 - Loaded 12 devices from CSV
2025-09-05 16:01:58,481 - api_client - WARNING - client.py:80 - Request attempt 1 failed: HTTPConnectionPool(host='127.0.0.1', port=8000): Max retries exceeded with url: /api/ (Caused by NewConnectionError('<urllib3.connection.HTTPConnection object at 0x000001C37DD9BA80>: Failed to establish a new connection: [WinError 10061] No connection could be made because the target machine actively refused it'))
2025-09-05 16:02:00,529 - api_client - WARNING - client.py:80 - Request attempt 2 failed: HTTPConnectionPool(host='127.0.0.1', port=8000): Max retries exceeded with url: /api/ (Caused by NewConnectionError('<urllib3.connection.HTTPConnection object at 0x000001C37DD9BBB0>: Failed to establish a new connection: [WinError 10061] No connection could be made because the target machine actively refused it'))
2025-09-05 16:02:02,578 - api_client - WARNING - client.py:80 - Request attempt 3 failed: HTTPConnectionPool(host='127.0.0.1', port=8000): Max retries exceeded with url: /api/ (Caused by NewConnectionError('<urllib3.connection.HTTPConnection object at 0x000001C37E0B5010>: Failed to establish a new connection: [WinError 10061] No connection could be made because the target machine actively refused it'))
2025-09-05 16:02:25,045 - device_list - INFO - device_list.py:241 - Refreshing device data...
2025-09-05 16:02:25,057 - device_list - INFO - device_list.py:261 - Loaded 12 devices from CSV
2025-09-05 16:02:55,046 - device_list - INFO - device_list.py:241 - Refreshing device data...
2025-09-05 16:02:55,052 - device_list - INFO - device_list.py:261 - Loaded 12 devices from CSV
2025-09-05 16:02:58,497 - api_client - WARNING - client.py:80 - Request attempt 1 failed: HTTPConnectionPool(host='127.0.0.1', port=8000): Max retries exceeded with url: /api/ (Caused by NewConnectionError('<urllib3.connection.HTTPConnection object at 0x000001C37E01B350>: Failed to establish a new connection: [WinError 10061] No connection could be made because the target machine actively refused it'))
2025-09-05 16:03:00,530 - api_client - WARNING - client.py:80 - Request attempt 2 failed: HTTPConnectionPool(host='127.0.0.1', port=8000): Max retries exceeded with url: /api/ (Caused by NewConnectionError('<urllib3.connection.HTTPConnection object at 0x000001C37E01B9B0>: Failed to establish a new connection: [WinError 10061] No connection could be made because the target machine actively refused it'))
2025-09-05 16:03:02,578 - api_client - WARNING - client.py:80 - Request attempt 3 failed: HTTPConnectionPool(host='127.0.0.1', port=8000): Max retries exceeded with url: /api/ (Caused by NewConnectionError('<urllib3.connection.HTTPConnection object at 0x000001C37E01BF00>: Failed to establish a new connection: [WinError 10061] No connection could be made because the target machine actively refused it'))
2025-09-05 16:03:25,056 - device_list - INFO - device_list.py:241 - Refreshing device data...
2025-09-05 16:03:25,064 - device_list - INFO - device_list.py:261 - Loaded 12 devices from CSV
2025-09-05 16:03:33,401 - main_window - INFO - main_window.py:373 - Application closing
2025-09-05 16:03:37,357 - warehouse_app - INFO - main.py:30 - Starting Warehouse Management System v1.0.0
2025-09-05 16:03:38,966 - main_window - INFO - main_window.py:121 - Dashboard widget loaded successfully
2025-09-05 16:03:39,009 - device_list - INFO - device_list.py:241 - Refreshing device data...
2025-09-05 16:03:39,012 - device_list - INFO - device_list.py:261 - Loaded 12 devices from CSV
2025-09-05 16:03:39,025 - main_window - INFO - main_window.py:131 - Device Management widget loaded successfully
2025-09-05 16:03:39,212 - main_window - INFO - main_window.py:142 - Task Creation widget loaded successfully
2025-09-05 16:03:39,325 - main_window - INFO - main_window.py:153 - Task Monitor widget loaded successfully
2025-09-05 16:03:39,385 - user_management - INFO - user_management.py:581 - Refreshing user data...
2025-09-05 16:03:39,388 - user_management - INFO - user_management.py:603 - Loaded 12 users from CSV
2025-09-05 16:03:39,410 - main_window - INFO - main_window.py:163 - User Management widget loaded successfully
2025-09-05 16:03:40,168 - map_management - INFO - map_management.py:53 - Map Management widget initialized
2025-09-05 16:03:40,330 - main_window - INFO - main_window.py:175 - Map Management widget loaded successfully
2025-09-05 16:03:42,372 - api_client - WARNING - client.py:80 - Request attempt 1 failed: HTTPConnectionPool(host='127.0.0.1', port=8000): Max retries exceeded with url: /api/ (Caused by NewConnectionError('<urllib3.connection.HTTPConnection object at 0x000001D36B336120>: Failed to establish a new connection: [WinError 10061] No connection could be made because the target machine actively refused it'))
2025-09-05 16:03:44,399 - api_client - WARNING - client.py:80 - Request attempt 2 failed: HTTPConnectionPool(host='127.0.0.1', port=8000): Max retries exceeded with url: /api/ (Caused by NewConnectionError('<urllib3.connection.HTTPConnection object at 0x000001D36B286FD0>: Failed to establish a new connection: [WinError 10061] No connection could be made because the target machine actively refused it'))
2025-09-05 16:03:46,426 - api_client - WARNING - client.py:80 - Request attempt 3 failed: HTTPConnectionPool(host='127.0.0.1', port=8000): Max retries exceeded with url: /api/ (Caused by NewConnectionError('<urllib3.connection.HTTPConnection object at 0x000001D36B2874D0>: Failed to establish a new connection: [WinError 10061] No connection could be made because the target machine actively refused it'))
2025-09-05 16:03:46,427 - warehouse_app - INFO - main.py:46 - Main window created successfully
2025-09-05 16:03:46,539 - warehouse_app - INFO - main.py:154 - Application started successfully
2025-09-05 16:03:49,175 - main_window - INFO - main_window.py:284 - Refreshed data for Map Management
2025-09-05 16:04:09,006 - device_list - INFO - device_list.py:241 - Refreshing device data...
2025-09-05 16:04:09,018 - device_list - INFO - device_list.py:261 - Loaded 12 devices from CSV
2025-09-05 16:04:39,002 - device_list - INFO - device_list.py:241 - Refreshing device data...
2025-09-05 16:04:39,009 - device_list - INFO - device_list.py:261 - Loaded 12 devices from CSV
2025-09-05 16:04:42,340 - api_client - WARNING - client.py:80 - Request attempt 1 failed: HTTPConnectionPool(host='127.0.0.1', port=8000): Max retries exceeded with url: /api/ (Caused by NewConnectionError('<urllib3.connection.HTTPConnection object at 0x000001D36B05BA80>: Failed to establish a new connection: [WinError 10061] No connection could be made because the target machine actively refused it'))
2025-09-05 16:04:44,392 - api_client - WARNING - client.py:80 - Request attempt 2 failed: HTTPConnectionPool(host='127.0.0.1', port=8000): Max retries exceeded with url: /api/ (Caused by NewConnectionError('<urllib3.connection.HTTPConnection object at 0x000001D36D6EC050>: Failed to establish a new connection: [WinError 10061] No connection could be made because the target machine actively refused it'))
2025-09-05 16:04:46,440 - api_client - WARNING - client.py:80 - Request attempt 3 failed: HTTPConnectionPool(host='127.0.0.1', port=8000): Max retries exceeded with url: /api/ (Caused by NewConnectionError('<urllib3.connection.HTTPConnection object at 0x000001D36B379250>: Failed to establish a new connection: [WinError 10061] No connection could be made because the target machine actively refused it'))
2025-09-05 16:05:08,995 - device_list - INFO - device_list.py:241 - Refreshing device data...
2025-09-05 16:05:09,004 - device_list - INFO - device_list.py:261 - Loaded 12 devices from CSV
2025-09-05 16:05:39,010 - device_list - INFO - device_list.py:241 - Refreshing device data...
2025-09-05 16:05:39,013 - device_list - INFO - device_list.py:261 - Loaded 12 devices from CSV
2025-09-05 16:05:42,390 - api_client - WARNING - client.py:80 - Request attempt 1 failed: HTTPConnectionPool(host='127.0.0.1', port=8000): Max retries exceeded with url: /api/ (Caused by NewConnectionError('<urllib3.connection.HTTPConnection object at 0x000001D36B2DBDF0>: Failed to establish a new connection: [WinError 10061] No connection could be made because the target machine actively refused it'))
2025-09-05 16:05:44,428 - api_client - WARNING - client.py:80 - Request attempt 2 failed: HTTPConnectionPool(host='127.0.0.1', port=8000): Max retries exceeded with url: /api/ (Caused by NewConnectionError('<urllib3.connection.HTTPConnection object at 0x000001D36D718270>: Failed to establish a new connection: [WinError 10061] No connection could be made because the target machine actively refused it'))
2025-09-05 16:05:46,460 - api_client - WARNING - client.py:80 - Request attempt 3 failed: HTTPConnectionPool(host='127.0.0.1', port=8000): Max retries exceeded with url: /api/ (Caused by NewConnectionError('<urllib3.connection.HTTPConnection object at 0x000001D36D718490>: Failed to establish a new connection: [WinError 10061] No connection could be made because the target machine actively refused it'))
2025-09-05 16:06:09,003 - device_list - INFO - device_list.py:241 - Refreshing device data...
2025-09-05 16:06:09,013 - device_list - INFO - device_list.py:261 - Loaded 12 devices from CSV
2025-09-05 16:06:39,010 - device_list - INFO - device_list.py:241 - Refreshing device data...
2025-09-05 16:06:39,029 - device_list - INFO - device_list.py:261 - Loaded 12 devices from CSV
2025-09-05 16:06:42,394 - api_client - WARNING - client.py:80 - Request attempt 1 failed: HTTPConnectionPool(host='127.0.0.1', port=8000): Max retries exceeded with url: /api/ (Caused by NewConnectionError('<urllib3.connection.HTTPConnection object at 0x000001D36B2DBCE0>: Failed to establish a new connection: [WinError 10061] No connection could be made because the target machine actively refused it'))
2025-09-05 16:06:44,463 - api_client - WARNING - client.py:80 - Request attempt 2 failed: HTTPConnectionPool(host='127.0.0.1', port=8000): Max retries exceeded with url: /api/ (Caused by NewConnectionError('<urllib3.connection.HTTPConnection object at 0x000001D36B2DBDF0>: Failed to establish a new connection: [WinError 10061] No connection could be made because the target machine actively refused it'))
2025-09-05 16:06:46,511 - api_client - WARNING - client.py:80 - Request attempt 3 failed: HTTPConnectionPool(host='127.0.0.1', port=8000): Max retries exceeded with url: /api/ (Caused by NewConnectionError('<urllib3.connection.HTTPConnection object at 0x000001D36B2DBAC0>: Failed to establish a new connection: [WinError 10061] No connection could be made because the target machine actively refused it'))
2025-09-05 16:07:09,009 - device_list - INFO - device_list.py:241 - Refreshing device data...
2025-09-05 16:07:09,012 - device_list - INFO - device_list.py:261 - Loaded 12 devices from CSV
2025-09-05 16:07:39,012 - device_list - INFO - device_list.py:241 - Refreshing device data...
2025-09-05 16:07:39,021 - device_list - INFO - device_list.py:261 - Loaded 12 devices from CSV
2025-09-05 16:07:42,361 - api_client - WARNING - client.py:80 - Request attempt 1 failed: HTTPConnectionPool(host='127.0.0.1', port=8000): Max retries exceeded with url: /api/ (Caused by NewConnectionError('<urllib3.connection.HTTPConnection object at 0x000001D36B2DB8A0>: Failed to establish a new connection: [WinError 10061] No connection could be made because the target machine actively refused it'))
2025-09-05 16:07:44,424 - api_client - WARNING - client.py:80 - Request attempt 2 failed: HTTPConnectionPool(host='127.0.0.1', port=8000): Max retries exceeded with url: /api/ (Caused by NewConnectionError('<urllib3.connection.HTTPConnection object at 0x000001D36B2DB790>: Failed to establish a new connection: [WinError 10061] No connection could be made because the target machine actively refused it'))
2025-09-05 16:07:46,448 - api_client - WARNING - client.py:80 - Request attempt 3 failed: HTTPConnectionPool(host='127.0.0.1', port=8000): Max retries exceeded with url: /api/ (Caused by NewConnectionError('<urllib3.connection.HTTPConnection object at 0x000001D36B2DB570>: Failed to establish a new connection: [WinError 10061] No connection could be made because the target machine actively refused it'))
2025-09-05 16:08:09,020 - device_list - INFO - device_list.py:241 - Refreshing device data...
2025-09-05 16:08:09,022 - device_list - INFO - device_list.py:261 - Loaded 12 devices from CSV
2025-09-05 16:08:39,021 - device_list - INFO - device_list.py:241 - Refreshing device data...
2025-09-05 16:08:39,024 - device_list - INFO - device_list.py:261 - Loaded 12 devices from CSV
2025-09-05 16:08:42,382 - api_client - WARNING - client.py:80 - Request attempt 1 failed: HTTPConnectionPool(host='127.0.0.1', port=8000): Max retries exceeded with url: /api/ (Caused by NewConnectionError('<urllib3.connection.HTTPConnection object at 0x000001D36B2DB240>: Failed to establish a new connection: [WinError 10061] No connection could be made because the target machine actively refused it'))
2025-09-05 16:08:44,417 - api_client - WARNING - client.py:80 - Request attempt 2 failed: HTTPConnectionPool(host='127.0.0.1', port=8000): Max retries exceeded with url: /api/ (Caused by NewConnectionError('<urllib3.connection.HTTPConnection object at 0x000001D36B2DB020>: Failed to establish a new connection: [WinError 10061] No connection could be made because the target machine actively refused it'))
2025-09-05 16:08:46,465 - api_client - WARNING - client.py:80 - Request attempt 3 failed: HTTPConnectionPool(host='127.0.0.1', port=8000): Max retries exceeded with url: /api/ (Caused by NewConnectionError('<urllib3.connection.HTTPConnection object at 0x000001D36D6D4160>: Failed to establish a new connection: [WinError 10061] No connection could be made because the target machine actively refused it'))
2025-09-05 16:09:09,013 - device_list - INFO - device_list.py:241 - Refreshing device data...
2025-09-05 16:09:09,018 - device_list - INFO - device_list.py:261 - Loaded 12 devices from CSV
2025-09-05 16:09:39,016 - device_list - INFO - device_list.py:241 - Refreshing device data...
2025-09-05 16:09:39,020 - device_list - INFO - device_list.py:261 - Loaded 12 devices from CSV
2025-09-05 16:09:39,597 - main_window - INFO - main_window.py:284 - Refreshed data for Task Monitor
2025-09-05 16:09:42,356 - api_client - WARNING - client.py:80 - Request attempt 1 failed: HTTPConnectionPool(host='127.0.0.1', port=8000): Max retries exceeded with url: /api/ (Caused by NewConnectionError('<urllib3.connection.HTTPConnection object at 0x000001D36D6D4380>: Failed to establish a new connection: [WinError 10061] No connection could be made because the target machine actively refused it'))
2025-09-05 16:09:44,389 - api_client - WARNING - client.py:80 - Request attempt 2 failed: HTTPConnectionPool(host='127.0.0.1', port=8000): Max retries exceeded with url: /api/ (Caused by NewConnectionError('<urllib3.connection.HTTPConnection object at 0x000001D36D6D45A0>: Failed to establish a new connection: [WinError 10061] No connection could be made because the target machine actively refused it'))
2025-09-05 16:09:46,438 - api_client - WARNING - client.py:80 - Request attempt 3 failed: HTTPConnectionPool(host='127.0.0.1', port=8000): Max retries exceeded with url: /api/ (Caused by NewConnectionError('<urllib3.connection.HTTPConnection object at 0x000001D36D6D47C0>: Failed to establish a new connection: [WinError 10061] No connection could be made because the target machine actively refused it'))
2025-09-05 16:10:09,018 - device_list - INFO - device_list.py:241 - Refreshing device data...
2025-09-05 16:10:09,027 - device_list - INFO - device_list.py:261 - Loaded 12 devices from CSV
2025-09-05 16:10:10,559 - main_window - INFO - main_window.py:373 - Application closing
2025-09-05 16:12:01,205 - warehouse_app - INFO - main.py:30 - Starting Warehouse Management System v1.0.0
2025-09-05 16:12:02,702 - main_window - INFO - main_window.py:121 - Dashboard widget loaded successfully
2025-09-05 16:12:02,738 - device_list - INFO - device_list.py:241 - Refreshing device data...
2025-09-05 16:12:02,740 - device_list - INFO - device_list.py:261 - Loaded 12 devices from CSV
2025-09-05 16:12:02,755 - main_window - INFO - main_window.py:131 - Device Management widget loaded successfully
2025-09-05 16:12:02,931 - main_window - INFO - main_window.py:142 - Task Creation widget loaded successfully
2025-09-05 16:12:03,023 - main_window - INFO - main_window.py:153 - Task Monitor widget loaded successfully
2025-09-05 16:12:03,075 - user_management - INFO - user_management.py:581 - Refreshing user data...
2025-09-05 16:12:03,078 - user_management - INFO - user_management.py:603 - Loaded 12 users from CSV
2025-09-05 16:12:03,097 - main_window - INFO - main_window.py:163 - User Management widget loaded successfully
2025-09-05 16:12:03,842 - map_management - INFO - map_management.py:53 - Map Management widget initialized
2025-09-05 16:12:03,986 - main_window - INFO - main_window.py:175 - Map Management widget loaded successfully
2025-09-05 16:12:06,032 - api_client - WARNING - client.py:80 - Request attempt 1 failed: HTTPConnectionPool(host='127.0.0.1', port=8000): Max retries exceeded with url: /api/ (Caused by NewConnectionError('<urllib3.connection.HTTPConnection object at 0x000002C401386120>: Failed to establish a new connection: [WinError 10061] No connection could be made because the target machine actively refused it'))
2025-09-05 16:12:08,073 - api_client - WARNING - client.py:80 - Request attempt 2 failed: HTTPConnectionPool(host='127.0.0.1', port=8000): Max retries exceeded with url: /api/ (Caused by NewConnectionError('<urllib3.connection.HTTPConnection object at 0x000002C4012D6FD0>: Failed to establish a new connection: [WinError 10061] No connection could be made because the target machine actively refused it'))
2025-09-05 16:12:10,102 - api_client - WARNING - client.py:80 - Request attempt 3 failed: HTTPConnectionPool(host='127.0.0.1', port=8000): Max retries exceeded with url: /api/ (Caused by NewConnectionError('<urllib3.connection.HTTPConnection object at 0x000002C4012D74D0>: Failed to establish a new connection: [WinError 10061] No connection could be made because the target machine actively refused it'))
2025-09-05 16:12:10,103 - warehouse_app - INFO - main.py:46 - Main window created successfully
2025-09-05 16:12:10,235 - warehouse_app - INFO - main.py:154 - Application started successfully
2025-09-05 16:12:14,846 - main_window - INFO - main_window.py:284 - Refreshed data for Map Management
2025-09-05 16:12:32,731 - device_list - INFO - device_list.py:241 - Refreshing device data...
2025-09-05 16:12:32,738 - device_list - INFO - device_list.py:261 - Loaded 12 devices from CSV
2025-09-05 16:13:02,735 - device_list - INFO - device_list.py:241 - Refreshing device data...
2025-09-05 16:13:02,743 - device_list - INFO - device_list.py:261 - Loaded 12 devices from CSV
2025-09-05 16:13:06,011 - api_client - WARNING - client.py:80 - Request attempt 1 failed: HTTPConnectionPool(host='127.0.0.1', port=8000): Max retries exceeded with url: /api/ (Caused by NewConnectionError('<urllib3.connection.HTTPConnection object at 0x000002C4010BBA80>: Failed to establish a new connection: [WinError 10061] No connection could be made because the target machine actively refused it'))
2025-09-05 16:13:08,048 - api_client - WARNING - client.py:80 - Request attempt 2 failed: HTTPConnectionPool(host='127.0.0.1', port=8000): Max retries exceeded with url: /api/ (Caused by NewConnectionError('<urllib3.connection.HTTPConnection object at 0x000002C403784050>: Failed to establish a new connection: [WinError 10061] No connection could be made because the target machine actively refused it'))
2025-09-05 16:13:10,079 - api_client - WARNING - client.py:80 - Request attempt 3 failed: HTTPConnectionPool(host='127.0.0.1', port=8000): Max retries exceeded with url: /api/ (Caused by NewConnectionError('<urllib3.connection.HTTPConnection object at 0x000002C4013C9250>: Failed to establish a new connection: [WinError 10061] No connection could be made because the target machine actively refused it'))
2025-09-05 16:13:32,739 - device_list - INFO - device_list.py:241 - Refreshing device data...
2025-09-05 16:13:32,748 - device_list - INFO - device_list.py:261 - Loaded 12 devices from CSV
2025-09-05 16:14:02,745 - device_list - INFO - device_list.py:241 - Refreshing device data...
2025-09-05 16:14:02,754 - device_list - INFO - device_list.py:261 - Loaded 12 devices from CSV
2025-09-05 16:14:06,022 - api_client - WARNING - client.py:80 - Request attempt 1 failed: HTTPConnectionPool(host='127.0.0.1', port=8000): Max retries exceeded with url: /api/ (Caused by NewConnectionError('<urllib3.connection.HTTPConnection object at 0x000002C40132BDF0>: Failed to establish a new connection: [WinError 10061] No connection could be made because the target machine actively refused it'))
2025-09-05 16:14:08,067 - api_client - WARNING - client.py:80 - Request attempt 2 failed: HTTPConnectionPool(host='127.0.0.1', port=8000): Max retries exceeded with url: /api/ (Caused by NewConnectionError('<urllib3.connection.HTTPConnection object at 0x000002C403730270>: Failed to establish a new connection: [WinError 10061] No connection could be made because the target machine actively refused it'))
2025-09-05 16:14:10,093 - api_client - WARNING - client.py:80 - Request attempt 3 failed: HTTPConnectionPool(host='127.0.0.1', port=8000): Max retries exceeded with url: /api/ (Caused by NewConnectionError('<urllib3.connection.HTTPConnection object at 0x000002C403730490>: Failed to establish a new connection: [WinError 10061] No connection could be made because the target machine actively refused it'))
2025-09-05 16:14:32,731 - device_list - INFO - device_list.py:241 - Refreshing device data...
2025-09-05 16:14:32,738 - device_list - INFO - device_list.py:261 - Loaded 12 devices from CSV
2025-09-05 16:15:02,741 - device_list - INFO - device_list.py:241 - Refreshing device data...
2025-09-05 16:15:02,750 - device_list - INFO - device_list.py:261 - Loaded 12 devices from CSV
2025-09-05 16:15:06,029 - api_client - WARNING - client.py:80 - Request attempt 1 failed: HTTPConnectionPool(host='127.0.0.1', port=8000): Max retries exceeded with url: /api/ (Caused by NewConnectionError('<urllib3.connection.HTTPConnection object at 0x000002C40132BCE0>: Failed to establish a new connection: [WinError 10061] No connection could be made because the target machine actively refused it'))
2025-09-05 16:15:08,092 - api_client - WARNING - client.py:80 - Request attempt 2 failed: HTTPConnectionPool(host='127.0.0.1', port=8000): Max retries exceeded with url: /api/ (Caused by NewConnectionError('<urllib3.connection.HTTPConnection object at 0x000002C40132BDF0>: Failed to establish a new connection: [WinError 10061] No connection could be made because the target machine actively refused it'))
2025-09-05 16:15:10,127 - api_client - WARNING - client.py:80 - Request attempt 3 failed: HTTPConnectionPool(host='127.0.0.1', port=8000): Max retries exceeded with url: /api/ (Caused by NewConnectionError('<urllib3.connection.HTTPConnection object at 0x000002C40132BAC0>: Failed to establish a new connection: [WinError 10061] No connection could be made because the target machine actively refused it'))
2025-09-05 16:15:32,731 - device_list - INFO - device_list.py:241 - Refreshing device data...
2025-09-05 16:15:32,739 - device_list - INFO - device_list.py:261 - Loaded 12 devices from CSV
2025-09-05 16:16:02,734 - device_list - INFO - device_list.py:241 - Refreshing device data...
2025-09-05 16:16:02,748 - device_list - INFO - device_list.py:261 - Loaded 12 devices from CSV
2025-09-05 16:16:06,032 - api_client - WARNING - client.py:80 - Request attempt 1 failed: HTTPConnectionPool(host='127.0.0.1', port=8000): Max retries exceeded with url: /api/ (Caused by NewConnectionError('<urllib3.connection.HTTPConnection object at 0x000002C40132B8A0>: Failed to establish a new connection: [WinError 10061] No connection could be made because the target machine actively refused it'))
2025-09-05 16:16:08,047 - api_client - WARNING - client.py:80 - Request attempt 2 failed: HTTPConnectionPool(host='127.0.0.1', port=8000): Max retries exceeded with url: /api/ (Caused by NewConnectionError('<urllib3.connection.HTTPConnection object at 0x000002C40132B790>: Failed to establish a new connection: [WinError 10061] No connection could be made because the target machine actively refused it'))
2025-09-05 16:16:10,095 - api_client - WARNING - client.py:80 - Request attempt 3 failed: HTTPConnectionPool(host='127.0.0.1', port=8000): Max retries exceeded with url: /api/ (Caused by NewConnectionError('<urllib3.connection.HTTPConnection object at 0x000002C40132B570>: Failed to establish a new connection: [WinError 10061] No connection could be made because the target machine actively refused it'))
2025-09-05 16:16:32,731 - device_list - INFO - device_list.py:241 - Refreshing device data...
2025-09-05 16:16:32,739 - device_list - INFO - device_list.py:261 - Loaded 12 devices from CSV
2025-09-05 16:17:02,740 - device_list - INFO - device_list.py:241 - Refreshing device data...
2025-09-05 16:17:02,749 - device_list - INFO - device_list.py:261 - Loaded 12 devices from CSV
2025-09-05 16:17:06,050 - api_client - WARNING - client.py:80 - Request attempt 1 failed: HTTPConnectionPool(host='127.0.0.1', port=8000): Max retries exceeded with url: /api/ (Caused by NewConnectionError('<urllib3.connection.HTTPConnection object at 0x000002C40132B240>: Failed to establish a new connection: [WinError 10061] No connection could be made because the target machine actively refused it'))
2025-09-05 16:17:08,097 - api_client - WARNING - client.py:80 - Request attempt 2 failed: HTTPConnectionPool(host='127.0.0.1', port=8000): Max retries exceeded with url: /api/ (Caused by NewConnectionError('<urllib3.connection.HTTPConnection object at 0x000002C40132B020>: Failed to establish a new connection: [WinError 10061] No connection could be made because the target machine actively refused it'))
2025-09-05 16:17:10,129 - api_client - WARNING - client.py:80 - Request attempt 3 failed: HTTPConnectionPool(host='127.0.0.1', port=8000): Max retries exceeded with url: /api/ (Caused by NewConnectionError('<urllib3.connection.HTTPConnection object at 0x000002C403724160>: Failed to establish a new connection: [WinError 10061] No connection could be made because the target machine actively refused it'))
2025-09-05 16:17:32,734 - device_list - INFO - device_list.py:241 - Refreshing device data...
2025-09-05 16:17:32,742 - device_list - INFO - device_list.py:261 - Loaded 12 devices from CSV
2025-09-05 16:18:02,738 - device_list - INFO - device_list.py:241 - Refreshing device data...
2025-09-05 16:18:02,745 - device_list - INFO - device_list.py:261 - Loaded 12 devices from CSV
2025-09-05 16:18:06,036 - api_client - WARNING - client.py:80 - Request attempt 1 failed: HTTPConnectionPool(host='127.0.0.1', port=8000): Max retries exceeded with url: /api/ (Caused by NewConnectionError('<urllib3.connection.HTTPConnection object at 0x000002C403724380>: Failed to establish a new connection: [WinError 10061] No connection could be made because the target machine actively refused it'))
2025-09-05 16:18:08,098 - api_client - WARNING - client.py:80 - Request attempt 2 failed: HTTPConnectionPool(host='127.0.0.1', port=8000): Max retries exceeded with url: /api/ (Caused by NewConnectionError('<urllib3.connection.HTTPConnection object at 0x000002C4037245A0>: Failed to establish a new connection: [WinError 10061] No connection could be made because the target machine actively refused it'))
2025-09-05 16:18:10,148 - api_client - WARNING - client.py:80 - Request attempt 3 failed: HTTPConnectionPool(host='127.0.0.1', port=8000): Max retries exceeded with url: /api/ (Caused by NewConnectionError('<urllib3.connection.HTTPConnection object at 0x000002C4037247C0>: Failed to establish a new connection: [WinError 10061] No connection could be made because the target machine actively refused it'))
2025-09-05 16:18:32,740 - device_list - INFO - device_list.py:241 - Refreshing device data...
2025-09-05 16:18:32,748 - device_list - INFO - device_list.py:261 - Loaded 12 devices from CSV
2025-09-05 16:19:02,737 - device_list - INFO - device_list.py:241 - Refreshing device data...
2025-09-05 16:19:02,745 - device_list - INFO - device_list.py:261 - Loaded 12 devices from CSV
2025-09-05 16:19:06,053 - api_client - WARNING - client.py:80 - Request attempt 1 failed: HTTPConnectionPool(host='127.0.0.1', port=8000): Max retries exceeded with url: /api/ (Caused by NewConnectionError('<urllib3.connection.HTTPConnection object at 0x000002C4037249E0>: Failed to establish a new connection: [WinError 10061] No connection could be made because the target machine actively refused it'))
2025-09-05 16:19:08,102 - api_client - WARNING - client.py:80 - Request attempt 2 failed: HTTPConnectionPool(host='127.0.0.1', port=8000): Max retries exceeded with url: /api/ (Caused by NewConnectionError('<urllib3.connection.HTTPConnection object at 0x000002C403724C00>: Failed to establish a new connection: [WinError 10061] No connection could be made because the target machine actively refused it'))
2025-09-05 16:19:10,152 - api_client - WARNING - client.py:80 - Request attempt 3 failed: HTTPConnectionPool(host='127.0.0.1', port=8000): Max retries exceeded with url: /api/ (Caused by NewConnectionError('<urllib3.connection.HTTPConnection object at 0x000002C403724E20>: Failed to establish a new connection: [WinError 10061] No connection could be made because the target machine actively refused it'))
2025-09-05 16:19:32,742 - device_list - INFO - device_list.py:241 - Refreshing device data...
2025-09-05 16:19:32,750 - device_list - INFO - device_list.py:261 - Loaded 12 devices from CSV
2025-09-05 16:20:02,740 - device_list - INFO - device_list.py:241 - Refreshing device data...
2025-09-05 16:20:02,748 - device_list - INFO - device_list.py:261 - Loaded 12 devices from CSV
2025-09-05 16:20:06,025 - api_client - WARNING - client.py:80 - Request attempt 1 failed: HTTPConnectionPool(host='127.0.0.1', port=8000): Max retries exceeded with url: /api/ (Caused by NewConnectionError('<urllib3.connection.HTTPConnection object at 0x000002C403725040>: Failed to establish a new connection: [WinError 10061] No connection could be made because the target machine actively refused it'))
2025-09-05 16:20:08,072 - api_client - WARNING - client.py:80 - Request attempt 2 failed: HTTPConnectionPool(host='127.0.0.1', port=8000): Max retries exceeded with url: /api/ (Caused by NewConnectionError('<urllib3.connection.HTTPConnection object at 0x000002C403725260>: Failed to establish a new connection: [WinError 10061] No connection could be made because the target machine actively refused it'))
2025-09-05 16:20:10,105 - api_client - WARNING - client.py:80 - Request attempt 3 failed: HTTPConnectionPool(host='127.0.0.1', port=8000): Max retries exceeded with url: /api/ (Caused by NewConnectionError('<urllib3.connection.HTTPConnection object at 0x000002C403725480>: Failed to establish a new connection: [WinError 10061] No connection could be made because the target machine actively refused it'))
2025-09-05 16:20:32,730 - device_list - INFO - device_list.py:241 - Refreshing device data...
2025-09-05 16:20:32,737 - device_list - INFO - device_list.py:261 - Loaded 12 devices from CSV
2025-09-05 16:21:02,743 - device_list - INFO - device_list.py:241 - Refreshing device data...
2025-09-05 16:21:02,746 - device_list - INFO - device_list.py:261 - Loaded 12 devices from CSV
2025-09-05 16:21:06,027 - api_client - WARNING - client.py:80 - Request attempt 1 failed: HTTPConnectionPool(host='127.0.0.1', port=8000): Max retries exceeded with url: /api/ (Caused by NewConnectionError('<urllib3.connection.HTTPConnection object at 0x000002C4037256A0>: Failed to establish a new connection: [WinError 10061] No connection could be made because the target machine actively refused it'))
2025-09-05 16:21:08,058 - api_client - WARNING - client.py:80 - Request attempt 2 failed: HTTPConnectionPool(host='127.0.0.1', port=8000): Max retries exceeded with url: /api/ (Caused by NewConnectionError('<urllib3.connection.HTTPConnection object at 0x000002C4037258C0>: Failed to establish a new connection: [WinError 10061] No connection could be made because the target machine actively refused it'))
2025-09-05 16:21:10,123 - api_client - WARNING - client.py:80 - Request attempt 3 failed: HTTPConnectionPool(host='127.0.0.1', port=8000): Max retries exceeded with url: /api/ (Caused by NewConnectionError('<urllib3.connection.HTTPConnection object at 0x000002C403725AE0>: Failed to establish a new connection: [WinError 10061] No connection could be made because the target machine actively refused it'))
2025-09-05 16:21:32,730 - device_list - INFO - device_list.py:241 - Refreshing device data...
2025-09-05 16:21:32,732 - device_list - INFO - device_list.py:261 - Loaded 12 devices from CSV
2025-09-05 16:22:02,730 - device_list - INFO - device_list.py:241 - Refreshing device data...
2025-09-05 16:22:02,741 - device_list - INFO - device_list.py:261 - Loaded 12 devices from CSV
2025-09-05 16:22:06,014 - api_client - WARNING - client.py:80 - Request attempt 1 failed: HTTPConnectionPool(host='127.0.0.1', port=8000): Max retries exceeded with url: /api/ (Caused by NewConnectionError('<urllib3.connection.HTTPConnection object at 0x000002C40132B020>: Failed to establish a new connection: [WinError 10061] No connection could be made because the target machine actively refused it'))
2025-09-05 16:22:08,061 - api_client - WARNING - client.py:80 - Request attempt 2 failed: HTTPConnectionPool(host='127.0.0.1', port=8000): Max retries exceeded with url: /api/ (Caused by NewConnectionError('<urllib3.connection.HTTPConnection object at 0x000002C40132B350>: Failed to establish a new connection: [WinError 10061] No connection could be made because the target machine actively refused it'))
2025-09-05 16:22:10,111 - api_client - WARNING - client.py:80 - Request attempt 3 failed: HTTPConnectionPool(host='127.0.0.1', port=8000): Max retries exceeded with url: /api/ (Caused by NewConnectionError('<urllib3.connection.HTTPConnection object at 0x000002C40132B130>: Failed to establish a new connection: [WinError 10061] No connection could be made because the target machine actively refused it'))
2025-09-05 16:22:32,735 - device_list - INFO - device_list.py:241 - Refreshing device data...
2025-09-05 16:22:32,745 - device_list - INFO - device_list.py:261 - Loaded 12 devices from CSV
2025-09-05 16:23:02,742 - device_list - INFO - device_list.py:241 - Refreshing device data...
2025-09-05 16:23:02,750 - device_list - INFO - device_list.py:261 - Loaded 12 devices from CSV
2025-09-05 16:23:06,032 - api_client - WARNING - client.py:80 - Request attempt 1 failed: HTTPConnectionPool(host='127.0.0.1', port=8000): Max retries exceeded with url: /api/ (Caused by NewConnectionError('<urllib3.connection.HTTPConnection object at 0x000002C40132B460>: Failed to establish a new connection: [WinError 10061] No connection could be made because the target machine actively refused it'))
2025-09-05 16:23:08,063 - api_client - WARNING - client.py:80 - Request attempt 2 failed: HTTPConnectionPool(host='127.0.0.1', port=8000): Max retries exceeded with url: /api/ (Caused by NewConnectionError('<urllib3.connection.HTTPConnection object at 0x000002C40132B680>: Failed to establish a new connection: [WinError 10061] No connection could be made because the target machine actively refused it'))
2025-09-05 16:23:10,103 - api_client - WARNING - client.py:80 - Request attempt 3 failed: HTTPConnectionPool(host='127.0.0.1', port=8000): Max retries exceeded with url: /api/ (Caused by NewConnectionError('<urllib3.connection.HTTPConnection object at 0x000002C40132B9B0>: Failed to establish a new connection: [WinError 10061] No connection could be made because the target machine actively refused it'))
2025-09-05 16:23:14,004 - main_window - INFO - main_window.py:373 - Application closing
2025-09-05 16:23:18,878 - warehouse_app - INFO - main.py:30 - Starting Warehouse Management System v1.0.0
2025-09-05 16:23:20,264 - main_window - INFO - main_window.py:121 - Dashboard widget loaded successfully
2025-09-05 16:23:20,301 - device_list - INFO - device_list.py:241 - Refreshing device data...
2025-09-05 16:23:20,303 - device_list - INFO - device_list.py:261 - Loaded 12 devices from CSV
2025-09-05 16:23:20,316 - main_window - INFO - main_window.py:131 - Device Management widget loaded successfully
2025-09-05 16:23:20,497 - main_window - INFO - main_window.py:142 - Task Creation widget loaded successfully
2025-09-05 16:23:20,559 - main_window - INFO - main_window.py:153 - Task Monitor widget loaded successfully
2025-09-05 16:23:20,610 - user_management - INFO - user_management.py:581 - Refreshing user data...
2025-09-05 16:23:20,612 - user_management - INFO - user_management.py:603 - Loaded 12 users from CSV
2025-09-05 16:23:20,631 - main_window - INFO - main_window.py:163 - User Management widget loaded successfully
2025-09-05 16:23:21,368 - map_management - INFO - map_management.py:53 - Map Management widget initialized
2025-09-05 16:23:21,529 - main_window - INFO - main_window.py:175 - Map Management widget loaded successfully
2025-09-05 16:23:23,565 - api_client - WARNING - client.py:80 - Request attempt 1 failed: HTTPConnectionPool(host='127.0.0.1', port=8000): Max retries exceeded with url: /api/ (Caused by NewConnectionError('<urllib3.connection.HTTPConnection object at 0x000001DE6192E120>: Failed to establish a new connection: [WinError 10061] No connection could be made because the target machine actively refused it'))
2025-09-05 16:23:25,589 - api_client - WARNING - client.py:80 - Request attempt 2 failed: HTTPConnectionPool(host='127.0.0.1', port=8000): Max retries exceeded with url: /api/ (Caused by NewConnectionError('<urllib3.connection.HTTPConnection object at 0x000001DE61876FD0>: Failed to establish a new connection: [WinError 10061] No connection could be made because the target machine actively refused it'))
2025-09-05 16:23:27,613 - api_client - WARNING - client.py:80 - Request attempt 3 failed: HTTPConnectionPool(host='127.0.0.1', port=8000): Max retries exceeded with url: /api/ (Caused by NewConnectionError('<urllib3.connection.HTTPConnection object at 0x000001DE618774D0>: Failed to establish a new connection: [WinError 10061] No connection could be made because the target machine actively refused it'))
2025-09-05 16:23:27,615 - warehouse_app - INFO - main.py:46 - Main window created successfully
2025-09-05 16:23:27,732 - warehouse_app - INFO - main.py:154 - Application started successfully
2025-09-05 16:23:30,228 - main_window - INFO - main_window.py:284 - Refreshed data for Map Management
2025-09-05 16:23:50,284 - device_list - INFO - device_list.py:241 - Refreshing device data...
2025-09-05 16:23:50,293 - device_list - INFO - device_list.py:261 - Loaded 12 devices from CSV
2025-09-05 16:23:52,882 - main_window - INFO - main_window.py:373 - Application closing
2025-09-05 16:30:13,123 - warehouse_app - INFO - main.py:30 - Starting Warehouse Management System v1.0.0
2025-09-05 16:30:14,513 - main_window - INFO - main_window.py:121 - Dashboard widget loaded successfully
2025-09-05 16:30:14,548 - device_list - INFO - device_list.py:241 - Refreshing device data...
2025-09-05 16:30:14,551 - device_list - INFO - device_list.py:261 - Loaded 12 devices from CSV
2025-09-05 16:30:14,567 - main_window - INFO - main_window.py:131 - Device Management widget loaded successfully
2025-09-05 16:30:14,747 - main_window - INFO - main_window.py:142 - Task Creation widget loaded successfully
2025-09-05 16:30:14,863 - main_window - ERROR - main_window.py:155 - Task Monitor failed: unexpected indent (map_viewer.py, line 960)
2025-09-05 16:30:14,934 - user_management - INFO - user_management.py:581 - Refreshing user data...
2025-09-05 16:30:14,936 - user_management - INFO - user_management.py:603 - Loaded 12 users from CSV
2025-09-05 16:30:14,954 - main_window - INFO - main_window.py:163 - User Management widget loaded successfully
2025-09-05 16:30:14,974 - main_window - ERROR - main_window.py:177 - Map Management failed: unexpected indent (map_viewer.py, line 960)
2025-09-05 16:30:14,997 - warehouse_app - ERROR - main.py:48 - Error creating main window: unexpected indent (map_viewer.py, line 960)
2025-09-05 16:30:15,121 - warehouse_app - INFO - main.py:154 - Application started successfully
2025-09-05 16:30:54,087 - warehouse_app - INFO - main.py:30 - Starting Warehouse Management System v1.0.0
2025-09-05 16:30:55,452 - main_window - INFO - main_window.py:121 - Dashboard widget loaded successfully
2025-09-05 16:30:55,486 - device_list - INFO - device_list.py:241 - Refreshing device data...
2025-09-05 16:30:55,489 - device_list - INFO - device_list.py:261 - Loaded 12 devices from CSV
2025-09-05 16:30:55,508 - main_window - INFO - main_window.py:131 - Device Management widget loaded successfully
2025-09-05 16:30:55,696 - main_window - INFO - main_window.py:142 - Task Creation widget loaded successfully
2025-09-05 16:30:55,776 - main_window - INFO - main_window.py:153 - Task Monitor widget loaded successfully
2025-09-05 16:30:55,830 - user_management - INFO - user_management.py:581 - Refreshing user data...
2025-09-05 16:30:55,832 - user_management - INFO - user_management.py:603 - Loaded 12 users from CSV
2025-09-05 16:30:55,851 - main_window - INFO - main_window.py:163 - User Management widget loaded successfully
2025-09-05 16:30:56,612 - map_management - INFO - map_management.py:53 - Map Management widget initialized
2025-09-05 16:30:56,757 - main_window - INFO - main_window.py:175 - Map Management widget loaded successfully
2025-09-05 16:30:58,782 - api_client - WARNING - client.py:80 - Request attempt 1 failed: HTTPConnectionPool(host='127.0.0.1', port=8000): Max retries exceeded with url: /api/ (Caused by NewConnectionError('<urllib3.connection.HTTPConnection object at 0x0000021285856120>: Failed to establish a new connection: [WinError 10061] No connection could be made because the target machine actively refused it'))
2025-09-05 16:31:00,809 - api_client - WARNING - client.py:80 - Request attempt 2 failed: HTTPConnectionPool(host='127.0.0.1', port=8000): Max retries exceeded with url: /api/ (Caused by NewConnectionError('<urllib3.connection.HTTPConnection object at 0x00000212857A6FD0>: Failed to establish a new connection: [WinError 10061] No connection could be made because the target machine actively refused it'))
2025-09-05 16:31:02,833 - api_client - WARNING - client.py:80 - Request attempt 3 failed: HTTPConnectionPool(host='127.0.0.1', port=8000): Max retries exceeded with url: /api/ (Caused by NewConnectionError('<urllib3.connection.HTTPConnection object at 0x00000212857A74D0>: Failed to establish a new connection: [WinError 10061] No connection could be made because the target machine actively refused it'))
2025-09-05 16:31:02,835 - warehouse_app - INFO - main.py:46 - Main window created successfully
2025-09-05 16:31:02,949 - warehouse_app - INFO - main.py:154 - Application started successfully
2025-09-05 16:31:05,849 - main_window - INFO - main_window.py:284 - Refreshed data for Map Management
2025-09-05 16:31:25,488 - device_list - INFO - device_list.py:241 - Refreshing device data...
2025-09-05 16:31:25,496 - device_list - INFO - device_list.py:261 - Loaded 12 devices from CSV
2025-09-05 16:31:55,491 - device_list - INFO - device_list.py:241 - Refreshing device data...
2025-09-05 16:31:55,499 - device_list - INFO - device_list.py:261 - Loaded 12 devices from CSV
2025-09-05 16:31:58,799 - api_client - WARNING - client.py:80 - Request attempt 1 failed: HTTPConnectionPool(host='127.0.0.1', port=8000): Max retries exceeded with url: /api/ (Caused by NewConnectionError('<urllib3.connection.HTTPConnection object at 0x000002128558BA80>: Failed to establish a new connection: [WinError 10061] No connection could be made because the target machine actively refused it'))
2025-09-05 16:32:00,855 - api_client - WARNING - client.py:80 - Request attempt 2 failed: HTTPConnectionPool(host='127.0.0.1', port=8000): Max retries exceeded with url: /api/ (Caused by NewConnectionError('<urllib3.connection.HTTPConnection object at 0x0000021287C0C050>: Failed to establish a new connection: [WinError 10061] No connection could be made because the target machine actively refused it'))
2025-09-05 16:32:02,874 - api_client - WARNING - client.py:80 - Request attempt 3 failed: HTTPConnectionPool(host='127.0.0.1', port=8000): Max retries exceeded with url: /api/ (Caused by NewConnectionError('<urllib3.connection.HTTPConnection object at 0x0000021285899250>: Failed to establish a new connection: [WinError 10061] No connection could be made because the target machine actively refused it'))
2025-09-05 16:32:25,492 - device_list - INFO - device_list.py:241 - Refreshing device data...
2025-09-05 16:32:25,498 - device_list - INFO - device_list.py:261 - Loaded 12 devices from CSV
2025-09-05 16:32:55,483 - device_list - INFO - device_list.py:241 - Refreshing device data...
2025-09-05 16:32:55,493 - device_list - INFO - device_list.py:261 - Loaded 12 devices from CSV
2025-09-05 16:32:58,793 - api_client - WARNING - client.py:80 - Request attempt 1 failed: HTTPConnectionPool(host='127.0.0.1', port=8000): Max retries exceeded with url: /api/ (Caused by NewConnectionError('<urllib3.connection.HTTPConnection object at 0x00000212857FBDF0>: Failed to establish a new connection: [WinError 10061] No connection could be made because the target machine actively refused it'))
2025-09-05 16:33:00,856 - api_client - WARNING - client.py:80 - Request attempt 2 failed: HTTPConnectionPool(host='127.0.0.1', port=8000): Max retries exceeded with url: /api/ (Caused by NewConnectionError('<urllib3.connection.HTTPConnection object at 0x0000021287C38270>: Failed to establish a new connection: [WinError 10061] No connection could be made because the target machine actively refused it'))
2025-09-05 16:33:02,908 - api_client - WARNING - client.py:80 - Request attempt 3 failed: HTTPConnectionPool(host='127.0.0.1', port=8000): Max retries exceeded with url: /api/ (Caused by NewConnectionError('<urllib3.connection.HTTPConnection object at 0x0000021287C38490>: Failed to establish a new connection: [WinError 10061] No connection could be made because the target machine actively refused it'))
2025-09-05 16:33:25,488 - device_list - INFO - device_list.py:241 - Refreshing device data...
2025-09-05 16:33:25,507 - device_list - INFO - device_list.py:261 - Loaded 12 devices from CSV
2025-09-05 16:33:55,483 - device_list - INFO - device_list.py:241 - Refreshing device data...
2025-09-05 16:33:55,492 - device_list - INFO - device_list.py:261 - Loaded 12 devices from CSV
2025-09-05 16:33:55,678 - main_window - INFO - main_window.py:373 - Application closing
2025-09-05 16:33:59,762 - warehouse_app - INFO - main.py:30 - Starting Warehouse Management System v1.0.0
2025-09-05 16:34:01,205 - main_window - INFO - main_window.py:121 - Dashboard widget loaded successfully
2025-09-05 16:34:01,241 - device_list - INFO - device_list.py:241 - Refreshing device data...
2025-09-05 16:34:01,245 - device_list - INFO - device_list.py:261 - Loaded 12 devices from CSV
2025-09-05 16:34:01,261 - main_window - INFO - main_window.py:131 - Device Management widget loaded successfully
2025-09-05 16:34:01,445 - main_window - INFO - main_window.py:142 - Task Creation widget loaded successfully
2025-09-05 16:34:01,539 - main_window - INFO - main_window.py:153 - Task Monitor widget loaded successfully
2025-09-05 16:34:01,591 - user_management - INFO - user_management.py:581 - Refreshing user data...
2025-09-05 16:34:01,594 - user_management - INFO - user_management.py:603 - Loaded 12 users from CSV
2025-09-05 16:34:01,613 - main_window - INFO - main_window.py:163 - User Management widget loaded successfully
2025-09-05 16:34:02,225 - map_management - INFO - map_management.py:53 - Map Management widget initialized
2025-09-05 16:34:02,378 - main_window - INFO - main_window.py:175 - Map Management widget loaded successfully
2025-09-05 16:34:04,420 - api_client - WARNING - client.py:80 - Request attempt 1 failed: HTTPConnectionPool(host='127.0.0.1', port=8000): Max retries exceeded with url: /api/ (Caused by NewConnectionError('<urllib3.connection.HTTPConnection object at 0x0000022B46F26270>: Failed to establish a new connection: [WinError 10061] No connection could be made because the target machine actively refused it'))
2025-09-05 16:34:06,439 - api_client - WARNING - client.py:80 - Request attempt 2 failed: HTTPConnectionPool(host='127.0.0.1', port=8000): Max retries exceeded with url: /api/ (Caused by NewConnectionError('<urllib3.connection.HTTPConnection object at 0x0000022B46E76FD0>: Failed to establish a new connection: [WinError 10061] No connection could be made because the target machine actively refused it'))
2025-09-05 16:34:08,466 - api_client - WARNING - client.py:80 - Request attempt 3 failed: HTTPConnectionPool(host='127.0.0.1', port=8000): Max retries exceeded with url: /api/ (Caused by NewConnectionError('<urllib3.connection.HTTPConnection object at 0x0000022B46E774D0>: Failed to establish a new connection: [WinError 10061] No connection could be made because the target machine actively refused it'))
2025-09-05 16:34:08,468 - warehouse_app - INFO - main.py:46 - Main window created successfully
2025-09-05 16:34:08,607 - warehouse_app - INFO - main.py:154 - Application started successfully
2025-09-05 16:34:10,634 - main_window - INFO - main_window.py:284 - Refreshed data for Map Management
2025-09-05 16:34:31,242 - device_list - INFO - device_list.py:241 - Refreshing device data...
2025-09-05 16:34:31,250 - device_list - INFO - device_list.py:261 - Loaded 12 devices from CSV
2025-09-05 16:35:01,239 - device_list - INFO - device_list.py:241 - Refreshing device data...
2025-09-05 16:35:01,247 - device_list - INFO - device_list.py:261 - Loaded 12 devices from CSV
2025-09-05 16:35:04,427 - api_client - WARNING - client.py:80 - Request attempt 1 failed: HTTPConnectionPool(host='127.0.0.1', port=8000): Max retries exceeded with url: /api/ (Caused by NewConnectionError('<urllib3.connection.HTTPConnection object at 0x0000022B46C4BBB0>: Failed to establish a new connection: [WinError 10061] No connection could be made because the target machine actively refused it'))
2025-09-05 16:35:06,468 - api_client - WARNING - client.py:80 - Request attempt 2 failed: HTTPConnectionPool(host='127.0.0.1', port=8000): Max retries exceeded with url: /api/ (Caused by NewConnectionError('<urllib3.connection.HTTPConnection object at 0x0000022B492D8180>: Failed to establish a new connection: [WinError 10061] No connection could be made because the target machine actively refused it'))
2025-09-05 16:35:08,490 - api_client - WARNING - client.py:80 - Request attempt 3 failed: HTTPConnectionPool(host='127.0.0.1', port=8000): Max retries exceeded with url: /api/ (Caused by NewConnectionError('<urllib3.connection.HTTPConnection object at 0x0000022B46F69250>: Failed to establish a new connection: [WinError 10061] No connection could be made because the target machine actively refused it'))
2025-09-05 16:35:31,240 - device_list - INFO - device_list.py:241 - Refreshing device data...
2025-09-05 16:35:31,249 - device_list - INFO - device_list.py:261 - Loaded 12 devices from CSV
2025-09-05 16:36:01,232 - device_list - INFO - device_list.py:241 - Refreshing device data...
2025-09-05 16:36:01,241 - device_list - INFO - device_list.py:261 - Loaded 12 devices from CSV
2025-09-05 16:36:04,411 - api_client - WARNING - client.py:80 - Request attempt 1 failed: HTTPConnectionPool(host='127.0.0.1', port=8000): Max retries exceeded with url: /api/ (Caused by NewConnectionError('<urllib3.connection.HTTPConnection object at 0x0000022B46ECBF00>: Failed to establish a new connection: [WinError 10061] No connection could be made because the target machine actively refused it'))
2025-09-05 16:36:06,434 - api_client - WARNING - client.py:80 - Request attempt 2 failed: HTTPConnectionPool(host='127.0.0.1', port=8000): Max retries exceeded with url: /api/ (Caused by NewConnectionError('<urllib3.connection.HTTPConnection object at 0x0000022B49314380>: Failed to establish a new connection: [WinError 10061] No connection could be made because the target machine actively refused it'))
2025-09-05 16:36:08,472 - api_client - WARNING - client.py:80 - Request attempt 3 failed: HTTPConnectionPool(host='127.0.0.1', port=8000): Max retries exceeded with url: /api/ (Caused by NewConnectionError('<urllib3.connection.HTTPConnection object at 0x0000022B493145A0>: Failed to establish a new connection: [WinError 10061] No connection could be made because the target machine actively refused it'))
2025-09-05 16:36:31,239 - device_list - INFO - device_list.py:241 - Refreshing device data...
2025-09-05 16:36:31,250 - device_list - INFO - device_list.py:261 - Loaded 12 devices from CSV
2025-09-05 16:36:37,447 - main_window - INFO - main_window.py:373 - Application closing
2025-09-05 16:36:43,378 - warehouse_app - INFO - main.py:30 - Starting Warehouse Management System v1.0.0
2025-09-05 16:36:44,778 - main_window - INFO - main_window.py:121 - Dashboard widget loaded successfully
2025-09-05 16:36:44,815 - device_list - INFO - device_list.py:241 - Refreshing device data...
2025-09-05 16:36:44,818 - device_list - INFO - device_list.py:261 - Loaded 12 devices from CSV
2025-09-05 16:36:44,832 - main_window - INFO - main_window.py:131 - Device Management widget loaded successfully
2025-09-05 16:36:45,012 - main_window - INFO - main_window.py:142 - Task Creation widget loaded successfully
2025-09-05 16:36:45,110 - main_window - INFO - main_window.py:153 - Task Monitor widget loaded successfully
2025-09-05 16:36:45,166 - user_management - INFO - user_management.py:581 - Refreshing user data...
2025-09-05 16:36:45,169 - user_management - INFO - user_management.py:603 - Loaded 12 users from CSV
2025-09-05 16:36:45,189 - main_window - INFO - main_window.py:163 - User Management widget loaded successfully
2025-09-05 16:36:45,972 - map_management - INFO - map_management.py:53 - Map Management widget initialized
2025-09-05 16:36:46,077 - main_window - INFO - main_window.py:175 - Map Management widget loaded successfully
2025-09-05 16:36:48,101 - api_client - WARNING - client.py:80 - Request attempt 1 failed: HTTPConnectionPool(host='127.0.0.1', port=8000): Max retries exceeded with url: /api/ (Caused by NewConnectionError('<urllib3.connection.HTTPConnection object at 0x000001ED7DC8A270>: Failed to establish a new connection: [WinError 10061] No connection could be made because the target machine actively refused it'))
2025-09-05 16:36:50,153 - api_client - WARNING - client.py:80 - Request attempt 2 failed: HTTPConnectionPool(host='127.0.0.1', port=8000): Max retries exceeded with url: /api/ (Caused by NewConnectionError('<urllib3.connection.HTTPConnection object at 0x000001ED7DBD6FD0>: Failed to establish a new connection: [WinError 10061] No connection could be made because the target machine actively refused it'))
2025-09-05 16:36:52,180 - api_client - WARNING - client.py:80 - Request attempt 3 failed: HTTPConnectionPool(host='127.0.0.1', port=8000): Max retries exceeded with url: /api/ (Caused by NewConnectionError('<urllib3.connection.HTTPConnection object at 0x000001ED7DBD74D0>: Failed to establish a new connection: [WinError 10061] No connection could be made because the target machine actively refused it'))
2025-09-05 16:36:52,182 - warehouse_app - INFO - main.py:46 - Main window created successfully
2025-09-05 16:36:52,292 - warehouse_app - INFO - main.py:154 - Application started successfully
2025-09-05 16:36:54,623 - main_window - INFO - main_window.py:284 - Refreshed data for Map Management
2025-09-05 16:37:14,823 - device_list - INFO - device_list.py:241 - Refreshing device data...
2025-09-05 16:37:14,827 - device_list - INFO - device_list.py:261 - Loaded 12 devices from CSV
2025-09-05 16:37:44,832 - device_list - INFO - device_list.py:241 - Refreshing device data...
2025-09-05 16:37:44,836 - device_list - INFO - device_list.py:261 - Loaded 12 devices from CSV
2025-09-05 16:37:48,111 - api_client - WARNING - client.py:80 - Request attempt 1 failed: HTTPConnectionPool(host='127.0.0.1', port=8000): Max retries exceeded with url: /api/ (Caused by NewConnectionError('<urllib3.connection.HTTPConnection object at 0x000001ED7D9ABBB0>: Failed to establish a new connection: [WinError 10061] No connection could be made because the target machine actively refused it'))
2025-09-05 16:37:50,182 - api_client - WARNING - client.py:80 - Request attempt 2 failed: HTTPConnectionPool(host='127.0.0.1', port=8000): Max retries exceeded with url: /api/ (Caused by NewConnectionError('<urllib3.connection.HTTPConnection object at 0x000001ED0004C180>: Failed to establish a new connection: [WinError 10061] No connection could be made because the target machine actively refused it'))
2025-09-05 16:37:52,225 - api_client - WARNING - client.py:80 - Request attempt 3 failed: HTTPConnectionPool(host='127.0.0.1', port=8000): Max retries exceeded with url: /api/ (Caused by NewConnectionError('<urllib3.connection.HTTPConnection object at 0x000001ED7DCC9250>: Failed to establish a new connection: [WinError 10061] No connection could be made because the target machine actively refused it'))
2025-09-05 16:38:08,173 - main_window - INFO - main_window.py:373 - Application closing
2025-09-05 16:38:12,348 - warehouse_app - INFO - main.py:30 - Starting Warehouse Management System v1.0.0
2025-09-05 16:38:13,755 - main_window - INFO - main_window.py:121 - Dashboard widget loaded successfully
2025-09-05 16:38:13,798 - device_list - INFO - device_list.py:241 - Refreshing device data...
2025-09-05 16:38:13,801 - device_list - INFO - device_list.py:261 - Loaded 12 devices from CSV
2025-09-05 16:38:13,814 - main_window - INFO - main_window.py:131 - Device Management widget loaded successfully
2025-09-05 16:38:14,002 - main_window - INFO - main_window.py:142 - Task Creation widget loaded successfully
2025-09-05 16:38:14,096 - main_window - INFO - main_window.py:153 - Task Monitor widget loaded successfully
2025-09-05 16:38:14,150 - user_management - INFO - user_management.py:581 - Refreshing user data...
2025-09-05 16:38:14,153 - user_management - INFO - user_management.py:603 - Loaded 12 users from CSV
2025-09-05 16:38:14,173 - main_window - INFO - main_window.py:163 - User Management widget loaded successfully
2025-09-05 16:38:14,856 - map_management - INFO - map_management.py:53 - Map Management widget initialized
2025-09-05 16:38:15,069 - main_window - INFO - main_window.py:175 - Map Management widget loaded successfully
2025-09-05 16:38:17,191 - api_client - WARNING - client.py:80 - Request attempt 1 failed: HTTPConnectionPool(host='127.0.0.1', port=8000): Max retries exceeded with url: /api/ (Caused by NewConnectionError('<urllib3.connection.HTTPConnection object at 0x000001593DCBA270>: Failed to establish a new connection: [WinError 10061] No connection could be made because the target machine actively refused it'))
2025-09-05 16:38:19,225 - api_client - WARNING - client.py:80 - Request attempt 2 failed: HTTPConnectionPool(host='127.0.0.1', port=8000): Max retries exceeded with url: /api/ (Caused by NewConnectionError('<urllib3.connection.HTTPConnection object at 0x000001593DC06FD0>: Failed to establish a new connection: [WinError 10061] No connection could be made because the target machine actively refused it'))
2025-09-05 16:38:21,253 - api_client - WARNING - client.py:80 - Request attempt 3 failed: HTTPConnectionPool(host='127.0.0.1', port=8000): Max retries exceeded with url: /api/ (Caused by NewConnectionError('<urllib3.connection.HTTPConnection object at 0x000001593DC074D0>: Failed to establish a new connection: [WinError 10061] No connection could be made because the target machine actively refused it'))
2025-09-05 16:38:21,255 - warehouse_app - INFO - main.py:46 - Main window created successfully
2025-09-05 16:38:21,394 - warehouse_app - INFO - main.py:154 - Application started successfully
2025-09-05 16:38:23,530 - main_window - INFO - main_window.py:284 - Refreshed data for Map Management
2025-09-05 16:38:43,800 - device_list - INFO - device_list.py:241 - Refreshing device data...
2025-09-05 16:38:43,809 - device_list - INFO - device_list.py:261 - Loaded 12 devices from CSV
2025-09-05 16:39:13,805 - device_list - INFO - device_list.py:241 - Refreshing device data...
2025-09-05 16:39:13,815 - device_list - INFO - device_list.py:261 - Loaded 12 devices from CSV
2025-09-05 16:39:17,197 - api_client - WARNING - client.py:80 - Request attempt 1 failed: HTTPConnectionPool(host='127.0.0.1', port=8000): Max retries exceeded with url: /api/ (Caused by NewConnectionError('<urllib3.connection.HTTPConnection object at 0x000001593D9DBBB0>: Failed to establish a new connection: [WinError 10061] No connection could be made because the target machine actively refused it'))
2025-09-05 16:39:19,250 - api_client - WARNING - client.py:80 - Request attempt 2 failed: HTTPConnectionPool(host='127.0.0.1', port=8000): Max retries exceeded with url: /api/ (Caused by NewConnectionError('<urllib3.connection.HTTPConnection object at 0x0000015940094180>: Failed to establish a new connection: [WinError 10061] No connection could be made because the target machine actively refused it'))
2025-09-05 16:39:21,286 - api_client - WARNING - client.py:80 - Request attempt 3 failed: HTTPConnectionPool(host='127.0.0.1', port=8000): Max retries exceeded with url: /api/ (Caused by NewConnectionError('<urllib3.connection.HTTPConnection object at 0x000001593DCF9250>: Failed to establish a new connection: [WinError 10061] No connection could be made because the target machine actively refused it'))
2025-09-05 16:39:43,792 - device_list - INFO - device_list.py:241 - Refreshing device data...
2025-09-05 16:39:43,795 - device_list - INFO - device_list.py:261 - Loaded 12 devices from CSV
2025-09-05 16:39:58,979 - main_window - INFO - main_window.py:373 - Application closing
2025-09-05 16:40:02,687 - warehouse_app - INFO - main.py:30 - Starting Warehouse Management System v1.0.0
2025-09-05 16:40:04,178 - main_window - INFO - main_window.py:121 - Dashboard widget loaded successfully
2025-09-05 16:40:04,215 - device_list - INFO - device_list.py:241 - Refreshing device data...
2025-09-05 16:40:04,219 - device_list - INFO - device_list.py:261 - Loaded 12 devices from CSV
2025-09-05 16:40:04,231 - main_window - INFO - main_window.py:131 - Device Management widget loaded successfully
2025-09-05 16:40:04,421 - main_window - INFO - main_window.py:142 - Task Creation widget loaded successfully
2025-09-05 16:40:04,529 - main_window - INFO - main_window.py:153 - Task Monitor widget loaded successfully
2025-09-05 16:40:04,597 - user_management - INFO - user_management.py:581 - Refreshing user data...
2025-09-05 16:40:04,600 - user_management - INFO - user_management.py:603 - Loaded 12 users from CSV
2025-09-05 16:40:04,632 - main_window - INFO - main_window.py:163 - User Management widget loaded successfully
2025-09-05 16:40:05,372 - map_management - INFO - map_management.py:53 - Map Management widget initialized
2025-09-05 16:40:05,516 - main_window - INFO - main_window.py:175 - Map Management widget loaded successfully
2025-09-05 16:40:07,568 - api_client - WARNING - client.py:80 - Request attempt 1 failed: HTTPConnectionPool(host='127.0.0.1', port=8000): Max retries exceeded with url: /api/ (Caused by NewConnectionError('<urllib3.connection.HTTPConnection object at 0x0000014085556270>: Failed to establish a new connection: [WinError 10061] No connection could be made because the target machine actively refused it'))
2025-09-05 16:40:09,600 - api_client - WARNING - client.py:80 - Request attempt 2 failed: HTTPConnectionPool(host='127.0.0.1', port=8000): Max retries exceeded with url: /api/ (Caused by NewConnectionError('<urllib3.connection.HTTPConnection object at 0x00000140854A6FD0>: Failed to establish a new connection: [WinError 10061] No connection could be made because the target machine actively refused it'))
2025-09-05 16:40:11,628 - api_client - WARNING - client.py:80 - Request attempt 3 failed: HTTPConnectionPool(host='127.0.0.1', port=8000): Max retries exceeded with url: /api/ (Caused by NewConnectionError('<urllib3.connection.HTTPConnection object at 0x00000140854A74D0>: Failed to establish a new connection: [WinError 10061] No connection could be made because the target machine actively refused it'))
2025-09-05 16:40:11,630 - warehouse_app - INFO - main.py:46 - Main window created successfully
2025-09-05 16:40:11,747 - warehouse_app - INFO - main.py:154 - Application started successfully
2025-09-05 16:40:13,791 - main_window - INFO - main_window.py:284 - Refreshed data for Map Management
2025-09-05 16:40:34,210 - device_list - INFO - device_list.py:241 - Refreshing device data...
2025-09-05 16:40:34,218 - device_list - INFO - device_list.py:261 - Loaded 12 devices from CSV
2025-09-05 16:41:04,211 - device_list - INFO - device_list.py:241 - Refreshing device data...
2025-09-05 16:41:04,219 - device_list - INFO - device_list.py:261 - Loaded 12 devices from CSV
2025-09-05 16:41:07,562 - api_client - WARNING - client.py:80 - Request attempt 1 failed: HTTPConnectionPool(host='127.0.0.1', port=8000): Max retries exceeded with url: /api/ (Caused by NewConnectionError('<urllib3.connection.HTTPConnection object at 0x000001408528BBB0>: Failed to establish a new connection: [WinError 10061] No connection could be made because the target machine actively refused it'))
2025-09-05 16:41:09,611 - api_client - WARNING - client.py:80 - Request attempt 2 failed: HTTPConnectionPool(host='127.0.0.1', port=8000): Max retries exceeded with url: /api/ (Caused by NewConnectionError('<urllib3.connection.HTTPConnection object at 0x0000014087958180>: Failed to establish a new connection: [WinError 10061] No connection could be made because the target machine actively refused it'))
2025-09-05 16:41:11,663 - api_client - WARNING - client.py:80 - Request attempt 3 failed: HTTPConnectionPool(host='127.0.0.1', port=8000): Max retries exceeded with url: /api/ (Caused by NewConnectionError('<urllib3.connection.HTTPConnection object at 0x0000014085599250>: Failed to establish a new connection: [WinError 10061] No connection could be made because the target machine actively refused it'))
2025-09-05 16:41:11,794 - main_window - INFO - main_window.py:373 - Application closing
2025-09-05 16:44:45,743 - warehouse_app - INFO - main.py:30 - Starting Warehouse Management System v1.0.0
2025-09-05 16:44:47,134 - main_window - INFO - main_window.py:121 - Dashboard widget loaded successfully
2025-09-05 16:44:47,167 - device_list - INFO - device_list.py:241 - Refreshing device data...
2025-09-05 16:44:47,171 - device_list - INFO - device_list.py:261 - Loaded 12 devices from CSV
2025-09-05 16:44:47,188 - main_window - INFO - main_window.py:131 - Device Management widget loaded successfully
2025-09-05 16:44:47,368 - main_window - INFO - main_window.py:142 - Task Creation widget loaded successfully
2025-09-05 16:44:47,466 - main_window - INFO - main_window.py:153 - Task Monitor widget loaded successfully
2025-09-05 16:44:47,518 - user_management - INFO - user_management.py:581 - Refreshing user data...
2025-09-05 16:44:47,520 - user_management - INFO - user_management.py:603 - Loaded 12 users from CSV
2025-09-05 16:44:47,590 - main_window - INFO - main_window.py:163 - User Management widget loaded successfully
2025-09-05 16:44:48,510 - map_management - INFO - map_management.py:53 - Map Management widget initialized
2025-09-05 16:44:48,677 - main_window - INFO - main_window.py:175 - Map Management widget loaded successfully
2025-09-05 16:44:50,720 - api_client - WARNING - client.py:80 - Request attempt 1 failed: HTTPConnectionPool(host='127.0.0.1', port=8000): Max retries exceeded with url: /api/ (Caused by NewConnectionError('<urllib3.connection.HTTPConnection object at 0x000002B81DAFA270>: Failed to establish a new connection: [WinError 10061] No connection could be made because the target machine actively refused it'))
2025-09-05 16:44:52,763 - api_client - WARNING - client.py:80 - Request attempt 2 failed: HTTPConnectionPool(host='127.0.0.1', port=8000): Max retries exceeded with url: /api/ (Caused by NewConnectionError('<urllib3.connection.HTTPConnection object at 0x000002B81DA47110>: Failed to establish a new connection: [WinError 10061] No connection could be made because the target machine actively refused it'))
2025-09-05 16:44:54,794 - api_client - WARNING - client.py:80 - Request attempt 3 failed: HTTPConnectionPool(host='127.0.0.1', port=8000): Max retries exceeded with url: /api/ (Caused by NewConnectionError('<urllib3.connection.HTTPConnection object at 0x000002B81DA47610>: Failed to establish a new connection: [WinError 10061] No connection could be made because the target machine actively refused it'))
2025-09-05 16:44:54,796 - warehouse_app - INFO - main.py:46 - Main window created successfully
2025-09-05 16:44:54,894 - warehouse_app - INFO - main.py:154 - Application started successfully
2025-09-05 16:44:57,483 - main_window - INFO - main_window.py:284 - Refreshed data for Task Monitor
2025-09-05 16:45:00,159 - user_management - INFO - user_management.py:581 - Refreshing user data...
2025-09-05 16:45:00,162 - user_management - INFO - user_management.py:603 - Loaded 12 users from CSV
2025-09-05 16:45:00,162 - main_window - INFO - main_window.py:284 - Refreshed data for User Management
2025-09-05 16:45:02,032 - main_window - INFO - main_window.py:284 - Refreshed data for Map Management
2025-09-05 16:45:17,178 - device_list - INFO - device_list.py:241 - Refreshing device data...
2025-09-05 16:45:17,181 - device_list - INFO - device_list.py:261 - Loaded 12 devices from CSV
2025-09-05 16:45:17,960 - main_window - INFO - main_window.py:373 - Application closing
2025-09-05 16:46:16,355 - warehouse_app - INFO - main.py:30 - Starting Warehouse Management System v1.0.0
2025-09-05 16:46:17,734 - main_window - INFO - main_window.py:121 - Dashboard widget loaded successfully
2025-09-05 16:46:17,785 - device_list - INFO - device_list.py:241 - Refreshing device data...
2025-09-05 16:46:17,788 - device_list - INFO - device_list.py:261 - Loaded 12 devices from CSV
2025-09-05 16:46:17,807 - main_window - INFO - main_window.py:131 - Device Management widget loaded successfully
2025-09-05 16:46:17,998 - main_window - INFO - main_window.py:142 - Task Creation widget loaded successfully
2025-09-05 16:46:18,061 - main_window - INFO - main_window.py:153 - Task Monitor widget loaded successfully
2025-09-05 16:46:18,115 - user_management - INFO - user_management.py:581 - Refreshing user data...
2025-09-05 16:46:18,118 - user_management - INFO - user_management.py:603 - Loaded 12 users from CSV
2025-09-05 16:46:18,136 - main_window - INFO - main_window.py:163 - User Management widget loaded successfully
2025-09-05 16:46:18,838 - map_management - INFO - map_management.py:53 - Map Management widget initialized
2025-09-05 16:46:18,990 - main_window - INFO - main_window.py:175 - Map Management widget loaded successfully
2025-09-05 16:46:21,018 - api_client - WARNING - client.py:80 - Request attempt 1 failed: HTTPConnectionPool(host='127.0.0.1', port=8000): Max retries exceeded with url: /api/ (Caused by NewConnectionError('<urllib3.connection.HTTPConnection object at 0x000002005B3BE270>: Failed to establish a new connection: [WinError 10061] No connection could be made because the target machine actively refused it'))
2025-09-05 16:46:23,048 - api_client - WARNING - client.py:80 - Request attempt 2 failed: HTTPConnectionPool(host='127.0.0.1', port=8000): Max retries exceeded with url: /api/ (Caused by NewConnectionError('<urllib3.connection.HTTPConnection object at 0x000002005B307110>: Failed to establish a new connection: [WinError 10061] No connection could be made because the target machine actively refused it'))
2025-09-05 16:46:25,079 - api_client - WARNING - client.py:80 - Request attempt 3 failed: HTTPConnectionPool(host='127.0.0.1', port=8000): Max retries exceeded with url: /api/ (Caused by NewConnectionError('<urllib3.connection.HTTPConnection object at 0x000002005B307610>: Failed to establish a new connection: [WinError 10061] No connection could be made because the target machine actively refused it'))
2025-09-05 16:46:25,081 - warehouse_app - INFO - main.py:46 - Main window created successfully
2025-09-05 16:46:25,204 - warehouse_app - INFO - main.py:154 - Application started successfully
2025-09-05 16:46:27,167 - main_window - INFO - main_window.py:284 - Refreshed data for Map Management
2025-09-05 16:46:47,783 - device_list - INFO - device_list.py:241 - Refreshing device data...
2025-09-05 16:46:47,798 - device_list - INFO - device_list.py:261 - Loaded 12 devices from CSV
2025-09-05 16:47:17,791 - device_list - INFO - device_list.py:241 - Refreshing device data...
2025-09-05 16:47:17,800 - device_list - INFO - device_list.py:261 - Loaded 12 devices from CSV
2025-09-05 16:47:21,029 - api_client - WARNING - client.py:80 - Request attempt 1 failed: HTTPConnectionPool(host='127.0.0.1', port=8000): Max retries exceeded with url: /api/ (Caused by NewConnectionError('<urllib3.connection.HTTPConnection object at 0x000002005B0DBBB0>: Failed to establish a new connection: [WinError 10061] No connection could be made because the target machine actively refused it'))
2025-09-05 16:47:23,066 - api_client - WARNING - client.py:80 - Request attempt 2 failed: HTTPConnectionPool(host='127.0.0.1', port=8000): Max retries exceeded with url: /api/ (Caused by NewConnectionError('<urllib3.connection.HTTPConnection object at 0x000002005D788180>: Failed to establish a new connection: [WinError 10061] No connection could be made because the target machine actively refused it'))
2025-09-05 16:47:25,097 - api_client - WARNING - client.py:80 - Request attempt 3 failed: HTTPConnectionPool(host='127.0.0.1', port=8000): Max retries exceeded with url: /api/ (Caused by NewConnectionError('<urllib3.connection.HTTPConnection object at 0x000002005B3B9010>: Failed to establish a new connection: [WinError 10061] No connection could be made because the target machine actively refused it'))
2025-09-05 16:47:47,792 - device_list - INFO - device_list.py:241 - Refreshing device data...
2025-09-05 16:47:47,799 - device_list - INFO - device_list.py:261 - Loaded 12 devices from CSV
2025-09-05 16:48:11,711 - main_window - INFO - main_window.py:373 - Application closing
2025-09-05 16:48:16,117 - warehouse_app - INFO - main.py:30 - Starting Warehouse Management System v1.0.0
2025-09-05 16:48:17,536 - main_window - INFO - main_window.py:121 - Dashboard widget loaded successfully
2025-09-05 16:48:17,574 - device_list - INFO - device_list.py:241 - Refreshing device data...
2025-09-05 16:48:17,576 - device_list - INFO - device_list.py:261 - Loaded 12 devices from CSV
2025-09-05 16:48:17,593 - main_window - INFO - main_window.py:131 - Device Management widget loaded successfully
2025-09-05 16:48:17,777 - main_window - INFO - main_window.py:142 - Task Creation widget loaded successfully
2025-09-05 16:48:17,870 - main_window - INFO - main_window.py:153 - Task Monitor widget loaded successfully
2025-09-05 16:48:17,921 - user_management - INFO - user_management.py:581 - Refreshing user data...
2025-09-05 16:48:17,924 - user_management - INFO - user_management.py:603 - Loaded 12 users from CSV
2025-09-05 16:48:17,944 - main_window - INFO - main_window.py:163 - User Management widget loaded successfully
2025-09-05 16:48:18,710 - map_management - INFO - map_management.py:53 - Map Management widget initialized
2025-09-05 16:48:18,878 - main_window - INFO - main_window.py:175 - Map Management widget loaded successfully
2025-09-05 16:48:20,911 - api_client - WARNING - client.py:80 - Request attempt 1 failed: HTTPConnectionPool(host='127.0.0.1', port=8000): Max retries exceeded with url: /api/ (Caused by NewConnectionError('<urllib3.connection.HTTPConnection object at 0x0000021CE9676270>: Failed to establish a new connection: [WinError 10061] No connection could be made because the target machine actively refused it'))
2025-09-05 16:48:22,938 - api_client - WARNING - client.py:80 - Request attempt 2 failed: HTTPConnectionPool(host='127.0.0.1', port=8000): Max retries exceeded with url: /api/ (Caused by NewConnectionError('<urllib3.connection.HTTPConnection object at 0x0000021CE95C7110>: Failed to establish a new connection: [WinError 10061] No connection could be made because the target machine actively refused it'))
2025-09-05 16:48:24,958 - api_client - WARNING - client.py:80 - Request attempt 3 failed: HTTPConnectionPool(host='127.0.0.1', port=8000): Max retries exceeded with url: /api/ (Caused by NewConnectionError('<urllib3.connection.HTTPConnection object at 0x0000021CE95C7610>: Failed to establish a new connection: [WinError 10061] No connection could be made because the target machine actively refused it'))
2025-09-05 16:48:24,960 - warehouse_app - INFO - main.py:46 - Main window created successfully
2025-09-05 16:48:25,078 - warehouse_app - INFO - main.py:154 - Application started successfully
2025-09-05 16:48:26,987 - main_window - INFO - main_window.py:284 - Refreshed data for Map Management
2025-09-05 16:48:47,559 - device_list - INFO - device_list.py:241 - Refreshing device data...
2025-09-05 16:48:47,563 - device_list - INFO - device_list.py:261 - Loaded 12 devices from CSV
2025-09-05 16:49:17,568 - device_list - INFO - device_list.py:241 - Refreshing device data...
2025-09-05 16:49:17,573 - device_list - INFO - device_list.py:261 - Loaded 12 devices from CSV
2025-09-05 16:49:20,934 - api_client - WARNING - client.py:80 - Request attempt 1 failed: HTTPConnectionPool(host='127.0.0.1', port=8000): Max retries exceeded with url: /api/ (Caused by NewConnectionError('<urllib3.connection.HTTPConnection object at 0x0000021CE939BA80>: Failed to establish a new connection: [WinError 10061] No connection could be made because the target machine actively refused it'))
2025-09-05 16:49:22,969 - api_client - WARNING - client.py:80 - Request attempt 2 failed: HTTPConnectionPool(host='127.0.0.1', port=8000): Max retries exceeded with url: /api/ (Caused by NewConnectionError('<urllib3.connection.HTTPConnection object at 0x0000021CEBA28050>: Failed to establish a new connection: [WinError 10061] No connection could be made because the target machine actively refused it'))
2025-09-05 16:49:24,988 - api_client - WARNING - client.py:80 - Request attempt 3 failed: HTTPConnectionPool(host='127.0.0.1', port=8000): Max retries exceeded with url: /api/ (Caused by NewConnectionError('<urllib3.connection.HTTPConnection object at 0x0000021CE96B9250>: Failed to establish a new connection: [WinError 10061] No connection could be made because the target machine actively refused it'))
2025-09-05 16:49:47,561 - device_list - INFO - device_list.py:241 - Refreshing device data...
2025-09-05 16:49:47,565 - device_list - INFO - device_list.py:261 - Loaded 12 devices from CSV
2025-09-05 16:50:14,325 - main_window - INFO - main_window.py:373 - Application closing
2025-09-05 16:50:18,018 - warehouse_app - INFO - main.py:30 - Starting Warehouse Management System v1.0.0
2025-09-05 16:50:19,509 - main_window - INFO - main_window.py:121 - Dashboard widget loaded successfully
2025-09-05 16:50:19,548 - device_list - INFO - device_list.py:241 - Refreshing device data...
2025-09-05 16:50:19,550 - device_list - INFO - device_list.py:261 - Loaded 12 devices from CSV
2025-09-05 16:50:19,564 - main_window - INFO - main_window.py:131 - Device Management widget loaded successfully
2025-09-05 16:50:19,767 - main_window - INFO - main_window.py:142 - Task Creation widget loaded successfully
2025-09-05 16:50:19,865 - main_window - INFO - main_window.py:153 - Task Monitor widget loaded successfully
2025-09-05 16:50:19,922 - user_management - INFO - user_management.py:581 - Refreshing user data...
2025-09-05 16:50:19,925 - user_management - INFO - user_management.py:603 - Loaded 12 users from CSV
2025-09-05 16:50:19,946 - main_window - INFO - main_window.py:163 - User Management widget loaded successfully
2025-09-05 16:50:20,858 - map_management - INFO - map_management.py:53 - Map Management widget initialized
2025-09-05 16:50:21,008 - main_window - INFO - main_window.py:175 - Map Management widget loaded successfully
2025-09-05 16:50:23,040 - api_client - WARNING - client.py:80 - Request attempt 1 failed: HTTPConnectionPool(host='127.0.0.1', port=8000): Max retries exceeded with url: /api/ (Caused by NewConnectionError('<urllib3.connection.HTTPConnection object at 0x0000026CAE69A270>: Failed to establish a new connection: [WinError 10061] No connection could be made because the target machine actively refused it'))
2025-09-05 16:50:25,064 - api_client - WARNING - client.py:80 - Request attempt 2 failed: HTTPConnectionPool(host='127.0.0.1', port=8000): Max retries exceeded with url: /api/ (Caused by NewConnectionError('<urllib3.connection.HTTPConnection object at 0x0000026CAE5E7110>: Failed to establish a new connection: [WinError 10061] No connection could be made because the target machine actively refused it'))
2025-09-05 16:50:27,089 - api_client - WARNING - client.py:80 - Request attempt 3 failed: HTTPConnectionPool(host='127.0.0.1', port=8000): Max retries exceeded with url: /api/ (Caused by NewConnectionError('<urllib3.connection.HTTPConnection object at 0x0000026CAE5E7610>: Failed to establish a new connection: [WinError 10061] No connection could be made because the target machine actively refused it'))
2025-09-05 16:50:27,091 - warehouse_app - INFO - main.py:46 - Main window created successfully
2025-09-05 16:50:27,200 - warehouse_app - INFO - main.py:154 - Application started successfully
2025-09-05 16:50:29,298 - main_window - INFO - main_window.py:284 - Refreshed data for Map Management
2025-09-05 16:50:49,538 - device_list - INFO - device_list.py:241 - Refreshing device data...
2025-09-05 16:50:49,547 - device_list - INFO - device_list.py:261 - Loaded 12 devices from CSV
2025-09-05 16:50:57,711 - main_window - INFO - main_window.py:373 - Application closing
2025-09-05 16:57:33,747 - warehouse_app - INFO - main.py:30 - Starting Warehouse Management System v1.0.0
2025-09-05 16:57:35,223 - main_window - INFO - main_window.py:121 - Dashboard widget loaded successfully
2025-09-05 16:57:35,261 - device_list - INFO - device_list.py:241 - Refreshing device data...
2025-09-05 16:57:35,263 - device_list - INFO - device_list.py:261 - Loaded 12 devices from CSV
2025-09-05 16:57:35,276 - main_window - INFO - main_window.py:131 - Device Management widget loaded successfully
2025-09-05 16:57:35,455 - main_window - INFO - main_window.py:142 - Task Creation widget loaded successfully
2025-09-05 16:57:35,554 - main_window - INFO - main_window.py:153 - Task Monitor widget loaded successfully
2025-09-05 16:57:35,607 - user_management - INFO - user_management.py:581 - Refreshing user data...
2025-09-05 16:57:35,609 - user_management - INFO - user_management.py:603 - Loaded 12 users from CSV
2025-09-05 16:57:35,628 - main_window - INFO - main_window.py:163 - User Management widget loaded successfully
2025-09-05 16:57:36,431 - map_management - INFO - map_management.py:53 - Map Management widget initialized
2025-09-05 16:57:36,611 - main_window - INFO - main_window.py:175 - Map Management widget loaded successfully
2025-09-05 16:57:38,632 - api_client - WARNING - client.py:80 - Request attempt 1 failed: HTTPConnectionPool(host='127.0.0.1', port=8000): Max retries exceeded with url: /api/ (Caused by NewConnectionError('<urllib3.connection.HTTPConnection object at 0x000002329570A270>: Failed to establish a new connection: [WinError 10061] No connection could be made because the target machine actively refused it'))
2025-09-05 16:57:40,660 - api_client - WARNING - client.py:80 - Request attempt 2 failed: HTTPConnectionPool(host='127.0.0.1', port=8000): Max retries exceeded with url: /api/ (Caused by NewConnectionError('<urllib3.connection.HTTPConnection object at 0x0000023295657110>: Failed to establish a new connection: [WinError 10061] No connection could be made because the target machine actively refused it'))
2025-09-05 16:57:42,689 - api_client - WARNING - client.py:80 - Request attempt 3 failed: HTTPConnectionPool(host='127.0.0.1', port=8000): Max retries exceeded with url: /api/ (Caused by NewConnectionError('<urllib3.connection.HTTPConnection object at 0x0000023295657610>: Failed to establish a new connection: [WinError 10061] No connection could be made because the target machine actively refused it'))
2025-09-05 16:57:42,691 - warehouse_app - INFO - main.py:46 - Main window created successfully
2025-09-05 16:57:42,826 - warehouse_app - INFO - main.py:154 - Application started successfully
2025-09-05 16:57:50,530 - main_window - INFO - main_window.py:284 - Refreshed data for Map Management
2025-09-05 16:58:05,260 - device_list - INFO - device_list.py:241 - Refreshing device data...
2025-09-05 16:58:05,268 - device_list - INFO - device_list.py:261 - Loaded 12 devices from CSV
2025-09-05 16:58:35,248 - device_list - INFO - device_list.py:241 - Refreshing device data...
2025-09-05 16:58:35,256 - device_list - INFO - device_list.py:261 - Loaded 12 devices from CSV
2025-09-05 16:58:38,636 - api_client - WARNING - client.py:80 - Request attempt 1 failed: HTTPConnectionPool(host='127.0.0.1', port=8000): Max retries exceeded with url: /api/ (Caused by NewConnectionError('<urllib3.connection.HTTPConnection object at 0x000002329543BA80>: Failed to establish a new connection: [WinError 10061] No connection could be made because the target machine actively refused it'))
2025-09-05 16:58:40,657 - api_client - WARNING - client.py:80 - Request attempt 2 failed: HTTPConnectionPool(host='127.0.0.1', port=8000): Max retries exceeded with url: /api/ (Caused by NewConnectionError('<urllib3.connection.HTTPConnection object at 0x0000023297ABC050>: Failed to establish a new connection: [WinError 10061] No connection could be made because the target machine actively refused it'))
2025-09-05 16:58:42,683 - api_client - WARNING - client.py:80 - Request attempt 3 failed: HTTPConnectionPool(host='127.0.0.1', port=8000): Max retries exceeded with url: /api/ (Caused by NewConnectionError('<urllib3.connection.HTTPConnection object at 0x0000023295749250>: Failed to establish a new connection: [WinError 10061] No connection could be made because the target machine actively refused it'))
2025-09-05 16:59:05,245 - device_list - INFO - device_list.py:241 - Refreshing device data...
2025-09-05 16:59:05,250 - device_list - INFO - device_list.py:261 - Loaded 12 devices from CSV
2025-09-05 16:59:06,275 - main_window - INFO - main_window.py:373 - Application closing
2025-09-05 16:59:12,938 - warehouse_app - INFO - main.py:30 - Starting Warehouse Management System v1.0.0
2025-09-05 16:59:14,880 - main_window - INFO - main_window.py:121 - Dashboard widget loaded successfully
2025-09-05 16:59:14,918 - device_list - INFO - device_list.py:241 - Refreshing device data...
2025-09-05 16:59:14,920 - device_list - INFO - device_list.py:261 - Loaded 12 devices from CSV
2025-09-05 16:59:14,936 - main_window - INFO - main_window.py:131 - Device Management widget loaded successfully
2025-09-05 16:59:15,251 - main_window - INFO - main_window.py:142 - Task Creation widget loaded successfully
2025-09-05 16:59:15,463 - main_window - INFO - main_window.py:153 - Task Monitor widget loaded successfully
2025-09-05 16:59:15,522 - user_management - INFO - user_management.py:581 - Refreshing user data...
2025-09-05 16:59:15,524 - user_management - INFO - user_management.py:603 - Loaded 12 users from CSV
2025-09-05 16:59:15,541 - main_window - INFO - main_window.py:163 - User Management widget loaded successfully
2025-09-05 16:59:16,307 - map_management - INFO - map_management.py:53 - Map Management widget initialized
2025-09-05 16:59:16,485 - main_window - INFO - main_window.py:175 - Map Management widget loaded successfully
2025-09-05 16:59:18,524 - api_client - WARNING - client.py:80 - Request attempt 1 failed: HTTPConnectionPool(host='127.0.0.1', port=8000): Max retries exceeded with url: /api/ (Caused by NewConnectionError('<urllib3.connection.HTTPConnection object at 0x000001B06FCAA270>: Failed to establish a new connection: [WinError 10061] No connection could be made because the target machine actively refused it'))
2025-09-05 16:59:20,577 - api_client - WARNING - client.py:80 - Request attempt 2 failed: HTTPConnectionPool(host='127.0.0.1', port=8000): Max retries exceeded with url: /api/ (Caused by NewConnectionError('<urllib3.connection.HTTPConnection object at 0x000001B06FBF7110>: Failed to establish a new connection: [WinError 10061] No connection could be made because the target machine actively refused it'))
2025-09-05 16:59:22,616 - api_client - WARNING - client.py:80 - Request attempt 3 failed: HTTPConnectionPool(host='127.0.0.1', port=8000): Max retries exceeded with url: /api/ (Caused by NewConnectionError('<urllib3.connection.HTTPConnection object at 0x000001B06FBF7610>: Failed to establish a new connection: [WinError 10061] No connection could be made because the target machine actively refused it'))
2025-09-05 16:59:22,617 - warehouse_app - INFO - main.py:46 - Main window created successfully
2025-09-05 16:59:22,704 - warehouse_app - INFO - main.py:154 - Application started successfully
2025-09-05 16:59:24,558 - main_window - INFO - main_window.py:284 - Refreshed data for Map Management
2025-09-05 16:59:44,909 - device_list - INFO - device_list.py:241 - Refreshing device data...
2025-09-05 16:59:44,914 - device_list - INFO - device_list.py:261 - Loaded 12 devices from CSV
2025-09-05 17:00:14,905 - device_list - INFO - device_list.py:241 - Refreshing device data...
2025-09-05 17:00:14,909 - device_list - INFO - device_list.py:261 - Loaded 12 devices from CSV
2025-09-05 17:00:18,515 - api_client - WARNING - client.py:80 - Request attempt 1 failed: HTTPConnectionPool(host='127.0.0.1', port=8000): Max retries exceeded with url: /api/ (Caused by NewConnectionError('<urllib3.connection.HTTPConnection object at 0x000001B06F9DBA80>: Failed to establish a new connection: [WinError 10061] No connection could be made because the target machine actively refused it'))
2025-09-05 17:00:20,561 - api_client - WARNING - client.py:80 - Request attempt 2 failed: HTTPConnectionPool(host='127.0.0.1', port=8000): Max retries exceeded with url: /api/ (Caused by NewConnectionError('<urllib3.connection.HTTPConnection object at 0x000001B0720A8050>: Failed to establish a new connection: [WinError 10061] No connection could be made because the target machine actively refused it'))
2025-09-05 17:00:22,576 - api_client - WARNING - client.py:80 - Request attempt 3 failed: HTTPConnectionPool(host='127.0.0.1', port=8000): Max retries exceeded with url: /api/ (Caused by NewConnectionError('<urllib3.connection.HTTPConnection object at 0x000001B06FCE9250>: Failed to establish a new connection: [WinError 10061] No connection could be made because the target machine actively refused it'))
2025-09-05 17:00:44,916 - device_list - INFO - device_list.py:241 - Refreshing device data...
2025-09-05 17:00:44,926 - device_list - INFO - device_list.py:261 - Loaded 12 devices from CSV
2025-09-05 17:02:38,641 - warehouse_app - INFO - main.py:30 - Starting Warehouse Management System v1.0.0
2025-09-05 17:02:40,813 - main_window - INFO - main_window.py:121 - Dashboard widget loaded successfully
2025-09-05 17:02:40,859 - device_list - INFO - device_list.py:241 - Refreshing device data...
2025-09-05 17:02:40,864 - device_list - INFO - device_list.py:261 - Loaded 12 devices from CSV
2025-09-05 17:02:40,879 - main_window - INFO - main_window.py:131 - Device Management widget loaded successfully
2025-09-05 17:02:41,115 - main_window - INFO - main_window.py:142 - Task Creation widget loaded successfully
2025-09-05 17:02:41,255 - main_window - INFO - main_window.py:153 - Task Monitor widget loaded successfully
2025-09-05 17:02:41,318 - user_management - INFO - user_management.py:581 - Refreshing user data...
2025-09-05 17:02:41,321 - user_management - INFO - user_management.py:603 - Loaded 12 users from CSV
2025-09-05 17:02:41,346 - main_window - INFO - main_window.py:163 - User Management widget loaded successfully
2025-09-05 17:02:42,324 - map_management - INFO - map_management.py:53 - Map Management widget initialized
2025-09-05 17:02:42,399 - main_window - INFO - main_window.py:175 - Map Management widget loaded successfully
2025-09-05 17:02:44,432 - api_client - WARNING - client.py:80 - Request attempt 1 failed: HTTPConnectionPool(host='127.0.0.1', port=8000): Max retries exceeded with url: /api/ (Caused by NewConnectionError('<urllib3.connection.HTTPConnection object at 0x000001870CE3A270>: Failed to establish a new connection: [WinError 10061] No connection could be made because the target machine actively refused it'))
2025-09-05 17:02:46,473 - api_client - WARNING - client.py:80 - Request attempt 2 failed: HTTPConnectionPool(host='127.0.0.1', port=8000): Max retries exceeded with url: /api/ (Caused by NewConnectionError('<urllib3.connection.HTTPConnection object at 0x000001870CD87110>: Failed to establish a new connection: [WinError 10061] No connection could be made because the target machine actively refused it'))
2025-09-05 17:02:48,503 - api_client - WARNING - client.py:80 - Request attempt 3 failed: HTTPConnectionPool(host='127.0.0.1', port=8000): Max retries exceeded with url: /api/ (Caused by NewConnectionError('<urllib3.connection.HTTPConnection object at 0x000001870CD87610>: Failed to establish a new connection: [WinError 10061] No connection could be made because the target machine actively refused it'))
2025-09-05 17:02:48,504 - warehouse_app - INFO - main.py:46 - Main window created successfully
2025-09-05 17:02:48,595 - warehouse_app - INFO - main.py:154 - Application started successfully
2025-09-05 17:03:05,289 - main_window - INFO - main_window.py:284 - Refreshed data for Map Management
2025-09-05 17:03:10,851 - device_list - INFO - device_list.py:241 - Refreshing device data...
2025-09-05 17:03:10,854 - device_list - INFO - device_list.py:261 - Loaded 12 devices from CSV
2025-09-05 17:03:40,845 - device_list - INFO - device_list.py:241 - Refreshing device data...
2025-09-05 17:03:40,855 - device_list - INFO - device_list.py:261 - Loaded 12 devices from CSV
2025-09-05 17:03:44,423 - api_client - WARNING - client.py:80 - Request attempt 1 failed: HTTPConnectionPool(host='127.0.0.1', port=8000): Max retries exceeded with url: /api/ (Caused by NewConnectionError('<urllib3.connection.HTTPConnection object at 0x000001870CB6BA80>: Failed to establish a new connection: [WinError 10061] No connection could be made because the target machine actively refused it'))
2025-09-05 17:03:46,462 - api_client - WARNING - client.py:80 - Request attempt 2 failed: HTTPConnectionPool(host='127.0.0.1', port=8000): Max retries exceeded with url: /api/ (Caused by NewConnectionError('<urllib3.connection.HTTPConnection object at 0x000001870F234050>: Failed to establish a new connection: [WinError 10061] No connection could be made because the target machine actively refused it'))
2025-09-05 17:03:48,495 - api_client - WARNING - client.py:80 - Request attempt 3 failed: HTTPConnectionPool(host='127.0.0.1', port=8000): Max retries exceeded with url: /api/ (Caused by NewConnectionError('<urllib3.connection.HTTPConnection object at 0x000001870CE79250>: Failed to establish a new connection: [WinError 10061] No connection could be made because the target machine actively refused it'))
2025-09-05 17:04:00,164 - main_window - INFO - main_window.py:373 - Application closing
2025-09-05 17:04:05,086 - warehouse_app - INFO - main.py:30 - Starting Warehouse Management System v1.0.0
2025-09-05 17:04:06,651 - main_window - INFO - main_window.py:121 - Dashboard widget loaded successfully
2025-09-05 17:04:06,688 - device_list - INFO - device_list.py:241 - Refreshing device data...
2025-09-05 17:04:06,691 - device_list - INFO - device_list.py:261 - Loaded 12 devices from CSV
2025-09-05 17:04:06,704 - main_window - INFO - main_window.py:131 - Device Management widget loaded successfully
2025-09-05 17:04:06,889 - main_window - INFO - main_window.py:142 - Task Creation widget loaded successfully
2025-09-05 17:04:06,985 - main_window - INFO - main_window.py:153 - Task Monitor widget loaded successfully
2025-09-05 17:04:07,038 - user_management - INFO - user_management.py:581 - Refreshing user data...
2025-09-05 17:04:07,041 - user_management - INFO - user_management.py:603 - Loaded 12 users from CSV
2025-09-05 17:04:07,061 - main_window - INFO - main_window.py:163 - User Management widget loaded successfully
2025-09-05 17:04:07,822 - map_management - INFO - map_management.py:53 - Map Management widget initialized
2025-09-05 17:04:08,012 - main_window - INFO - main_window.py:175 - Map Management widget loaded successfully
2025-09-05 17:04:10,054 - api_client - WARNING - client.py:80 - Request attempt 1 failed: HTTPConnectionPool(host='127.0.0.1', port=8000): Max retries exceeded with url: /api/ (Caused by NewConnectionError('<urllib3.connection.HTTPConnection object at 0x00000217C1C56270>: Failed to establish a new connection: [WinError 10061] No connection could be made because the target machine actively refused it'))
2025-09-05 17:04:12,103 - api_client - WARNING - client.py:80 - Request attempt 2 failed: HTTPConnectionPool(host='127.0.0.1', port=8000): Max retries exceeded with url: /api/ (Caused by NewConnectionError('<urllib3.connection.HTTPConnection object at 0x00000217C1BA7110>: Failed to establish a new connection: [WinError 10061] No connection could be made because the target machine actively refused it'))
2025-09-05 17:04:14,153 - api_client - WARNING - client.py:80 - Request attempt 3 failed: HTTPConnectionPool(host='127.0.0.1', port=8000): Max retries exceeded with url: /api/ (Caused by NewConnectionError('<urllib3.connection.HTTPConnection object at 0x00000217C1BA7610>: Failed to establish a new connection: [WinError 10061] No connection could be made because the target machine actively refused it'))
2025-09-05 17:04:14,155 - warehouse_app - INFO - main.py:46 - Main window created successfully
2025-09-05 17:04:14,310 - warehouse_app - INFO - main.py:154 - Application started successfully
2025-09-05 17:04:16,345 - main_window - INFO - main_window.py:284 - Refreshed data for Task Monitor
2025-09-05 17:04:17,546 - main_window - INFO - main_window.py:284 - Refreshed data for Map Management
2025-09-05 17:04:36,667 - device_list - INFO - device_list.py:241 - Refreshing device data...
2025-09-05 17:04:36,675 - device_list - INFO - device_list.py:261 - Loaded 12 devices from CSV
2025-09-05 17:05:06,674 - device_list - INFO - device_list.py:241 - Refreshing device data...
2025-09-05 17:05:06,683 - device_list - INFO - device_list.py:261 - Loaded 12 devices from CSV
2025-09-05 17:05:10,044 - api_client - WARNING - client.py:80 - Request attempt 1 failed: HTTPConnectionPool(host='127.0.0.1', port=8000): Max retries exceeded with url: /api/ (Caused by NewConnectionError('<urllib3.connection.HTTPConnection object at 0x00000217C198A190>: Failed to establish a new connection: [WinError 10061] No connection could be made because the target machine actively refused it'))
2025-09-05 17:05:12,090 - api_client - WARNING - client.py:80 - Request attempt 2 failed: HTTPConnectionPool(host='127.0.0.1', port=8000): Max retries exceeded with url: /api/ (Caused by NewConnectionError('<urllib3.connection.HTTPConnection object at 0x00000217C3FE0050>: Failed to establish a new connection: [WinError 10061] No connection could be made because the target machine actively refused it'))
2025-09-05 17:05:14,136 - api_client - WARNING - client.py:80 - Request attempt 3 failed: HTTPConnectionPool(host='127.0.0.1', port=8000): Max retries exceeded with url: /api/ (Caused by NewConnectionError('<urllib3.connection.HTTPConnection object at 0x00000217C1C99250>: Failed to establish a new connection: [WinError 10061] No connection could be made because the target machine actively refused it'))
2025-09-05 17:05:36,679 - device_list - INFO - device_list.py:241 - Refreshing device data...
2025-09-05 17:05:36,682 - device_list - INFO - device_list.py:261 - Loaded 12 devices from CSV
2025-09-05 17:05:52,864 - main_window - INFO - main_window.py:373 - Application closing
2025-09-05 17:05:56,200 - warehouse_app - INFO - main.py:30 - Starting Warehouse Management System v1.0.0
2025-09-05 17:05:57,703 - main_window - INFO - main_window.py:121 - Dashboard widget loaded successfully
2025-09-05 17:05:57,738 - device_list - INFO - device_list.py:241 - Refreshing device data...
2025-09-05 17:05:57,740 - device_list - INFO - device_list.py:261 - Loaded 12 devices from CSV
2025-09-05 17:05:57,757 - main_window - INFO - main_window.py:131 - Device Management widget loaded successfully
2025-09-05 17:05:57,934 - main_window - INFO - main_window.py:142 - Task Creation widget loaded successfully
2025-09-05 17:05:58,029 - main_window - INFO - main_window.py:153 - Task Monitor widget loaded successfully
2025-09-05 17:05:58,083 - user_management - INFO - user_management.py:581 - Refreshing user data...
2025-09-05 17:05:58,085 - user_management - INFO - user_management.py:603 - Loaded 12 users from CSV
2025-09-05 17:05:58,106 - main_window - INFO - main_window.py:163 - User Management widget loaded successfully
2025-09-05 17:05:58,975 - map_management - INFO - map_management.py:53 - Map Management widget initialized
2025-09-05 17:05:59,154 - main_window - INFO - main_window.py:175 - Map Management widget loaded successfully
2025-09-05 17:06:01,175 - api_client - WARNING - client.py:80 - Request attempt 1 failed: HTTPConnectionPool(host='127.0.0.1', port=8000): Max retries exceeded with url: /api/ (Caused by NewConnectionError('<urllib3.connection.HTTPConnection object at 0x00000182630A6270>: Failed to establish a new connection: [WinError 10061] No connection could be made because the target machine actively refused it'))
2025-09-05 17:06:03,202 - api_client - WARNING - client.py:80 - Request attempt 2 failed: HTTPConnectionPool(host='127.0.0.1', port=8000): Max retries exceeded with url: /api/ (Caused by NewConnectionError('<urllib3.connection.HTTPConnection object at 0x0000018262FF7110>: Failed to establish a new connection: [WinError 10061] No connection could be made because the target machine actively refused it'))
2025-09-05 17:06:05,243 - api_client - WARNING - client.py:80 - Request attempt 3 failed: HTTPConnectionPool(host='127.0.0.1', port=8000): Max retries exceeded with url: /api/ (Caused by NewConnectionError('<urllib3.connection.HTTPConnection object at 0x0000018262FF7610>: Failed to establish a new connection: [WinError 10061] No connection could be made because the target machine actively refused it'))
2025-09-05 17:06:05,246 - warehouse_app - INFO - main.py:46 - Main window created successfully
2025-09-05 17:06:05,351 - warehouse_app - INFO - main.py:154 - Application started successfully
2025-09-05 17:06:07,322 - main_window - INFO - main_window.py:284 - Refreshed data for Map Management
2025-09-05 17:06:27,733 - device_list - INFO - device_list.py:241 - Refreshing device data...
2025-09-05 17:06:27,743 - device_list - INFO - device_list.py:261 - Loaded 12 devices from CSV
2025-09-05 17:06:57,741 - device_list - INFO - device_list.py:241 - Refreshing device data...
2025-09-05 17:06:57,755 - device_list - INFO - device_list.py:261 - Loaded 12 devices from CSV
2025-09-05 17:07:01,181 - api_client - WARNING - client.py:80 - Request attempt 1 failed: HTTPConnectionPool(host='127.0.0.1', port=8000): Max retries exceeded with url: /api/ (Caused by NewConnectionError('<urllib3.connection.HTTPConnection object at 0x0000018262DCBA80>: Failed to establish a new connection: [WinError 10061] No connection could be made because the target machine actively refused it'))
2025-09-05 17:07:03,214 - api_client - WARNING - client.py:80 - Request attempt 2 failed: HTTPConnectionPool(host='127.0.0.1', port=8000): Max retries exceeded with url: /api/ (Caused by NewConnectionError('<urllib3.connection.HTTPConnection object at 0x00000182654A8050>: Failed to establish a new connection: [WinError 10061] No connection could be made because the target machine actively refused it'))
2025-09-05 17:07:05,247 - api_client - WARNING - client.py:80 - Request attempt 3 failed: HTTPConnectionPool(host='127.0.0.1', port=8000): Max retries exceeded with url: /api/ (Caused by NewConnectionError('<urllib3.connection.HTTPConnection object at 0x00000182630E9250>: Failed to establish a new connection: [WinError 10061] No connection could be made because the target machine actively refused it'))
2025-09-05 17:07:27,741 - device_list - INFO - device_list.py:241 - Refreshing device data...
2025-09-05 17:07:27,749 - device_list - INFO - device_list.py:261 - Loaded 12 devices from CSV
2025-09-05 17:07:39,015 - main_window - INFO - main_window.py:373 - Application closing
2025-09-05 17:07:43,178 - warehouse_app - INFO - main.py:30 - Starting Warehouse Management System v1.0.0
2025-09-05 17:07:44,569 - main_window - INFO - main_window.py:121 - Dashboard widget loaded successfully
2025-09-05 17:07:44,606 - device_list - INFO - device_list.py:241 - Refreshing device data...
2025-09-05 17:07:44,609 - device_list - INFO - device_list.py:261 - Loaded 12 devices from CSV
2025-09-05 17:07:44,622 - main_window - INFO - main_window.py:131 - Device Management widget loaded successfully
2025-09-05 17:07:44,808 - main_window - INFO - main_window.py:142 - Task Creation widget loaded successfully
2025-09-05 17:07:44,905 - main_window - INFO - main_window.py:153 - Task Monitor widget loaded successfully
2025-09-05 17:07:44,959 - user_management - INFO - user_management.py:581 - Refreshing user data...
2025-09-05 17:07:44,962 - user_management - INFO - user_management.py:603 - Loaded 12 users from CSV
2025-09-05 17:07:44,983 - main_window - INFO - main_window.py:163 - User Management widget loaded successfully
2025-09-05 17:07:45,588 - map_management - INFO - map_management.py:53 - Map Management widget initialized
2025-09-05 17:07:45,781 - main_window - INFO - main_window.py:175 - Map Management widget loaded successfully
2025-09-05 17:07:47,823 - api_client - WARNING - client.py:80 - Request attempt 1 failed: HTTPConnectionPool(host='127.0.0.1', port=8000): Max retries exceeded with url: /api/ (Caused by NewConnectionError('<urllib3.connection.HTTPConnection object at 0x0000014EBB776270>: Failed to establish a new connection: [WinError 10061] No connection could be made because the target machine actively refused it'))
2025-09-05 17:07:49,881 - api_client - WARNING - client.py:80 - Request attempt 2 failed: HTTPConnectionPool(host='127.0.0.1', port=8000): Max retries exceeded with url: /api/ (Caused by NewConnectionError('<urllib3.connection.HTTPConnection object at 0x0000014EBB6C7110>: Failed to establish a new connection: [WinError 10061] No connection could be made because the target machine actively refused it'))
2025-09-05 17:07:51,907 - api_client - WARNING - client.py:80 - Request attempt 3 failed: HTTPConnectionPool(host='127.0.0.1', port=8000): Max retries exceeded with url: /api/ (Caused by NewConnectionError('<urllib3.connection.HTTPConnection object at 0x0000014EBB6C7610>: Failed to establish a new connection: [WinError 10061] No connection could be made because the target machine actively refused it'))
2025-09-05 17:07:51,909 - warehouse_app - INFO - main.py:46 - Main window created successfully
2025-09-05 17:07:52,045 - warehouse_app - INFO - main.py:154 - Application started successfully
2025-09-05 17:07:54,379 - main_window - INFO - main_window.py:284 - Refreshed data for Map Management
2025-09-05 17:08:14,614 - device_list - INFO - device_list.py:241 - Refreshing device data...
2025-09-05 17:08:14,622 - device_list - INFO - device_list.py:261 - Loaded 12 devices from CSV
2025-09-05 17:08:44,613 - device_list - INFO - device_list.py:241 - Refreshing device data...
2025-09-05 17:08:44,618 - device_list - INFO - device_list.py:261 - Loaded 12 devices from CSV
2025-09-05 17:08:47,814 - api_client - WARNING - client.py:80 - Request attempt 1 failed: HTTPConnectionPool(host='127.0.0.1', port=8000): Max retries exceeded with url: /api/ (Caused by NewConnectionError('<urllib3.connection.HTTPConnection object at 0x0000014EBB4ABA80>: Failed to establish a new connection: [WinError 10061] No connection could be made because the target machine actively refused it'))
2025-09-05 17:08:49,869 - api_client - WARNING - client.py:80 - Request attempt 2 failed: HTTPConnectionPool(host='127.0.0.1', port=8000): Max retries exceeded with url: /api/ (Caused by NewConnectionError('<urllib3.connection.HTTPConnection object at 0x0000014EBDB2C050>: Failed to establish a new connection: [WinError 10061] No connection could be made because the target machine actively refused it'))
2025-09-05 17:08:51,905 - api_client - WARNING - client.py:80 - Request attempt 3 failed: HTTPConnectionPool(host='127.0.0.1', port=8000): Max retries exceeded with url: /api/ (Caused by NewConnectionError('<urllib3.connection.HTTPConnection object at 0x0000014EBB7B9250>: Failed to establish a new connection: [WinError 10061] No connection could be made because the target machine actively refused it'))
2025-09-05 17:09:14,616 - device_list - INFO - device_list.py:241 - Refreshing device data...
2025-09-05 17:09:14,625 - device_list - INFO - device_list.py:261 - Loaded 12 devices from CSV
2025-09-05 17:09:26,049 - main_window - INFO - main_window.py:373 - Application closing
2025-09-05 17:11:44,359 - warehouse_app - INFO - main.py:30 - Starting Warehouse Management System v1.0.0
2025-09-05 17:11:45,787 - main_window - INFO - main_window.py:121 - Dashboard widget loaded successfully
2025-09-05 17:11:45,823 - device_list - INFO - device_list.py:241 - Refreshing device data...
2025-09-05 17:11:45,826 - device_list - INFO - device_list.py:261 - Loaded 12 devices from CSV
2025-09-05 17:11:45,845 - main_window - INFO - main_window.py:131 - Device Management widget loaded successfully
2025-09-05 17:11:46,029 - main_window - INFO - main_window.py:142 - Task Creation widget loaded successfully
2025-09-05 17:11:46,125 - main_window - INFO - main_window.py:153 - Task Monitor widget loaded successfully
2025-09-05 17:11:46,179 - user_management - INFO - user_management.py:581 - Refreshing user data...
2025-09-05 17:11:46,183 - user_management - INFO - user_management.py:603 - Loaded 12 users from CSV
2025-09-05 17:11:46,202 - main_window - INFO - main_window.py:163 - User Management widget loaded successfully
2025-09-05 17:11:47,070 - map_management - INFO - map_management.py:53 - Map Management widget initialized
2025-09-05 17:11:47,276 - main_window - INFO - main_window.py:175 - Map Management widget loaded successfully
2025-09-05 17:11:49,310 - api_client - WARNING - client.py:80 - Request attempt 1 failed: HTTPConnectionPool(host='127.0.0.1', port=8000): Max retries exceeded with url: /api/ (Caused by NewConnectionError('<urllib3.connection.HTTPConnection object at 0x000001FEF4B26270>: Failed to establish a new connection: [WinError 10061] No connection could be made because the target machine actively refused it'))
2025-09-05 17:11:51,350 - api_client - WARNING - client.py:80 - Request attempt 2 failed: HTTPConnectionPool(host='127.0.0.1', port=8000): Max retries exceeded with url: /api/ (Caused by NewConnectionError('<urllib3.connection.HTTPConnection object at 0x000001FEF4A77110>: Failed to establish a new connection: [WinError 10061] No connection could be made because the target machine actively refused it'))
2025-09-05 17:11:53,378 - api_client - WARNING - client.py:80 - Request attempt 3 failed: HTTPConnectionPool(host='127.0.0.1', port=8000): Max retries exceeded with url: /api/ (Caused by NewConnectionError('<urllib3.connection.HTTPConnection object at 0x000001FEF4A77610>: Failed to establish a new connection: [WinError 10061] No connection could be made because the target machine actively refused it'))
2025-09-05 17:11:53,380 - warehouse_app - INFO - main.py:46 - Main window created successfully
2025-09-05 17:11:53,500 - warehouse_app - INFO - main.py:154 - Application started successfully
2025-09-05 17:11:55,585 - main_window - INFO - main_window.py:284 - Refreshed data for Map Management
2025-09-05 17:12:15,823 - device_list - INFO - device_list.py:241 - Refreshing device data...
2025-09-05 17:12:15,831 - device_list - INFO - device_list.py:261 - Loaded 12 devices from CSV
2025-09-05 17:12:45,816 - device_list - INFO - device_list.py:241 - Refreshing device data...
2025-09-05 17:12:45,824 - device_list - INFO - device_list.py:261 - Loaded 12 devices from CSV
2025-09-05 17:12:49,317 - api_client - WARNING - client.py:80 - Request attempt 1 failed: HTTPConnectionPool(host='127.0.0.1', port=8000): Max retries exceeded with url: /api/ (Caused by NewConnectionError('<urllib3.connection.HTTPConnection object at 0x000001FEF485BA80>: Failed to establish a new connection: [WinError 10061] No connection could be made because the target machine actively refused it'))
2025-09-05 17:12:51,355 - api_client - WARNING - client.py:80 - Request attempt 2 failed: HTTPConnectionPool(host='127.0.0.1', port=8000): Max retries exceeded with url: /api/ (Caused by NewConnectionError('<urllib3.connection.HTTPConnection object at 0x000001FEF6F14050>: Failed to establish a new connection: [WinError 10061] No connection could be made because the target machine actively refused it'))
2025-09-05 17:12:53,381 - api_client - WARNING - client.py:80 - Request attempt 3 failed: HTTPConnectionPool(host='127.0.0.1', port=8000): Max retries exceeded with url: /api/ (Caused by NewConnectionError('<urllib3.connection.HTTPConnection object at 0x000001FEF4B69250>: Failed to establish a new connection: [WinError 10061] No connection could be made because the target machine actively refused it'))
2025-09-05 17:13:15,814 - device_list - INFO - device_list.py:241 - Refreshing device data...
2025-09-05 17:13:15,822 - device_list - INFO - device_list.py:261 - Loaded 12 devices from CSV
2025-09-05 17:13:45,819 - device_list - INFO - device_list.py:241 - Refreshing device data...
2025-09-05 17:13:45,857 - device_list - INFO - device_list.py:261 - Loaded 12 devices from CSV
2025-09-05 17:13:49,319 - api_client - WARNING - client.py:80 - Request attempt 1 failed: HTTPConnectionPool(host='127.0.0.1', port=8000): Max retries exceeded with url: /api/ (Caused by NewConnectionError('<urllib3.connection.HTTPConnection object at 0x000001FEF6EB4160>: Failed to establish a new connection: [WinError 10061] No connection could be made because the target machine actively refused it'))
2025-09-05 17:13:51,359 - api_client - WARNING - client.py:80 - Request attempt 2 failed: HTTPConnectionPool(host='127.0.0.1', port=8000): Max retries exceeded with url: /api/ (Caused by NewConnectionError('<urllib3.connection.HTTPConnection object at 0x000001FEF6EB45A0>: Failed to establish a new connection: [WinError 10061] No connection could be made because the target machine actively refused it'))
2025-09-05 17:13:53,405 - api_client - WARNING - client.py:80 - Request attempt 3 failed: HTTPConnectionPool(host='127.0.0.1', port=8000): Max retries exceeded with url: /api/ (Caused by NewConnectionError('<urllib3.connection.HTTPConnection object at 0x000001FEF6EB47C0>: Failed to establish a new connection: [WinError 10061] No connection could be made because the target machine actively refused it'))
2025-09-05 17:14:03,185 - main_window - INFO - main_window.py:373 - Application closing
2025-09-05 17:14:07,440 - warehouse_app - INFO - main.py:30 - Starting Warehouse Management System v1.0.0
2025-09-05 17:14:08,903 - main_window - INFO - main_window.py:121 - Dashboard widget loaded successfully
2025-09-05 17:14:08,940 - device_list - INFO - device_list.py:241 - Refreshing device data...
2025-09-05 17:14:08,943 - device_list - INFO - device_list.py:261 - Loaded 12 devices from CSV
2025-09-05 17:14:08,958 - main_window - INFO - main_window.py:131 - Device Management widget loaded successfully
2025-09-05 17:14:09,140 - main_window - INFO - main_window.py:142 - Task Creation widget loaded successfully
2025-09-05 17:14:09,234 - main_window - INFO - main_window.py:153 - Task Monitor widget loaded successfully
2025-09-05 17:14:09,287 - user_management - INFO - user_management.py:581 - Refreshing user data...
2025-09-05 17:14:09,290 - user_management - INFO - user_management.py:603 - Loaded 12 users from CSV
2025-09-05 17:14:09,309 - main_window - INFO - main_window.py:163 - User Management widget loaded successfully
2025-09-05 17:14:10,163 - map_management - INFO - map_management.py:53 - Map Management widget initialized
2025-09-05 17:14:10,327 - main_window - INFO - main_window.py:175 - Map Management widget loaded successfully
2025-09-05 17:14:12,378 - api_client - WARNING - client.py:80 - Request attempt 1 failed: HTTPConnectionPool(host='127.0.0.1', port=8000): Max retries exceeded with url: /api/ (Caused by NewConnectionError('<urllib3.connection.HTTPConnection object at 0x000001482420A270>: Failed to establish a new connection: [WinError 10061] No connection could be made because the target machine actively refused it'))
2025-09-05 17:14:14,394 - api_client - WARNING - client.py:80 - Request attempt 2 failed: HTTPConnectionPool(host='127.0.0.1', port=8000): Max retries exceeded with url: /api/ (Caused by NewConnectionError('<urllib3.connection.HTTPConnection object at 0x0000014824157110>: Failed to establish a new connection: [WinError 10061] No connection could be made because the target machine actively refused it'))
2025-09-05 17:14:16,445 - api_client - WARNING - client.py:80 - Request attempt 3 failed: HTTPConnectionPool(host='127.0.0.1', port=8000): Max retries exceeded with url: /api/ (Caused by NewConnectionError('<urllib3.connection.HTTPConnection object at 0x0000014824157610>: Failed to establish a new connection: [WinError 10061] No connection could be made because the target machine actively refused it'))
2025-09-05 17:14:16,447 - warehouse_app - INFO - main.py:46 - Main window created successfully
2025-09-05 17:14:16,578 - warehouse_app - INFO - main.py:154 - Application started successfully
2025-09-05 17:14:18,569 - main_window - INFO - main_window.py:284 - Refreshed data for Map Management
2025-09-05 17:14:38,927 - device_list - INFO - device_list.py:241 - Refreshing device data...
2025-09-05 17:14:38,930 - device_list - INFO - device_list.py:261 - Loaded 12 devices from CSV
2025-09-05 17:15:08,922 - device_list - INFO - device_list.py:241 - Refreshing device data...
2025-09-05 17:15:08,930 - device_list - INFO - device_list.py:261 - Loaded 12 devices from CSV
2025-09-05 17:15:12,362 - api_client - WARNING - client.py:80 - Request attempt 1 failed: HTTPConnectionPool(host='127.0.0.1', port=8000): Max retries exceeded with url: /api/ (Caused by NewConnectionError('<urllib3.connection.HTTPConnection object at 0x0000014823F3BA80>: Failed to establish a new connection: [WinError 10061] No connection could be made because the target machine actively refused it'))
2025-09-05 17:15:14,411 - api_client - WARNING - client.py:80 - Request attempt 2 failed: HTTPConnectionPool(host='127.0.0.1', port=8000): Max retries exceeded with url: /api/ (Caused by NewConnectionError('<urllib3.connection.HTTPConnection object at 0x0000014826604050>: Failed to establish a new connection: [WinError 10061] No connection could be made because the target machine actively refused it'))
2025-09-05 17:15:16,463 - api_client - WARNING - client.py:80 - Request attempt 3 failed: HTTPConnectionPool(host='127.0.0.1', port=8000): Max retries exceeded with url: /api/ (Caused by NewConnectionError('<urllib3.connection.HTTPConnection object at 0x0000014824249250>: Failed to establish a new connection: [WinError 10061] No connection could be made because the target machine actively refused it'))
2025-09-05 17:15:38,928 - device_list - INFO - device_list.py:241 - Refreshing device data...
2025-09-05 17:15:38,940 - device_list - INFO - device_list.py:261 - Loaded 12 devices from CSV
2025-09-05 17:16:08,920 - device_list - INFO - device_list.py:241 - Refreshing device data...
2025-09-05 17:16:08,925 - device_list - INFO - device_list.py:261 - Loaded 12 devices from CSV
2025-09-05 17:16:12,363 - api_client - WARNING - client.py:80 - Request attempt 1 failed: HTTPConnectionPool(host='127.0.0.1', port=8000): Max retries exceeded with url: /api/ (Caused by NewConnectionError('<urllib3.connection.HTTPConnection object at 0x0000014826590160>: Failed to establish a new connection: [WinError 10061] No connection could be made because the target machine actively refused it'))
2025-09-05 17:16:14,384 - api_client - WARNING - client.py:80 - Request attempt 2 failed: HTTPConnectionPool(host='127.0.0.1', port=8000): Max retries exceeded with url: /api/ (Caused by NewConnectionError('<urllib3.connection.HTTPConnection object at 0x00000148265905A0>: Failed to establish a new connection: [WinError 10061] No connection could be made because the target machine actively refused it'))
2025-09-05 17:16:16,416 - api_client - WARNING - client.py:80 - Request attempt 3 failed: HTTPConnectionPool(host='127.0.0.1', port=8000): Max retries exceeded with url: /api/ (Caused by NewConnectionError('<urllib3.connection.HTTPConnection object at 0x00000148265907C0>: Failed to establish a new connection: [WinError 10061] No connection could be made because the target machine actively refused it'))
2025-09-05 17:16:38,924 - device_list - INFO - device_list.py:241 - Refreshing device data...
2025-09-05 17:16:38,927 - device_list - INFO - device_list.py:261 - Loaded 12 devices from CSV
2025-09-05 17:16:59,772 - main_window - INFO - main_window.py:373 - Application closing
2025-09-05 17:17:03,895 - warehouse_app - INFO - main.py:30 - Starting Warehouse Management System v1.0.0
2025-09-05 17:17:05,389 - main_window - INFO - main_window.py:121 - Dashboard widget loaded successfully
2025-09-05 17:17:05,427 - device_list - INFO - device_list.py:241 - Refreshing device data...
2025-09-05 17:17:05,430 - device_list - INFO - device_list.py:261 - Loaded 12 devices from CSV
2025-09-05 17:17:05,444 - main_window - INFO - main_window.py:131 - Device Management widget loaded successfully
2025-09-05 17:17:05,680 - main_window - INFO - main_window.py:142 - Task Creation widget loaded successfully
2025-09-05 17:17:05,792 - main_window - INFO - main_window.py:153 - Task Monitor widget loaded successfully
2025-09-05 17:17:05,879 - user_management - INFO - user_management.py:581 - Refreshing user data...
2025-09-05 17:17:05,917 - user_management - INFO - user_management.py:603 - Loaded 12 users from CSV
2025-09-05 17:17:05,980 - main_window - INFO - main_window.py:163 - User Management widget loaded successfully
2025-09-05 17:17:06,948 - map_management - INFO - map_management.py:53 - Map Management widget initialized
2025-09-05 17:17:07,153 - main_window - INFO - main_window.py:175 - Map Management widget loaded successfully
2025-09-05 17:17:09,233 - api_client - WARNING - client.py:80 - Request attempt 1 failed: HTTPConnectionPool(host='127.0.0.1', port=8000): Max retries exceeded with url: /api/ (Caused by NewConnectionError('<urllib3.connection.HTTPConnection object at 0x000001FFA80B6270>: Failed to establish a new connection: [WinError 10061] No connection could be made because the target machine actively refused it'))
2025-09-05 17:17:11,261 - api_client - WARNING - client.py:80 - Request attempt 2 failed: HTTPConnectionPool(host='127.0.0.1', port=8000): Max retries exceeded with url: /api/ (Caused by NewConnectionError('<urllib3.connection.HTTPConnection object at 0x000001FFA8007110>: Failed to establish a new connection: [WinError 10061] No connection could be made because the target machine actively refused it'))
2025-09-05 17:17:13,303 - api_client - WARNING - client.py:80 - Request attempt 3 failed: HTTPConnectionPool(host='127.0.0.1', port=8000): Max retries exceeded with url: /api/ (Caused by NewConnectionError('<urllib3.connection.HTTPConnection object at 0x000001FFA8007610>: Failed to establish a new connection: [WinError 10061] No connection could be made because the target machine actively refused it'))
2025-09-05 17:17:13,305 - warehouse_app - INFO - main.py:46 - Main window created successfully
2025-09-05 17:17:13,404 - warehouse_app - INFO - main.py:154 - Application started successfully
2025-09-05 17:17:15,447 - main_window - INFO - main_window.py:284 - Refreshed data for Map Management
2025-09-05 17:17:35,419 - device_list - INFO - device_list.py:241 - Refreshing device data...
2025-09-05 17:17:35,426 - device_list - INFO - device_list.py:261 - Loaded 12 devices from CSV
2025-09-05 17:18:05,424 - device_list - INFO - device_list.py:241 - Refreshing device data...
2025-09-05 17:18:05,427 - device_list - INFO - device_list.py:261 - Loaded 12 devices from CSV
2025-09-05 17:18:09,227 - api_client - WARNING - client.py:80 - Request attempt 1 failed: HTTPConnectionPool(host='127.0.0.1', port=8000): Max retries exceeded with url: /api/ (Caused by NewConnectionError('<urllib3.connection.HTTPConnection object at 0x000001FFA7DDBA80>: Failed to establish a new connection: [WinError 10061] No connection could be made because the target machine actively refused it'))
2025-09-05 17:18:11,258 - api_client - WARNING - client.py:80 - Request attempt 2 failed: HTTPConnectionPool(host='127.0.0.1', port=8000): Max retries exceeded with url: /api/ (Caused by NewConnectionError('<urllib3.connection.HTTPConnection object at 0x000001FFAA45C050>: Failed to establish a new connection: [WinError 10061] No connection could be made because the target machine actively refused it'))
2025-09-05 17:18:13,293 - api_client - WARNING - client.py:80 - Request attempt 3 failed: HTTPConnectionPool(host='127.0.0.1', port=8000): Max retries exceeded with url: /api/ (Caused by NewConnectionError('<urllib3.connection.HTTPConnection object at 0x000001FFA80F9250>: Failed to establish a new connection: [WinError 10061] No connection could be made because the target machine actively refused it'))
2025-09-05 17:18:35,417 - device_list - INFO - device_list.py:241 - Refreshing device data...
2025-09-05 17:18:35,420 - device_list - INFO - device_list.py:261 - Loaded 12 devices from CSV
2025-09-05 17:19:05,426 - device_list - INFO - device_list.py:241 - Refreshing device data...
2025-09-05 17:19:05,430 - device_list - INFO - device_list.py:261 - Loaded 12 devices from CSV
2025-09-05 17:19:09,222 - api_client - WARNING - client.py:80 - Request attempt 1 failed: HTTPConnectionPool(host='127.0.0.1', port=8000): Max retries exceeded with url: /api/ (Caused by NewConnectionError('<urllib3.connection.HTTPConnection object at 0x000001FFAA44C160>: Failed to establish a new connection: [WinError 10061] No connection could be made because the target machine actively refused it'))
2025-09-05 17:19:11,251 - api_client - WARNING - client.py:80 - Request attempt 2 failed: HTTPConnectionPool(host='127.0.0.1', port=8000): Max retries exceeded with url: /api/ (Caused by NewConnectionError('<urllib3.connection.HTTPConnection object at 0x000001FFAA44C5A0>: Failed to establish a new connection: [WinError 10061] No connection could be made because the target machine actively refused it'))
2025-09-05 17:19:13,288 - api_client - WARNING - client.py:80 - Request attempt 3 failed: HTTPConnectionPool(host='127.0.0.1', port=8000): Max retries exceeded with url: /api/ (Caused by NewConnectionError('<urllib3.connection.HTTPConnection object at 0x000001FFAA44C7C0>: Failed to establish a new connection: [WinError 10061] No connection could be made because the target machine actively refused it'))
2025-09-05 17:19:25,350 - main_window - INFO - main_window.py:373 - Application closing
2025-09-05 17:19:29,777 - warehouse_app - INFO - main.py:30 - Starting Warehouse Management System v1.0.0
2025-09-05 17:19:31,252 - main_window - INFO - main_window.py:121 - Dashboard widget loaded successfully
2025-09-05 17:19:31,291 - device_list - INFO - device_list.py:241 - Refreshing device data...
2025-09-05 17:19:31,293 - device_list - INFO - device_list.py:261 - Loaded 12 devices from CSV
2025-09-05 17:19:31,307 - main_window - INFO - main_window.py:131 - Device Management widget loaded successfully
2025-09-05 17:19:31,493 - main_window - INFO - main_window.py:142 - Task Creation widget loaded successfully
2025-09-05 17:19:31,597 - main_window - ERROR - main_window.py:155 - Task Monitor failed: unexpected indent (map_viewer.py, line 954)
2025-09-05 17:19:31,652 - user_management - INFO - user_management.py:581 - Refreshing user data...
2025-09-05 17:19:31,655 - user_management - INFO - user_management.py:603 - Loaded 12 users from CSV
2025-09-05 17:19:31,676 - main_window - INFO - main_window.py:163 - User Management widget loaded successfully
2025-09-05 17:19:31,697 - main_window - ERROR - main_window.py:177 - Map Management failed: unexpected indent (map_viewer.py, line 954)
2025-09-05 17:19:31,717 - warehouse_app - ERROR - main.py:48 - Error creating main window: unexpected indent (map_viewer.py, line 954)
2025-09-05 17:19:31,876 - warehouse_app - INFO - main.py:154 - Application started successfully
2025-09-05 17:19:48,446 - warehouse_app - INFO - main.py:30 - Starting Warehouse Management System v1.0.0
2025-09-05 17:19:50,048 - main_window - INFO - main_window.py:121 - Dashboard widget loaded successfully
2025-09-05 17:19:50,084 - device_list - INFO - device_list.py:241 - Refreshing device data...
2025-09-05 17:19:50,087 - device_list - INFO - device_list.py:261 - Loaded 12 devices from CSV
2025-09-05 17:19:50,100 - main_window - INFO - main_window.py:131 - Device Management widget loaded successfully
2025-09-05 17:19:50,288 - main_window - INFO - main_window.py:142 - Task Creation widget loaded successfully
2025-09-05 17:19:50,311 - main_window - ERROR - main_window.py:155 - Task Monitor failed: unexpected indent (map_viewer.py, line 954)
2025-09-05 17:19:50,364 - user_management - INFO - user_management.py:581 - Refreshing user data...
2025-09-05 17:19:50,368 - user_management - INFO - user_management.py:603 - Loaded 12 users from CSV
2025-09-05 17:19:50,388 - main_window - INFO - main_window.py:163 - User Management widget loaded successfully
2025-09-05 17:19:50,409 - main_window - ERROR - main_window.py:177 - Map Management failed: unexpected indent (map_viewer.py, line 954)
2025-09-05 17:19:50,429 - warehouse_app - ERROR - main.py:48 - Error creating main window: unexpected indent (map_viewer.py, line 954)
2025-09-05 17:19:50,499 - warehouse_app - INFO - main.py:154 - Application started successfully
2025-09-05 17:22:13,446 - warehouse_app - INFO - main.py:30 - Starting Warehouse Management System v1.0.0
2025-09-05 17:22:15,053 - main_window - INFO - main_window.py:121 - Dashboard widget loaded successfully
2025-09-05 17:22:15,091 - device_list - INFO - device_list.py:241 - Refreshing device data...
2025-09-05 17:22:15,094 - device_list - INFO - device_list.py:261 - Loaded 12 devices from CSV
2025-09-05 17:22:15,109 - main_window - INFO - main_window.py:131 - Device Management widget loaded successfully
2025-09-05 17:22:15,291 - main_window - INFO - main_window.py:142 - Task Creation widget loaded successfully
2025-09-05 17:22:15,326 - main_window - ERROR - main_window.py:155 - Task Monitor failed: unexpected indent (map_viewer.py, line 954)
2025-09-05 17:22:15,381 - user_management - INFO - user_management.py:581 - Refreshing user data...
2025-09-05 17:22:15,384 - user_management - INFO - user_management.py:603 - Loaded 12 users from CSV
2025-09-05 17:22:15,404 - main_window - INFO - main_window.py:163 - User Management widget loaded successfully
2025-09-05 17:22:15,425 - main_window - ERROR - main_window.py:177 - Map Management failed: unexpected indent (map_viewer.py, line 954)
2025-09-05 17:22:15,446 - warehouse_app - ERROR - main.py:48 - Error creating main window: unexpected indent (map_viewer.py, line 954)
2025-09-05 17:22:15,516 - warehouse_app - INFO - main.py:154 - Application started successfully
2025-09-05 17:24:28,129 - warehouse_app - INFO - main.py:30 - Starting Warehouse Management System v1.0.0
2025-09-05 17:24:29,514 - main_window - INFO - main_window.py:121 - Dashboard widget loaded successfully
2025-09-05 17:24:29,551 - device_list - INFO - device_list.py:241 - Refreshing device data...
2025-09-05 17:24:29,553 - device_list - INFO - device_list.py:261 - Loaded 12 devices from CSV
2025-09-05 17:24:29,565 - main_window - INFO - main_window.py:131 - Device Management widget loaded successfully
2025-09-05 17:24:29,743 - main_window - INFO - main_window.py:142 - Task Creation widget loaded successfully
2025-09-05 17:24:29,837 - main_window - INFO - main_window.py:153 - Task Monitor widget loaded successfully
2025-09-05 17:24:29,888 - user_management - INFO - user_management.py:581 - Refreshing user data...
2025-09-05 17:24:29,890 - user_management - INFO - user_management.py:603 - Loaded 12 users from CSV
2025-09-05 17:24:29,910 - main_window - INFO - main_window.py:163 - User Management widget loaded successfully
2025-09-05 17:24:30,861 - map_management - INFO - map_management.py:53 - Map Management widget initialized
2025-09-05 17:24:31,075 - main_window - INFO - main_window.py:175 - Map Management widget loaded successfully
2025-09-05 17:24:33,129 - api_client - WARNING - client.py:80 - Request attempt 1 failed: HTTPConnectionPool(host='127.0.0.1', port=8000): Max retries exceeded with url: /api/ (Caused by NewConnectionError('<urllib3.connection.HTTPConnection object at 0x0000015891B8A3C0>: Failed to establish a new connection: [WinError 10061] No connection could be made because the target machine actively refused it'))
2025-09-05 17:24:35,173 - api_client - WARNING - client.py:80 - Request attempt 2 failed: HTTPConnectionPool(host='127.0.0.1', port=8000): Max retries exceeded with url: /api/ (Caused by NewConnectionError('<urllib3.connection.HTTPConnection object at 0x0000015891AD6FD0>: Failed to establish a new connection: [WinError 10061] No connection could be made because the target machine actively refused it'))
2025-09-05 17:24:37,215 - api_client - WARNING - client.py:80 - Request attempt 3 failed: HTTPConnectionPool(host='127.0.0.1', port=8000): Max retries exceeded with url: /api/ (Caused by NewConnectionError('<urllib3.connection.HTTPConnection object at 0x0000015891AD74D0>: Failed to establish a new connection: [WinError 10061] No connection could be made because the target machine actively refused it'))
2025-09-05 17:24:37,216 - warehouse_app - INFO - main.py:46 - Main window created successfully
2025-09-05 17:24:37,316 - warehouse_app - INFO - main.py:154 - Application started successfully
2025-09-05 17:24:39,282 - main_window - INFO - main_window.py:284 - Refreshed data for Map Management
2025-09-05 17:24:59,545 - device_list - INFO - device_list.py:241 - Refreshing device data...
2025-09-05 17:24:59,548 - device_list - INFO - device_list.py:261 - Loaded 12 devices from CSV
2025-09-05 17:25:29,552 - device_list - INFO - device_list.py:241 - Refreshing device data...
2025-09-05 17:25:29,560 - device_list - INFO - device_list.py:261 - Loaded 12 devices from CSV
2025-09-05 17:25:30,050 - main_window - INFO - main_window.py:284 - Refreshed data for Task Monitor
2025-09-05 17:25:33,121 - api_client - WARNING - client.py:80 - Request attempt 1 failed: HTTPConnectionPool(host='127.0.0.1', port=8000): Max retries exceeded with url: /api/ (Caused by NewConnectionError('<urllib3.connection.HTTPConnection object at 0x00000158918A9F30>: Failed to establish a new connection: [WinError 10061] No connection could be made because the target machine actively refused it'))
2025-09-05 17:25:35,172 - api_client - WARNING - client.py:80 - Request attempt 2 failed: HTTPConnectionPool(host='127.0.0.1', port=8000): Max retries exceeded with url: /api/ (Caused by NewConnectionError('<urllib3.connection.HTTPConnection object at 0x0000015893F38050>: Failed to establish a new connection: [WinError 10061] No connection could be made because the target machine actively refused it'))
2025-09-05 17:25:37,212 - api_client - WARNING - client.py:80 - Request attempt 3 failed: HTTPConnectionPool(host='127.0.0.1', port=8000): Max retries exceeded with url: /api/ (Caused by NewConnectionError('<urllib3.connection.HTTPConnection object at 0x0000015891BC9370>: Failed to establish a new connection: [WinError 10061] No connection could be made because the target machine actively refused it'))
2025-09-05 17:25:59,555 - device_list - INFO - device_list.py:241 - Refreshing device data...
2025-09-05 17:25:59,563 - device_list - INFO - device_list.py:261 - Loaded 12 devices from CSV
2025-09-05 17:26:29,548 - device_list - INFO - device_list.py:241 - Refreshing device data...
2025-09-05 17:26:29,556 - device_list - INFO - device_list.py:261 - Loaded 12 devices from CSV
2025-09-05 17:26:33,140 - api_client - WARNING - client.py:80 - Request attempt 1 failed: HTTPConnectionPool(host='127.0.0.1', port=8000): Max retries exceeded with url: /api/ (Caused by NewConnectionError('<urllib3.connection.HTTPConnection object at 0x0000015891B2B790>: Failed to establish a new connection: [WinError 10061] No connection could be made because the target machine actively refused it'))
2025-09-05 17:26:35,189 - api_client - WARNING - client.py:80 - Request attempt 2 failed: HTTPConnectionPool(host='127.0.0.1', port=8000): Max retries exceeded with url: /api/ (Caused by NewConnectionError('<urllib3.connection.HTTPConnection object at 0x0000015891B2B240>: Failed to establish a new connection: [WinError 10061] No connection could be made because the target machine actively refused it'))
2025-09-05 17:26:37,240 - api_client - WARNING - client.py:80 - Request attempt 3 failed: HTTPConnectionPool(host='127.0.0.1', port=8000): Max retries exceeded with url: /api/ (Caused by NewConnectionError('<urllib3.connection.HTTPConnection object at 0x0000015891B2BF00>: Failed to establish a new connection: [WinError 10061] No connection could be made because the target machine actively refused it'))
2025-09-05 17:26:59,557 - device_list - INFO - device_list.py:241 - Refreshing device data...
2025-09-05 17:26:59,565 - device_list - INFO - device_list.py:261 - Loaded 12 devices from CSV
2025-09-05 17:27:29,555 - device_list - INFO - device_list.py:241 - Refreshing device data...
2025-09-05 17:27:29,563 - device_list - INFO - device_list.py:261 - Loaded 12 devices from CSV
2025-09-05 17:27:33,143 - api_client - WARNING - client.py:80 - Request attempt 1 failed: HTTPConnectionPool(host='127.0.0.1', port=8000): Max retries exceeded with url: /api/ (Caused by NewConnectionError('<urllib3.connection.HTTPConnection object at 0x0000015893F38160>: Failed to establish a new connection: [WinError 10061] No connection could be made because the target machine actively refused it'))
2025-09-05 17:27:35,209 - api_client - WARNING - client.py:80 - Request attempt 2 failed: HTTPConnectionPool(host='127.0.0.1', port=8000): Max retries exceeded with url: /api/ (Caused by NewConnectionError('<urllib3.connection.HTTPConnection object at 0x0000015893F38380>: Failed to establish a new connection: [WinError 10061] No connection could be made because the target machine actively refused it'))
2025-09-05 17:27:37,243 - api_client - WARNING - client.py:80 - Request attempt 3 failed: HTTPConnectionPool(host='127.0.0.1', port=8000): Max retries exceeded with url: /api/ (Caused by NewConnectionError('<urllib3.connection.HTTPConnection object at 0x0000015893F385A0>: Failed to establish a new connection: [WinError 10061] No connection could be made because the target machine actively refused it'))
2025-09-05 17:27:59,557 - device_list - INFO - device_list.py:241 - Refreshing device data...
2025-09-05 17:27:59,565 - device_list - INFO - device_list.py:261 - Loaded 12 devices from CSV
2025-09-05 17:28:29,543 - device_list - INFO - device_list.py:241 - Refreshing device data...
2025-09-05 17:28:29,551 - device_list - INFO - device_list.py:261 - Loaded 12 devices from CSV
2025-09-05 17:28:33,145 - api_client - WARNING - client.py:80 - Request attempt 1 failed: HTTPConnectionPool(host='127.0.0.1', port=8000): Max retries exceeded with url: /api/ (Caused by NewConnectionError('<urllib3.connection.HTTPConnection object at 0x0000015893F387C0>: Failed to establish a new connection: [WinError 10061] No connection could be made because the target machine actively refused it'))
2025-09-05 17:28:35,211 - api_client - WARNING - client.py:80 - Request attempt 2 failed: HTTPConnectionPool(host='127.0.0.1', port=8000): Max retries exceeded with url: /api/ (Caused by NewConnectionError('<urllib3.connection.HTTPConnection object at 0x0000015893F389E0>: Failed to establish a new connection: [WinError 10061] No connection could be made because the target machine actively refused it'))
2025-09-05 17:28:37,214 - api_client - WARNING - client.py:80 - Request attempt 3 failed: HTTPConnectionPool(host='127.0.0.1', port=8000): Max retries exceeded with url: /api/ (Caused by NewConnectionError('<urllib3.connection.HTTPConnection object at 0x0000015893F38C00>: Failed to establish a new connection: [WinError 10061] No connection could be made because the target machine actively refused it'))
2025-09-05 17:28:59,542 - device_list - INFO - device_list.py:241 - Refreshing device data...
2025-09-05 17:28:59,550 - device_list - INFO - device_list.py:261 - Loaded 12 devices from CSV
2025-09-05 17:29:29,544 - device_list - INFO - device_list.py:241 - Refreshing device data...
2025-09-05 17:29:29,548 - device_list - INFO - device_list.py:261 - Loaded 12 devices from CSV
2025-09-05 17:29:33,139 - api_client - WARNING - client.py:80 - Request attempt 1 failed: HTTPConnectionPool(host='127.0.0.1', port=8000): Max retries exceeded with url: /api/ (Caused by NewConnectionError('<urllib3.connection.HTTPConnection object at 0x0000015893F38E20>: Failed to establish a new connection: [WinError 10061] No connection could be made because the target machine actively refused it'))
2025-09-05 17:29:35,177 - api_client - WARNING - client.py:80 - Request attempt 2 failed: HTTPConnectionPool(host='127.0.0.1', port=8000): Max retries exceeded with url: /api/ (Caused by NewConnectionError('<urllib3.connection.HTTPConnection object at 0x0000015893F39040>: Failed to establish a new connection: [WinError 10061] No connection could be made because the target machine actively refused it'))
2025-09-05 17:29:37,211 - api_client - WARNING - client.py:80 - Request attempt 3 failed: HTTPConnectionPool(host='127.0.0.1', port=8000): Max retries exceeded with url: /api/ (Caused by NewConnectionError('<urllib3.connection.HTTPConnection object at 0x0000015893F39260>: Failed to establish a new connection: [WinError 10061] No connection could be made because the target machine actively refused it'))
2025-09-05 17:29:59,554 - device_list - INFO - device_list.py:241 - Refreshing device data...
2025-09-05 17:29:59,565 - device_list - INFO - device_list.py:261 - Loaded 12 devices from CSV
2025-09-05 17:30:29,544 - device_list - INFO - device_list.py:241 - Refreshing device data...
2025-09-05 17:30:29,553 - device_list - INFO - device_list.py:261 - Loaded 12 devices from CSV
2025-09-05 17:30:33,114 - api_client - WARNING - client.py:80 - Request attempt 1 failed: HTTPConnectionPool(host='127.0.0.1', port=8000): Max retries exceeded with url: /api/ (Caused by NewConnectionError('<urllib3.connection.HTTPConnection object at 0x0000015893F39480>: Failed to establish a new connection: [WinError 10061] No connection could be made because the target machine actively refused it'))
2025-09-05 17:30:35,146 - api_client - WARNING - client.py:80 - Request attempt 2 failed: HTTPConnectionPool(host='127.0.0.1', port=8000): Max retries exceeded with url: /api/ (Caused by NewConnectionError('<urllib3.connection.HTTPConnection object at 0x0000015893F396A0>: Failed to establish a new connection: [WinError 10061] No connection could be made because the target machine actively refused it'))
2025-09-05 17:30:37,181 - api_client - WARNING - client.py:80 - Request attempt 3 failed: HTTPConnectionPool(host='127.0.0.1', port=8000): Max retries exceeded with url: /api/ (Caused by NewConnectionError('<urllib3.connection.HTTPConnection object at 0x0000015893F398C0>: Failed to establish a new connection: [WinError 10061] No connection could be made because the target machine actively refused it'))
2025-09-05 17:30:59,549 - device_list - INFO - device_list.py:241 - Refreshing device data...
2025-09-05 17:30:59,559 - device_list - INFO - device_list.py:261 - Loaded 12 devices from CSV
2025-09-05 17:31:29,547 - device_list - INFO - device_list.py:241 - Refreshing device data...
2025-09-05 17:31:29,555 - device_list - INFO - device_list.py:261 - Loaded 12 devices from CSV
2025-09-05 17:31:33,116 - api_client - WARNING - client.py:80 - Request attempt 1 failed: HTTPConnectionPool(host='127.0.0.1', port=8000): Max retries exceeded with url: /api/ (Caused by NewConnectionError('<urllib3.connection.HTTPConnection object at 0x0000015893F39AE0>: Failed to establish a new connection: [WinError 10061] No connection could be made because the target machine actively refused it'))
2025-09-05 17:31:35,150 - api_client - WARNING - client.py:80 - Request attempt 2 failed: HTTPConnectionPool(host='127.0.0.1', port=8000): Max retries exceeded with url: /api/ (Caused by NewConnectionError('<urllib3.connection.HTTPConnection object at 0x0000015893F39D00>: Failed to establish a new connection: [WinError 10061] No connection could be made because the target machine actively refused it'))
2025-09-05 17:31:37,181 - api_client - WARNING - client.py:80 - Request attempt 3 failed: HTTPConnectionPool(host='127.0.0.1', port=8000): Max retries exceeded with url: /api/ (Caused by NewConnectionError('<urllib3.connection.HTTPConnection object at 0x0000015893F39F20>: Failed to establish a new connection: [WinError 10061] No connection could be made because the target machine actively refused it'))
2025-09-05 17:31:59,551 - device_list - INFO - device_list.py:241 - Refreshing device data...
2025-09-05 17:31:59,559 - device_list - INFO - device_list.py:261 - Loaded 12 devices from CSV
2025-09-05 17:32:29,543 - device_list - INFO - device_list.py:241 - Refreshing device data...
2025-09-05 17:32:29,547 - device_list - INFO - device_list.py:261 - Loaded 12 devices from CSV
2025-09-05 17:32:33,101 - api_client - WARNING - client.py:80 - Request attempt 1 failed: HTTPConnectionPool(host='127.0.0.1', port=8000): Max retries exceeded with url: /api/ (Caused by NewConnectionError('<urllib3.connection.HTTPConnection object at 0x0000015893F3A140>: Failed to establish a new connection: [WinError 10061] No connection could be made because the target machine actively refused it'))
2025-09-05 17:32:35,136 - api_client - WARNING - client.py:80 - Request attempt 2 failed: HTTPConnectionPool(host='127.0.0.1', port=8000): Max retries exceeded with url: /api/ (Caused by NewConnectionError('<urllib3.connection.HTTPConnection object at 0x0000015893F3A360>: Failed to establish a new connection: [WinError 10061] No connection could be made because the target machine actively refused it'))
2025-09-05 17:32:37,177 - api_client - WARNING - client.py:80 - Request attempt 3 failed: HTTPConnectionPool(host='127.0.0.1', port=8000): Max retries exceeded with url: /api/ (Caused by NewConnectionError('<urllib3.connection.HTTPConnection object at 0x0000015893F3A580>: Failed to establish a new connection: [WinError 10061] No connection could be made because the target machine actively refused it'))
2025-09-05 17:32:59,553 - device_list - INFO - device_list.py:241 - Refreshing device data...
2025-09-05 17:32:59,562 - device_list - INFO - device_list.py:261 - Loaded 12 devices from CSV
2025-09-05 17:33:29,559 - device_list - INFO - device_list.py:241 - Refreshing device data...
2025-09-05 17:33:29,566 - device_list - INFO - device_list.py:261 - Loaded 12 devices from CSV
2025-09-05 17:33:33,124 - api_client - WARNING - client.py:80 - Request attempt 1 failed: HTTPConnectionPool(host='127.0.0.1', port=8000): Max retries exceeded with url: /api/ (Caused by NewConnectionError('<urllib3.connection.HTTPConnection object at 0x0000015893F3A7A0>: Failed to establish a new connection: [WinError 10061] No connection could be made because the target machine actively refused it'))
2025-09-05 17:33:35,148 - api_client - WARNING - client.py:80 - Request attempt 2 failed: HTTPConnectionPool(host='127.0.0.1', port=8000): Max retries exceeded with url: /api/ (Caused by NewConnectionError('<urllib3.connection.HTTPConnection object at 0x0000015893F3A9C0>: Failed to establish a new connection: [WinError 10061] No connection could be made because the target machine actively refused it'))
2025-09-05 17:33:37,199 - api_client - WARNING - client.py:80 - Request attempt 3 failed: HTTPConnectionPool(host='127.0.0.1', port=8000): Max retries exceeded with url: /api/ (Caused by NewConnectionError('<urllib3.connection.HTTPConnection object at 0x0000015893F3ABE0>: Failed to establish a new connection: [WinError 10061] No connection could be made because the target machine actively refused it'))
2025-09-05 17:33:59,564 - device_list - INFO - device_list.py:241 - Refreshing device data...
2025-09-05 17:33:59,575 - device_list - INFO - device_list.py:261 - Loaded 12 devices from CSV
2025-09-05 17:34:29,570 - device_list - INFO - device_list.py:241 - Refreshing device data...
2025-09-05 17:34:29,578 - device_list - INFO - device_list.py:261 - Loaded 12 devices from CSV
2025-09-05 17:34:33,145 - api_client - WARNING - client.py:80 - Request attempt 1 failed: HTTPConnectionPool(host='127.0.0.1', port=8000): Max retries exceeded with url: /api/ (Caused by NewConnectionError('<urllib3.connection.HTTPConnection object at 0x0000015893F3AE00>: Failed to establish a new connection: [WinError 10061] No connection could be made because the target machine actively refused it'))
2025-09-05 17:34:35,193 - api_client - WARNING - client.py:80 - Request attempt 2 failed: HTTPConnectionPool(host='127.0.0.1', port=8000): Max retries exceeded with url: /api/ (Caused by NewConnectionError('<urllib3.connection.HTTPConnection object at 0x0000015893F3B020>: Failed to establish a new connection: [WinError 10061] No connection could be made because the target machine actively refused it'))
2025-09-05 17:34:37,212 - api_client - WARNING - client.py:80 - Request attempt 3 failed: HTTPConnectionPool(host='127.0.0.1', port=8000): Max retries exceeded with url: /api/ (Caused by NewConnectionError('<urllib3.connection.HTTPConnection object at 0x0000015893F3B240>: Failed to establish a new connection: [WinError 10061] No connection could be made because the target machine actively refused it'))
2025-09-05 17:34:59,565 - device_list - INFO - device_list.py:241 - Refreshing device data...
2025-09-05 17:34:59,573 - device_list - INFO - device_list.py:261 - Loaded 12 devices from CSV
2025-09-05 17:35:29,562 - device_list - INFO - device_list.py:241 - Refreshing device data...
2025-09-05 17:35:29,567 - device_list - INFO - device_list.py:261 - Loaded 12 devices from CSV
2025-09-05 17:35:33,111 - api_client - WARNING - client.py:80 - Request attempt 1 failed: HTTPConnectionPool(host='127.0.0.1', port=8000): Max retries exceeded with url: /api/ (Caused by NewConnectionError('<urllib3.connection.HTTPConnection object at 0x0000015891B2BF00>: Failed to establish a new connection: [WinError 10061] No connection could be made because the target machine actively refused it'))
2025-09-05 17:35:35,141 - api_client - WARNING - client.py:80 - Request attempt 2 failed: HTTPConnectionPool(host='127.0.0.1', port=8000): Max retries exceeded with url: /api/ (Caused by NewConnectionError('<urllib3.connection.HTTPConnection object at 0x0000015891B2B460>: Failed to establish a new connection: [WinError 10061] No connection could be made because the target machine actively refused it'))
2025-09-05 17:35:37,185 - api_client - WARNING - client.py:80 - Request attempt 3 failed: HTTPConnectionPool(host='127.0.0.1', port=8000): Max retries exceeded with url: /api/ (Caused by NewConnectionError('<urllib3.connection.HTTPConnection object at 0x0000015891B2BDF0>: Failed to establish a new connection: [WinError 10061] No connection could be made because the target machine actively refused it'))
2025-09-05 17:35:59,569 - device_list - INFO - device_list.py:241 - Refreshing device data...
2025-09-05 17:35:59,576 - device_list - INFO - device_list.py:261 - Loaded 12 devices from CSV
2025-09-05 17:36:29,568 - device_list - INFO - device_list.py:241 - Refreshing device data...
2025-09-05 17:36:29,577 - device_list - INFO - device_list.py:261 - Loaded 12 devices from CSV
2025-09-05 17:36:33,119 - api_client - WARNING - client.py:80 - Request attempt 1 failed: HTTPConnectionPool(host='127.0.0.1', port=8000): Max retries exceeded with url: /api/ (Caused by NewConnectionError('<urllib3.connection.HTTPConnection object at 0x0000015891B2B9B0>: Failed to establish a new connection: [WinError 10061] No connection could be made because the target machine actively refused it'))
2025-09-05 17:36:35,171 - api_client - WARNING - client.py:80 - Request attempt 2 failed: HTTPConnectionPool(host='127.0.0.1', port=8000): Max retries exceeded with url: /api/ (Caused by NewConnectionError('<urllib3.connection.HTTPConnection object at 0x0000015891B2B350>: Failed to establish a new connection: [WinError 10061] No connection could be made because the target machine actively refused it'))
2025-09-05 17:36:37,222 - api_client - WARNING - client.py:80 - Request attempt 3 failed: HTTPConnectionPool(host='127.0.0.1', port=8000): Max retries exceeded with url: /api/ (Caused by NewConnectionError('<urllib3.connection.HTTPConnection object at 0x0000015893FE8160>: Failed to establish a new connection: [WinError 10061] No connection could be made because the target machine actively refused it'))
2025-09-05 17:36:59,564 - device_list - INFO - device_list.py:241 - Refreshing device data...
2025-09-05 17:36:59,573 - device_list - INFO - device_list.py:261 - Loaded 12 devices from CSV
2025-09-05 17:37:29,564 - device_list - INFO - device_list.py:241 - Refreshing device data...
2025-09-05 17:37:29,571 - device_list - INFO - device_list.py:261 - Loaded 12 devices from CSV
2025-09-05 17:37:33,095 - api_client - WARNING - client.py:80 - Request attempt 1 failed: HTTPConnectionPool(host='127.0.0.1', port=8000): Max retries exceeded with url: /api/ (Caused by NewConnectionError('<urllib3.connection.HTTPConnection object at 0x0000015893FE8380>: Failed to establish a new connection: [WinError 10061] No connection could be made because the target machine actively refused it'))
2025-09-05 17:37:35,121 - api_client - WARNING - client.py:80 - Request attempt 2 failed: HTTPConnectionPool(host='127.0.0.1', port=8000): Max retries exceeded with url: /api/ (Caused by NewConnectionError('<urllib3.connection.HTTPConnection object at 0x0000015893FE85A0>: Failed to establish a new connection: [WinError 10061] No connection could be made because the target machine actively refused it'))
2025-09-05 17:37:37,158 - api_client - WARNING - client.py:80 - Request attempt 3 failed: HTTPConnectionPool(host='127.0.0.1', port=8000): Max retries exceeded with url: /api/ (Caused by NewConnectionError('<urllib3.connection.HTTPConnection object at 0x0000015893FE87C0>: Failed to establish a new connection: [WinError 10061] No connection could be made because the target machine actively refused it'))
2025-09-05 17:37:59,565 - device_list - INFO - device_list.py:241 - Refreshing device data...
2025-09-05 17:37:59,568 - device_list - INFO - device_list.py:261 - Loaded 12 devices from CSV
2025-09-05 17:38:29,567 - device_list - INFO - device_list.py:241 - Refreshing device data...
2025-09-05 17:38:29,575 - device_list - INFO - device_list.py:261 - Loaded 12 devices from CSV
2025-09-05 17:38:33,119 - api_client - WARNING - client.py:80 - Request attempt 1 failed: HTTPConnectionPool(host='127.0.0.1', port=8000): Max retries exceeded with url: /api/ (Caused by NewConnectionError('<urllib3.connection.HTTPConnection object at 0x0000015893FE89E0>: Failed to establish a new connection: [WinError 10061] No connection could be made because the target machine actively refused it'))
2025-09-05 17:38:35,172 - api_client - WARNING - client.py:80 - Request attempt 2 failed: HTTPConnectionPool(host='127.0.0.1', port=8000): Max retries exceeded with url: /api/ (Caused by NewConnectionError('<urllib3.connection.HTTPConnection object at 0x0000015893FE8C00>: Failed to establish a new connection: [WinError 10061] No connection could be made because the target machine actively refused it'))
2025-09-05 17:38:37,216 - api_client - WARNING - client.py:80 - Request attempt 3 failed: HTTPConnectionPool(host='127.0.0.1', port=8000): Max retries exceeded with url: /api/ (Caused by NewConnectionError('<urllib3.connection.HTTPConnection object at 0x0000015893FE8E20>: Failed to establish a new connection: [WinError 10061] No connection could be made because the target machine actively refused it'))
2025-09-05 17:38:59,558 - device_list - INFO - device_list.py:241 - Refreshing device data...
2025-09-05 17:38:59,562 - device_list - INFO - device_list.py:261 - Loaded 12 devices from CSV
2025-09-05 17:39:29,561 - device_list - INFO - device_list.py:241 - Refreshing device data...
2025-09-05 17:39:29,569 - device_list - INFO - device_list.py:261 - Loaded 12 devices from CSV
2025-09-05 17:39:33,118 - api_client - WARNING - client.py:80 - Request attempt 1 failed: HTTPConnectionPool(host='127.0.0.1', port=8000): Max retries exceeded with url: /api/ (Caused by NewConnectionError('<urllib3.connection.HTTPConnection object at 0x0000015893FE9040>: Failed to establish a new connection: [WinError 10061] No connection could be made because the target machine actively refused it'))
2025-09-05 17:39:35,168 - api_client - WARNING - client.py:80 - Request attempt 2 failed: HTTPConnectionPool(host='127.0.0.1', port=8000): Max retries exceeded with url: /api/ (Caused by NewConnectionError('<urllib3.connection.HTTPConnection object at 0x0000015893FE9260>: Failed to establish a new connection: [WinError 10061] No connection could be made because the target machine actively refused it'))
2025-09-05 17:39:37,182 - api_client - WARNING - client.py:80 - Request attempt 3 failed: HTTPConnectionPool(host='127.0.0.1', port=8000): Max retries exceeded with url: /api/ (Caused by NewConnectionError('<urllib3.connection.HTTPConnection object at 0x0000015893FE9480>: Failed to establish a new connection: [WinError 10061] No connection could be made because the target machine actively refused it'))
2025-09-05 17:39:59,562 - device_list - INFO - device_list.py:241 - Refreshing device data...
2025-09-05 17:39:59,566 - device_list - INFO - device_list.py:261 - Loaded 12 devices from CSV
2025-09-05 17:40:29,572 - device_list - INFO - device_list.py:241 - Refreshing device data...
2025-09-05 17:40:29,576 - device_list - INFO - device_list.py:261 - Loaded 12 devices from CSV
2025-09-05 17:40:33,113 - api_client - WARNING - client.py:80 - Request attempt 1 failed: HTTPConnectionPool(host='127.0.0.1', port=8000): Max retries exceeded with url: /api/ (Caused by NewConnectionError('<urllib3.connection.HTTPConnection object at 0x0000015893FE96A0>: Failed to establish a new connection: [WinError 10061] No connection could be made because the target machine actively refused it'))
2025-09-05 17:40:35,146 - api_client - WARNING - client.py:80 - Request attempt 2 failed: HTTPConnectionPool(host='127.0.0.1', port=8000): Max retries exceeded with url: /api/ (Caused by NewConnectionError('<urllib3.connection.HTTPConnection object at 0x0000015893FE98C0>: Failed to establish a new connection: [WinError 10061] No connection could be made because the target machine actively refused it'))
2025-09-05 17:40:37,182 - api_client - WARNING - client.py:80 - Request attempt 3 failed: HTTPConnectionPool(host='127.0.0.1', port=8000): Max retries exceeded with url: /api/ (Caused by NewConnectionError('<urllib3.connection.HTTPConnection object at 0x0000015893FE9AE0>: Failed to establish a new connection: [WinError 10061] No connection could be made because the target machine actively refused it'))
2025-09-05 17:40:59,560 - device_list - INFO - device_list.py:241 - Refreshing device data...
2025-09-05 17:40:59,568 - device_list - INFO - device_list.py:261 - Loaded 12 devices from CSV
2025-09-05 17:41:29,563 - device_list - INFO - device_list.py:241 - Refreshing device data...
2025-09-05 17:41:29,568 - device_list - INFO - device_list.py:261 - Loaded 12 devices from CSV
2025-09-05 17:41:33,105 - api_client - WARNING - client.py:80 - Request attempt 1 failed: HTTPConnectionPool(host='127.0.0.1', port=8000): Max retries exceeded with url: /api/ (Caused by NewConnectionError('<urllib3.connection.HTTPConnection object at 0x0000015893FE9D00>: Failed to establish a new connection: [WinError 10061] No connection could be made because the target machine actively refused it'))
2025-09-05 17:41:35,161 - api_client - WARNING - client.py:80 - Request attempt 2 failed: HTTPConnectionPool(host='127.0.0.1', port=8000): Max retries exceeded with url: /api/ (Caused by NewConnectionError('<urllib3.connection.HTTPConnection object at 0x0000015893FE9F20>: Failed to establish a new connection: [WinError 10061] No connection could be made because the target machine actively refused it'))
2025-09-05 17:41:37,186 - api_client - WARNING - client.py:80 - Request attempt 3 failed: HTTPConnectionPool(host='127.0.0.1', port=8000): Max retries exceeded with url: /api/ (Caused by NewConnectionError('<urllib3.connection.HTTPConnection object at 0x0000015893FEA140>: Failed to establish a new connection: [WinError 10061] No connection could be made because the target machine actively refused it'))
2025-09-05 17:41:59,564 - device_list - INFO - device_list.py:241 - Refreshing device data...
2025-09-05 17:41:59,575 - device_list - INFO - device_list.py:261 - Loaded 12 devices from CSV
2025-09-05 17:42:29,557 - device_list - INFO - device_list.py:241 - Refreshing device data...
2025-09-05 17:42:29,569 - device_list - INFO - device_list.py:261 - Loaded 12 devices from CSV
2025-09-05 17:42:33,123 - api_client - WARNING - client.py:80 - Request attempt 1 failed: HTTPConnectionPool(host='127.0.0.1', port=8000): Max retries exceeded with url: /api/ (Caused by NewConnectionError('<urllib3.connection.HTTPConnection object at 0x0000015893FEA360>: Failed to establish a new connection: [WinError 10061] No connection could be made because the target machine actively refused it'))
2025-09-05 17:42:35,166 - api_client - WARNING - client.py:80 - Request attempt 2 failed: HTTPConnectionPool(host='127.0.0.1', port=8000): Max retries exceeded with url: /api/ (Caused by NewConnectionError('<urllib3.connection.HTTPConnection object at 0x0000015893FEA580>: Failed to establish a new connection: [WinError 10061] No connection could be made because the target machine actively refused it'))
2025-09-05 17:42:37,194 - api_client - WARNING - client.py:80 - Request attempt 3 failed: HTTPConnectionPool(host='127.0.0.1', port=8000): Max retries exceeded with url: /api/ (Caused by NewConnectionError('<urllib3.connection.HTTPConnection object at 0x0000015893FEA7A0>: Failed to establish a new connection: [WinError 10061] No connection could be made because the target machine actively refused it'))
2025-09-05 17:42:59,566 - device_list - INFO - device_list.py:241 - Refreshing device data...
2025-09-05 17:42:59,572 - device_list - INFO - device_list.py:261 - Loaded 12 devices from CSV
2025-09-05 17:43:29,560 - device_list - INFO - device_list.py:241 - Refreshing device data...
2025-09-05 17:43:29,566 - device_list - INFO - device_list.py:261 - Loaded 12 devices from CSV
2025-09-05 17:43:33,129 - api_client - WARNING - client.py:80 - Request attempt 1 failed: HTTPConnectionPool(host='127.0.0.1', port=8000): Max retries exceeded with url: /api/ (Caused by NewConnectionError('<urllib3.connection.HTTPConnection object at 0x0000015893FEA9C0>: Failed to establish a new connection: [WinError 10061] No connection could be made because the target machine actively refused it'))
2025-09-05 17:43:35,167 - api_client - WARNING - client.py:80 - Request attempt 2 failed: HTTPConnectionPool(host='127.0.0.1', port=8000): Max retries exceeded with url: /api/ (Caused by NewConnectionError('<urllib3.connection.HTTPConnection object at 0x0000015893FEABE0>: Failed to establish a new connection: [WinError 10061] No connection could be made because the target machine actively refused it'))
2025-09-05 17:43:37,195 - api_client - WARNING - client.py:80 - Request attempt 3 failed: HTTPConnectionPool(host='127.0.0.1', port=8000): Max retries exceeded with url: /api/ (Caused by NewConnectionError('<urllib3.connection.HTTPConnection object at 0x0000015893FEAE00>: Failed to establish a new connection: [WinError 10061] No connection could be made because the target machine actively refused it'))
2025-09-05 17:43:59,566 - device_list - INFO - device_list.py:241 - Refreshing device data...
2025-09-05 17:43:59,575 - device_list - INFO - device_list.py:261 - Loaded 12 devices from CSV
2025-09-05 17:44:29,572 - device_list - INFO - device_list.py:241 - Refreshing device data...
2025-09-05 17:44:29,581 - device_list - INFO - device_list.py:261 - Loaded 12 devices from CSV
2025-09-05 17:44:33,097 - api_client - WARNING - client.py:80 - Request attempt 1 failed: HTTPConnectionPool(host='127.0.0.1', port=8000): Max retries exceeded with url: /api/ (Caused by NewConnectionError('<urllib3.connection.HTTPConnection object at 0x0000015893FEB020>: Failed to establish a new connection: [WinError 10061] No connection could be made because the target machine actively refused it'))
2025-09-05 17:44:35,144 - api_client - WARNING - client.py:80 - Request attempt 2 failed: HTTPConnectionPool(host='127.0.0.1', port=8000): Max retries exceeded with url: /api/ (Caused by NewConnectionError('<urllib3.connection.HTTPConnection object at 0x0000015893FEB240>: Failed to establish a new connection: [WinError 10061] No connection could be made because the target machine actively refused it'))
2025-09-05 17:44:37,193 - api_client - WARNING - client.py:80 - Request attempt 3 failed: HTTPConnectionPool(host='127.0.0.1', port=8000): Max retries exceeded with url: /api/ (Caused by NewConnectionError('<urllib3.connection.HTTPConnection object at 0x0000015893FEB460>: Failed to establish a new connection: [WinError 10061] No connection could be made because the target machine actively refused it'))
2025-09-05 17:44:59,573 - device_list - INFO - device_list.py:241 - Refreshing device data...
2025-09-05 17:44:59,582 - device_list - INFO - device_list.py:261 - Loaded 12 devices from CSV
2025-09-05 17:45:29,565 - device_list - INFO - device_list.py:241 - Refreshing device data...
2025-09-05 17:45:29,569 - device_list - INFO - device_list.py:261 - Loaded 12 devices from CSV
2025-09-05 17:45:33,101 - api_client - WARNING - client.py:80 - Request attempt 1 failed: HTTPConnectionPool(host='127.0.0.1', port=8000): Max retries exceeded with url: /api/ (Caused by NewConnectionError('<urllib3.connection.HTTPConnection object at 0x0000015891B2B350>: Failed to establish a new connection: [WinError 10061] No connection could be made because the target machine actively refused it'))
2025-09-05 17:45:35,149 - api_client - WARNING - client.py:80 - Request attempt 2 failed: HTTPConnectionPool(host='127.0.0.1', port=8000): Max retries exceeded with url: /api/ (Caused by NewConnectionError('<urllib3.connection.HTTPConnection object at 0x0000015891B2B790>: Failed to establish a new connection: [WinError 10061] No connection could be made because the target machine actively refused it'))
2025-09-05 17:45:37,189 - api_client - WARNING - client.py:80 - Request attempt 3 failed: HTTPConnectionPool(host='127.0.0.1', port=8000): Max retries exceeded with url: /api/ (Caused by NewConnectionError('<urllib3.connection.HTTPConnection object at 0x0000015891B2B680>: Failed to establish a new connection: [WinError 10061] No connection could be made because the target machine actively refused it'))
2025-09-05 17:45:59,558 - device_list - INFO - device_list.py:241 - Refreshing device data...
2025-09-05 17:45:59,562 - device_list - INFO - device_list.py:261 - Loaded 12 devices from CSV
2025-09-05 17:46:29,571 - device_list - INFO - device_list.py:241 - Refreshing device data...
2025-09-05 17:46:29,580 - device_list - INFO - device_list.py:261 - Loaded 12 devices from CSV
2025-09-05 17:46:33,102 - api_client - WARNING - client.py:80 - Request attempt 1 failed: HTTPConnectionPool(host='127.0.0.1', port=8000): Max retries exceeded with url: /api/ (Caused by NewConnectionError('<urllib3.connection.HTTPConnection object at 0x0000015891B2B240>: Failed to establish a new connection: [WinError 10061] No connection could be made because the target machine actively refused it'))
2025-09-05 17:46:35,132 - api_client - WARNING - client.py:80 - Request attempt 2 failed: HTTPConnectionPool(host='127.0.0.1', port=8000): Max retries exceeded with url: /api/ (Caused by NewConnectionError('<urllib3.connection.HTTPConnection object at 0x0000015891B2B570>: Failed to establish a new connection: [WinError 10061] No connection could be made because the target machine actively refused it'))
2025-09-05 17:46:37,184 - api_client - WARNING - client.py:80 - Request attempt 3 failed: HTTPConnectionPool(host='127.0.0.1', port=8000): Max retries exceeded with url: /api/ (Caused by NewConnectionError('<urllib3.connection.HTTPConnection object at 0x0000015893FEB350>: Failed to establish a new connection: [WinError 10061] No connection could be made because the target machine actively refused it'))
2025-09-05 17:46:59,560 - device_list - INFO - device_list.py:241 - Refreshing device data...
2025-09-05 17:46:59,564 - device_list - INFO - device_list.py:261 - Loaded 12 devices from CSV
2025-09-05 17:47:29,571 - device_list - INFO - device_list.py:241 - Refreshing device data...
2025-09-05 17:47:29,577 - device_list - INFO - device_list.py:261 - Loaded 12 devices from CSV
2025-09-05 17:47:33,125 - api_client - WARNING - client.py:80 - Request attempt 1 failed: HTTPConnectionPool(host='127.0.0.1', port=8000): Max retries exceeded with url: /api/ (Caused by NewConnectionError('<urllib3.connection.HTTPConnection object at 0x0000015893FEB130>: Failed to establish a new connection: [WinError 10061] No connection could be made because the target machine actively refused it'))
2025-09-05 17:47:35,153 - api_client - WARNING - client.py:80 - Request attempt 2 failed: HTTPConnectionPool(host='127.0.0.1', port=8000): Max retries exceeded with url: /api/ (Caused by NewConnectionError('<urllib3.connection.HTTPConnection object at 0x0000015893FEAF10>: Failed to establish a new connection: [WinError 10061] No connection could be made because the target machine actively refused it'))
2025-09-05 17:47:37,198 - api_client - WARNING - client.py:80 - Request attempt 3 failed: HTTPConnectionPool(host='127.0.0.1', port=8000): Max retries exceeded with url: /api/ (Caused by NewConnectionError('<urllib3.connection.HTTPConnection object at 0x0000015893FEACF0>: Failed to establish a new connection: [WinError 10061] No connection could be made because the target machine actively refused it'))
2025-09-05 17:47:59,563 - device_list - INFO - device_list.py:241 - Refreshing device data...
2025-09-05 17:47:59,567 - device_list - INFO - device_list.py:261 - Loaded 12 devices from CSV
2025-09-05 17:48:04,020 - main_window - INFO - main_window.py:373 - Application closing
2025-09-05 17:48:08,613 - warehouse_app - INFO - main.py:30 - Starting Warehouse Management System v1.0.0
2025-09-05 17:48:10,120 - main_window - INFO - main_window.py:121 - Dashboard widget loaded successfully
2025-09-05 17:48:10,157 - device_list - INFO - device_list.py:241 - Refreshing device data...
2025-09-05 17:48:10,160 - device_list - INFO - device_list.py:261 - Loaded 12 devices from CSV
2025-09-05 17:48:10,173 - main_window - INFO - main_window.py:131 - Device Management widget loaded successfully
2025-09-05 17:48:10,354 - main_window - INFO - main_window.py:142 - Task Creation widget loaded successfully
2025-09-05 17:48:10,450 - main_window - INFO - main_window.py:153 - Task Monitor widget loaded successfully
2025-09-05 17:48:10,503 - user_management - INFO - user_management.py:581 - Refreshing user data...
2025-09-05 17:48:10,505 - user_management - INFO - user_management.py:603 - Loaded 12 users from CSV
2025-09-05 17:48:10,523 - main_window - INFO - main_window.py:163 - User Management widget loaded successfully
2025-09-05 17:48:11,177 - map_management - INFO - map_management.py:53 - Map Management widget initialized
2025-09-05 17:48:11,403 - main_window - INFO - main_window.py:175 - Map Management widget loaded successfully
2025-09-05 17:48:13,498 - api_client - WARNING - client.py:80 - Request attempt 1 failed: HTTPConnectionPool(host='127.0.0.1', port=8000): Max retries exceeded with url: /api/ (Caused by NewConnectionError('<urllib3.connection.HTTPConnection object at 0x0000014FC71A63C0>: Failed to establish a new connection: [WinError 10061] No connection could be made because the target machine actively refused it'))
2025-09-05 17:48:15,530 - api_client - WARNING - client.py:80 - Request attempt 2 failed: HTTPConnectionPool(host='127.0.0.1', port=8000): Max retries exceeded with url: /api/ (Caused by NewConnectionError('<urllib3.connection.HTTPConnection object at 0x0000014FC70F6FD0>: Failed to establish a new connection: [WinError 10061] No connection could be made because the target machine actively refused it'))
2025-09-05 17:48:17,558 - api_client - WARNING - client.py:80 - Request attempt 3 failed: HTTPConnectionPool(host='127.0.0.1', port=8000): Max retries exceeded with url: /api/ (Caused by NewConnectionError('<urllib3.connection.HTTPConnection object at 0x0000014FC70F74D0>: Failed to establish a new connection: [WinError 10061] No connection could be made because the target machine actively refused it'))
2025-09-05 17:48:17,560 - warehouse_app - INFO - main.py:46 - Main window created successfully
2025-09-05 17:48:17,683 - warehouse_app - INFO - main.py:154 - Application started successfully
2025-09-05 17:48:21,754 - main_window - INFO - main_window.py:284 - Refreshed data for Map Management
2025-09-05 17:48:40,143 - device_list - INFO - device_list.py:241 - Refreshing device data...
2025-09-05 17:48:40,152 - device_list - INFO - device_list.py:261 - Loaded 12 devices from CSV
2025-09-05 17:48:58,732 - main_window - INFO - main_window.py:373 - Application closing
2025-09-05 17:49:02,383 - warehouse_app - INFO - main.py:30 - Starting Warehouse Management System v1.0.0
2025-09-05 17:49:03,878 - main_window - INFO - main_window.py:121 - Dashboard widget loaded successfully
2025-09-05 17:49:03,914 - device_list - INFO - device_list.py:241 - Refreshing device data...
2025-09-05 17:49:03,917 - device_list - INFO - device_list.py:261 - Loaded 12 devices from CSV
2025-09-05 17:49:03,929 - main_window - INFO - main_window.py:131 - Device Management widget loaded successfully
2025-09-05 17:49:04,113 - main_window - INFO - main_window.py:142 - Task Creation widget loaded successfully
2025-09-05 17:49:04,210 - main_window - INFO - main_window.py:153 - Task Monitor widget loaded successfully
2025-09-05 17:49:04,264 - user_management - INFO - user_management.py:581 - Refreshing user data...
2025-09-05 17:49:04,267 - user_management - INFO - user_management.py:603 - Loaded 12 users from CSV
2025-09-05 17:49:04,286 - main_window - INFO - main_window.py:163 - User Management widget loaded successfully
2025-09-05 17:49:05,091 - map_management - INFO - map_management.py:53 - Map Management widget initialized
2025-09-05 17:49:05,249 - main_window - INFO - main_window.py:175 - Map Management widget loaded successfully
2025-09-05 17:49:07,284 - api_client - WARNING - client.py:80 - Request attempt 1 failed: HTTPConnectionPool(host='127.0.0.1', port=8000): Max retries exceeded with url: /api/ (Caused by NewConnectionError('<urllib3.connection.HTTPConnection object at 0x00000279C12063C0>: Failed to establish a new connection: [WinError 10061] No connection could be made because the target machine actively refused it'))
2025-09-05 17:49:09,318 - api_client - WARNING - client.py:80 - Request attempt 2 failed: HTTPConnectionPool(host='127.0.0.1', port=8000): Max retries exceeded with url: /api/ (Caused by NewConnectionError('<urllib3.connection.HTTPConnection object at 0x00000279C1156FD0>: Failed to establish a new connection: [WinError 10061] No connection could be made because the target machine actively refused it'))
2025-09-05 17:49:11,343 - api_client - WARNING - client.py:80 - Request attempt 3 failed: HTTPConnectionPool(host='127.0.0.1', port=8000): Max retries exceeded with url: /api/ (Caused by NewConnectionError('<urllib3.connection.HTTPConnection object at 0x00000279C11574D0>: Failed to establish a new connection: [WinError 10061] No connection could be made because the target machine actively refused it'))
2025-09-05 17:49:11,345 - warehouse_app - INFO - main.py:46 - Main window created successfully
2025-09-05 17:49:11,473 - warehouse_app - INFO - main.py:154 - Application started successfully
2025-09-05 17:49:16,482 - main_window - INFO - main_window.py:284 - Refreshed data for Map Management
2025-09-05 17:49:33,360 - main_window - INFO - main_window.py:373 - Application closing
2025-09-05 17:50:19,988 - warehouse_app - INFO - main.py:30 - Starting Warehouse Management System v1.0.0
2025-09-05 17:50:21,363 - main_window - INFO - main_window.py:121 - Dashboard widget loaded successfully
2025-09-05 17:50:21,401 - device_list - INFO - device_list.py:241 - Refreshing device data...
2025-09-05 17:50:21,403 - device_list - INFO - device_list.py:261 - Loaded 12 devices from CSV
2025-09-05 17:50:21,417 - main_window - INFO - main_window.py:131 - Device Management widget loaded successfully
2025-09-05 17:50:21,598 - main_window - INFO - main_window.py:142 - Task Creation widget loaded successfully
2025-09-05 17:50:21,691 - main_window - INFO - main_window.py:153 - Task Monitor widget loaded successfully
2025-09-05 17:50:21,742 - user_management - INFO - user_management.py:581 - Refreshing user data...
2025-09-05 17:50:21,744 - user_management - INFO - user_management.py:603 - Loaded 12 users from CSV
2025-09-05 17:50:21,763 - main_window - INFO - main_window.py:163 - User Management widget loaded successfully
2025-09-05 17:50:22,417 - map_management - INFO - map_management.py:53 - Map Management widget initialized
2025-09-05 17:50:22,607 - main_window - INFO - main_window.py:175 - Map Management widget loaded successfully
2025-09-05 17:50:24,679 - api_client - WARNING - client.py:80 - Request attempt 1 failed: HTTPConnectionPool(host='127.0.0.1', port=8000): Max retries exceeded with url: /api/ (Caused by NewConnectionError('<urllib3.connection.HTTPConnection object at 0x0000019B2545A3C0>: Failed to establish a new connection: [WinError 10061] No connection could be made because the target machine actively refused it'))
2025-09-05 17:50:26,710 - api_client - WARNING - client.py:80 - Request attempt 2 failed: HTTPConnectionPool(host='127.0.0.1', port=8000): Max retries exceeded with url: /api/ (Caused by NewConnectionError('<urllib3.connection.HTTPConnection object at 0x0000019B253A6FD0>: Failed to establish a new connection: [WinError 10061] No connection could be made because the target machine actively refused it'))
2025-09-05 17:50:28,736 - api_client - WARNING - client.py:80 - Request attempt 3 failed: HTTPConnectionPool(host='127.0.0.1', port=8000): Max retries exceeded with url: /api/ (Caused by NewConnectionError('<urllib3.connection.HTTPConnection object at 0x0000019B253A74D0>: Failed to establish a new connection: [WinError 10061] No connection could be made because the target machine actively refused it'))
2025-09-05 17:50:28,738 - warehouse_app - INFO - main.py:46 - Main window created successfully
2025-09-05 17:50:28,859 - warehouse_app - INFO - main.py:154 - Application started successfully
2025-09-05 17:50:30,787 - main_window - INFO - main_window.py:284 - Refreshed data for Map Management
2025-09-05 17:50:51,386 - device_list - INFO - device_list.py:241 - Refreshing device data...
2025-09-05 17:50:51,394 - device_list - INFO - device_list.py:261 - Loaded 12 devices from CSV
2025-09-05 17:51:13,992 - main_window - INFO - main_window.py:373 - Application closing
2025-09-05 17:55:34,704 - warehouse_app - INFO - main.py:30 - Starting Warehouse Management System v1.0.0
2025-09-05 17:55:36,092 - main_window - INFO - main_window.py:121 - Dashboard widget loaded successfully
2025-09-05 17:55:36,128 - device_list - INFO - device_list.py:241 - Refreshing device data...
2025-09-05 17:55:36,130 - device_list - INFO - device_list.py:261 - Loaded 12 devices from CSV
2025-09-05 17:55:36,145 - main_window - INFO - main_window.py:131 - Device Management widget loaded successfully
2025-09-05 17:55:36,330 - main_window - INFO - main_window.py:142 - Task Creation widget loaded successfully
2025-09-05 17:55:36,393 - main_window - INFO - main_window.py:153 - Task Monitor widget loaded successfully
2025-09-05 17:55:36,446 - user_management - INFO - user_management.py:581 - Refreshing user data...
2025-09-05 17:55:36,448 - user_management - INFO - user_management.py:603 - Loaded 12 users from CSV
2025-09-05 17:55:36,468 - main_window - INFO - main_window.py:163 - User Management widget loaded successfully
2025-09-05 17:55:37,066 - map_management - INFO - map_management.py:53 - Map Management widget initialized
2025-09-05 17:55:37,222 - main_window - INFO - main_window.py:175 - Map Management widget loaded successfully
2025-09-05 17:55:39,280 - api_client - WARNING - client.py:80 - Request attempt 1 failed: HTTPConnectionPool(host='127.0.0.1', port=8000): Max retries exceeded with url: /api/ (Caused by NewConnectionError('<urllib3.connection.HTTPConnection object at 0x000001DF8FBDA3C0>: Failed to establish a new connection: [WinError 10061] No connection could be made because the target machine actively refused it'))
2025-09-05 17:55:41,304 - api_client - WARNING - client.py:80 - Request attempt 2 failed: HTTPConnectionPool(host='127.0.0.1', port=8000): Max retries exceeded with url: /api/ (Caused by NewConnectionError('<urllib3.connection.HTTPConnection object at 0x000001DF8FB26FD0>: Failed to establish a new connection: [WinError 10061] No connection could be made because the target machine actively refused it'))
2025-09-05 17:55:43,315 - api_client - WARNING - client.py:80 - Request attempt 3 failed: HTTPConnectionPool(host='127.0.0.1', port=8000): Max retries exceeded with url: /api/ (Caused by NewConnectionError('<urllib3.connection.HTTPConnection object at 0x000001DF8FB274D0>: Failed to establish a new connection: [WinError 10061] No connection could be made because the target machine actively refused it'))
2025-09-05 17:55:43,317 - warehouse_app - INFO - main.py:46 - Main window created successfully
2025-09-05 17:55:43,463 - warehouse_app - INFO - main.py:154 - Application started successfully
2025-09-05 17:55:45,757 - main_window - INFO - main_window.py:284 - Refreshed data for Map Management
2025-09-05 17:56:06,134 - device_list - INFO - device_list.py:241 - Refreshing device data...
2025-09-05 17:56:06,141 - device_list - INFO - device_list.py:261 - Loaded 12 devices from CSV
2025-09-05 17:56:36,121 - device_list - INFO - device_list.py:241 - Refreshing device data...
2025-09-05 17:56:36,129 - device_list - INFO - device_list.py:261 - Loaded 12 devices from CSV
2025-09-05 17:56:39,274 - api_client - WARNING - client.py:80 - Request attempt 1 failed: HTTPConnectionPool(host='127.0.0.1', port=8000): Max retries exceeded with url: /api/ (Caused by NewConnectionError('<urllib3.connection.HTTPConnection object at 0x000001DF8F8FB820>: Failed to establish a new connection: [WinError 10061] No connection could be made because the target machine actively refused it'))
2025-09-05 17:56:41,328 - api_client - WARNING - client.py:80 - Request attempt 2 failed: HTTPConnectionPool(host='127.0.0.1', port=8000): Max retries exceeded with url: /api/ (Caused by NewConnectionError('<urllib3.connection.HTTPConnection object at 0x000001DF8F8FB6F0>: Failed to establish a new connection: [WinError 10061] No connection could be made because the target machine actively refused it'))
2025-09-05 17:56:43,363 - api_client - WARNING - client.py:80 - Request attempt 3 failed: HTTPConnectionPool(host='127.0.0.1', port=8000): Max retries exceeded with url: /api/ (Caused by NewConnectionError('<urllib3.connection.HTTPConnection object at 0x000001DF8FBDD010>: Failed to establish a new connection: [WinError 10061] No connection could be made because the target machine actively refused it'))
2025-09-05 17:57:06,123 - device_list - INFO - device_list.py:241 - Refreshing device data...
2025-09-05 17:57:06,131 - device_list - INFO - device_list.py:261 - Loaded 12 devices from CSV
2025-09-05 17:57:36,122 - device_list - INFO - device_list.py:241 - Refreshing device data...
2025-09-05 17:57:36,127 - device_list - INFO - device_list.py:261 - Loaded 12 devices from CSV
2025-09-05 17:57:39,276 - api_client - WARNING - client.py:80 - Request attempt 1 failed: HTTPConnectionPool(host='127.0.0.1', port=8000): Max retries exceeded with url: /api/ (Caused by NewConnectionError('<urllib3.connection.HTTPConnection object at 0x000001DF8FB7B460>: Failed to establish a new connection: [WinError 10061] No connection could be made because the target machine actively refused it'))
2025-09-05 17:57:41,300 - api_client - WARNING - client.py:80 - Request attempt 2 failed: HTTPConnectionPool(host='127.0.0.1', port=8000): Max retries exceeded with url: /api/ (Caused by NewConnectionError('<urllib3.connection.HTTPConnection object at 0x000001DF8FB7BBD0>: Failed to establish a new connection: [WinError 10061] No connection could be made because the target machine actively refused it'))
2025-09-05 17:57:43,331 - api_client - WARNING - client.py:80 - Request attempt 3 failed: HTTPConnectionPool(host='127.0.0.1', port=8000): Max retries exceeded with url: /api/ (Caused by NewConnectionError('<urllib3.connection.HTTPConnection object at 0x000001DF8FB7BDF0>: Failed to establish a new connection: [WinError 10061] No connection could be made because the target machine actively refused it'))
2025-09-05 17:57:53,494 - main_window - INFO - main_window.py:373 - Application closing
2025-09-05 17:59:44,237 - warehouse_app - INFO - main.py:30 - Starting Warehouse Management System v1.0.0
2025-09-05 17:59:45,984 - main_window - INFO - main_window.py:121 - Dashboard widget loaded successfully
2025-09-05 17:59:46,024 - device_list - INFO - device_list.py:241 - Refreshing device data...
2025-09-05 17:59:46,026 - device_list - INFO - device_list.py:261 - Loaded 12 devices from CSV
2025-09-05 17:59:46,045 - main_window - INFO - main_window.py:131 - Device Management widget loaded successfully
2025-09-05 17:59:46,224 - main_window - INFO - main_window.py:142 - Task Creation widget loaded successfully
2025-09-05 17:59:46,291 - main_window - INFO - main_window.py:153 - Task Monitor widget loaded successfully
2025-09-05 17:59:46,346 - user_management - INFO - user_management.py:581 - Refreshing user data...
2025-09-05 17:59:46,349 - user_management - INFO - user_management.py:603 - Loaded 12 users from CSV
2025-09-05 17:59:46,368 - main_window - INFO - main_window.py:163 - User Management widget loaded successfully
2025-09-05 17:59:47,139 - map_management - INFO - map_management.py:53 - Map Management widget initialized
2025-09-05 17:59:47,290 - main_window - INFO - main_window.py:175 - Map Management widget loaded successfully
2025-09-05 17:59:49,325 - api_client - WARNING - client.py:80 - Request attempt 1 failed: HTTPConnectionPool(host='127.0.0.1', port=8000): Max retries exceeded with url: /api/ (Caused by NewConnectionError('<urllib3.connection.HTTPConnection object at 0x000001B3AEDAA3C0>: Failed to establish a new connection: [WinError 10061] No connection could be made because the target machine actively refused it'))
2025-09-05 17:59:51,352 - api_client - WARNING - client.py:80 - Request attempt 2 failed: HTTPConnectionPool(host='127.0.0.1', port=8000): Max retries exceeded with url: /api/ (Caused by NewConnectionError('<urllib3.connection.HTTPConnection object at 0x000001B3AECF6FD0>: Failed to establish a new connection: [WinError 10061] No connection could be made because the target machine actively refused it'))
2025-09-05 17:59:53,386 - api_client - WARNING - client.py:80 - Request attempt 3 failed: HTTPConnectionPool(host='127.0.0.1', port=8000): Max retries exceeded with url: /api/ (Caused by NewConnectionError('<urllib3.connection.HTTPConnection object at 0x000001B3AECF74D0>: Failed to establish a new connection: [WinError 10061] No connection could be made because the target machine actively refused it'))
2025-09-05 17:59:53,388 - warehouse_app - INFO - main.py:46 - Main window created successfully
2025-09-05 17:59:53,507 - warehouse_app - INFO - main.py:154 - Application started successfully
2025-09-05 17:59:55,453 - main_window - INFO - main_window.py:284 - Refreshed data for Map Management
2025-09-05 18:00:04,675 - main_window - INFO - main_window.py:373 - Application closing
2025-09-05 18:02:40,930 - warehouse_app - INFO - main.py:30 - Starting Warehouse Management System v1.0.0
2025-09-05 18:02:42,318 - main_window - INFO - main_window.py:121 - Dashboard widget loaded successfully
2025-09-05 18:02:42,353 - device_list - INFO - device_list.py:241 - Refreshing device data...
2025-09-05 18:02:42,357 - device_list - INFO - device_list.py:261 - Loaded 12 devices from CSV
2025-09-05 18:02:42,369 - main_window - INFO - main_window.py:131 - Device Management widget loaded successfully
2025-09-05 18:02:42,550 - main_window - INFO - main_window.py:142 - Task Creation widget loaded successfully
2025-09-05 18:02:42,612 - main_window - INFO - main_window.py:153 - Task Monitor widget loaded successfully
2025-09-05 18:02:42,665 - user_management - INFO - user_management.py:581 - Refreshing user data...
2025-09-05 18:02:42,667 - user_management - INFO - user_management.py:603 - Loaded 12 users from CSV
2025-09-05 18:02:42,687 - main_window - INFO - main_window.py:163 - User Management widget loaded successfully
2025-09-05 18:02:43,331 - map_management - INFO - map_management.py:53 - Map Management widget initialized
2025-09-05 18:02:43,478 - main_window - INFO - main_window.py:175 - Map Management widget loaded successfully
2025-09-05 18:02:45,517 - api_client - WARNING - client.py:80 - Request attempt 1 failed: HTTPConnectionPool(host='127.0.0.1', port=8000): Max retries exceeded with url: /api/ (Caused by NewConnectionError('<urllib3.connection.HTTPConnection object at 0x00000151A331A3C0>: Failed to establish a new connection: [WinError 10061] No connection could be made because the target machine actively refused it'))
2025-09-05 18:02:47,545 - api_client - WARNING - client.py:80 - Request attempt 2 failed: HTTPConnectionPool(host='127.0.0.1', port=8000): Max retries exceeded with url: /api/ (Caused by NewConnectionError('<urllib3.connection.HTTPConnection object at 0x00000151A3266FD0>: Failed to establish a new connection: [WinError 10061] No connection could be made because the target machine actively refused it'))
2025-09-05 18:02:49,578 - api_client - WARNING - client.py:80 - Request attempt 3 failed: HTTPConnectionPool(host='127.0.0.1', port=8000): Max retries exceeded with url: /api/ (Caused by NewConnectionError('<urllib3.connection.HTTPConnection object at 0x00000151A32674D0>: Failed to establish a new connection: [WinError 10061] No connection could be made because the target machine actively refused it'))
2025-09-05 18:02:49,581 - warehouse_app - INFO - main.py:46 - Main window created successfully
2025-09-05 18:02:49,692 - warehouse_app - INFO - main.py:154 - Application started successfully
2025-09-05 18:02:51,787 - main_window - INFO - main_window.py:284 - Refreshed data for Map Management
2025-09-05 18:03:12,342 - device_list - INFO - device_list.py:241 - Refreshing device data...
2025-09-05 18:03:12,350 - device_list - INFO - device_list.py:261 - Loaded 12 devices from CSV
2025-09-05 18:03:42,340 - device_list - INFO - device_list.py:241 - Refreshing device data...
2025-09-05 18:03:42,343 - device_list - INFO - device_list.py:261 - Loaded 12 devices from CSV
2025-09-05 18:03:45,537 - api_client - WARNING - client.py:80 - Request attempt 1 failed: HTTPConnectionPool(host='127.0.0.1', port=8000): Max retries exceeded with url: /api/ (Caused by NewConnectionError('<urllib3.connection.HTTPConnection object at 0x00000151A304BBB0>: Failed to establish a new connection: [WinError 10061] No connection could be made because the target machine actively refused it'))
2025-09-05 18:03:47,579 - api_client - WARNING - client.py:80 - Request attempt 2 failed: HTTPConnectionPool(host='127.0.0.1', port=8000): Max retries exceeded with url: /api/ (Caused by NewConnectionError('<urllib3.connection.HTTPConnection object at 0x00000151A3049BA0>: Failed to establish a new connection: [WinError 10061] No connection could be made because the target machine actively refused it'))
2025-09-05 18:03:49,611 - api_client - WARNING - client.py:80 - Request attempt 3 failed: HTTPConnectionPool(host='127.0.0.1', port=8000): Max retries exceeded with url: /api/ (Caused by NewConnectionError('<urllib3.connection.HTTPConnection object at 0x00000151A331D010>: Failed to establish a new connection: [WinError 10061] No connection could be made because the target machine actively refused it'))
2025-09-05 18:04:12,348 - device_list - INFO - device_list.py:241 - Refreshing device data...
2025-09-05 18:04:12,356 - device_list - INFO - device_list.py:261 - Loaded 12 devices from CSV
2025-09-05 18:04:42,343 - device_list - INFO - device_list.py:241 - Refreshing device data...
2025-09-05 18:04:42,346 - device_list - INFO - device_list.py:261 - Loaded 12 devices from CSV
2025-09-05 18:04:45,526 - api_client - WARNING - client.py:80 - Request attempt 1 failed: HTTPConnectionPool(host='127.0.0.1', port=8000): Max retries exceeded with url: /api/ (Caused by NewConnectionError('<urllib3.connection.HTTPConnection object at 0x00000151A32BF460>: Failed to establish a new connection: [WinError 10061] No connection could be made because the target machine actively refused it'))
2025-09-05 18:04:47,544 - api_client - WARNING - client.py:80 - Request attempt 2 failed: HTTPConnectionPool(host='127.0.0.1', port=8000): Max retries exceeded with url: /api/ (Caused by NewConnectionError('<urllib3.connection.HTTPConnection object at 0x00000151A32BFBD0>: Failed to establish a new connection: [WinError 10061] No connection could be made because the target machine actively refused it'))
2025-09-05 18:04:49,576 - api_client - WARNING - client.py:80 - Request attempt 3 failed: HTTPConnectionPool(host='127.0.0.1', port=8000): Max retries exceeded with url: /api/ (Caused by NewConnectionError('<urllib3.connection.HTTPConnection object at 0x00000151A32BFDF0>: Failed to establish a new connection: [WinError 10061] No connection could be made because the target machine actively refused it'))
2025-09-05 18:05:12,348 - device_list - INFO - device_list.py:241 - Refreshing device data...
2025-09-05 18:05:12,356 - device_list - INFO - device_list.py:261 - Loaded 12 devices from CSV
2025-09-05 18:05:39,693 - main_window - INFO - main_window.py:373 - Application closing
2025-09-05 18:05:43,674 - warehouse_app - INFO - main.py:30 - Starting Warehouse Management System v1.0.0
2025-09-05 18:05:45,071 - main_window - INFO - main_window.py:121 - Dashboard widget loaded successfully
2025-09-05 18:05:45,106 - device_list - INFO - device_list.py:241 - Refreshing device data...
2025-09-05 18:05:45,109 - device_list - INFO - device_list.py:261 - Loaded 12 devices from CSV
2025-09-05 18:05:45,126 - main_window - INFO - main_window.py:131 - Device Management widget loaded successfully
2025-09-05 18:05:45,305 - main_window - INFO - main_window.py:142 - Task Creation widget loaded successfully
2025-09-05 18:05:45,400 - main_window - INFO - main_window.py:153 - Task Monitor widget loaded successfully
2025-09-05 18:05:45,453 - user_management - INFO - user_management.py:581 - Refreshing user data...
2025-09-05 18:05:45,456 - user_management - INFO - user_management.py:603 - Loaded 12 users from CSV
2025-09-05 18:05:45,475 - main_window - INFO - main_window.py:163 - User Management widget loaded successfully
2025-09-05 18:05:46,232 - map_management - INFO - map_management.py:53 - Map Management widget initialized
2025-09-05 18:05:46,373 - main_window - INFO - main_window.py:175 - Map Management widget loaded successfully
2025-09-05 18:05:48,416 - api_client - WARNING - client.py:80 - Request attempt 1 failed: HTTPConnectionPool(host='127.0.0.1', port=8000): Max retries exceeded with url: /api/ (Caused by NewConnectionError('<urllib3.connection.HTTPConnection object at 0x000001EBEE9163C0>: Failed to establish a new connection: [WinError 10061] No connection could be made because the target machine actively refused it'))
2025-09-05 18:05:50,446 - api_client - WARNING - client.py:80 - Request attempt 2 failed: HTTPConnectionPool(host='127.0.0.1', port=8000): Max retries exceeded with url: /api/ (Caused by NewConnectionError('<urllib3.connection.HTTPConnection object at 0x000001EBEE866FD0>: Failed to establish a new connection: [WinError 10061] No connection could be made because the target machine actively refused it'))
2025-09-05 18:05:52,476 - api_client - WARNING - client.py:80 - Request attempt 3 failed: HTTPConnectionPool(host='127.0.0.1', port=8000): Max retries exceeded with url: /api/ (Caused by NewConnectionError('<urllib3.connection.HTTPConnection object at 0x000001EBEE8674D0>: Failed to establish a new connection: [WinError 10061] No connection could be made because the target machine actively refused it'))
2025-09-05 18:05:52,478 - warehouse_app - INFO - main.py:46 - Main window created successfully
2025-09-05 18:05:52,619 - warehouse_app - INFO - main.py:154 - Application started successfully
2025-09-05 18:05:57,273 - main_window - INFO - main_window.py:284 - Refreshed data for Map Management
2025-09-05 18:06:15,104 - device_list - INFO - device_list.py:241 - Refreshing device data...
2025-09-05 18:06:15,114 - device_list - INFO - device_list.py:261 - Loaded 12 devices from CSV
2025-09-05 18:06:16,702 - main_window - INFO - main_window.py:373 - Application closing
2025-09-05 18:07:29,910 - warehouse_app - INFO - main.py:30 - Starting Warehouse Management System v1.0.0
2025-09-05 18:07:31,329 - main_window - INFO - main_window.py:121 - Dashboard widget loaded successfully
2025-09-05 18:07:31,373 - device_list - INFO - device_list.py:241 - Refreshing device data...
2025-09-05 18:07:31,377 - device_list - INFO - device_list.py:261 - Loaded 12 devices from CSV
2025-09-05 18:07:31,392 - main_window - INFO - main_window.py:131 - Device Management widget loaded successfully
2025-09-05 18:07:31,621 - main_window - INFO - main_window.py:142 - Task Creation widget loaded successfully
2025-09-05 18:07:31,728 - main_window - INFO - main_window.py:153 - Task Monitor widget loaded successfully
2025-09-05 18:07:31,781 - user_management - INFO - user_management.py:581 - Refreshing user data...
2025-09-05 18:07:31,784 - user_management - INFO - user_management.py:603 - Loaded 12 users from CSV
2025-09-05 18:07:31,803 - main_window - INFO - main_window.py:163 - User Management widget loaded successfully
2025-09-05 18:07:32,470 - map_management - INFO - map_management.py:53 - Map Management widget initialized
2025-09-05 18:07:32,682 - main_window - INFO - main_window.py:175 - Map Management widget loaded successfully
2025-09-05 18:07:34,746 - api_client - WARNING - client.py:80 - Request attempt 1 failed: HTTPConnectionPool(host='127.0.0.1', port=8000): Max retries exceeded with url: /api/ (Caused by NewConnectionError('<urllib3.connection.HTTPConnection object at 0x00000222844663C0>: Failed to establish a new connection: [WinError 10061] No connection could be made because the target machine actively refused it'))
2025-09-05 18:07:36,773 - api_client - WARNING - client.py:80 - Request attempt 2 failed: HTTPConnectionPool(host='127.0.0.1', port=8000): Max retries exceeded with url: /api/ (Caused by NewConnectionError('<urllib3.connection.HTTPConnection object at 0x00000222843B6FD0>: Failed to establish a new connection: [WinError 10061] No connection could be made because the target machine actively refused it'))
2025-09-05 18:07:38,799 - api_client - WARNING - client.py:80 - Request attempt 3 failed: HTTPConnectionPool(host='127.0.0.1', port=8000): Max retries exceeded with url: /api/ (Caused by NewConnectionError('<urllib3.connection.HTTPConnection object at 0x00000222843B74D0>: Failed to establish a new connection: [WinError 10061] No connection could be made because the target machine actively refused it'))
2025-09-05 18:07:38,801 - warehouse_app - INFO - main.py:46 - Main window created successfully
2025-09-05 18:07:38,921 - warehouse_app - INFO - main.py:154 - Application started successfully
2025-09-05 18:07:40,865 - main_window - INFO - main_window.py:284 - Refreshed data for Map Management
2025-09-05 18:08:01,377 - device_list - INFO - device_list.py:241 - Refreshing device data...
2025-09-05 18:08:01,386 - device_list - INFO - device_list.py:261 - Loaded 12 devices from CSV
2025-09-05 18:08:31,371 - device_list - INFO - device_list.py:241 - Refreshing device data...
2025-09-05 18:08:31,384 - device_list - INFO - device_list.py:261 - Loaded 12 devices from CSV
2025-09-05 18:08:34,752 - api_client - WARNING - client.py:80 - Request attempt 1 failed: HTTPConnectionPool(host='127.0.0.1', port=8000): Max retries exceeded with url: /api/ (Caused by NewConnectionError('<urllib3.connection.HTTPConnection object at 0x000002228418BA80>: Failed to establish a new connection: [WinError 10061] No connection could be made because the target machine actively refused it'))
2025-09-05 18:08:36,774 - api_client - WARNING - client.py:80 - Request attempt 2 failed: HTTPConnectionPool(host='127.0.0.1', port=8000): Max retries exceeded with url: /api/ (Caused by NewConnectionError('<urllib3.connection.HTTPConnection object at 0x0000022286868050>: Failed to establish a new connection: [WinError 10061] No connection could be made because the target machine actively refused it'))
2025-09-05 18:08:38,806 - api_client - WARNING - client.py:80 - Request attempt 3 failed: HTTPConnectionPool(host='127.0.0.1', port=8000): Max retries exceeded with url: /api/ (Caused by NewConnectionError('<urllib3.connection.HTTPConnection object at 0x00000222844A9250>: Failed to establish a new connection: [WinError 10061] No connection could be made because the target machine actively refused it'))
2025-09-05 18:09:01,370 - device_list - INFO - device_list.py:241 - Refreshing device data...
2025-09-05 18:09:01,380 - device_list - INFO - device_list.py:261 - Loaded 12 devices from CSV
2025-09-05 18:09:31,381 - device_list - INFO - device_list.py:241 - Refreshing device data...
2025-09-05 18:09:31,390 - device_list - INFO - device_list.py:261 - Loaded 12 devices from CSV
2025-09-05 18:09:34,759 - api_client - WARNING - client.py:80 - Request attempt 1 failed: HTTPConnectionPool(host='127.0.0.1', port=8000): Max retries exceeded with url: /api/ (Caused by NewConnectionError('<urllib3.connection.HTTPConnection object at 0x000002228440BBD0>: Failed to establish a new connection: [WinError 10061] No connection could be made because the target machine actively refused it'))
2025-09-05 18:09:36,795 - api_client - WARNING - client.py:80 - Request attempt 2 failed: HTTPConnectionPool(host='127.0.0.1', port=8000): Max retries exceeded with url: /api/ (Caused by NewConnectionError('<urllib3.connection.HTTPConnection object at 0x000002228440B8A0>: Failed to establish a new connection: [WinError 10061] No connection could be made because the target machine actively refused it'))
2025-09-05 18:09:38,826 - api_client - WARNING - client.py:80 - Request attempt 3 failed: HTTPConnectionPool(host='127.0.0.1', port=8000): Max retries exceeded with url: /api/ (Caused by NewConnectionError('<urllib3.connection.HTTPConnection object at 0x000002228440B570>: Failed to establish a new connection: [WinError 10061] No connection could be made because the target machine actively refused it'))
2025-09-05 18:09:42,374 - main_window - INFO - main_window.py:373 - Application closing
2025-09-05 18:09:48,213 - warehouse_app - INFO - main.py:30 - Starting Warehouse Management System v1.0.0
2025-09-05 18:09:49,603 - main_window - INFO - main_window.py:121 - Dashboard widget loaded successfully
2025-09-05 18:09:49,641 - device_list - INFO - device_list.py:241 - Refreshing device data...
2025-09-05 18:09:49,644 - device_list - INFO - device_list.py:261 - Loaded 12 devices from CSV
2025-09-05 18:09:49,658 - main_window - INFO - main_window.py:131 - Device Management widget loaded successfully
2025-09-05 18:09:49,843 - main_window - INFO - main_window.py:142 - Task Creation widget loaded successfully
2025-09-05 18:09:49,941 - main_window - INFO - main_window.py:153 - Task Monitor widget loaded successfully
2025-09-05 18:09:49,994 - user_management - INFO - user_management.py:581 - Refreshing user data...
2025-09-05 18:09:49,997 - user_management - INFO - user_management.py:603 - Loaded 12 users from CSV
2025-09-05 18:09:50,017 - main_window - INFO - main_window.py:163 - User Management widget loaded successfully
2025-09-05 18:09:50,683 - map_management - INFO - map_management.py:53 - Map Management widget initialized
2025-09-05 18:09:50,934 - main_window - INFO - main_window.py:175 - Map Management widget loaded successfully
2025-09-05 18:09:52,998 - api_client - WARNING - client.py:80 - Request attempt 1 failed: HTTPConnectionPool(host='127.0.0.1', port=8000): Max retries exceeded with url: /api/ (Caused by NewConnectionError('<urllib3.connection.HTTPConnection object at 0x00000248F39863C0>: Failed to establish a new connection: [WinError 10061] No connection could be made because the target machine actively refused it'))
2025-09-05 18:09:55,022 - api_client - WARNING - client.py:80 - Request attempt 2 failed: HTTPConnectionPool(host='127.0.0.1', port=8000): Max retries exceeded with url: /api/ (Caused by NewConnectionError('<urllib3.connection.HTTPConnection object at 0x00000248F38D6FD0>: Failed to establish a new connection: [WinError 10061] No connection could be made because the target machine actively refused it'))
2025-09-05 18:09:57,057 - api_client - WARNING - client.py:80 - Request attempt 3 failed: HTTPConnectionPool(host='127.0.0.1', port=8000): Max retries exceeded with url: /api/ (Caused by NewConnectionError('<urllib3.connection.HTTPConnection object at 0x00000248F38D74D0>: Failed to establish a new connection: [WinError 10061] No connection could be made because the target machine actively refused it'))
2025-09-05 18:09:57,059 - warehouse_app - INFO - main.py:46 - Main window created successfully
2025-09-05 18:09:57,182 - warehouse_app - INFO - main.py:154 - Application started successfully
2025-09-05 18:09:59,427 - main_window - INFO - main_window.py:284 - Refreshed data for Map Management
2025-09-05 18:10:19,639 - device_list - INFO - device_list.py:241 - Refreshing device data...
2025-09-05 18:10:19,650 - device_list - INFO - device_list.py:261 - Loaded 12 devices from CSV
2025-09-05 18:10:49,637 - device_list - INFO - device_list.py:241 - Refreshing device data...
2025-09-05 18:10:49,645 - device_list - INFO - device_list.py:261 - Loaded 12 devices from CSV
2025-09-05 18:10:52,994 - api_client - WARNING - client.py:80 - Request attempt 1 failed: HTTPConnectionPool(host='127.0.0.1', port=8000): Max retries exceeded with url: /api/ (Caused by NewConnectionError('<urllib3.connection.HTTPConnection object at 0x00000248F36BBA80>: Failed to establish a new connection: [WinError 10061] No connection could be made because the target machine actively refused it'))
2025-09-05 18:10:55,027 - api_client - WARNING - client.py:80 - Request attempt 2 failed: HTTPConnectionPool(host='127.0.0.1', port=8000): Max retries exceeded with url: /api/ (Caused by NewConnectionError('<urllib3.connection.HTTPConnection object at 0x00000248F5D5C050>: Failed to establish a new connection: [WinError 10061] No connection could be made because the target machine actively refused it'))
2025-09-05 18:10:57,067 - api_client - WARNING - client.py:80 - Request attempt 3 failed: HTTPConnectionPool(host='127.0.0.1', port=8000): Max retries exceeded with url: /api/ (Caused by NewConnectionError('<urllib3.connection.HTTPConnection object at 0x00000248F39C9250>: Failed to establish a new connection: [WinError 10061] No connection could be made because the target machine actively refused it'))
2025-09-05 18:11:19,641 - device_list - INFO - device_list.py:241 - Refreshing device data...
2025-09-05 18:11:19,649 - device_list - INFO - device_list.py:261 - Loaded 12 devices from CSV
2025-09-05 18:11:49,647 - device_list - INFO - device_list.py:241 - Refreshing device data...
2025-09-05 18:11:49,655 - device_list - INFO - device_list.py:261 - Loaded 12 devices from CSV
2025-09-05 18:11:53,000 - api_client - WARNING - client.py:80 - Request attempt 1 failed: HTTPConnectionPool(host='127.0.0.1', port=8000): Max retries exceeded with url: /api/ (Caused by NewConnectionError('<urllib3.connection.HTTPConnection object at 0x00000248F5D7C160>: Failed to establish a new connection: [WinError 10061] No connection could be made because the target machine actively refused it'))
2025-09-05 18:11:55,024 - api_client - WARNING - client.py:80 - Request attempt 2 failed: HTTPConnectionPool(host='127.0.0.1', port=8000): Max retries exceeded with url: /api/ (Caused by NewConnectionError('<urllib3.connection.HTTPConnection object at 0x00000248F5D7C5A0>: Failed to establish a new connection: [WinError 10061] No connection could be made because the target machine actively refused it'))
2025-09-05 18:11:57,048 - api_client - WARNING - client.py:80 - Request attempt 3 failed: HTTPConnectionPool(host='127.0.0.1', port=8000): Max retries exceeded with url: /api/ (Caused by NewConnectionError('<urllib3.connection.HTTPConnection object at 0x00000248F5D7C7C0>: Failed to establish a new connection: [WinError 10061] No connection could be made because the target machine actively refused it'))
2025-09-05 18:12:19,635 - device_list - INFO - device_list.py:241 - Refreshing device data...
2025-09-05 18:12:19,641 - device_list - INFO - device_list.py:261 - Loaded 12 devices from CSV
2025-09-05 18:12:49,645 - device_list - INFO - device_list.py:241 - Refreshing device data...
2025-09-05 18:12:49,653 - device_list - INFO - device_list.py:261 - Loaded 12 devices from CSV
2025-09-05 18:12:53,013 - api_client - WARNING - client.py:80 - Request attempt 1 failed: HTTPConnectionPool(host='127.0.0.1', port=8000): Max retries exceeded with url: /api/ (Caused by NewConnectionError('<urllib3.connection.HTTPConnection object at 0x00000248F392BF00>: Failed to establish a new connection: [WinError 10061] No connection could be made because the target machine actively refused it'))
2025-09-05 18:12:55,052 - api_client - WARNING - client.py:80 - Request attempt 2 failed: HTTPConnectionPool(host='127.0.0.1', port=8000): Max retries exceeded with url: /api/ (Caused by NewConnectionError('<urllib3.connection.HTTPConnection object at 0x00000248F392BCE0>: Failed to establish a new connection: [WinError 10061] No connection could be made because the target machine actively refused it'))
2025-09-05 18:12:57,074 - api_client - WARNING - client.py:80 - Request attempt 3 failed: HTTPConnectionPool(host='127.0.0.1', port=8000): Max retries exceeded with url: /api/ (Caused by NewConnectionError('<urllib3.connection.HTTPConnection object at 0x00000248F392B9B0>: Failed to establish a new connection: [WinError 10061] No connection could be made because the target machine actively refused it'))
2025-09-05 18:13:19,649 - device_list - INFO - device_list.py:241 - Refreshing device data...
2025-09-05 18:13:19,658 - device_list - INFO - device_list.py:261 - Loaded 12 devices from CSV
2025-09-05 18:13:49,639 - device_list - INFO - device_list.py:241 - Refreshing device data...
2025-09-05 18:13:49,647 - device_list - INFO - device_list.py:261 - Loaded 12 devices from CSV
2025-09-05 18:13:53,008 - api_client - WARNING - client.py:80 - Request attempt 1 failed: HTTPConnectionPool(host='127.0.0.1', port=8000): Max retries exceeded with url: /api/ (Caused by NewConnectionError('<urllib3.connection.HTTPConnection object at 0x00000248F392B790>: Failed to establish a new connection: [WinError 10061] No connection could be made because the target machine actively refused it'))
2025-09-05 18:13:55,047 - api_client - WARNING - client.py:80 - Request attempt 2 failed: HTTPConnectionPool(host='127.0.0.1', port=8000): Max retries exceeded with url: /api/ (Caused by NewConnectionError('<urllib3.connection.HTTPConnection object at 0x00000248F392B460>: Failed to establish a new connection: [WinError 10061] No connection could be made because the target machine actively refused it'))
2025-09-05 18:13:57,068 - api_client - WARNING - client.py:80 - Request attempt 3 failed: HTTPConnectionPool(host='127.0.0.1', port=8000): Max retries exceeded with url: /api/ (Caused by NewConnectionError('<urllib3.connection.HTTPConnection object at 0x00000248F392B680>: Failed to establish a new connection: [WinError 10061] No connection could be made because the target machine actively refused it'))
2025-09-05 18:14:19,645 - device_list - INFO - device_list.py:241 - Refreshing device data...
2025-09-05 18:14:19,653 - device_list - INFO - device_list.py:261 - Loaded 12 devices from CSV
2025-09-05 18:14:49,637 - device_list - INFO - device_list.py:241 - Refreshing device data...
2025-09-05 18:14:49,645 - device_list - INFO - device_list.py:261 - Loaded 12 devices from CSV
2025-09-05 18:14:53,004 - api_client - WARNING - client.py:80 - Request attempt 1 failed: HTTPConnectionPool(host='127.0.0.1', port=8000): Max retries exceeded with url: /api/ (Caused by NewConnectionError('<urllib3.connection.HTTPConnection object at 0x00000248F5D28050>: Failed to establish a new connection: [WinError 10061] No connection could be made because the target machine actively refused it'))
2025-09-05 18:14:55,042 - api_client - WARNING - client.py:80 - Request attempt 2 failed: HTTPConnectionPool(host='127.0.0.1', port=8000): Max retries exceeded with url: /api/ (Caused by NewConnectionError('<urllib3.connection.HTTPConnection object at 0x00000248F5D28270>: Failed to establish a new connection: [WinError 10061] No connection could be made because the target machine actively refused it'))
2025-09-05 18:14:57,081 - api_client - WARNING - client.py:80 - Request attempt 3 failed: HTTPConnectionPool(host='127.0.0.1', port=8000): Max retries exceeded with url: /api/ (Caused by NewConnectionError('<urllib3.connection.HTTPConnection object at 0x00000248F5D28490>: Failed to establish a new connection: [WinError 10061] No connection could be made because the target machine actively refused it'))
2025-09-05 18:15:19,643 - device_list - INFO - device_list.py:241 - Refreshing device data...
2025-09-05 18:15:19,650 - device_list - INFO - device_list.py:261 - Loaded 12 devices from CSV
2025-09-05 18:15:32,025 - main_window - INFO - main_window.py:284 - Refreshed data for Task Monitor
2025-09-05 18:15:49,647 - device_list - INFO - device_list.py:241 - Refreshing device data...
2025-09-05 18:15:49,655 - device_list - INFO - device_list.py:261 - Loaded 12 devices from CSV
2025-09-05 18:15:53,034 - api_client - WARNING - client.py:80 - Request attempt 1 failed: HTTPConnectionPool(host='127.0.0.1', port=8000): Max retries exceeded with url: /api/ (Caused by NewConnectionError('<urllib3.connection.HTTPConnection object at 0x00000248F5D286B0>: Failed to establish a new connection: [WinError 10061] No connection could be made because the target machine actively refused it'))
2025-09-05 18:15:55,088 - api_client - WARNING - client.py:80 - Request attempt 2 failed: HTTPConnectionPool(host='127.0.0.1', port=8000): Max retries exceeded with url: /api/ (Caused by NewConnectionError('<urllib3.connection.HTTPConnection object at 0x00000248F5D288D0>: Failed to establish a new connection: [WinError 10061] No connection could be made because the target machine actively refused it'))
2025-09-05 18:15:57,137 - api_client - WARNING - client.py:80 - Request attempt 3 failed: HTTPConnectionPool(host='127.0.0.1', port=8000): Max retries exceeded with url: /api/ (Caused by NewConnectionError('<urllib3.connection.HTTPConnection object at 0x00000248F5D28AF0>: Failed to establish a new connection: [WinError 10061] No connection could be made because the target machine actively refused it'))
2025-09-05 18:16:06,105 - main_window - INFO - main_window.py:284 - Refreshed data for Map Management
2025-09-05 18:16:19,638 - device_list - INFO - device_list.py:241 - Refreshing device data...
2025-09-05 18:16:19,645 - device_list - INFO - device_list.py:261 - Loaded 12 devices from CSV
2025-09-05 18:16:49,637 - device_list - INFO - device_list.py:241 - Refreshing device data...
2025-09-05 18:16:49,642 - device_list - INFO - device_list.py:261 - Loaded 12 devices from CSV
2025-09-05 18:16:52,988 - api_client - WARNING - client.py:80 - Request attempt 1 failed: HTTPConnectionPool(host='127.0.0.1', port=8000): Max retries exceeded with url: /api/ (Caused by NewConnectionError('<urllib3.connection.HTTPConnection object at 0x00000248F5D28D10>: Failed to establish a new connection: [WinError 10061] No connection could be made because the target machine actively refused it'))
2025-09-05 18:16:55,027 - api_client - WARNING - client.py:80 - Request attempt 2 failed: HTTPConnectionPool(host='127.0.0.1', port=8000): Max retries exceeded with url: /api/ (Caused by NewConnectionError('<urllib3.connection.HTTPConnection object at 0x00000248F5D28F30>: Failed to establish a new connection: [WinError 10061] No connection could be made because the target machine actively refused it'))
2025-09-05 18:16:57,053 - api_client - WARNING - client.py:80 - Request attempt 3 failed: HTTPConnectionPool(host='127.0.0.1', port=8000): Max retries exceeded with url: /api/ (Caused by NewConnectionError('<urllib3.connection.HTTPConnection object at 0x00000248F5D29150>: Failed to establish a new connection: [WinError 10061] No connection could be made because the target machine actively refused it'))
2025-09-05 18:17:19,648 - device_list - INFO - device_list.py:241 - Refreshing device data...
2025-09-05 18:17:19,660 - device_list - INFO - device_list.py:261 - Loaded 12 devices from CSV
2025-09-05 18:17:37,473 - main_window - INFO - main_window.py:373 - Application closing
2025-09-05 18:17:41,241 - warehouse_app - INFO - main.py:30 - Starting Warehouse Management System v1.0.0
2025-09-05 18:17:42,650 - main_window - INFO - main_window.py:121 - Dashboard widget loaded successfully
2025-09-05 18:17:42,690 - device_list - INFO - device_list.py:241 - Refreshing device data...
2025-09-05 18:17:42,693 - device_list - INFO - device_list.py:261 - Loaded 12 devices from CSV
2025-09-05 18:17:42,705 - main_window - INFO - main_window.py:131 - Device Management widget loaded successfully
2025-09-05 18:17:42,887 - main_window - INFO - main_window.py:142 - Task Creation widget loaded successfully
2025-09-05 18:17:42,985 - main_window - INFO - main_window.py:153 - Task Monitor widget loaded successfully
2025-09-05 18:17:43,037 - user_management - INFO - user_management.py:581 - Refreshing user data...
2025-09-05 18:17:43,039 - user_management - INFO - user_management.py:603 - Loaded 12 users from CSV
2025-09-05 18:17:43,059 - main_window - INFO - main_window.py:163 - User Management widget loaded successfully
2025-09-05 18:17:43,739 - map_management - INFO - map_management.py:53 - Map Management widget initialized
2025-09-05 18:17:43,880 - main_window - INFO - main_window.py:175 - Map Management widget loaded successfully
2025-09-05 18:17:45,903 - api_client - WARNING - client.py:80 - Request attempt 1 failed: HTTPConnectionPool(host='127.0.0.1', port=8000): Max retries exceeded with url: /api/ (Caused by NewConnectionError('<urllib3.connection.HTTPConnection object at 0x00000284CC09A3C0>: Failed to establish a new connection: [WinError 10061] No connection could be made because the target machine actively refused it'))
2025-09-05 18:17:47,935 - api_client - WARNING - client.py:80 - Request attempt 2 failed: HTTPConnectionPool(host='127.0.0.1', port=8000): Max retries exceeded with url: /api/ (Caused by NewConnectionError('<urllib3.connection.HTTPConnection object at 0x00000284CBFE6FD0>: Failed to establish a new connection: [WinError 10061] No connection could be made because the target machine actively refused it'))
2025-09-05 18:17:49,957 - api_client - WARNING - client.py:80 - Request attempt 3 failed: HTTPConnectionPool(host='127.0.0.1', port=8000): Max retries exceeded with url: /api/ (Caused by NewConnectionError('<urllib3.connection.HTTPConnection object at 0x00000284CBFE74D0>: Failed to establish a new connection: [WinError 10061] No connection could be made because the target machine actively refused it'))
2025-09-05 18:17:49,959 - warehouse_app - INFO - main.py:46 - Main window created successfully
2025-09-05 18:17:50,080 - warehouse_app - INFO - main.py:154 - Application started successfully
2025-09-05 18:17:52,007 - main_window - INFO - main_window.py:284 - Refreshed data for Map Management
2025-09-05 18:18:12,672 - device_list - INFO - device_list.py:241 - Refreshing device data...
2025-09-05 18:18:12,680 - device_list - INFO - device_list.py:261 - Loaded 12 devices from CSV
2025-09-05 18:18:42,677 - device_list - INFO - device_list.py:241 - Refreshing device data...
2025-09-05 18:18:42,682 - device_list - INFO - device_list.py:261 - Loaded 12 devices from CSV
2025-09-05 18:18:45,905 - api_client - WARNING - client.py:80 - Request attempt 1 failed: HTTPConnectionPool(host='127.0.0.1', port=8000): Max retries exceeded with url: /api/ (Caused by NewConnectionError('<urllib3.connection.HTTPConnection object at 0x00000284CBDCBA80>: Failed to establish a new connection: [WinError 10061] No connection could be made because the target machine actively refused it'))
2025-09-05 18:18:47,942 - api_client - WARNING - client.py:80 - Request attempt 2 failed: HTTPConnectionPool(host='127.0.0.1', port=8000): Max retries exceeded with url: /api/ (Caused by NewConnectionError('<urllib3.connection.HTTPConnection object at 0x00000284CE49C050>: Failed to establish a new connection: [WinError 10061] No connection could be made because the target machine actively refused it'))
2025-09-05 18:18:49,980 - api_client - WARNING - client.py:80 - Request attempt 3 failed: HTTPConnectionPool(host='127.0.0.1', port=8000): Max retries exceeded with url: /api/ (Caused by NewConnectionError('<urllib3.connection.HTTPConnection object at 0x00000284CC0D9250>: Failed to establish a new connection: [WinError 10061] No connection could be made because the target machine actively refused it'))
2025-09-05 18:19:12,677 - device_list - INFO - device_list.py:241 - Refreshing device data...
2025-09-05 18:19:12,685 - device_list - INFO - device_list.py:261 - Loaded 12 devices from CSV
2025-09-05 18:19:42,674 - device_list - INFO - device_list.py:241 - Refreshing device data...
2025-09-05 18:19:42,682 - device_list - INFO - device_list.py:261 - Loaded 12 devices from CSV
2025-09-05 18:19:45,911 - api_client - WARNING - client.py:80 - Request attempt 1 failed: HTTPConnectionPool(host='127.0.0.1', port=8000): Max retries exceeded with url: /api/ (Caused by NewConnectionError('<urllib3.connection.HTTPConnection object at 0x00000284CE430160>: Failed to establish a new connection: [WinError 10061] No connection could be made because the target machine actively refused it'))
2025-09-05 18:19:47,938 - api_client - WARNING - client.py:80 - Request attempt 2 failed: HTTPConnectionPool(host='127.0.0.1', port=8000): Max retries exceeded with url: /api/ (Caused by NewConnectionError('<urllib3.connection.HTTPConnection object at 0x00000284CE4305A0>: Failed to establish a new connection: [WinError 10061] No connection could be made because the target machine actively refused it'))
2025-09-05 18:19:49,965 - api_client - WARNING - client.py:80 - Request attempt 3 failed: HTTPConnectionPool(host='127.0.0.1', port=8000): Max retries exceeded with url: /api/ (Caused by NewConnectionError('<urllib3.connection.HTTPConnection object at 0x00000284CE4307C0>: Failed to establish a new connection: [WinError 10061] No connection could be made because the target machine actively refused it'))
2025-09-05 18:20:12,673 - device_list - INFO - device_list.py:241 - Refreshing device data...
2025-09-05 18:20:12,677 - device_list - INFO - device_list.py:261 - Loaded 12 devices from CSV
2025-09-05 18:20:42,674 - device_list - INFO - device_list.py:241 - Refreshing device data...
2025-09-05 18:20:42,682 - device_list - INFO - device_list.py:261 - Loaded 12 devices from CSV
2025-09-05 18:20:45,898 - api_client - WARNING - client.py:80 - Request attempt 1 failed: HTTPConnectionPool(host='127.0.0.1', port=8000): Max retries exceeded with url: /api/ (Caused by NewConnectionError('<urllib3.connection.HTTPConnection object at 0x00000284CC03BF00>: Failed to establish a new connection: [WinError 10061] No connection could be made because the target machine actively refused it'))
2025-09-05 18:20:47,930 - api_client - WARNING - client.py:80 - Request attempt 2 failed: HTTPConnectionPool(host='127.0.0.1', port=8000): Max retries exceeded with url: /api/ (Caused by NewConnectionError('<urllib3.connection.HTTPConnection object at 0x00000284CC03BCE0>: Failed to establish a new connection: [WinError 10061] No connection could be made because the target machine actively refused it'))
2025-09-05 18:20:49,975 - api_client - WARNING - client.py:80 - Request attempt 3 failed: HTTPConnectionPool(host='127.0.0.1', port=8000): Max retries exceeded with url: /api/ (Caused by NewConnectionError('<urllib3.connection.HTTPConnection object at 0x00000284CC03B9B0>: Failed to establish a new connection: [WinError 10061] No connection could be made because the target machine actively refused it'))
2025-09-05 18:21:12,671 - device_list - INFO - device_list.py:241 - Refreshing device data...
2025-09-05 18:21:12,674 - device_list - INFO - device_list.py:261 - Loaded 12 devices from CSV
2025-09-05 18:21:42,683 - device_list - INFO - device_list.py:241 - Refreshing device data...
2025-09-05 18:21:42,688 - device_list - INFO - device_list.py:261 - Loaded 12 devices from CSV
2025-09-05 18:21:45,912 - api_client - WARNING - client.py:80 - Request attempt 1 failed: HTTPConnectionPool(host='127.0.0.1', port=8000): Max retries exceeded with url: /api/ (Caused by NewConnectionError('<urllib3.connection.HTTPConnection object at 0x00000284CC03B790>: Failed to establish a new connection: [WinError 10061] No connection could be made because the target machine actively refused it'))
2025-09-05 18:21:47,961 - api_client - WARNING - client.py:80 - Request attempt 2 failed: HTTPConnectionPool(host='127.0.0.1', port=8000): Max retries exceeded with url: /api/ (Caused by NewConnectionError('<urllib3.connection.HTTPConnection object at 0x00000284CC03B460>: Failed to establish a new connection: [WinError 10061] No connection could be made because the target machine actively refused it'))
2025-09-05 18:21:50,004 - api_client - WARNING - client.py:80 - Request attempt 3 failed: HTTPConnectionPool(host='127.0.0.1', port=8000): Max retries exceeded with url: /api/ (Caused by NewConnectionError('<urllib3.connection.HTTPConnection object at 0x00000284CC03B680>: Failed to establish a new connection: [WinError 10061] No connection could be made because the target machine actively refused it'))
2025-09-05 18:22:12,693 - device_list - INFO - device_list.py:241 - Refreshing device data...
2025-09-05 18:22:12,697 - device_list - INFO - device_list.py:261 - Loaded 12 devices from CSV
2025-09-05 18:22:24,997 - csv_handler - INFO - csv_handler.py:180 - Successfully appended row to stops CSV with ID: 438
2025-09-05 18:22:25,024 - csv_handler - INFO - csv_handler.py:180 - Successfully appended row to stops CSV with ID: 439
2025-09-05 18:22:42,694 - device_list - INFO - device_list.py:241 - Refreshing device data...
2025-09-05 18:22:42,702 - device_list - INFO - device_list.py:261 - Loaded 12 devices from CSV
2025-09-05 18:22:45,902 - api_client - WARNING - client.py:80 - Request attempt 1 failed: HTTPConnectionPool(host='127.0.0.1', port=8000): Max retries exceeded with url: /api/ (Caused by NewConnectionError('<urllib3.connection.HTTPConnection object at 0x00000284CE448160>: Failed to establish a new connection: [WinError 10061] No connection could be made because the target machine actively refused it'))
2025-09-05 18:22:47,945 - api_client - WARNING - client.py:80 - Request attempt 2 failed: HTTPConnectionPool(host='127.0.0.1', port=8000): Max retries exceeded with url: /api/ (Caused by NewConnectionError('<urllib3.connection.HTTPConnection object at 0x00000284CE448490>: Failed to establish a new connection: [WinError 10061] No connection could be made because the target machine actively refused it'))
2025-09-05 18:22:50,038 - api_client - WARNING - client.py:80 - Request attempt 3 failed: HTTPConnectionPool(host='127.0.0.1', port=8000): Max retries exceeded with url: /api/ (Caused by NewConnectionError('<urllib3.connection.HTTPConnection object at 0x00000284CE4486B0>: Failed to establish a new connection: [WinError 10061] No connection could be made because the target machine actively refused it'))
2025-09-05 18:22:52,998 - main_window - INFO - main_window.py:373 - Application closing
2025-09-05 18:22:56,362 - warehouse_app - INFO - main.py:30 - Starting Warehouse Management System v1.0.0
2025-09-05 18:22:57,831 - main_window - INFO - main_window.py:121 - Dashboard widget loaded successfully
2025-09-05 18:22:57,869 - device_list - INFO - device_list.py:241 - Refreshing device data...
2025-09-05 18:22:57,872 - device_list - INFO - device_list.py:261 - Loaded 12 devices from CSV
2025-09-05 18:22:57,888 - main_window - INFO - main_window.py:131 - Device Management widget loaded successfully
2025-09-05 18:22:58,090 - main_window - INFO - main_window.py:142 - Task Creation widget loaded successfully
2025-09-05 18:22:58,193 - main_window - INFO - main_window.py:153 - Task Monitor widget loaded successfully
2025-09-05 18:22:58,248 - user_management - INFO - user_management.py:581 - Refreshing user data...
2025-09-05 18:22:58,252 - user_management - INFO - user_management.py:603 - Loaded 12 users from CSV
2025-09-05 18:22:58,272 - main_window - INFO - main_window.py:163 - User Management widget loaded successfully
2025-09-05 18:22:58,977 - map_management - INFO - map_management.py:53 - Map Management widget initialized
2025-09-05 18:22:59,195 - main_window - INFO - main_window.py:175 - Map Management widget loaded successfully
2025-09-05 18:23:01,241 - api_client - WARNING - client.py:80 - Request attempt 1 failed: HTTPConnectionPool(host='127.0.0.1', port=8000): Max retries exceeded with url: /api/ (Caused by NewConnectionError('<urllib3.connection.HTTPConnection object at 0x00000157C2A2A3C0>: Failed to establish a new connection: [WinError 10061] No connection could be made because the target machine actively refused it'))
2025-09-05 18:23:03,285 - api_client - WARNING - client.py:80 - Request attempt 2 failed: HTTPConnectionPool(host='127.0.0.1', port=8000): Max retries exceeded with url: /api/ (Caused by NewConnectionError('<urllib3.connection.HTTPConnection object at 0x00000157C2976FD0>: Failed to establish a new connection: [WinError 10061] No connection could be made because the target machine actively refused it'))
2025-09-05 18:23:05,309 - api_client - WARNING - client.py:80 - Request attempt 3 failed: HTTPConnectionPool(host='127.0.0.1', port=8000): Max retries exceeded with url: /api/ (Caused by NewConnectionError('<urllib3.connection.HTTPConnection object at 0x00000157C29774D0>: Failed to establish a new connection: [WinError 10061] No connection could be made because the target machine actively refused it'))
2025-09-05 18:23:05,311 - warehouse_app - INFO - main.py:46 - Main window created successfully
2025-09-05 18:23:05,424 - warehouse_app - INFO - main.py:154 - Application started successfully
2025-09-05 18:23:07,499 - main_window - INFO - main_window.py:284 - Refreshed data for Map Management
2025-09-05 18:23:27,860 - device_list - INFO - device_list.py:241 - Refreshing device data...
2025-09-05 18:23:27,863 - device_list - INFO - device_list.py:261 - Loaded 12 devices from CSV
2025-09-05 18:23:57,855 - device_list - INFO - device_list.py:241 - Refreshing device data...
2025-09-05 18:23:57,859 - device_list - INFO - device_list.py:261 - Loaded 12 devices from CSV
2025-09-05 18:24:01,236 - api_client - WARNING - client.py:80 - Request attempt 1 failed: HTTPConnectionPool(host='127.0.0.1', port=8000): Max retries exceeded with url: /api/ (Caused by NewConnectionError('<urllib3.connection.HTTPConnection object at 0x00000157C275BA80>: Failed to establish a new connection: [WinError 10061] No connection could be made because the target machine actively refused it'))
2025-09-05 18:24:03,261 - api_client - WARNING - client.py:80 - Request attempt 2 failed: HTTPConnectionPool(host='127.0.0.1', port=8000): Max retries exceeded with url: /api/ (Caused by NewConnectionError('<urllib3.connection.HTTPConnection object at 0x00000157C4E0C050>: Failed to establish a new connection: [WinError 10061] No connection could be made because the target machine actively refused it'))
2025-09-05 18:24:05,299 - api_client - WARNING - client.py:80 - Request attempt 3 failed: HTTPConnectionPool(host='127.0.0.1', port=8000): Max retries exceeded with url: /api/ (Caused by NewConnectionError('<urllib3.connection.HTTPConnection object at 0x00000157C2A69250>: Failed to establish a new connection: [WinError 10061] No connection could be made because the target machine actively refused it'))
2025-09-05 18:24:27,861 - device_list - INFO - device_list.py:241 - Refreshing device data...
2025-09-05 18:24:27,867 - device_list - INFO - device_list.py:261 - Loaded 12 devices from CSV
2025-09-05 18:24:54,374 - main_window - INFO - main_window.py:373 - Application closing
2025-09-05 18:24:58,490 - warehouse_app - INFO - main.py:30 - Starting Warehouse Management System v1.0.0
2025-09-05 18:24:59,883 - main_window - INFO - main_window.py:121 - Dashboard widget loaded successfully
2025-09-05 18:24:59,919 - device_list - INFO - device_list.py:241 - Refreshing device data...
2025-09-05 18:24:59,923 - device_list - INFO - device_list.py:261 - Loaded 12 devices from CSV
2025-09-05 18:24:59,935 - main_window - INFO - main_window.py:131 - Device Management widget loaded successfully
2025-09-05 18:25:00,121 - main_window - INFO - main_window.py:142 - Task Creation widget loaded successfully
2025-09-05 18:25:00,216 - main_window - INFO - main_window.py:153 - Task Monitor widget loaded successfully
2025-09-05 18:25:00,269 - user_management - INFO - user_management.py:581 - Refreshing user data...
2025-09-05 18:25:00,272 - user_management - INFO - user_management.py:603 - Loaded 12 users from CSV
2025-09-05 18:25:00,293 - main_window - INFO - main_window.py:163 - User Management widget loaded successfully
2025-09-05 18:25:00,897 - map_management - INFO - map_management.py:53 - Map Management widget initialized
2025-09-05 18:25:01,035 - main_window - INFO - main_window.py:175 - Map Management widget loaded successfully
2025-09-05 18:25:03,065 - api_client - WARNING - client.py:80 - Request attempt 1 failed: HTTPConnectionPool(host='127.0.0.1', port=8000): Max retries exceeded with url: /api/ (Caused by NewConnectionError('<urllib3.connection.HTTPConnection object at 0x000002A7CA0863C0>: Failed to establish a new connection: [WinError 10061] No connection could be made because the target machine actively refused it'))
2025-09-05 18:25:05,095 - api_client - WARNING - client.py:80 - Request attempt 2 failed: HTTPConnectionPool(host='127.0.0.1', port=8000): Max retries exceeded with url: /api/ (Caused by NewConnectionError('<urllib3.connection.HTTPConnection object at 0x000002A7C9FD6FD0>: Failed to establish a new connection: [WinError 10061] No connection could be made because the target machine actively refused it'))
2025-09-05 18:25:07,132 - api_client - WARNING - client.py:80 - Request attempt 3 failed: HTTPConnectionPool(host='127.0.0.1', port=8000): Max retries exceeded with url: /api/ (Caused by NewConnectionError('<urllib3.connection.HTTPConnection object at 0x000002A7C9FD74D0>: Failed to establish a new connection: [WinError 10061] No connection could be made because the target machine actively refused it'))
2025-09-05 18:25:07,134 - warehouse_app - INFO - main.py:46 - Main window created successfully
2025-09-05 18:25:07,257 - warehouse_app - INFO - main.py:154 - Application started successfully
2025-09-05 18:25:09,277 - main_window - INFO - main_window.py:284 - Refreshed data for Map Management
2025-09-05 18:25:29,911 - device_list - INFO - device_list.py:241 - Refreshing device data...
2025-09-05 18:25:29,922 - device_list - INFO - device_list.py:261 - Loaded 12 devices from CSV
2025-09-05 18:25:59,914 - device_list - INFO - device_list.py:241 - Refreshing device data...
2025-09-05 18:25:59,918 - device_list - INFO - device_list.py:261 - Loaded 12 devices from CSV
2025-09-05 18:26:03,074 - api_client - WARNING - client.py:80 - Request attempt 1 failed: HTTPConnectionPool(host='127.0.0.1', port=8000): Max retries exceeded with url: /api/ (Caused by NewConnectionError('<urllib3.connection.HTTPConnection object at 0x000002A7C9DBBA80>: Failed to establish a new connection: [WinError 10061] No connection could be made because the target machine actively refused it'))
2025-09-05 18:26:05,113 - api_client - WARNING - client.py:80 - Request attempt 2 failed: HTTPConnectionPool(host='127.0.0.1', port=8000): Max retries exceeded with url: /api/ (Caused by NewConnectionError('<urllib3.connection.HTTPConnection object at 0x000002A7CC46C050>: Failed to establish a new connection: [WinError 10061] No connection could be made because the target machine actively refused it'))
2025-09-05 18:26:07,135 - api_client - WARNING - client.py:80 - Request attempt 3 failed: HTTPConnectionPool(host='127.0.0.1', port=8000): Max retries exceeded with url: /api/ (Caused by NewConnectionError('<urllib3.connection.HTTPConnection object at 0x000002A7CA0C5250>: Failed to establish a new connection: [WinError 10061] No connection could be made because the target machine actively refused it'))
2025-09-05 18:26:07,463 - csv_handler - INFO - csv_handler.py:180 - Successfully appended row to maps CSV with ID: 117
2025-09-05 18:26:15,078 - csv_handler - INFO - csv_handler.py:180 - Successfully appended row to zones CSV with ID: 181
2025-09-05 18:26:27,087 - main_window - INFO - main_window.py:373 - Application closing
2025-09-05 18:27:04,272 - warehouse_app - INFO - main.py:30 - Starting Warehouse Management System v1.0.0
2025-09-05 18:27:05,816 - main_window - INFO - main_window.py:121 - Dashboard widget loaded successfully
2025-09-05 18:27:05,854 - device_list - INFO - device_list.py:241 - Refreshing device data...
2025-09-05 18:27:05,857 - device_list - INFO - device_list.py:261 - Loaded 12 devices from CSV
2025-09-05 18:27:05,869 - main_window - INFO - main_window.py:131 - Device Management widget loaded successfully
2025-09-05 18:27:06,051 - main_window - INFO - main_window.py:142 - Task Creation widget loaded successfully
2025-09-05 18:27:06,145 - main_window - INFO - main_window.py:153 - Task Monitor widget loaded successfully
2025-09-05 18:27:06,196 - user_management - INFO - user_management.py:581 - Refreshing user data...
2025-09-05 18:27:06,199 - user_management - INFO - user_management.py:603 - Loaded 12 users from CSV
2025-09-05 18:27:06,218 - main_window - INFO - main_window.py:163 - User Management widget loaded successfully
2025-09-05 18:27:06,906 - map_management - INFO - map_management.py:53 - Map Management widget initialized
2025-09-05 18:27:07,052 - main_window - INFO - main_window.py:175 - Map Management widget loaded successfully
2025-09-05 18:27:09,083 - api_client - WARNING - client.py:80 - Request attempt 1 failed: HTTPConnectionPool(host='127.0.0.1', port=8000): Max retries exceeded with url: /api/ (Caused by NewConnectionError('<urllib3.connection.HTTPConnection object at 0x000001E8FCE963C0>: Failed to establish a new connection: [WinError 10061] No connection could be made because the target machine actively refused it'))
2025-09-05 18:27:11,123 - api_client - WARNING - client.py:80 - Request attempt 2 failed: HTTPConnectionPool(host='127.0.0.1', port=8000): Max retries exceeded with url: /api/ (Caused by NewConnectionError('<urllib3.connection.HTTPConnection object at 0x000001E8FCDE6FD0>: Failed to establish a new connection: [WinError 10061] No connection could be made because the target machine actively refused it'))
2025-09-05 18:27:13,169 - api_client - WARNING - client.py:80 - Request attempt 3 failed: HTTPConnectionPool(host='127.0.0.1', port=8000): Max retries exceeded with url: /api/ (Caused by NewConnectionError('<urllib3.connection.HTTPConnection object at 0x000001E8FCDE74D0>: Failed to establish a new connection: [WinError 10061] No connection could be made because the target machine actively refused it'))
2025-09-05 18:27:13,172 - warehouse_app - INFO - main.py:46 - Main window created successfully
2025-09-05 18:27:13,294 - warehouse_app - INFO - main.py:154 - Application started successfully
2025-09-05 18:27:15,141 - main_window - INFO - main_window.py:284 - Refreshed data for Map Management
2025-09-05 18:27:35,854 - device_list - INFO - device_list.py:241 - Refreshing device data...
2025-09-05 18:27:35,865 - device_list - INFO - device_list.py:261 - Loaded 12 devices from CSV
2025-09-05 18:28:05,839 - device_list - INFO - device_list.py:241 - Refreshing device data...
2025-09-05 18:28:05,846 - device_list - INFO - device_list.py:261 - Loaded 12 devices from CSV
2025-09-05 18:28:09,100 - api_client - WARNING - client.py:80 - Request attempt 1 failed: HTTPConnectionPool(host='127.0.0.1', port=8000): Max retries exceeded with url: /api/ (Caused by NewConnectionError('<urllib3.connection.HTTPConnection object at 0x000001E8FCBBBA80>: Failed to establish a new connection: [WinError 10061] No connection could be made because the target machine actively refused it'))
2025-09-05 18:28:11,132 - api_client - WARNING - client.py:80 - Request attempt 2 failed: HTTPConnectionPool(host='127.0.0.1', port=8000): Max retries exceeded with url: /api/ (Caused by NewConnectionError('<urllib3.connection.HTTPConnection object at 0x000001E8FF288050>: Failed to establish a new connection: [WinError 10061] No connection could be made because the target machine actively refused it'))
2025-09-05 18:28:13,181 - api_client - WARNING - client.py:80 - Request attempt 3 failed: HTTPConnectionPool(host='127.0.0.1', port=8000): Max retries exceeded with url: /api/ (Caused by NewConnectionError('<urllib3.connection.HTTPConnection object at 0x000001E8FCED9250>: Failed to establish a new connection: [WinError 10061] No connection could be made because the target machine actively refused it'))
2025-09-05 18:28:29,640 - main_window - INFO - main_window.py:373 - Application closing
2025-09-05 18:28:49,571 - warehouse_app - INFO - main.py:30 - Starting Warehouse Management System v1.0.0
2025-09-05 18:28:51,822 - main_window - INFO - main_window.py:121 - Dashboard widget loaded successfully
2025-09-05 18:28:51,867 - device_list - INFO - device_list.py:241 - Refreshing device data...
2025-09-05 18:28:51,871 - device_list - INFO - device_list.py:261 - Loaded 12 devices from CSV
2025-09-05 18:28:51,888 - main_window - INFO - main_window.py:131 - Device Management widget loaded successfully
2025-09-05 18:28:52,103 - main_window - INFO - main_window.py:142 - Task Creation widget loaded successfully
2025-09-05 18:28:52,183 - main_window - INFO - main_window.py:153 - Task Monitor widget loaded successfully
2025-09-05 18:28:52,251 - user_management - INFO - user_management.py:581 - Refreshing user data...
2025-09-05 18:28:52,254 - user_management - INFO - user_management.py:603 - Loaded 12 users from CSV
2025-09-05 18:28:52,277 - main_window - INFO - main_window.py:163 - User Management widget loaded successfully
2025-09-05 18:28:53,021 - map_management - INFO - map_management.py:53 - Map Management widget initialized
2025-09-05 18:28:53,300 - main_window - INFO - main_window.py:175 - Map Management widget loaded successfully
2025-09-05 18:28:55,345 - api_client - WARNING - client.py:80 - Request attempt 1 failed: HTTPConnectionPool(host='127.0.0.1', port=8000): Max retries exceeded with url: /api/ (Caused by NewConnectionError('<urllib3.connection.HTTPConnection object at 0x00000234317CA3C0>: Failed to establish a new connection: [WinError 10061] No connection could be made because the target machine actively refused it'))
2025-09-05 18:28:57,368 - api_client - WARNING - client.py:80 - Request attempt 2 failed: HTTPConnectionPool(host='127.0.0.1', port=8000): Max retries exceeded with url: /api/ (Caused by NewConnectionError('<urllib3.connection.HTTPConnection object at 0x0000023431716FD0>: Failed to establish a new connection: [WinError 10061] No connection could be made because the target machine actively refused it'))
2025-09-05 18:28:59,391 - api_client - WARNING - client.py:80 - Request attempt 3 failed: HTTPConnectionPool(host='127.0.0.1', port=8000): Max retries exceeded with url: /api/ (Caused by NewConnectionError('<urllib3.connection.HTTPConnection object at 0x00000234317174D0>: Failed to establish a new connection: [WinError 10061] No connection could be made because the target machine actively refused it'))
2025-09-05 18:28:59,392 - warehouse_app - INFO - main.py:46 - Main window created successfully
2025-09-05 18:28:59,500 - warehouse_app - INFO - main.py:154 - Application started successfully
2025-09-05 18:29:01,288 - main_window - INFO - main_window.py:284 - Refreshed data for Map Management
2025-09-05 18:29:06,300 - main_window - INFO - main_window.py:284 - Refreshed data for Task Monitor
2025-09-05 18:29:21,862 - device_list - INFO - device_list.py:241 - Refreshing device data...
2025-09-05 18:29:21,865 - device_list - INFO - device_list.py:261 - Loaded 12 devices from CSV
2025-09-05 18:29:51,869 - device_list - INFO - device_list.py:241 - Refreshing device data...
2025-09-05 18:29:51,878 - device_list - INFO - device_list.py:261 - Loaded 12 devices from CSV
2025-09-05 18:29:55,346 - api_client - WARNING - client.py:80 - Request attempt 1 failed: HTTPConnectionPool(host='127.0.0.1', port=8000): Max retries exceeded with url: /api/ (Caused by NewConnectionError('<urllib3.connection.HTTPConnection object at 0x00000234314EB230>: Failed to establish a new connection: [WinError 10061] No connection could be made because the target machine actively refused it'))
2025-09-05 18:29:57,373 - api_client - WARNING - client.py:80 - Request attempt 2 failed: HTTPConnectionPool(host='127.0.0.1', port=8000): Max retries exceeded with url: /api/ (Caused by NewConnectionError('<urllib3.connection.HTTPConnection object at 0x00000234314EBA80>: Failed to establish a new connection: [WinError 10061] No connection could be made because the target machine actively refused it'))
2025-09-05 18:29:59,420 - api_client - WARNING - client.py:80 - Request attempt 3 failed: HTTPConnectionPool(host='127.0.0.1', port=8000): Max retries exceeded with url: /api/ (Caused by NewConnectionError('<urllib3.connection.HTTPConnection object at 0x00000234317CD010>: Failed to establish a new connection: [WinError 10061] No connection could be made because the target machine actively refused it'))
2025-09-05 18:30:07,627 - main_window - INFO - main_window.py:373 - Application closing
2025-09-05 18:33:25,949 - warehouse_app - INFO - main.py:30 - Starting Warehouse Management System v1.0.0
2025-09-05 18:33:27,502 - main_window - INFO - main_window.py:121 - Dashboard widget loaded successfully
2025-09-05 18:33:27,536 - device_list - INFO - device_list.py:241 - Refreshing device data...
2025-09-05 18:33:27,540 - device_list - INFO - device_list.py:261 - Loaded 12 devices from CSV
2025-09-05 18:33:27,558 - main_window - INFO - main_window.py:131 - Device Management widget loaded successfully
2025-09-05 18:33:27,748 - main_window - INFO - main_window.py:142 - Task Creation widget loaded successfully
2025-09-05 18:33:27,814 - main_window - INFO - main_window.py:153 - Task Monitor widget loaded successfully
2025-09-05 18:33:27,867 - user_management - INFO - user_management.py:581 - Refreshing user data...
2025-09-05 18:33:27,871 - user_management - INFO - user_management.py:603 - Loaded 12 users from CSV
2025-09-05 18:33:27,892 - main_window - INFO - main_window.py:163 - User Management widget loaded successfully
2025-09-05 18:33:28,774 - map_management - INFO - map_management.py:53 - Map Management widget initialized
2025-09-05 18:33:28,936 - main_window - INFO - main_window.py:175 - Map Management widget loaded successfully
2025-09-05 18:33:30,976 - api_client - WARNING - client.py:80 - Request attempt 1 failed: HTTPConnectionPool(host='127.0.0.1', port=8000): Max retries exceeded with url: /api/ (Caused by NewConnectionError('<urllib3.connection.HTTPConnection object at 0x000001E18275A3C0>: Failed to establish a new connection: [WinError 10061] No connection could be made because the target machine actively refused it'))
2025-09-05 18:33:33,020 - api_client - WARNING - client.py:80 - Request attempt 2 failed: HTTPConnectionPool(host='127.0.0.1', port=8000): Max retries exceeded with url: /api/ (Caused by NewConnectionError('<urllib3.connection.HTTPConnection object at 0x000001E1826A6FD0>: Failed to establish a new connection: [WinError 10061] No connection could be made because the target machine actively refused it'))
2025-09-05 18:33:35,072 - api_client - WARNING - client.py:80 - Request attempt 3 failed: HTTPConnectionPool(host='127.0.0.1', port=8000): Max retries exceeded with url: /api/ (Caused by NewConnectionError('<urllib3.connection.HTTPConnection object at 0x000001E1826A74D0>: Failed to establish a new connection: [WinError 10061] No connection could be made because the target machine actively refused it'))
2025-09-05 18:33:35,075 - warehouse_app - INFO - main.py:46 - Main window created successfully
2025-09-05 18:33:35,190 - warehouse_app - INFO - main.py:154 - Application started successfully
2025-09-05 18:33:37,432 - main_window - INFO - main_window.py:284 - Refreshed data for Map Management
2025-09-05 18:33:39,945 - main_window - INFO - main_window.py:284 - Refreshed data for Task Monitor
2025-09-05 18:33:57,530 - device_list - INFO - device_list.py:241 - Refreshing device data...
2025-09-05 18:33:57,534 - device_list - INFO - device_list.py:261 - Loaded 12 devices from CSV
2025-09-05 18:34:02,824 - main_window - INFO - main_window.py:373 - Application closing
2025-09-05 18:34:17,552 - warehouse_app - INFO - main.py:30 - Starting Warehouse Management System v1.0.0
2025-09-05 18:34:19,056 - main_window - INFO - main_window.py:121 - Dashboard widget loaded successfully
2025-09-05 18:34:19,097 - device_list - INFO - device_list.py:241 - Refreshing device data...
2025-09-05 18:34:19,100 - device_list - INFO - device_list.py:261 - Loaded 12 devices from CSV
2025-09-05 18:34:19,117 - main_window - INFO - main_window.py:131 - Device Management widget loaded successfully
2025-09-05 18:34:19,298 - main_window - INFO - main_window.py:142 - Task Creation widget loaded successfully
2025-09-05 18:34:19,394 - main_window - INFO - main_window.py:153 - Task Monitor widget loaded successfully
2025-09-05 18:34:19,447 - user_management - INFO - user_management.py:581 - Refreshing user data...
2025-09-05 18:34:19,450 - user_management - INFO - user_management.py:603 - Loaded 12 users from CSV
2025-09-05 18:34:19,468 - main_window - INFO - main_window.py:163 - User Management widget loaded successfully
2025-09-05 18:34:20,199 - map_management - INFO - map_management.py:53 - Map Management widget initialized
2025-09-05 18:34:20,351 - main_window - INFO - main_window.py:175 - Map Management widget loaded successfully
2025-09-05 18:34:22,382 - api_client - WARNING - client.py:80 - Request attempt 1 failed: HTTPConnectionPool(host='127.0.0.1', port=8000): Max retries exceeded with url: /api/ (Caused by NewConnectionError('<urllib3.connection.HTTPConnection object at 0x000002783B11A3C0>: Failed to establish a new connection: [WinError 10061] No connection could be made because the target machine actively refused it'))
2025-09-05 18:34:24,411 - api_client - WARNING - client.py:80 - Request attempt 2 failed: HTTPConnectionPool(host='127.0.0.1', port=8000): Max retries exceeded with url: /api/ (Caused by NewConnectionError('<urllib3.connection.HTTPConnection object at 0x000002783B066FD0>: Failed to establish a new connection: [WinError 10061] No connection could be made because the target machine actively refused it'))
2025-09-05 18:34:26,450 - api_client - WARNING - client.py:80 - Request attempt 3 failed: HTTPConnectionPool(host='127.0.0.1', port=8000): Max retries exceeded with url: /api/ (Caused by NewConnectionError('<urllib3.connection.HTTPConnection object at 0x000002783B0674D0>: Failed to establish a new connection: [WinError 10061] No connection could be made because the target machine actively refused it'))
2025-09-05 18:34:26,453 - warehouse_app - INFO - main.py:46 - Main window created successfully
2025-09-05 18:34:26,575 - warehouse_app - INFO - main.py:154 - Application started successfully
2025-09-05 18:34:29,204 - main_window - INFO - main_window.py:284 - Refreshed data for Map Management
2025-09-05 18:34:36,429 - main_window - INFO - main_window.py:284 - Refreshed data for Task Monitor
2025-09-05 18:34:49,090 - device_list - INFO - device_list.py:241 - Refreshing device data...
2025-09-05 18:34:49,098 - device_list - INFO - device_list.py:261 - Loaded 12 devices from CSV
2025-09-05 18:35:19,090 - device_list - INFO - device_list.py:241 - Refreshing device data...
2025-09-05 18:35:19,098 - device_list - INFO - device_list.py:261 - Loaded 12 devices from CSV
2025-09-05 18:35:22,380 - api_client - WARNING - client.py:80 - Request attempt 1 failed: HTTPConnectionPool(host='127.0.0.1', port=8000): Max retries exceeded with url: /api/ (Caused by NewConnectionError('<urllib3.connection.HTTPConnection object at 0x000002783D5142B0>: Failed to establish a new connection: [WinError 10061] No connection could be made because the target machine actively refused it'))
2025-09-05 18:35:24,412 - api_client - WARNING - client.py:80 - Request attempt 2 failed: HTTPConnectionPool(host='127.0.0.1', port=8000): Max retries exceeded with url: /api/ (Caused by NewConnectionError('<urllib3.connection.HTTPConnection object at 0x000002783D514770>: Failed to establish a new connection: [WinError 10061] No connection could be made because the target machine actively refused it'))
2025-09-05 18:35:26,428 - api_client - WARNING - client.py:80 - Request attempt 3 failed: HTTPConnectionPool(host='127.0.0.1', port=8000): Max retries exceeded with url: /api/ (Caused by NewConnectionError('<urllib3.connection.HTTPConnection object at 0x000002783B159250>: Failed to establish a new connection: [WinError 10061] No connection could be made because the target machine actively refused it'))
2025-09-05 18:35:49,100 - device_list - INFO - device_list.py:241 - Refreshing device data...
2025-09-05 18:35:49,108 - device_list - INFO - device_list.py:261 - Loaded 12 devices from CSV
2025-09-05 18:36:19,093 - device_list - INFO - device_list.py:241 - Refreshing device data...
2025-09-05 18:36:19,101 - device_list - INFO - device_list.py:261 - Loaded 12 devices from CSV
2025-09-05 18:36:22,398 - api_client - WARNING - client.py:80 - Request attempt 1 failed: HTTPConnectionPool(host='127.0.0.1', port=8000): Max retries exceeded with url: /api/ (Caused by NewConnectionError('<urllib3.connection.HTTPConnection object at 0x000002783D4805A0>: Failed to establish a new connection: [WinError 10061] No connection could be made because the target machine actively refused it'))
2025-09-05 18:36:24,445 - api_client - WARNING - client.py:80 - Request attempt 2 failed: HTTPConnectionPool(host='127.0.0.1', port=8000): Max retries exceeded with url: /api/ (Caused by NewConnectionError('<urllib3.connection.HTTPConnection object at 0x000002783D4809E0>: Failed to establish a new connection: [WinError 10061] No connection could be made because the target machine actively refused it'))
2025-09-05 18:36:26,495 - api_client - WARNING - client.py:80 - Request attempt 3 failed: HTTPConnectionPool(host='127.0.0.1', port=8000): Max retries exceeded with url: /api/ (Caused by NewConnectionError('<urllib3.connection.HTTPConnection object at 0x000002783D480C00>: Failed to establish a new connection: [WinError 10061] No connection could be made because the target machine actively refused it'))
2025-09-05 18:36:49,091 - device_list - INFO - device_list.py:241 - Refreshing device data...
2025-09-05 18:36:49,099 - device_list - INFO - device_list.py:261 - Loaded 12 devices from CSV
2025-09-05 18:37:19,093 - device_list - INFO - device_list.py:241 - Refreshing device data...
2025-09-05 18:37:19,103 - device_list - INFO - device_list.py:261 - Loaded 12 devices from CSV
2025-09-05 18:37:22,386 - api_client - WARNING - client.py:80 - Request attempt 1 failed: HTTPConnectionPool(host='127.0.0.1', port=8000): Max retries exceeded with url: /api/ (Caused by NewConnectionError('<urllib3.connection.HTTPConnection object at 0x000002783D480E20>: Failed to establish a new connection: [WinError 10061] No connection could be made because the target machine actively refused it'))
2025-09-05 18:37:24,415 - api_client - WARNING - client.py:80 - Request attempt 2 failed: HTTPConnectionPool(host='127.0.0.1', port=8000): Max retries exceeded with url: /api/ (Caused by NewConnectionError('<urllib3.connection.HTTPConnection object at 0x000002783B0BF9B0>: Failed to establish a new connection: [WinError 10061] No connection could be made because the target machine actively refused it'))
2025-09-05 18:37:26,464 - api_client - WARNING - client.py:80 - Request attempt 3 failed: HTTPConnectionPool(host='127.0.0.1', port=8000): Max retries exceeded with url: /api/ (Caused by NewConnectionError('<urllib3.connection.HTTPConnection object at 0x000002783B0BF790>: Failed to establish a new connection: [WinError 10061] No connection could be made because the target machine actively refused it'))
2025-09-05 18:37:49,091 - device_list - INFO - device_list.py:241 - Refreshing device data...
2025-09-05 18:37:49,100 - device_list - INFO - device_list.py:261 - Loaded 12 devices from CSV
2025-09-05 18:38:19,095 - device_list - INFO - device_list.py:241 - Refreshing device data...
2025-09-05 18:38:19,103 - device_list - INFO - device_list.py:261 - Loaded 12 devices from CSV
2025-09-05 18:38:22,387 - api_client - WARNING - client.py:80 - Request attempt 1 failed: HTTPConnectionPool(host='127.0.0.1', port=8000): Max retries exceeded with url: /api/ (Caused by NewConnectionError('<urllib3.connection.HTTPConnection object at 0x000002783B0BF460>: Failed to establish a new connection: [WinError 10061] No connection could be made because the target machine actively refused it'))
2025-09-05 18:38:24,432 - api_client - WARNING - client.py:80 - Request attempt 2 failed: HTTPConnectionPool(host='127.0.0.1', port=8000): Max retries exceeded with url: /api/ (Caused by NewConnectionError('<urllib3.connection.HTTPConnection object at 0x000002783B0BF680>: Failed to establish a new connection: [WinError 10061] No connection could be made because the target machine actively refused it'))
2025-09-05 18:38:26,483 - api_client - WARNING - client.py:80 - Request attempt 3 failed: HTTPConnectionPool(host='127.0.0.1', port=8000): Max retries exceeded with url: /api/ (Caused by NewConnectionError('<urllib3.connection.HTTPConnection object at 0x000002783D480C00>: Failed to establish a new connection: [WinError 10061] No connection could be made because the target machine actively refused it'))
2025-09-05 18:38:49,095 - device_list - INFO - device_list.py:241 - Refreshing device data...
2025-09-05 18:38:49,103 - device_list - INFO - device_list.py:261 - Loaded 12 devices from CSV
2025-09-05 18:39:07,341 - main_window - INFO - main_window.py:373 - Application closing
2025-09-05 18:40:40,558 - warehouse_app - INFO - main.py:30 - Starting Warehouse Management System v1.0.0
2025-09-05 18:40:41,949 - main_window - INFO - main_window.py:121 - Dashboard widget loaded successfully
2025-09-05 18:40:41,986 - device_list - INFO - device_list.py:241 - Refreshing device data...
2025-09-05 18:40:41,988 - device_list - INFO - device_list.py:261 - Loaded 12 devices from CSV
2025-09-05 18:40:42,002 - main_window - INFO - main_window.py:131 - Device Management widget loaded successfully
2025-09-05 18:40:42,184 - main_window - INFO - main_window.py:142 - Task Creation widget loaded successfully
2025-09-05 18:40:42,251 - main_window - INFO - main_window.py:153 - Task Monitor widget loaded successfully
2025-09-05 18:40:42,302 - user_management - INFO - user_management.py:581 - Refreshing user data...
2025-09-05 18:40:42,305 - user_management - INFO - user_management.py:603 - Loaded 12 users from CSV
2025-09-05 18:40:42,323 - main_window - INFO - main_window.py:163 - User Management widget loaded successfully
2025-09-05 18:40:42,932 - map_management - INFO - map_management.py:53 - Map Management widget initialized
2025-09-05 18:40:43,098 - main_window - INFO - main_window.py:175 - Map Management widget loaded successfully
2025-09-05 18:40:45,135 - api_client - WARNING - client.py:80 - Request attempt 1 failed: HTTPConnectionPool(host='127.0.0.1', port=8000): Max retries exceeded with url: /api/ (Caused by NewConnectionError('<urllib3.connection.HTTPConnection object at 0x000001B062B9A3C0>: Failed to establish a new connection: [WinError 10061] No connection could be made because the target machine actively refused it'))
2025-09-05 18:40:47,160 - api_client - WARNING - client.py:80 - Request attempt 2 failed: HTTPConnectionPool(host='127.0.0.1', port=8000): Max retries exceeded with url: /api/ (Caused by NewConnectionError('<urllib3.connection.HTTPConnection object at 0x000001B062AE6FD0>: Failed to establish a new connection: [WinError 10061] No connection could be made because the target machine actively refused it'))
2025-09-05 18:40:49,187 - api_client - WARNING - client.py:80 - Request attempt 3 failed: HTTPConnectionPool(host='127.0.0.1', port=8000): Max retries exceeded with url: /api/ (Caused by NewConnectionError('<urllib3.connection.HTTPConnection object at 0x000001B062AE74D0>: Failed to establish a new connection: [WinError 10061] No connection could be made because the target machine actively refused it'))
2025-09-05 18:40:49,190 - warehouse_app - INFO - main.py:46 - Main window created successfully
2025-09-05 18:40:49,313 - warehouse_app - INFO - main.py:154 - Application started successfully
2025-09-05 18:40:56,606 - main_window - INFO - main_window.py:284 - Refreshed data for Map Management
2025-09-05 18:40:58,392 - main_window - INFO - main_window.py:284 - Refreshed data for Task Monitor
2025-09-05 18:41:11,990 - device_list - INFO - device_list.py:241 - Refreshing device data...
2025-09-05 18:41:11,996 - device_list - INFO - device_list.py:261 - Loaded 12 devices from CSV
2025-09-05 18:41:41,979 - device_list - INFO - device_list.py:241 - Refreshing device data...
2025-09-05 18:41:41,983 - device_list - INFO - device_list.py:261 - Loaded 12 devices from CSV
2025-09-05 18:41:45,163 - api_client - WARNING - client.py:80 - Request attempt 1 failed: HTTPConnectionPool(host='127.0.0.1', port=8000): Max retries exceeded with url: /api/ (Caused by NewConnectionError('<urllib3.connection.HTTPConnection object at 0x000001B064F742B0>: Failed to establish a new connection: [WinError 10061] No connection could be made because the target machine actively refused it'))
2025-09-05 18:41:47,204 - api_client - WARNING - client.py:80 - Request attempt 2 failed: HTTPConnectionPool(host='127.0.0.1', port=8000): Max retries exceeded with url: /api/ (Caused by NewConnectionError('<urllib3.connection.HTTPConnection object at 0x000001B064F748A0>: Failed to establish a new connection: [WinError 10061] No connection could be made because the target machine actively refused it'))
2025-09-05 18:41:49,251 - api_client - WARNING - client.py:80 - Request attempt 3 failed: HTTPConnectionPool(host='127.0.0.1', port=8000): Max retries exceeded with url: /api/ (Caused by NewConnectionError('<urllib3.connection.HTTPConnection object at 0x000001B062B9D010>: Failed to establish a new connection: [WinError 10061] No connection could be made because the target machine actively refused it'))
2025-09-05 18:42:11,983 - device_list - INFO - device_list.py:241 - Refreshing device data...
2025-09-05 18:42:11,991 - device_list - INFO - device_list.py:261 - Loaded 12 devices from CSV
2025-09-05 18:42:41,984 - device_list - INFO - device_list.py:241 - Refreshing device data...
2025-09-05 18:42:41,992 - device_list - INFO - device_list.py:261 - Loaded 12 devices from CSV
2025-09-05 18:42:45,134 - api_client - WARNING - client.py:80 - Request attempt 1 failed: HTTPConnectionPool(host='127.0.0.1', port=8000): Max retries exceeded with url: /api/ (Caused by NewConnectionError('<urllib3.connection.HTTPConnection object at 0x000001B064F70490>: Failed to establish a new connection: [WinError 10061] No connection could be made because the target machine actively refused it'))
2025-09-05 18:42:47,173 - api_client - WARNING - client.py:80 - Request attempt 2 failed: HTTPConnectionPool(host='127.0.0.1', port=8000): Max retries exceeded with url: /api/ (Caused by NewConnectionError('<urllib3.connection.HTTPConnection object at 0x000001B064F708D0>: Failed to establish a new connection: [WinError 10061] No connection could be made because the target machine actively refused it'))
2025-09-05 18:42:49,220 - api_client - WARNING - client.py:80 - Request attempt 3 failed: HTTPConnectionPool(host='127.0.0.1', port=8000): Max retries exceeded with url: /api/ (Caused by NewConnectionError('<urllib3.connection.HTTPConnection object at 0x000001B064F70AF0>: Failed to establish a new connection: [WinError 10061] No connection could be made because the target machine actively refused it'))
2025-09-05 18:43:11,982 - device_list - INFO - device_list.py:241 - Refreshing device data...
2025-09-05 18:43:11,986 - device_list - INFO - device_list.py:261 - Loaded 12 devices from CSV
2025-09-05 18:43:41,983 - device_list - INFO - device_list.py:241 - Refreshing device data...
2025-09-05 18:43:41,994 - device_list - INFO - device_list.py:261 - Loaded 12 devices from CSV
2025-09-05 18:43:45,121 - api_client - WARNING - client.py:80 - Request attempt 1 failed: HTTPConnectionPool(host='127.0.0.1', port=8000): Max retries exceeded with url: /api/ (Caused by NewConnectionError('<urllib3.connection.HTTPConnection object at 0x000001B062B3B8A0>: Failed to establish a new connection: [WinError 10061] No connection could be made because the target machine actively refused it'))
2025-09-05 18:43:47,174 - api_client - WARNING - client.py:80 - Request attempt 2 failed: HTTPConnectionPool(host='127.0.0.1', port=8000): Max retries exceeded with url: /api/ (Caused by NewConnectionError('<urllib3.connection.HTTPConnection object at 0x000001B062B3B680>: Failed to establish a new connection: [WinError 10061] No connection could be made because the target machine actively refused it'))
2025-09-05 18:43:49,239 - api_client - WARNING - client.py:80 - Request attempt 3 failed: HTTPConnectionPool(host='127.0.0.1', port=8000): Max retries exceeded with url: /api/ (Caused by NewConnectionError('<urllib3.connection.HTTPConnection object at 0x000001B062B3B350>: Failed to establish a new connection: [WinError 10061] No connection could be made because the target machine actively refused it'))
2025-09-05 18:44:11,992 - device_list - INFO - device_list.py:241 - Refreshing device data...
2025-09-05 18:44:12,001 - device_list - INFO - device_list.py:261 - Loaded 12 devices from CSV
2025-09-05 18:44:41,988 - device_list - INFO - device_list.py:241 - Refreshing device data...
2025-09-05 18:44:41,996 - device_list - INFO - device_list.py:261 - Loaded 12 devices from CSV
2025-09-05 18:44:45,139 - api_client - WARNING - client.py:80 - Request attempt 1 failed: HTTPConnectionPool(host='127.0.0.1', port=8000): Max retries exceeded with url: /api/ (Caused by NewConnectionError('<urllib3.connection.HTTPConnection object at 0x000001B062B3B570>: Failed to establish a new connection: [WinError 10061] No connection could be made because the target machine actively refused it'))
2025-09-05 18:44:47,192 - api_client - WARNING - client.py:80 - Request attempt 2 failed: HTTPConnectionPool(host='127.0.0.1', port=8000): Max retries exceeded with url: /api/ (Caused by NewConnectionError('<urllib3.connection.HTTPConnection object at 0x000001B064F707C0>: Failed to establish a new connection: [WinError 10061] No connection could be made because the target machine actively refused it'))
2025-09-05 18:44:49,242 - api_client - WARNING - client.py:80 - Request attempt 3 failed: HTTPConnectionPool(host='127.0.0.1', port=8000): Max retries exceeded with url: /api/ (Caused by NewConnectionError('<urllib3.connection.HTTPConnection object at 0x000001B064F708D0>: Failed to establish a new connection: [WinError 10061] No connection could be made because the target machine actively refused it'))
2025-09-05 18:45:11,994 - device_list - INFO - device_list.py:241 - Refreshing device data...
2025-09-05 18:45:12,002 - device_list - INFO - device_list.py:261 - Loaded 12 devices from CSV
2025-09-05 18:45:41,991 - device_list - INFO - device_list.py:241 - Refreshing device data...
2025-09-05 18:45:41,999 - device_list - INFO - device_list.py:261 - Loaded 12 devices from CSV
2025-09-05 18:45:45,141 - api_client - WARNING - client.py:80 - Request attempt 1 failed: HTTPConnectionPool(host='127.0.0.1', port=8000): Max retries exceeded with url: /api/ (Caused by NewConnectionError('<urllib3.connection.HTTPConnection object at 0x000001B064F70380>: Failed to establish a new connection: [WinError 10061] No connection could be made because the target machine actively refused it'))
2025-09-05 18:45:47,195 - api_client - WARNING - client.py:80 - Request attempt 2 failed: HTTPConnectionPool(host='127.0.0.1', port=8000): Max retries exceeded with url: /api/ (Caused by NewConnectionError('<urllib3.connection.HTTPConnection object at 0x000001B064F70490>: Failed to establish a new connection: [WinError 10061] No connection could be made because the target machine actively refused it'))
2025-09-05 18:45:49,261 - api_client - WARNING - client.py:80 - Request attempt 3 failed: HTTPConnectionPool(host='127.0.0.1', port=8000): Max retries exceeded with url: /api/ (Caused by NewConnectionError('<urllib3.connection.HTTPConnection object at 0x000001B064F70160>: Failed to establish a new connection: [WinError 10061] No connection could be made because the target machine actively refused it'))
2025-09-05 18:46:11,981 - device_list - INFO - device_list.py:241 - Refreshing device data...
2025-09-05 18:46:11,987 - device_list - INFO - device_list.py:261 - Loaded 12 devices from CSV
2025-09-05 18:46:41,992 - device_list - INFO - device_list.py:241 - Refreshing device data...
2025-09-05 18:46:42,003 - device_list - INFO - device_list.py:261 - Loaded 12 devices from CSV
2025-09-05 18:46:45,128 - api_client - WARNING - client.py:80 - Request attempt 1 failed: HTTPConnectionPool(host='127.0.0.1', port=8000): Max retries exceeded with url: /api/ (Caused by NewConnectionError('<urllib3.connection.HTTPConnection object at 0x000001B064F70C00>: Failed to establish a new connection: [WinError 10061] No connection could be made because the target machine actively refused it'))
2025-09-05 18:46:47,180 - api_client - WARNING - client.py:80 - Request attempt 2 failed: HTTPConnectionPool(host='127.0.0.1', port=8000): Max retries exceeded with url: /api/ (Caused by NewConnectionError('<urllib3.connection.HTTPConnection object at 0x000001B064F70E20>: Failed to establish a new connection: [WinError 10061] No connection could be made because the target machine actively refused it'))
2025-09-05 18:46:49,198 - api_client - WARNING - client.py:80 - Request attempt 3 failed: HTTPConnectionPool(host='127.0.0.1', port=8000): Max retries exceeded with url: /api/ (Caused by NewConnectionError('<urllib3.connection.HTTPConnection object at 0x000001B064F71040>: Failed to establish a new connection: [WinError 10061] No connection could be made because the target machine actively refused it'))
2025-09-05 18:47:11,989 - device_list - INFO - device_list.py:241 - Refreshing device data...
2025-09-05 18:47:11,997 - device_list - INFO - device_list.py:261 - Loaded 12 devices from CSV
2025-09-05 18:47:41,983 - device_list - INFO - device_list.py:241 - Refreshing device data...
2025-09-05 18:47:41,991 - device_list - INFO - device_list.py:261 - Loaded 12 devices from CSV
2025-09-05 18:47:45,145 - api_client - WARNING - client.py:80 - Request attempt 1 failed: HTTPConnectionPool(host='127.0.0.1', port=8000): Max retries exceeded with url: /api/ (Caused by NewConnectionError('<urllib3.connection.HTTPConnection object at 0x000001B064F71260>: Failed to establish a new connection: [WinError 10061] No connection could be made because the target machine actively refused it'))
2025-09-05 18:47:47,200 - api_client - WARNING - client.py:80 - Request attempt 2 failed: HTTPConnectionPool(host='127.0.0.1', port=8000): Max retries exceeded with url: /api/ (Caused by NewConnectionError('<urllib3.connection.HTTPConnection object at 0x000001B064F71480>: Failed to establish a new connection: [WinError 10061] No connection could be made because the target machine actively refused it'))
2025-09-05 18:47:49,264 - api_client - WARNING - client.py:80 - Request attempt 3 failed: HTTPConnectionPool(host='127.0.0.1', port=8000): Max retries exceeded with url: /api/ (Caused by NewConnectionError('<urllib3.connection.HTTPConnection object at 0x000001B064F716A0>: Failed to establish a new connection: [WinError 10061] No connection could be made because the target machine actively refused it'))
2025-09-05 18:48:11,988 - device_list - INFO - device_list.py:241 - Refreshing device data...
2025-09-05 18:48:11,996 - device_list - INFO - device_list.py:261 - Loaded 12 devices from CSV
2025-09-05 18:48:34,465 - main_window - INFO - main_window.py:284 - Refreshed data for Map Management
2025-09-05 18:48:41,981 - device_list - INFO - device_list.py:241 - Refreshing device data...
2025-09-05 18:48:41,988 - device_list - INFO - device_list.py:261 - Loaded 12 devices from CSV
2025-09-05 18:48:45,132 - api_client - WARNING - client.py:80 - Request attempt 1 failed: HTTPConnectionPool(host='127.0.0.1', port=8000): Max retries exceeded with url: /api/ (Caused by NewConnectionError('<urllib3.connection.HTTPConnection object at 0x000001B064F718C0>: Failed to establish a new connection: [WinError 10061] No connection could be made because the target machine actively refused it'))
2025-09-05 18:48:47,186 - api_client - WARNING - client.py:80 - Request attempt 2 failed: HTTPConnectionPool(host='127.0.0.1', port=8000): Max retries exceeded with url: /api/ (Caused by NewConnectionError('<urllib3.connection.HTTPConnection object at 0x000001B064F71AE0>: Failed to establish a new connection: [WinError 10061] No connection could be made because the target machine actively refused it'))
2025-09-05 18:48:49,235 - api_client - WARNING - client.py:80 - Request attempt 3 failed: HTTPConnectionPool(host='127.0.0.1', port=8000): Max retries exceeded with url: /api/ (Caused by NewConnectionError('<urllib3.connection.HTTPConnection object at 0x000001B064F71D00>: Failed to establish a new connection: [WinError 10061] No connection could be made because the target machine actively refused it'))
2025-09-05 18:49:11,982 - device_list - INFO - device_list.py:241 - Refreshing device data...
2025-09-05 18:49:11,989 - device_list - INFO - device_list.py:261 - Loaded 12 devices from CSV
2025-09-05 18:49:41,984 - device_list - INFO - device_list.py:241 - Refreshing device data...
2025-09-05 18:49:41,989 - device_list - INFO - device_list.py:261 - Loaded 12 devices from CSV
2025-09-05 18:49:45,135 - api_client - WARNING - client.py:80 - Request attempt 1 failed: HTTPConnectionPool(host='127.0.0.1', port=8000): Max retries exceeded with url: /api/ (Caused by NewConnectionError('<urllib3.connection.HTTPConnection object at 0x000001B062B3BDF0>: Failed to establish a new connection: [WinError 10061] No connection could be made because the target machine actively refused it'))
2025-09-05 18:49:47,188 - api_client - WARNING - client.py:80 - Request attempt 2 failed: HTTPConnectionPool(host='127.0.0.1', port=8000): Max retries exceeded with url: /api/ (Caused by NewConnectionError('<urllib3.connection.HTTPConnection object at 0x000001B062B3BAC0>: Failed to establish a new connection: [WinError 10061] No connection could be made because the target machine actively refused it'))
2025-09-05 18:49:49,221 - api_client - WARNING - client.py:80 - Request attempt 3 failed: HTTPConnectionPool(host='127.0.0.1', port=8000): Max retries exceeded with url: /api/ (Caused by NewConnectionError('<urllib3.connection.HTTPConnection object at 0x000001B062B3B570>: Failed to establish a new connection: [WinError 10061] No connection could be made because the target machine actively refused it'))
2025-09-05 18:50:11,991 - device_list - INFO - device_list.py:241 - Refreshing device data...
2025-09-05 18:50:11,998 - device_list - INFO - device_list.py:261 - Loaded 12 devices from CSV
2025-09-05 18:50:41,986 - device_list - INFO - device_list.py:241 - Refreshing device data...
2025-09-05 18:50:41,993 - device_list - INFO - device_list.py:261 - Loaded 12 devices from CSV
2025-09-05 18:50:45,137 - api_client - WARNING - client.py:80 - Request attempt 1 failed: HTTPConnectionPool(host='127.0.0.1', port=8000): Max retries exceeded with url: /api/ (Caused by NewConnectionError('<urllib3.connection.HTTPConnection object at 0x000001B062B3B350>: Failed to establish a new connection: [WinError 10061] No connection could be made because the target machine actively refused it'))
2025-09-05 18:50:47,174 - api_client - WARNING - client.py:80 - Request attempt 2 failed: HTTPConnectionPool(host='127.0.0.1', port=8000): Max retries exceeded with url: /api/ (Caused by NewConnectionError('<urllib3.connection.HTTPConnection object at 0x000001B062B3B680>: Failed to establish a new connection: [WinError 10061] No connection could be made because the target machine actively refused it'))
2025-09-05 18:50:49,207 - api_client - WARNING - client.py:80 - Request attempt 3 failed: HTTPConnectionPool(host='127.0.0.1', port=8000): Max retries exceeded with url: /api/ (Caused by NewConnectionError('<urllib3.connection.HTTPConnection object at 0x000001B062B3B8A0>: Failed to establish a new connection: [WinError 10061] No connection could be made because the target machine actively refused it'))
2025-09-05 18:51:11,981 - device_list - INFO - device_list.py:241 - Refreshing device data...
2025-09-05 18:51:11,988 - device_list - INFO - device_list.py:261 - Loaded 12 devices from CSV
2025-09-05 18:51:41,994 - device_list - INFO - device_list.py:241 - Refreshing device data...
2025-09-05 18:51:41,998 - device_list - INFO - device_list.py:261 - Loaded 12 devices from CSV
2025-09-05 18:51:45,139 - api_client - WARNING - client.py:80 - Request attempt 1 failed: HTTPConnectionPool(host='127.0.0.1', port=8000): Max retries exceeded with url: /api/ (Caused by NewConnectionError('<urllib3.connection.HTTPConnection object at 0x000001B062B3BF00>: Failed to establish a new connection: [WinError 10061] No connection could be made because the target machine actively refused it'))
2025-09-05 18:51:47,192 - api_client - WARNING - client.py:80 - Request attempt 2 failed: HTTPConnectionPool(host='127.0.0.1', port=8000): Max retries exceeded with url: /api/ (Caused by NewConnectionError('<urllib3.connection.HTTPConnection object at 0x000001B064FC8160>: Failed to establish a new connection: [WinError 10061] No connection could be made because the target machine actively refused it'))
2025-09-05 18:51:49,245 - api_client - WARNING - client.py:80 - Request attempt 3 failed: HTTPConnectionPool(host='127.0.0.1', port=8000): Max retries exceeded with url: /api/ (Caused by NewConnectionError('<urllib3.connection.HTTPConnection object at 0x000001B064FC8380>: Failed to establish a new connection: [WinError 10061] No connection could be made because the target machine actively refused it'))
2025-09-05 18:52:11,989 - device_list - INFO - device_list.py:241 - Refreshing device data...
2025-09-05 18:52:11,999 - device_list - INFO - device_list.py:261 - Loaded 12 devices from CSV
2025-09-05 18:52:41,991 - device_list - INFO - device_list.py:241 - Refreshing device data...
2025-09-05 18:52:41,998 - device_list - INFO - device_list.py:261 - Loaded 12 devices from CSV
2025-09-05 18:52:45,126 - api_client - WARNING - client.py:80 - Request attempt 1 failed: HTTPConnectionPool(host='127.0.0.1', port=8000): Max retries exceeded with url: /api/ (Caused by NewConnectionError('<urllib3.connection.HTTPConnection object at 0x000001B064FC85A0>: Failed to establish a new connection: [WinError 10061] No connection could be made because the target machine actively refused it'))
2025-09-05 18:52:47,179 - api_client - WARNING - client.py:80 - Request attempt 2 failed: HTTPConnectionPool(host='127.0.0.1', port=8000): Max retries exceeded with url: /api/ (Caused by NewConnectionError('<urllib3.connection.HTTPConnection object at 0x000001B064FC87C0>: Failed to establish a new connection: [WinError 10061] No connection could be made because the target machine actively refused it'))
2025-09-05 18:52:49,212 - api_client - WARNING - client.py:80 - Request attempt 3 failed: HTTPConnectionPool(host='127.0.0.1', port=8000): Max retries exceeded with url: /api/ (Caused by NewConnectionError('<urllib3.connection.HTTPConnection object at 0x000001B064FC89E0>: Failed to establish a new connection: [WinError 10061] No connection could be made because the target machine actively refused it'))
2025-09-05 18:53:11,981 - device_list - INFO - device_list.py:241 - Refreshing device data...
2025-09-05 18:53:11,989 - device_list - INFO - device_list.py:261 - Loaded 12 devices from CSV
2025-09-05 18:53:41,993 - device_list - INFO - device_list.py:241 - Refreshing device data...
2025-09-05 18:53:42,000 - device_list - INFO - device_list.py:261 - Loaded 12 devices from CSV
2025-09-05 18:53:45,113 - api_client - WARNING - client.py:80 - Request attempt 1 failed: HTTPConnectionPool(host='127.0.0.1', port=8000): Max retries exceeded with url: /api/ (Caused by NewConnectionError('<urllib3.connection.HTTPConnection object at 0x000001B064FC8C00>: Failed to establish a new connection: [WinError 10061] No connection could be made because the target machine actively refused it'))
2025-09-05 18:53:47,149 - api_client - WARNING - client.py:80 - Request attempt 2 failed: HTTPConnectionPool(host='127.0.0.1', port=8000): Max retries exceeded with url: /api/ (Caused by NewConnectionError('<urllib3.connection.HTTPConnection object at 0x000001B064FC8E20>: Failed to establish a new connection: [WinError 10061] No connection could be made because the target machine actively refused it'))
2025-09-05 18:53:49,213 - api_client - WARNING - client.py:80 - Request attempt 3 failed: HTTPConnectionPool(host='127.0.0.1', port=8000): Max retries exceeded with url: /api/ (Caused by NewConnectionError('<urllib3.connection.HTTPConnection object at 0x000001B064FC9040>: Failed to establish a new connection: [WinError 10061] No connection could be made because the target machine actively refused it'))
2025-09-05 18:54:11,984 - device_list - INFO - device_list.py:241 - Refreshing device data...
2025-09-05 18:54:11,992 - device_list - INFO - device_list.py:261 - Loaded 12 devices from CSV
2025-09-05 18:54:22,597 - csv_handler - INFO - csv_handler.py:180 - Successfully appended row to maps CSV with ID: 118
2025-09-05 18:54:41,988 - device_list - INFO - device_list.py:241 - Refreshing device data...
2025-09-05 18:54:41,996 - device_list - INFO - device_list.py:261 - Loaded 12 devices from CSV
2025-09-05 18:54:45,130 - api_client - WARNING - client.py:80 - Request attempt 1 failed: HTTPConnectionPool(host='127.0.0.1', port=8000): Max retries exceeded with url: /api/ (Caused by NewConnectionError('<urllib3.connection.HTTPConnection object at 0x000001B064FC9260>: Failed to establish a new connection: [WinError 10061] No connection could be made because the target machine actively refused it'))
2025-09-05 18:54:47,153 - api_client - WARNING - client.py:80 - Request attempt 2 failed: HTTPConnectionPool(host='127.0.0.1', port=8000): Max retries exceeded with url: /api/ (Caused by NewConnectionError('<urllib3.connection.HTTPConnection object at 0x000001B064FC9480>: Failed to establish a new connection: [WinError 10061] No connection could be made because the target machine actively refused it'))
2025-09-05 18:54:49,201 - api_client - WARNING - client.py:80 - Request attempt 3 failed: HTTPConnectionPool(host='127.0.0.1', port=8000): Max retries exceeded with url: /api/ (Caused by NewConnectionError('<urllib3.connection.HTTPConnection object at 0x000001B064FC96A0>: Failed to establish a new connection: [WinError 10061] No connection could be made because the target machine actively refused it'))
2025-09-05 18:55:06,644 - csv_handler - INFO - csv_handler.py:180 - Successfully appended row to zones CSV with ID: 182
2025-09-05 18:55:11,982 - device_list - INFO - device_list.py:241 - Refreshing device data...
2025-09-05 18:55:11,991 - device_list - INFO - device_list.py:261 - Loaded 12 devices from CSV
2025-09-05 18:55:40,729 - csv_handler - INFO - csv_handler.py:180 - Successfully appended row to stops CSV with ID: 440
2025-09-05 18:55:40,752 - csv_handler - INFO - csv_handler.py:180 - Successfully appended row to stops CSV with ID: 441
2025-09-05 18:55:40,772 - csv_handler - INFO - csv_handler.py:180 - Successfully appended row to stops CSV with ID: 442
2025-09-05 18:55:41,986 - device_list - INFO - device_list.py:241 - Refreshing device data...
2025-09-05 18:55:41,993 - device_list - INFO - device_list.py:261 - Loaded 12 devices from CSV
2025-09-05 18:55:45,141 - api_client - WARNING - client.py:80 - Request attempt 1 failed: HTTPConnectionPool(host='127.0.0.1', port=8000): Max retries exceeded with url: /api/ (Caused by NewConnectionError('<urllib3.connection.HTTPConnection object at 0x000001B062B3BF00>: Failed to establish a new connection: [WinError 10061] No connection could be made because the target machine actively refused it'))
2025-09-05 18:55:47,181 - api_client - WARNING - client.py:80 - Request attempt 2 failed: HTTPConnectionPool(host='127.0.0.1', port=8000): Max retries exceeded with url: /api/ (Caused by NewConnectionError('<urllib3.connection.HTTPConnection object at 0x000001B062B3B9B0>: Failed to establish a new connection: [WinError 10061] No connection could be made because the target machine actively refused it'))
2025-09-05 18:55:49,203 - api_client - WARNING - client.py:80 - Request attempt 3 failed: HTTPConnectionPool(host='127.0.0.1', port=8000): Max retries exceeded with url: /api/ (Caused by NewConnectionError('<urllib3.connection.HTTPConnection object at 0x000001B062B3B790>: Failed to establish a new connection: [WinError 10061] No connection could be made because the target machine actively refused it'))
2025-09-05 18:56:11,992 - device_list - INFO - device_list.py:241 - Refreshing device data...
2025-09-05 18:56:11,996 - device_list - INFO - device_list.py:261 - Loaded 12 devices from CSV
2025-09-05 18:56:41,985 - device_list - INFO - device_list.py:241 - Refreshing device data...
2025-09-05 18:56:41,987 - device_list - INFO - device_list.py:261 - Loaded 12 devices from CSV
2025-09-05 18:56:45,151 - api_client - WARNING - client.py:80 - Request attempt 1 failed: HTTPConnectionPool(host='127.0.0.1', port=8000): Max retries exceeded with url: /api/ (Caused by NewConnectionError('<urllib3.connection.HTTPConnection object at 0x000001B062B3B460>: Failed to establish a new connection: [WinError 10061] No connection could be made because the target machine actively refused it'))
2025-09-05 18:56:47,173 - api_client - WARNING - client.py:80 - Request attempt 2 failed: HTTPConnectionPool(host='127.0.0.1', port=8000): Max retries exceeded with url: /api/ (Caused by NewConnectionError('<urllib3.connection.HTTPConnection object at 0x000001B062B3B240>: Failed to establish a new connection: [WinError 10061] No connection could be made because the target machine actively refused it'))
2025-09-05 18:56:49,189 - api_client - WARNING - client.py:80 - Request attempt 3 failed: HTTPConnectionPool(host='127.0.0.1', port=8000): Max retries exceeded with url: /api/ (Caused by NewConnectionError('<urllib3.connection.HTTPConnection object at 0x000001B062B3BBD0>: Failed to establish a new connection: [WinError 10061] No connection could be made because the target machine actively refused it'))
2025-09-05 18:57:06,158 - csv_handler - INFO - csv_handler.py:180 - Successfully appended row to stops CSV with ID: 443
2025-09-05 18:57:06,182 - csv_handler - INFO - csv_handler.py:180 - Successfully appended row to stops CSV with ID: 444
2025-09-05 18:57:06,200 - csv_handler - INFO - csv_handler.py:180 - Successfully appended row to stops CSV with ID: 445
2025-09-05 18:57:11,990 - device_list - INFO - device_list.py:241 - Refreshing device data...
2025-09-05 18:57:11,998 - device_list - INFO - device_list.py:261 - Loaded 12 devices from CSV
2025-09-05 18:57:41,981 - device_list - INFO - device_list.py:241 - Refreshing device data...
2025-09-05 18:57:41,990 - device_list - INFO - device_list.py:261 - Loaded 12 devices from CSV
2025-09-05 18:57:45,122 - api_client - WARNING - client.py:80 - Request attempt 1 failed: HTTPConnectionPool(host='127.0.0.1', port=8000): Max retries exceeded with url: /api/ (Caused by NewConnectionError('<urllib3.connection.HTTPConnection object at 0x000001B062B3BCE0>: Failed to establish a new connection: [WinError 10061] No connection could be made because the target machine actively refused it'))
2025-09-05 18:57:47,175 - api_client - WARNING - client.py:80 - Request attempt 2 failed: HTTPConnectionPool(host='127.0.0.1', port=8000): Max retries exceeded with url: /api/ (Caused by NewConnectionError('<urllib3.connection.HTTPConnection object at 0x000001B064FC97B0>: Failed to establish a new connection: [WinError 10061] No connection could be made because the target machine actively refused it'))
2025-09-05 18:57:49,208 - api_client - WARNING - client.py:80 - Request attempt 3 failed: HTTPConnectionPool(host='127.0.0.1', port=8000): Max retries exceeded with url: /api/ (Caused by NewConnectionError('<urllib3.connection.HTTPConnection object at 0x000001B064FC9590>: Failed to establish a new connection: [WinError 10061] No connection could be made because the target machine actively refused it'))
2025-09-05 18:58:08,899 - main_window - INFO - main_window.py:284 - Refreshed data for Task Monitor
2025-09-05 18:58:11,992 - device_list - INFO - device_list.py:241 - Refreshing device data...
2025-09-05 18:58:12,003 - device_list - INFO - device_list.py:261 - Loaded 12 devices from CSV
2025-09-05 18:58:41,987 - device_list - INFO - device_list.py:241 - Refreshing device data...
2025-09-05 18:58:41,998 - device_list - INFO - device_list.py:261 - Loaded 12 devices from CSV
2025-09-05 18:58:45,123 - api_client - WARNING - client.py:80 - Request attempt 1 failed: HTTPConnectionPool(host='127.0.0.1', port=8000): Max retries exceeded with url: /api/ (Caused by NewConnectionError('<urllib3.connection.HTTPConnection object at 0x000001B064FC9150>: Failed to establish a new connection: [WinError 10061] No connection could be made because the target machine actively refused it'))
2025-09-05 18:58:47,177 - api_client - WARNING - client.py:80 - Request attempt 2 failed: HTTPConnectionPool(host='127.0.0.1', port=8000): Max retries exceeded with url: /api/ (Caused by NewConnectionError('<urllib3.connection.HTTPConnection object at 0x000001B064FC8F30>: Failed to establish a new connection: [WinError 10061] No connection could be made because the target machine actively refused it'))
2025-09-05 18:58:49,226 - api_client - WARNING - client.py:80 - Request attempt 3 failed: HTTPConnectionPool(host='127.0.0.1', port=8000): Max retries exceeded with url: /api/ (Caused by NewConnectionError('<urllib3.connection.HTTPConnection object at 0x000001B064FC8D10>: Failed to establish a new connection: [WinError 10061] No connection could be made because the target machine actively refused it'))
2025-09-05 18:59:11,988 - device_list - INFO - device_list.py:241 - Refreshing device data...
2025-09-05 18:59:11,996 - device_list - INFO - device_list.py:261 - Loaded 12 devices from CSV
2025-09-05 18:59:41,991 - device_list - INFO - device_list.py:241 - Refreshing device data...
2025-09-05 18:59:41,999 - device_list - INFO - device_list.py:261 - Loaded 12 devices from CSV
2025-09-05 18:59:45,126 - api_client - WARNING - client.py:80 - Request attempt 1 failed: HTTPConnectionPool(host='127.0.0.1', port=8000): Max retries exceeded with url: /api/ (Caused by NewConnectionError('<urllib3.connection.HTTPConnection object at 0x000001B064FC8AF0>: Failed to establish a new connection: [WinError 10061] No connection could be made because the target machine actively refused it'))
2025-09-05 18:59:47,179 - api_client - WARNING - client.py:80 - Request attempt 2 failed: HTTPConnectionPool(host='127.0.0.1', port=8000): Max retries exceeded with url: /api/ (Caused by NewConnectionError('<urllib3.connection.HTTPConnection object at 0x000001B064FC88D0>: Failed to establish a new connection: [WinError 10061] No connection could be made because the target machine actively refused it'))
2025-09-05 18:59:49,244 - api_client - WARNING - client.py:80 - Request attempt 3 failed: HTTPConnectionPool(host='127.0.0.1', port=8000): Max retries exceeded with url: /api/ (Caused by NewConnectionError('<urllib3.connection.HTTPConnection object at 0x000001B064FC86B0>: Failed to establish a new connection: [WinError 10061] No connection could be made because the target machine actively refused it'))
2025-09-05 19:00:11,982 - device_list - INFO - device_list.py:241 - Refreshing device data...
2025-09-05 19:00:11,990 - device_list - INFO - device_list.py:261 - Loaded 12 devices from CSV
2025-09-05 19:00:41,993 - device_list - INFO - device_list.py:241 - Refreshing device data...
2025-09-05 19:00:42,001 - device_list - INFO - device_list.py:261 - Loaded 12 devices from CSV
2025-09-05 19:00:45,129 - api_client - WARNING - client.py:80 - Request attempt 1 failed: HTTPConnectionPool(host='127.0.0.1', port=8000): Max retries exceeded with url: /api/ (Caused by NewConnectionError('<urllib3.connection.HTTPConnection object at 0x000001B064FC8490>: Failed to establish a new connection: [WinError 10061] No connection could be made because the target machine actively refused it'))
2025-09-05 19:00:47,181 - api_client - WARNING - client.py:80 - Request attempt 2 failed: HTTPConnectionPool(host='127.0.0.1', port=8000): Max retries exceeded with url: /api/ (Caused by NewConnectionError('<urllib3.connection.HTTPConnection object at 0x000001B064FC8270>: Failed to establish a new connection: [WinError 10061] No connection could be made because the target machine actively refused it'))
2025-09-05 19:00:49,229 - api_client - WARNING - client.py:80 - Request attempt 3 failed: HTTPConnectionPool(host='127.0.0.1', port=8000): Max retries exceeded with url: /api/ (Caused by NewConnectionError('<urllib3.connection.HTTPConnection object at 0x000001B064FC99D0>: Failed to establish a new connection: [WinError 10061] No connection could be made because the target machine actively refused it'))
2025-09-05 19:01:11,983 - device_list - INFO - device_list.py:241 - Refreshing device data...
2025-09-05 19:01:11,992 - device_list - INFO - device_list.py:261 - Loaded 12 devices from CSV
2025-09-05 19:01:41,994 - device_list - INFO - device_list.py:241 - Refreshing device data...
2025-09-05 19:01:42,003 - device_list - INFO - device_list.py:261 - Loaded 12 devices from CSV
2025-09-05 19:01:45,146 - api_client - WARNING - client.py:80 - Request attempt 1 failed: HTTPConnectionPool(host='127.0.0.1', port=8000): Max retries exceeded with url: /api/ (Caused by NewConnectionError('<urllib3.connection.HTTPConnection object at 0x000001B064FC9D00>: Failed to establish a new connection: [WinError 10061] No connection could be made because the target machine actively refused it'))
2025-09-05 19:01:47,185 - api_client - WARNING - client.py:80 - Request attempt 2 failed: HTTPConnectionPool(host='127.0.0.1', port=8000): Max retries exceeded with url: /api/ (Caused by NewConnectionError('<urllib3.connection.HTTPConnection object at 0x000001B064FC9F20>: Failed to establish a new connection: [WinError 10061] No connection could be made because the target machine actively refused it'))
2025-09-05 19:01:49,218 - api_client - WARNING - client.py:80 - Request attempt 3 failed: HTTPConnectionPool(host='127.0.0.1', port=8000): Max retries exceeded with url: /api/ (Caused by NewConnectionError('<urllib3.connection.HTTPConnection object at 0x000001B064FCA140>: Failed to establish a new connection: [WinError 10061] No connection could be made because the target machine actively refused it'))
2025-09-05 19:02:11,984 - device_list - INFO - device_list.py:241 - Refreshing device data...
2025-09-05 19:02:11,992 - device_list - INFO - device_list.py:261 - Loaded 12 devices from CSV
2025-09-05 19:02:41,982 - device_list - INFO - device_list.py:241 - Refreshing device data...
2025-09-05 19:02:41,990 - device_list - INFO - device_list.py:261 - Loaded 12 devices from CSV
2025-09-05 19:02:45,148 - api_client - WARNING - client.py:80 - Request attempt 1 failed: HTTPConnectionPool(host='127.0.0.1', port=8000): Max retries exceeded with url: /api/ (Caused by NewConnectionError('<urllib3.connection.HTTPConnection object at 0x000001B064FCA360>: Failed to establish a new connection: [WinError 10061] No connection could be made because the target machine actively refused it'))
2025-09-05 19:02:47,203 - api_client - WARNING - client.py:80 - Request attempt 2 failed: HTTPConnectionPool(host='127.0.0.1', port=8000): Max retries exceeded with url: /api/ (Caused by NewConnectionError('<urllib3.connection.HTTPConnection object at 0x000001B064FCA580>: Failed to establish a new connection: [WinError 10061] No connection could be made because the target machine actively refused it'))
2025-09-05 19:02:49,252 - api_client - WARNING - client.py:80 - Request attempt 3 failed: HTTPConnectionPool(host='127.0.0.1', port=8000): Max retries exceeded with url: /api/ (Caused by NewConnectionError('<urllib3.connection.HTTPConnection object at 0x000001B064FCA7A0>: Failed to establish a new connection: [WinError 10061] No connection could be made because the target machine actively refused it'))
2025-09-05 19:03:11,985 - device_list - INFO - device_list.py:241 - Refreshing device data...
2025-09-05 19:03:11,997 - device_list - INFO - device_list.py:261 - Loaded 12 devices from CSV
2025-09-05 19:03:41,983 - device_list - INFO - device_list.py:241 - Refreshing device data...
2025-09-05 19:03:41,994 - device_list - INFO - device_list.py:261 - Loaded 12 devices from CSV
2025-09-05 19:03:45,138 - api_client - WARNING - client.py:80 - Request attempt 1 failed: HTTPConnectionPool(host='127.0.0.1', port=8000): Max retries exceeded with url: /api/ (Caused by NewConnectionError('<urllib3.connection.HTTPConnection object at 0x000001B064FCA9C0>: Failed to establish a new connection: [WinError 10061] No connection could be made because the target machine actively refused it'))
2025-09-05 19:03:47,189 - api_client - WARNING - client.py:80 - Request attempt 2 failed: HTTPConnectionPool(host='127.0.0.1', port=8000): Max retries exceeded with url: /api/ (Caused by NewConnectionError('<urllib3.connection.HTTPConnection object at 0x000001B064FCABE0>: Failed to establish a new connection: [WinError 10061] No connection could be made because the target machine actively refused it'))
2025-09-05 19:03:49,237 - api_client - WARNING - client.py:80 - Request attempt 3 failed: HTTPConnectionPool(host='127.0.0.1', port=8000): Max retries exceeded with url: /api/ (Caused by NewConnectionError('<urllib3.connection.HTTPConnection object at 0x000001B064FCAE00>: Failed to establish a new connection: [WinError 10061] No connection could be made because the target machine actively refused it'))
2025-09-05 19:04:11,990 - device_list - INFO - device_list.py:241 - Refreshing device data...
2025-09-05 19:04:11,993 - device_list - INFO - device_list.py:261 - Loaded 12 devices from CSV
2025-09-05 19:04:41,987 - device_list - INFO - device_list.py:241 - Refreshing device data...
2025-09-05 19:04:42,001 - device_list - INFO - device_list.py:261 - Loaded 12 devices from CSV
2025-09-05 19:04:45,121 - api_client - WARNING - client.py:80 - Request attempt 1 failed: HTTPConnectionPool(host='127.0.0.1', port=8000): Max retries exceeded with url: /api/ (Caused by NewConnectionError('<urllib3.connection.HTTPConnection object at 0x000001B062B3BBD0>: Failed to establish a new connection: [WinError 10061] No connection could be made because the target machine actively refused it'))
2025-09-05 19:04:47,173 - api_client - WARNING - client.py:80 - Request attempt 2 failed: HTTPConnectionPool(host='127.0.0.1', port=8000): Max retries exceeded with url: /api/ (Caused by NewConnectionError('<urllib3.connection.HTTPConnection object at 0x000001B062B3B240>: Failed to establish a new connection: [WinError 10061] No connection could be made because the target machine actively refused it'))
2025-09-05 19:04:49,239 - api_client - WARNING - client.py:80 - Request attempt 3 failed: HTTPConnectionPool(host='127.0.0.1', port=8000): Max retries exceeded with url: /api/ (Caused by NewConnectionError('<urllib3.connection.HTTPConnection object at 0x000001B062B3B460>: Failed to establish a new connection: [WinError 10061] No connection could be made because the target machine actively refused it'))
2025-09-05 19:05:11,993 - device_list - INFO - device_list.py:241 - Refreshing device data...
2025-09-05 19:05:12,005 - device_list - INFO - device_list.py:261 - Loaded 12 devices from CSV
2025-09-05 19:05:41,991 - device_list - INFO - device_list.py:241 - Refreshing device data...
2025-09-05 19:05:42,001 - device_list - INFO - device_list.py:261 - Loaded 12 devices from CSV
2025-09-05 19:05:45,139 - api_client - WARNING - client.py:80 - Request attempt 1 failed: HTTPConnectionPool(host='127.0.0.1', port=8000): Max retries exceeded with url: /api/ (Caused by NewConnectionError('<urllib3.connection.HTTPConnection object at 0x000001B062B3B790>: Failed to establish a new connection: [WinError 10061] No connection could be made because the target machine actively refused it'))
2025-09-05 19:05:47,178 - api_client - WARNING - client.py:80 - Request attempt 2 failed: HTTPConnectionPool(host='127.0.0.1', port=8000): Max retries exceeded with url: /api/ (Caused by NewConnectionError('<urllib3.connection.HTTPConnection object at 0x000001B062B3B9B0>: Failed to establish a new connection: [WinError 10061] No connection could be made because the target machine actively refused it'))
2025-09-05 19:05:49,228 - api_client - WARNING - client.py:80 - Request attempt 3 failed: HTTPConnectionPool(host='127.0.0.1', port=8000): Max retries exceeded with url: /api/ (Caused by NewConnectionError('<urllib3.connection.HTTPConnection object at 0x000001B062B3BF00>: Failed to establish a new connection: [WinError 10061] No connection could be made because the target machine actively refused it'))
2025-09-05 19:06:11,993 - device_list - INFO - device_list.py:241 - Refreshing device data...
2025-09-05 19:06:12,008 - device_list - INFO - device_list.py:261 - Loaded 12 devices from CSV
2025-09-05 19:06:41,992 - device_list - INFO - device_list.py:241 - Refreshing device data...
2025-09-05 19:06:42,005 - device_list - INFO - device_list.py:261 - Loaded 12 devices from CSV
2025-09-05 19:06:45,125 - api_client - WARNING - client.py:80 - Request attempt 1 failed: HTTPConnectionPool(host='127.0.0.1', port=8000): Max retries exceeded with url: /api/ (Caused by NewConnectionError('<urllib3.connection.HTTPConnection object at 0x000001B064FCABE0>: Failed to establish a new connection: [WinError 10061] No connection could be made because the target machine actively refused it'))
2025-09-05 19:06:47,163 - api_client - WARNING - client.py:80 - Request attempt 2 failed: HTTPConnectionPool(host='127.0.0.1', port=8000): Max retries exceeded with url: /api/ (Caused by NewConnectionError('<urllib3.connection.HTTPConnection object at 0x000001B064FCA9C0>: Failed to establish a new connection: [WinError 10061] No connection could be made because the target machine actively refused it'))
2025-09-05 19:06:49,196 - api_client - WARNING - client.py:80 - Request attempt 3 failed: HTTPConnectionPool(host='127.0.0.1', port=8000): Max retries exceeded with url: /api/ (Caused by NewConnectionError('<urllib3.connection.HTTPConnection object at 0x000001B064FCA7A0>: Failed to establish a new connection: [WinError 10061] No connection could be made because the target machine actively refused it'))
2025-09-05 19:07:11,980 - device_list - INFO - device_list.py:241 - Refreshing device data...
2025-09-05 19:07:11,992 - device_list - INFO - device_list.py:261 - Loaded 12 devices from CSV
2025-09-05 19:07:41,994 - device_list - INFO - device_list.py:241 - Refreshing device data...
2025-09-05 19:07:42,000 - device_list - INFO - device_list.py:261 - Loaded 12 devices from CSV
2025-09-05 19:07:45,128 - api_client - WARNING - client.py:80 - Request attempt 1 failed: HTTPConnectionPool(host='127.0.0.1', port=8000): Max retries exceeded with url: /api/ (Caused by NewConnectionError('<urllib3.connection.HTTPConnection object at 0x000001B064FCA580>: Failed to establish a new connection: [WinError 10061] No connection could be made because the target machine actively refused it'))
2025-09-05 19:07:47,166 - api_client - WARNING - client.py:80 - Request attempt 2 failed: HTTPConnectionPool(host='127.0.0.1', port=8000): Max retries exceeded with url: /api/ (Caused by NewConnectionError('<urllib3.connection.HTTPConnection object at 0x000001B064FCA360>: Failed to establish a new connection: [WinError 10061] No connection could be made because the target machine actively refused it'))
2025-09-05 19:07:49,231 - api_client - WARNING - client.py:80 - Request attempt 3 failed: HTTPConnectionPool(host='127.0.0.1', port=8000): Max retries exceeded with url: /api/ (Caused by NewConnectionError('<urllib3.connection.HTTPConnection object at 0x000001B064FCA140>: Failed to establish a new connection: [WinError 10061] No connection could be made because the target machine actively refused it'))
2025-09-05 19:08:11,984 - device_list - INFO - device_list.py:241 - Refreshing device data...
2025-09-05 19:08:11,998 - device_list - INFO - device_list.py:261 - Loaded 12 devices from CSV
2025-09-05 19:08:41,980 - device_list - INFO - device_list.py:241 - Refreshing device data...
2025-09-05 19:08:41,992 - device_list - INFO - device_list.py:261 - Loaded 12 devices from CSV
2025-09-05 19:08:45,162 - api_client - WARNING - client.py:80 - Request attempt 1 failed: HTTPConnectionPool(host='127.0.0.1', port=8000): Max retries exceeded with url: /api/ (Caused by NewConnectionError('<urllib3.connection.HTTPConnection object at 0x000001B064FC9F20>: Failed to establish a new connection: [WinError 10061] No connection could be made because the target machine actively refused it'))
2025-09-05 19:08:47,202 - api_client - WARNING - client.py:80 - Request attempt 2 failed: HTTPConnectionPool(host='127.0.0.1', port=8000): Max retries exceeded with url: /api/ (Caused by NewConnectionError('<urllib3.connection.HTTPConnection object at 0x000001B064FC9D00>: Failed to establish a new connection: [WinError 10061] No connection could be made because the target machine actively refused it'))
2025-09-05 19:08:49,502 - api_client - WARNING - client.py:80 - Request attempt 3 failed: HTTPConnectionPool(host='127.0.0.1', port=8000): Max retries exceeded with url: /api/ (Caused by NewConnectionError('<urllib3.connection.HTTPConnection object at 0x000001B064FC99D0>: Failed to establish a new connection: [WinError 10061] No connection could be made because the target machine actively refused it'))
2025-09-05 19:09:11,981 - device_list - INFO - device_list.py:241 - Refreshing device data...
2025-09-05 19:09:11,994 - device_list - INFO - device_list.py:261 - Loaded 12 devices from CSV
2025-09-05 19:09:41,984 - device_list - INFO - device_list.py:241 - Refreshing device data...
2025-09-05 19:09:41,996 - device_list - INFO - device_list.py:261 - Loaded 12 devices from CSV
2025-09-05 19:09:45,147 - api_client - WARNING - client.py:80 - Request attempt 1 failed: HTTPConnectionPool(host='127.0.0.1', port=8000): Max retries exceeded with url: /api/ (Caused by NewConnectionError('<urllib3.connection.HTTPConnection object at 0x000001B064FC8270>: Failed to establish a new connection: [WinError 10061] No connection could be made because the target machine actively refused it'))
2025-09-05 19:09:47,201 - api_client - WARNING - client.py:80 - Request attempt 2 failed: HTTPConnectionPool(host='127.0.0.1', port=8000): Max retries exceeded with url: /api/ (Caused by NewConnectionError('<urllib3.connection.HTTPConnection object at 0x000001B064FC8490>: Failed to establish a new connection: [WinError 10061] No connection could be made because the target machine actively refused it'))
2025-09-05 19:09:49,253 - api_client - WARNING - client.py:80 - Request attempt 3 failed: HTTPConnectionPool(host='127.0.0.1', port=8000): Max retries exceeded with url: /api/ (Caused by NewConnectionError('<urllib3.connection.HTTPConnection object at 0x000001B064FC86B0>: Failed to establish a new connection: [WinError 10061] No connection could be made because the target machine actively refused it'))
2025-09-05 19:10:11,989 - device_list - INFO - device_list.py:241 - Refreshing device data...
2025-09-05 19:10:12,002 - device_list - INFO - device_list.py:261 - Loaded 12 devices from CSV
2025-09-05 19:10:41,985 - device_list - INFO - device_list.py:241 - Refreshing device data...
2025-09-05 19:10:41,988 - device_list - INFO - device_list.py:261 - Loaded 12 devices from CSV
2025-09-05 19:10:45,119 - api_client - WARNING - client.py:80 - Request attempt 1 failed: HTTPConnectionPool(host='127.0.0.1', port=8000): Max retries exceeded with url: /api/ (Caused by NewConnectionError('<urllib3.connection.HTTPConnection object at 0x000001B064FC88D0>: Failed to establish a new connection: [WinError 10061] No connection could be made because the target machine actively refused it'))
2025-09-05 19:10:47,156 - api_client - WARNING - client.py:80 - Request attempt 2 failed: HTTPConnectionPool(host='127.0.0.1', port=8000): Max retries exceeded with url: /api/ (Caused by NewConnectionError('<urllib3.connection.HTTPConnection object at 0x000001B064FC8AF0>: Failed to establish a new connection: [WinError 10061] No connection could be made because the target machine actively refused it'))
2025-09-05 19:10:49,203 - api_client - WARNING - client.py:80 - Request attempt 3 failed: HTTPConnectionPool(host='127.0.0.1', port=8000): Max retries exceeded with url: /api/ (Caused by NewConnectionError('<urllib3.connection.HTTPConnection object at 0x000001B064FC8D10>: Failed to establish a new connection: [WinError 10061] No connection could be made because the target machine actively refused it'))
2025-09-05 19:11:11,988 - device_list - INFO - device_list.py:241 - Refreshing device data...
2025-09-05 19:11:11,996 - device_list - INFO - device_list.py:261 - Loaded 12 devices from CSV
2025-09-05 19:11:41,986 - device_list - INFO - device_list.py:241 - Refreshing device data...
2025-09-05 19:11:41,994 - device_list - INFO - device_list.py:261 - Loaded 12 devices from CSV
2025-09-05 19:11:45,143 - api_client - WARNING - client.py:80 - Request attempt 1 failed: HTTPConnectionPool(host='127.0.0.1', port=8000): Max retries exceeded with url: /api/ (Caused by NewConnectionError('<urllib3.connection.HTTPConnection object at 0x000001B064FC8F30>: Failed to establish a new connection: [WinError 10061] No connection could be made because the target machine actively refused it'))
2025-09-05 19:11:47,191 - api_client - WARNING - client.py:80 - Request attempt 2 failed: HTTPConnectionPool(host='127.0.0.1', port=8000): Max retries exceeded with url: /api/ (Caused by NewConnectionError('<urllib3.connection.HTTPConnection object at 0x000001B064FC9150>: Failed to establish a new connection: [WinError 10061] No connection could be made because the target machine actively refused it'))
2025-09-05 19:11:49,224 - api_client - WARNING - client.py:80 - Request attempt 3 failed: HTTPConnectionPool(host='127.0.0.1', port=8000): Max retries exceeded with url: /api/ (Caused by NewConnectionError('<urllib3.connection.HTTPConnection object at 0x000001B064FC9590>: Failed to establish a new connection: [WinError 10061] No connection could be made because the target machine actively refused it'))
2025-09-05 19:12:11,985 - device_list - INFO - device_list.py:241 - Refreshing device data...
2025-09-05 19:12:11,988 - device_list - INFO - device_list.py:261 - Loaded 12 devices from CSV
2025-09-05 19:12:41,989 - device_list - INFO - device_list.py:241 - Refreshing device data...
2025-09-05 19:12:41,992 - device_list - INFO - device_list.py:261 - Loaded 12 devices from CSV
2025-09-05 19:12:45,123 - api_client - WARNING - client.py:80 - Request attempt 1 failed: HTTPConnectionPool(host='127.0.0.1', port=8000): Max retries exceeded with url: /api/ (Caused by NewConnectionError('<urllib3.connection.HTTPConnection object at 0x000001B064FC97B0>: Failed to establish a new connection: [WinError 10061] No connection could be made because the target machine actively refused it'))
2025-09-05 19:12:47,161 - api_client - WARNING - client.py:80 - Request attempt 2 failed: HTTPConnectionPool(host='127.0.0.1', port=8000): Max retries exceeded with url: /api/ (Caused by NewConnectionError('<urllib3.connection.HTTPConnection object at 0x000001B064FC96A0>: Failed to establish a new connection: [WinError 10061] No connection could be made because the target machine actively refused it'))
2025-09-05 19:12:49,194 - api_client - WARNING - client.py:80 - Request attempt 3 failed: HTTPConnectionPool(host='127.0.0.1', port=8000): Max retries exceeded with url: /api/ (Caused by NewConnectionError('<urllib3.connection.HTTPConnection object at 0x000001B064FCB020>: Failed to establish a new connection: [WinError 10061] No connection could be made because the target machine actively refused it'))
2025-09-05 19:13:11,981 - device_list - INFO - device_list.py:241 - Refreshing device data...
2025-09-05 19:13:11,989 - device_list - INFO - device_list.py:261 - Loaded 12 devices from CSV
2025-09-05 19:13:28,982 - main_window - INFO - main_window.py:284 - Refreshed data for Create Task
2025-09-05 19:13:29,652 - device_list - INFO - device_list.py:241 - Refreshing device data...
2025-09-05 19:13:29,655 - device_list - INFO - device_list.py:261 - Loaded 12 devices from CSV
2025-09-05 19:13:29,655 - main_window - INFO - main_window.py:284 - Refreshed data for Device Management
2025-09-05 19:13:41,982 - device_list - INFO - device_list.py:241 - Refreshing device data...
2025-09-05 19:13:41,991 - device_list - INFO - device_list.py:261 - Loaded 12 devices from CSV
2025-09-05 19:13:45,140 - api_client - WARNING - client.py:80 - Request attempt 1 failed: HTTPConnectionPool(host='127.0.0.1', port=8000): Max retries exceeded with url: /api/ (Caused by NewConnectionError('<urllib3.connection.HTTPConnection object at 0x000001B064FCB240>: Failed to establish a new connection: [WinError 10061] No connection could be made because the target machine actively refused it'))
2025-09-05 19:13:47,180 - api_client - WARNING - client.py:80 - Request attempt 2 failed: HTTPConnectionPool(host='127.0.0.1', port=8000): Max retries exceeded with url: /api/ (Caused by NewConnectionError('<urllib3.connection.HTTPConnection object at 0x000001B064FCB460>: Failed to establish a new connection: [WinError 10061] No connection could be made because the target machine actively refused it'))
2025-09-05 19:13:49,229 - api_client - WARNING - client.py:80 - Request attempt 3 failed: HTTPConnectionPool(host='127.0.0.1', port=8000): Max retries exceeded with url: /api/ (Caused by NewConnectionError('<urllib3.connection.HTTPConnection object at 0x000001B062B3B8A0>: Failed to establish a new connection: [WinError 10061] No connection could be made because the target machine actively refused it'))
2025-09-05 19:13:49,308 - device_list - INFO - device_list.py:241 - Refreshing device data...
2025-09-05 19:13:49,321 - device_list - INFO - device_list.py:261 - Loaded 12 devices from CSV
2025-09-05 19:14:11,981 - device_list - INFO - device_list.py:241 - Refreshing device data...
2025-09-05 19:14:11,990 - device_list - INFO - device_list.py:261 - Loaded 12 devices from CSV
2025-09-05 19:14:13,123 - device_list - INFO - device_list.py:241 - Refreshing device data...
2025-09-05 19:14:13,127 - device_list - INFO - device_list.py:261 - Loaded 12 devices from CSV
2025-09-05 19:14:41,992 - device_list - INFO - device_list.py:241 - Refreshing device data...
2025-09-05 19:14:42,001 - device_list - INFO - device_list.py:261 - Loaded 12 devices from CSV
2025-09-05 19:14:45,141 - api_client - WARNING - client.py:80 - Request attempt 1 failed: HTTPConnectionPool(host='127.0.0.1', port=8000): Max retries exceeded with url: /api/ (Caused by NewConnectionError('<urllib3.connection.HTTPConnection object at 0x000001B062B3B680>: Failed to establish a new connection: [WinError 10061] No connection could be made because the target machine actively refused it'))
2025-09-05 19:14:47,194 - api_client - WARNING - client.py:80 - Request attempt 2 failed: HTTPConnectionPool(host='127.0.0.1', port=8000): Max retries exceeded with url: /api/ (Caused by NewConnectionError('<urllib3.connection.HTTPConnection object at 0x000001B062B3B350>: Failed to establish a new connection: [WinError 10061] No connection could be made because the target machine actively refused it'))
2025-09-05 19:14:49,233 - api_client - WARNING - client.py:80 - Request attempt 3 failed: HTTPConnectionPool(host='127.0.0.1', port=8000): Max retries exceeded with url: /api/ (Caused by NewConnectionError('<urllib3.connection.HTTPConnection object at 0x000001B062B3B570>: Failed to establish a new connection: [WinError 10061] No connection could be made because the target machine actively refused it'))
2025-09-05 19:14:49,259 - device_list - INFO - device_list.py:241 - Refreshing device data...
2025-09-05 19:14:49,278 - device_list - INFO - device_list.py:261 - Loaded 12 devices from CSV
2025-09-05 19:15:11,980 - device_list - INFO - device_list.py:241 - Refreshing device data...
2025-09-05 19:15:11,989 - device_list - INFO - device_list.py:261 - Loaded 12 devices from CSV
2025-09-05 19:15:13,121 - device_list - INFO - device_list.py:241 - Refreshing device data...
2025-09-05 19:15:13,132 - device_list - INFO - device_list.py:261 - Loaded 12 devices from CSV
2025-09-05 19:15:41,994 - device_list - INFO - device_list.py:241 - Refreshing device data...
2025-09-05 19:15:42,002 - device_list - INFO - device_list.py:261 - Loaded 12 devices from CSV
2025-09-05 19:15:45,136 - api_client - WARNING - client.py:80 - Request attempt 1 failed: HTTPConnectionPool(host='127.0.0.1', port=8000): Max retries exceeded with url: /api/ (Caused by NewConnectionError('<urllib3.connection.HTTPConnection object at 0x000001B062B3BAC0>: Failed to establish a new connection: [WinError 10061] No connection could be made because the target machine actively refused it'))
2025-09-05 19:15:47,158 - api_client - WARNING - client.py:80 - Request attempt 2 failed: HTTPConnectionPool(host='127.0.0.1', port=8000): Max retries exceeded with url: /api/ (Caused by NewConnectionError('<urllib3.connection.HTTPConnection object at 0x000001B062B3BDF0>: Failed to establish a new connection: [WinError 10061] No connection could be made because the target machine actively refused it'))
2025-09-05 19:15:49,196 - api_client - WARNING - client.py:80 - Request attempt 3 failed: HTTPConnectionPool(host='127.0.0.1', port=8000): Max retries exceeded with url: /api/ (Caused by NewConnectionError('<urllib3.connection.HTTPConnection object at 0x000001B064FCB240>: Failed to establish a new connection: [WinError 10061] No connection could be made because the target machine actively refused it'))
2025-09-05 19:15:49,198 - device_list - INFO - device_list.py:241 - Refreshing device data...
2025-09-05 19:15:49,207 - device_list - INFO - device_list.py:261 - Loaded 12 devices from CSV
2025-09-05 19:16:11,988 - device_list - INFO - device_list.py:241 - Refreshing device data...
2025-09-05 19:16:11,998 - device_list - INFO - device_list.py:261 - Loaded 12 devices from CSV
2025-09-05 19:16:13,136 - device_list - INFO - device_list.py:241 - Refreshing device data...
2025-09-05 19:16:13,144 - device_list - INFO - device_list.py:261 - Loaded 12 devices from CSV
2025-09-05 19:16:41,982 - device_list - INFO - device_list.py:241 - Refreshing device data...
2025-09-05 19:16:41,991 - device_list - INFO - device_list.py:261 - Loaded 12 devices from CSV
2025-09-05 19:16:45,129 - api_client - WARNING - client.py:80 - Request attempt 1 failed: HTTPConnectionPool(host='127.0.0.1', port=8000): Max retries exceeded with url: /api/ (Caused by NewConnectionError('<urllib3.connection.HTTPConnection object at 0x000001B064FCB020>: Failed to establish a new connection: [WinError 10061] No connection could be made because the target machine actively refused it'))
2025-09-05 19:16:47,183 - api_client - WARNING - client.py:80 - Request attempt 2 failed: HTTPConnectionPool(host='127.0.0.1', port=8000): Max retries exceeded with url: /api/ (Caused by NewConnectionError('<urllib3.connection.HTTPConnection object at 0x000001B064FC96A0>: Failed to establish a new connection: [WinError 10061] No connection could be made because the target machine actively refused it'))
2025-09-05 19:16:49,212 - api_client - WARNING - client.py:80 - Request attempt 3 failed: HTTPConnectionPool(host='127.0.0.1', port=8000): Max retries exceeded with url: /api/ (Caused by NewConnectionError('<urllib3.connection.HTTPConnection object at 0x000001B064FC97B0>: Failed to establish a new connection: [WinError 10061] No connection could be made because the target machine actively refused it'))
2025-09-05 19:16:49,218 - device_list - INFO - device_list.py:241 - Refreshing device data...
2025-09-05 19:16:49,237 - device_list - INFO - device_list.py:261 - Loaded 12 devices from CSV
2025-09-05 19:17:11,982 - device_list - INFO - device_list.py:241 - Refreshing device data...
2025-09-05 19:17:11,985 - device_list - INFO - device_list.py:261 - Loaded 12 devices from CSV
2025-09-05 19:17:13,128 - device_list - INFO - device_list.py:241 - Refreshing device data...
2025-09-05 19:17:13,134 - device_list - INFO - device_list.py:261 - Loaded 12 devices from CSV
2025-09-05 19:17:41,986 - device_list - INFO - device_list.py:241 - Refreshing device data...
2025-09-05 19:17:41,992 - device_list - INFO - device_list.py:261 - Loaded 12 devices from CSV
2025-09-05 19:17:45,125 - api_client - WARNING - client.py:80 - Request attempt 1 failed: HTTPConnectionPool(host='127.0.0.1', port=8000): Max retries exceeded with url: /api/ (Caused by NewConnectionError('<urllib3.connection.HTTPConnection object at 0x000001B064FC9370>: Failed to establish a new connection: [WinError 10061] No connection could be made because the target machine actively refused it'))
2025-09-05 19:17:47,152 - api_client - WARNING - client.py:80 - Request attempt 2 failed: HTTPConnectionPool(host='127.0.0.1', port=8000): Max retries exceeded with url: /api/ (Caused by NewConnectionError('<urllib3.connection.HTTPConnection object at 0x000001B064FC9590>: Failed to establish a new connection: [WinError 10061] No connection could be made because the target machine actively refused it'))
2025-09-05 19:17:49,191 - api_client - WARNING - client.py:80 - Request attempt 3 failed: HTTPConnectionPool(host='127.0.0.1', port=8000): Max retries exceeded with url: /api/ (Caused by NewConnectionError('<urllib3.connection.HTTPConnection object at 0x000001B064FC9150>: Failed to establish a new connection: [WinError 10061] No connection could be made because the target machine actively refused it'))
2025-09-05 19:17:49,192 - device_list - INFO - device_list.py:241 - Refreshing device data...
2025-09-05 19:17:49,196 - device_list - INFO - device_list.py:261 - Loaded 12 devices from CSV
2025-09-05 19:18:11,987 - device_list - INFO - device_list.py:241 - Refreshing device data...
2025-09-05 19:18:11,996 - device_list - INFO - device_list.py:261 - Loaded 12 devices from CSV
2025-09-05 19:18:13,134 - device_list - INFO - device_list.py:241 - Refreshing device data...
2025-09-05 19:18:13,144 - device_list - INFO - device_list.py:261 - Loaded 12 devices from CSV
2025-09-05 19:18:41,992 - device_list - INFO - device_list.py:241 - Refreshing device data...
2025-09-05 19:18:41,995 - device_list - INFO - device_list.py:261 - Loaded 12 devices from CSV
2025-09-05 19:18:45,139 - api_client - WARNING - client.py:80 - Request attempt 1 failed: HTTPConnectionPool(host='127.0.0.1', port=8000): Max retries exceeded with url: /api/ (Caused by NewConnectionError('<urllib3.connection.HTTPConnection object at 0x000001B064FC8F30>: Failed to establish a new connection: [WinError 10061] No connection could be made because the target machine actively refused it'))
2025-09-05 19:18:47,172 - api_client - WARNING - client.py:80 - Request attempt 2 failed: HTTPConnectionPool(host='127.0.0.1', port=8000): Max retries exceeded with url: /api/ (Caused by NewConnectionError('<urllib3.connection.HTTPConnection object at 0x000001B064FC8D10>: Failed to establish a new connection: [WinError 10061] No connection could be made because the target machine actively refused it'))
2025-09-05 19:18:49,220 - api_client - WARNING - client.py:80 - Request attempt 3 failed: HTTPConnectionPool(host='127.0.0.1', port=8000): Max retries exceeded with url: /api/ (Caused by NewConnectionError('<urllib3.connection.HTTPConnection object at 0x000001B064FC8AF0>: Failed to establish a new connection: [WinError 10061] No connection could be made because the target machine actively refused it'))
2025-09-05 19:18:49,222 - device_list - INFO - device_list.py:241 - Refreshing device data...
2025-09-05 19:18:49,226 - device_list - INFO - device_list.py:261 - Loaded 12 devices from CSV
2025-09-05 19:19:11,981 - device_list - INFO - device_list.py:241 - Refreshing device data...
2025-09-05 19:19:11,985 - device_list - INFO - device_list.py:261 - Loaded 12 devices from CSV
2025-09-05 19:19:13,126 - device_list - INFO - device_list.py:241 - Refreshing device data...
2025-09-05 19:19:13,135 - device_list - INFO - device_list.py:261 - Loaded 12 devices from CSV
2025-09-05 19:19:41,990 - device_list - INFO - device_list.py:241 - Refreshing device data...
2025-09-05 19:19:41,995 - device_list - INFO - device_list.py:261 - Loaded 12 devices from CSV
2025-09-05 19:19:45,140 - api_client - WARNING - client.py:80 - Request attempt 1 failed: HTTPConnectionPool(host='127.0.0.1', port=8000): Max retries exceeded with url: /api/ (Caused by NewConnectionError('<urllib3.connection.HTTPConnection object at 0x000001B064FC88D0>: Failed to establish a new connection: [WinError 10061] No connection could be made because the target machine actively refused it'))
2025-09-05 19:19:47,174 - api_client - WARNING - client.py:80 - Request attempt 2 failed: HTTPConnectionPool(host='127.0.0.1', port=8000): Max retries exceeded with url: /api/ (Caused by NewConnectionError('<urllib3.connection.HTTPConnection object at 0x000001B064FC86B0>: Failed to establish a new connection: [WinError 10061] No connection could be made because the target machine actively refused it'))
2025-09-05 19:19:49,207 - api_client - WARNING - client.py:80 - Request attempt 3 failed: HTTPConnectionPool(host='127.0.0.1', port=8000): Max retries exceeded with url: /api/ (Caused by NewConnectionError('<urllib3.connection.HTTPConnection object at 0x000001B064FC8490>: Failed to establish a new connection: [WinError 10061] No connection could be made because the target machine actively refused it'))
2025-09-05 19:19:49,209 - device_list - INFO - device_list.py:241 - Refreshing device data...
2025-09-05 19:19:49,214 - device_list - INFO - device_list.py:261 - Loaded 12 devices from CSV
2025-09-05 19:20:11,984 - device_list - INFO - device_list.py:241 - Refreshing device data...
2025-09-05 19:20:11,990 - device_list - INFO - device_list.py:261 - Loaded 12 devices from CSV
2025-09-05 19:20:13,133 - device_list - INFO - device_list.py:241 - Refreshing device data...
2025-09-05 19:20:13,140 - device_list - INFO - device_list.py:261 - Loaded 12 devices from CSV
2025-09-05 19:20:41,992 - device_list - INFO - device_list.py:241 - Refreshing device data...
2025-09-05 19:20:41,996 - device_list - INFO - device_list.py:261 - Loaded 12 devices from CSV
2025-09-05 19:20:45,147 - api_client - WARNING - client.py:80 - Request attempt 1 failed: HTTPConnectionPool(host='127.0.0.1', port=8000): Max retries exceeded with url: /api/ (Caused by NewConnectionError('<urllib3.connection.HTTPConnection object at 0x000001B064FC8270>: Failed to establish a new connection: [WinError 10061] No connection could be made because the target machine actively refused it'))
2025-09-05 19:20:47,187 - api_client - WARNING - client.py:80 - Request attempt 2 failed: HTTPConnectionPool(host='127.0.0.1', port=8000): Max retries exceeded with url: /api/ (Caused by NewConnectionError('<urllib3.connection.HTTPConnection object at 0x000001B064FC99D0>: Failed to establish a new connection: [WinError 10061] No connection could be made because the target machine actively refused it'))
2025-09-05 19:20:49,200 - api_client - WARNING - client.py:80 - Request attempt 3 failed: HTTPConnectionPool(host='127.0.0.1', port=8000): Max retries exceeded with url: /api/ (Caused by NewConnectionError('<urllib3.connection.HTTPConnection object at 0x000001B064FC9D00>: Failed to establish a new connection: [WinError 10061] No connection could be made because the target machine actively refused it'))
2025-09-05 19:20:49,205 - device_list - INFO - device_list.py:241 - Refreshing device data...
2025-09-05 19:20:49,215 - device_list - INFO - device_list.py:261 - Loaded 12 devices from CSV
2025-09-05 19:21:11,980 - device_list - INFO - device_list.py:241 - Refreshing device data...
2025-09-05 19:21:11,983 - device_list - INFO - device_list.py:261 - Loaded 12 devices from CSV
2025-09-05 19:21:13,122 - device_list - INFO - device_list.py:241 - Refreshing device data...
2025-09-05 19:21:13,131 - device_list - INFO - device_list.py:261 - Loaded 12 devices from CSV
2025-09-05 19:21:41,985 - device_list - INFO - device_list.py:241 - Refreshing device data...
2025-09-05 19:21:41,991 - device_list - INFO - device_list.py:261 - Loaded 12 devices from CSV
2025-09-05 19:21:45,172 - api_client - WARNING - client.py:80 - Request attempt 1 failed: HTTPConnectionPool(host='127.0.0.1', port=8000): Max retries exceeded with url: /api/ (Caused by NewConnectionError('<urllib3.connection.HTTPConnection object at 0x000001B064FC9F20>: Failed to establish a new connection: [WinError 10061] No connection could be made because the target machine actively refused it'))
2025-09-05 19:21:47,215 - api_client - WARNING - client.py:80 - Request attempt 2 failed: HTTPConnectionPool(host='127.0.0.1', port=8000): Max retries exceeded with url: /api/ (Caused by NewConnectionError('<urllib3.connection.HTTPConnection object at 0x000001B064FCA140>: Failed to establish a new connection: [WinError 10061] No connection could be made because the target machine actively refused it'))
2025-09-05 19:21:49,260 - api_client - WARNING - client.py:80 - Request attempt 3 failed: HTTPConnectionPool(host='127.0.0.1', port=8000): Max retries exceeded with url: /api/ (Caused by NewConnectionError('<urllib3.connection.HTTPConnection object at 0x000001B064FCA360>: Failed to establish a new connection: [WinError 10061] No connection could be made because the target machine actively refused it'))
2025-09-05 19:21:49,262 - device_list - INFO - device_list.py:241 - Refreshing device data...
2025-09-05 19:21:49,265 - device_list - INFO - device_list.py:261 - Loaded 12 devices from CSV
2025-09-05 19:22:11,984 - device_list - INFO - device_list.py:241 - Refreshing device data...
2025-09-05 19:22:11,989 - device_list - INFO - device_list.py:261 - Loaded 12 devices from CSV
2025-09-05 19:22:13,135 - device_list - INFO - device_list.py:241 - Refreshing device data...
2025-09-05 19:22:13,144 - device_list - INFO - device_list.py:261 - Loaded 12 devices from CSV
2025-09-05 19:22:41,987 - device_list - INFO - device_list.py:241 - Refreshing device data...
2025-09-05 19:22:41,996 - device_list - INFO - device_list.py:261 - Loaded 12 devices from CSV
2025-09-05 19:22:45,176 - api_client - WARNING - client.py:80 - Request attempt 1 failed: HTTPConnectionPool(host='127.0.0.1', port=8000): Max retries exceeded with url: /api/ (Caused by NewConnectionError('<urllib3.connection.HTTPConnection object at 0x000001B064FCA580>: Failed to establish a new connection: [WinError 10061] No connection could be made because the target machine actively refused it'))
2025-09-05 19:22:47,234 - api_client - WARNING - client.py:80 - Request attempt 2 failed: HTTPConnectionPool(host='127.0.0.1', port=8000): Max retries exceeded with url: /api/ (Caused by NewConnectionError('<urllib3.connection.HTTPConnection object at 0x000001B064FCA7A0>: Failed to establish a new connection: [WinError 10061] No connection could be made because the target machine actively refused it'))
2025-09-05 19:22:49,267 - api_client - WARNING - client.py:80 - Request attempt 3 failed: HTTPConnectionPool(host='127.0.0.1', port=8000): Max retries exceeded with url: /api/ (Caused by NewConnectionError('<urllib3.connection.HTTPConnection object at 0x000001B064FCA9C0>: Failed to establish a new connection: [WinError 10061] No connection could be made because the target machine actively refused it'))
2025-09-05 19:22:49,269 - device_list - INFO - device_list.py:241 - Refreshing device data...
2025-09-05 19:22:49,277 - device_list - INFO - device_list.py:261 - Loaded 12 devices from CSV
2025-09-05 19:23:11,984 - device_list - INFO - device_list.py:241 - Refreshing device data...
2025-09-05 19:23:11,988 - device_list - INFO - device_list.py:261 - Loaded 12 devices from CSV
2025-09-05 19:23:13,127 - device_list - INFO - device_list.py:241 - Refreshing device data...
2025-09-05 19:23:13,133 - device_list - INFO - device_list.py:261 - Loaded 12 devices from CSV
2025-09-05 19:23:15,853 - main_window - INFO - main_window.py:373 - Application closing
2025-09-05 19:23:24,706 - warehouse_app - INFO - main.py:30 - Starting Warehouse Management System v1.0.0
2025-09-05 19:23:33,728 - main_window - INFO - main_window.py:121 - Dashboard widget loaded successfully
2025-09-05 19:23:33,764 - device_list - INFO - device_list.py:241 - Refreshing device data...
2025-09-05 19:23:33,767 - device_list - INFO - device_list.py:261 - Loaded 12 devices from CSV
2025-09-05 19:23:33,782 - main_window - INFO - main_window.py:131 - Device Management widget loaded successfully
2025-09-05 19:23:33,968 - main_window - INFO - main_window.py:142 - Task Creation widget loaded successfully
2025-09-05 19:23:34,031 - main_window - INFO - main_window.py:153 - Task Monitor widget loaded successfully
2025-09-05 19:23:34,082 - user_management - INFO - user_management.py:581 - Refreshing user data...
2025-09-05 19:23:34,085 - user_management - INFO - user_management.py:603 - Loaded 12 users from CSV
2025-09-05 19:23:34,103 - main_window - INFO - main_window.py:163 - User Management widget loaded successfully
2025-09-05 19:23:34,900 - map_management - INFO - map_management.py:53 - Map Management widget initialized
2025-09-05 19:23:35,049 - main_window - INFO - main_window.py:175 - Map Management widget loaded successfully
2025-09-05 19:23:37,091 - api_client - WARNING - client.py:80 - Request attempt 1 failed: HTTPConnectionPool(host='127.0.0.1', port=8000): Max retries exceeded with url: /api/ (Caused by NewConnectionError('<urllib3.connection.HTTPConnection object at 0x000001CF65E6A510>: Failed to establish a new connection: [WinError 10061] No connection could be made because the target machine actively refused it'))
2025-09-05 19:23:39,113 - api_client - WARNING - client.py:80 - Request attempt 2 failed: HTTPConnectionPool(host='127.0.0.1', port=8000): Max retries exceeded with url: /api/ (Caused by NewConnectionError('<urllib3.connection.HTTPConnection object at 0x000001CF65DB7390>: Failed to establish a new connection: [WinError 10061] No connection could be made because the target machine actively refused it'))
2025-09-05 19:23:41,163 - api_client - WARNING - client.py:80 - Request attempt 3 failed: HTTPConnectionPool(host='127.0.0.1', port=8000): Max retries exceeded with url: /api/ (Caused by NewConnectionError('<urllib3.connection.HTTPConnection object at 0x000001CF65DB7890>: Failed to establish a new connection: [WinError 10061] No connection could be made because the target machine actively refused it'))
2025-09-05 19:23:41,165 - warehouse_app - INFO - main.py:46 - Main window created successfully
2025-09-05 19:23:41,281 - warehouse_app - INFO - main.py:154 - Application started successfully
2025-09-05 19:23:48,499 - device_list - INFO - device_list.py:241 - Refreshing device data...
2025-09-05 19:23:48,502 - device_list - INFO - device_list.py:261 - Loaded 12 devices from CSV
2025-09-05 19:23:48,502 - main_window - INFO - main_window.py:284 - Refreshed data for Device Management
2025-09-05 19:24:03,761 - device_list - INFO - device_list.py:241 - Refreshing device data...
2025-09-05 19:24:03,766 - device_list - INFO - device_list.py:261 - Loaded 12 devices from CSV
2025-09-05 19:24:05,045 - device_list - INFO - device_list.py:241 - Refreshing device data...
2025-09-05 19:24:05,051 - device_list - INFO - device_list.py:261 - Loaded 12 devices from CSV
2025-09-05 19:24:33,772 - device_list - INFO - device_list.py:241 - Refreshing device data...
2025-09-05 19:24:33,776 - device_list - INFO - device_list.py:261 - Loaded 12 devices from CSV
2025-09-05 19:24:37,088 - api_client - WARNING - client.py:80 - Request attempt 1 failed: HTTPConnectionPool(host='127.0.0.1', port=8000): Max retries exceeded with url: /api/ (Caused by NewConnectionError('<urllib3.connection.HTTPConnection object at 0x000001CF65B9BBB0>: Failed to establish a new connection: [WinError 10061] No connection could be made because the target machine actively refused it'))
2025-09-05 19:24:39,137 - api_client - WARNING - client.py:80 - Request attempt 2 failed: HTTPConnectionPool(host='127.0.0.1', port=8000): Max retries exceeded with url: /api/ (Caused by NewConnectionError('<urllib3.connection.HTTPConnection object at 0x000001CF6823C180>: Failed to establish a new connection: [WinError 10061] No connection could be made because the target machine actively refused it'))
2025-09-05 19:24:41,171 - api_client - WARNING - client.py:80 - Request attempt 3 failed: HTTPConnectionPool(host='127.0.0.1', port=8000): Max retries exceeded with url: /api/ (Caused by NewConnectionError('<urllib3.connection.HTTPConnection object at 0x000001CF65E6D130>: Failed to establish a new connection: [WinError 10061] No connection could be made because the target machine actively refused it'))
2025-09-05 19:24:41,211 - device_list - INFO - device_list.py:241 - Refreshing device data...
2025-09-05 19:24:41,216 - device_list - INFO - device_list.py:261 - Loaded 12 devices from CSV
2025-09-05 19:25:03,769 - device_list - INFO - device_list.py:241 - Refreshing device data...
2025-09-05 19:25:03,774 - device_list - INFO - device_list.py:261 - Loaded 12 devices from CSV
2025-09-05 19:25:05,048 - device_list - INFO - device_list.py:241 - Refreshing device data...
2025-09-05 19:25:05,058 - device_list - INFO - device_list.py:261 - Loaded 12 devices from CSV
2025-09-05 19:25:33,764 - device_list - INFO - device_list.py:241 - Refreshing device data...
2025-09-05 19:25:33,774 - device_list - INFO - device_list.py:261 - Loaded 12 devices from CSV
2025-09-05 19:25:37,109 - api_client - WARNING - client.py:80 - Request attempt 1 failed: HTTPConnectionPool(host='127.0.0.1', port=8000): Max retries exceeded with url: /api/ (Caused by NewConnectionError('<urllib3.connection.HTTPConnection object at 0x000001CF68240050>: Failed to establish a new connection: [WinError 10061] No connection could be made because the target machine actively refused it'))
2025-09-05 19:25:39,138 - api_client - WARNING - client.py:80 - Request attempt 2 failed: HTTPConnectionPool(host='127.0.0.1', port=8000): Max retries exceeded with url: /api/ (Caused by NewConnectionError('<urllib3.connection.HTTPConnection object at 0x000001CF68240490>: Failed to establish a new connection: [WinError 10061] No connection could be made because the target machine actively refused it'))
2025-09-05 19:25:41,186 - api_client - WARNING - client.py:80 - Request attempt 3 failed: HTTPConnectionPool(host='127.0.0.1', port=8000): Max retries exceeded with url: /api/ (Caused by NewConnectionError('<urllib3.connection.HTTPConnection object at 0x000001CF682406B0>: Failed to establish a new connection: [WinError 10061] No connection could be made because the target machine actively refused it'))
2025-09-05 19:25:41,262 - device_list - INFO - device_list.py:241 - Refreshing device data...
2025-09-05 19:25:41,272 - device_list - INFO - device_list.py:261 - Loaded 12 devices from CSV
2025-09-05 19:25:49,101 - device_list - INFO - device_list.py:352 - Attempting to save device data: {'device_id': 'DEV111', 'device_name': 'Igno', 'device_type': 'Robot', 'status': 'working', 'battery_level': 100, 'location': 'zone_1', 'created_at': '2025-09-05T19:25:49.101524', 'updated_at': '2025-09-05T19:25:49.101524', 'id': 14}
2025-09-05 19:25:49,104 - csv_handler - INFO - csv_handler.py:180 - Successfully appended row to devices CSV with ID: 14
2025-09-05 19:25:50,772 - device_list - INFO - device_list.py:241 - Refreshing device data...
2025-09-05 19:25:50,917 - device_list - INFO - device_list.py:261 - Loaded 13 devices from CSV
2025-09-05 19:25:50,917 - device_list - INFO - device_list.py:363 - Successfully added device: DEV111
2025-09-05 19:26:03,770 - device_list - INFO - device_list.py:241 - Refreshing device data...
2025-09-05 19:26:03,775 - device_list - INFO - device_list.py:261 - Loaded 13 devices from CSV
2025-09-05 19:26:05,049 - device_list - INFO - device_list.py:241 - Refreshing device data...
2025-09-05 19:26:05,053 - device_list - INFO - device_list.py:261 - Loaded 13 devices from CSV
2025-09-05 19:26:33,772 - device_list - INFO - device_list.py:241 - Refreshing device data...
2025-09-05 19:26:33,782 - device_list - INFO - device_list.py:261 - Loaded 13 devices from CSV
2025-09-05 19:26:37,092 - api_client - WARNING - client.py:80 - Request attempt 1 failed: HTTPConnectionPool(host='127.0.0.1', port=8000): Max retries exceeded with url: /api/ (Caused by NewConnectionError('<urllib3.connection.HTTPConnection object at 0x000001CF682409E0>: Failed to establish a new connection: [WinError 10061] No connection could be made because the target machine actively refused it'))
2025-09-05 19:26:39,140 - api_client - WARNING - client.py:80 - Request attempt 2 failed: HTTPConnectionPool(host='127.0.0.1', port=8000): Max retries exceeded with url: /api/ (Caused by NewConnectionError('<urllib3.connection.HTTPConnection object at 0x000001CF68240AF0>: Failed to establish a new connection: [WinError 10061] No connection could be made because the target machine actively refused it'))
2025-09-05 19:26:41,158 - api_client - WARNING - client.py:80 - Request attempt 3 failed: HTTPConnectionPool(host='127.0.0.1', port=8000): Max retries exceeded with url: /api/ (Caused by NewConnectionError('<urllib3.connection.HTTPConnection object at 0x000001CF68240D10>: Failed to establish a new connection: [WinError 10061] No connection could be made because the target machine actively refused it'))
2025-09-05 19:26:41,177 - device_list - INFO - device_list.py:241 - Refreshing device data...
2025-09-05 19:26:41,184 - device_list - INFO - device_list.py:261 - Loaded 13 devices from CSV
2025-09-05 19:27:03,766 - device_list - INFO - device_list.py:241 - Refreshing device data...
2025-09-05 19:27:03,771 - device_list - INFO - device_list.py:261 - Loaded 13 devices from CSV
2025-09-05 19:27:05,051 - device_list - INFO - device_list.py:241 - Refreshing device data...
2025-09-05 19:27:05,055 - device_list - INFO - device_list.py:261 - Loaded 13 devices from CSV
2025-09-05 19:27:33,768 - device_list - INFO - device_list.py:241 - Refreshing device data...
2025-09-05 19:27:33,773 - device_list - INFO - device_list.py:261 - Loaded 13 devices from CSV
2025-09-05 19:27:37,078 - api_client - WARNING - client.py:80 - Request attempt 1 failed: HTTPConnectionPool(host='127.0.0.1', port=8000): Max retries exceeded with url: /api/ (Caused by NewConnectionError('<urllib3.connection.HTTPConnection object at 0x000001CF68240F30>: Failed to establish a new connection: [WinError 10061] No connection could be made because the target machine actively refused it'))
2025-09-05 19:27:39,121 - api_client - WARNING - client.py:80 - Request attempt 2 failed: HTTPConnectionPool(host='127.0.0.1', port=8000): Max retries exceeded with url: /api/ (Caused by NewConnectionError('<urllib3.connection.HTTPConnection object at 0x000001CF68241150>: Failed to establish a new connection: [WinError 10061] No connection could be made because the target machine actively refused it'))
2025-09-05 19:27:41,146 - api_client - WARNING - client.py:80 - Request attempt 3 failed: HTTPConnectionPool(host='127.0.0.1', port=8000): Max retries exceeded with url: /api/ (Caused by NewConnectionError('<urllib3.connection.HTTPConnection object at 0x000001CF65E17F00>: Failed to establish a new connection: [WinError 10061] No connection could be made because the target machine actively refused it'))
2025-09-05 19:27:41,149 - device_list - INFO - device_list.py:241 - Refreshing device data...
2025-09-05 19:27:41,153 - device_list - INFO - device_list.py:261 - Loaded 13 devices from CSV
2025-09-05 19:28:03,774 - device_list - INFO - device_list.py:241 - Refreshing device data...
2025-09-05 19:28:03,778 - device_list - INFO - device_list.py:261 - Loaded 13 devices from CSV
2025-09-05 19:28:05,056 - device_list - INFO - device_list.py:241 - Refreshing device data...
2025-09-05 19:28:05,061 - device_list - INFO - device_list.py:261 - Loaded 13 devices from CSV
2025-09-05 19:28:33,765 - device_list - INFO - device_list.py:241 - Refreshing device data...
2025-09-05 19:28:33,769 - device_list - INFO - device_list.py:261 - Loaded 13 devices from CSV
2025-09-05 19:28:37,083 - api_client - WARNING - client.py:80 - Request attempt 1 failed: HTTPConnectionPool(host='127.0.0.1', port=8000): Max retries exceeded with url: /api/ (Caused by NewConnectionError('<urllib3.connection.HTTPConnection object at 0x000001CF65E17CE0>: Failed to establish a new connection: [WinError 10061] No connection could be made because the target machine actively refused it'))
2025-09-05 19:28:39,096 - api_client - WARNING - client.py:80 - Request attempt 2 failed: HTTPConnectionPool(host='127.0.0.1', port=8000): Max retries exceeded with url: /api/ (Caused by NewConnectionError('<urllib3.connection.HTTPConnection object at 0x000001CF65E17AC0>: Failed to establish a new connection: [WinError 10061] No connection could be made because the target machine actively refused it'))
2025-09-05 19:28:41,132 - api_client - WARNING - client.py:80 - Request attempt 3 failed: HTTPConnectionPool(host='127.0.0.1', port=8000): Max retries exceeded with url: /api/ (Caused by NewConnectionError('<urllib3.connection.HTTPConnection object at 0x000001CF65E179B0>: Failed to establish a new connection: [WinError 10061] No connection could be made because the target machine actively refused it'))
2025-09-05 19:28:41,132 - device_list - INFO - device_list.py:241 - Refreshing device data...
2025-09-05 19:28:41,136 - device_list - INFO - device_list.py:261 - Loaded 13 devices from CSV
2025-09-05 19:29:03,772 - device_list - INFO - device_list.py:241 - Refreshing device data...
2025-09-05 19:29:03,778 - device_list - INFO - device_list.py:261 - Loaded 13 devices from CSV
2025-09-05 19:29:05,050 - device_list - INFO - device_list.py:241 - Refreshing device data...
2025-09-05 19:29:05,067 - device_list - INFO - device_list.py:261 - Loaded 13 devices from CSV
2025-09-05 19:29:33,767 - device_list - INFO - device_list.py:241 - Refreshing device data...
2025-09-05 19:29:33,774 - device_list - INFO - device_list.py:261 - Loaded 13 devices from CSV
2025-09-05 19:29:37,186 - api_client - WARNING - client.py:80 - Request attempt 1 failed: HTTPConnectionPool(host='127.0.0.1', port=8000): Max retries exceeded with url: /api/ (Caused by NewConnectionError('<urllib3.connection.HTTPConnection object at 0x000001CF65E17790>: Failed to establish a new connection: [WinError 10061] No connection could be made because the target machine actively refused it'))
2025-09-05 19:29:39,225 - api_client - WARNING - client.py:80 - Request attempt 2 failed: HTTPConnectionPool(host='127.0.0.1', port=8000): Max retries exceeded with url: /api/ (Caused by NewConnectionError('<urllib3.connection.HTTPConnection object at 0x000001CF65E17460>: Failed to establish a new connection: [WinError 10061] No connection could be made because the target machine actively refused it'))
2025-09-05 19:29:41,265 - api_client - WARNING - client.py:80 - Request attempt 3 failed: HTTPConnectionPool(host='127.0.0.1', port=8000): Max retries exceeded with url: /api/ (Caused by NewConnectionError('<urllib3.connection.HTTPConnection object at 0x000001CF65E17240>: Failed to establish a new connection: [WinError 10061] No connection could be made because the target machine actively refused it'))
2025-09-05 19:29:41,266 - device_list - INFO - device_list.py:241 - Refreshing device data...
2025-09-05 19:29:41,270 - device_list - INFO - device_list.py:261 - Loaded 13 devices from CSV
2025-09-05 19:30:03,777 - device_list - INFO - device_list.py:241 - Refreshing device data...
2025-09-05 19:30:03,783 - device_list - INFO - device_list.py:261 - Loaded 13 devices from CSV
2025-09-05 19:30:05,045 - device_list - INFO - device_list.py:241 - Refreshing device data...
2025-09-05 19:30:05,050 - device_list - INFO - device_list.py:261 - Loaded 13 devices from CSV
2025-09-05 19:30:33,777 - device_list - INFO - device_list.py:241 - Refreshing device data...
2025-09-05 19:30:33,823 - device_list - INFO - device_list.py:261 - Loaded 13 devices from CSV
2025-09-05 19:30:37,091 - api_client - WARNING - client.py:80 - Request attempt 1 failed: HTTPConnectionPool(host='127.0.0.1', port=8000): Max retries exceeded with url: /api/ (Caused by NewConnectionError('<urllib3.connection.HTTPConnection object at 0x000001CF68241040>: Failed to establish a new connection: [WinError 10061] No connection could be made because the target machine actively refused it'))
2025-09-05 19:30:39,117 - api_client - WARNING - client.py:80 - Request attempt 2 failed: HTTPConnectionPool(host='127.0.0.1', port=8000): Max retries exceeded with url: /api/ (Caused by NewConnectionError('<urllib3.connection.HTTPConnection object at 0x000001CF68240E20>: Failed to establish a new connection: [WinError 10061] No connection could be made because the target machine actively refused it'))
2025-09-05 19:30:41,149 - api_client - WARNING - client.py:80 - Request attempt 3 failed: HTTPConnectionPool(host='127.0.0.1', port=8000): Max retries exceeded with url: /api/ (Caused by NewConnectionError('<urllib3.connection.HTTPConnection object at 0x000001CF68240C00>: Failed to establish a new connection: [WinError 10061] No connection could be made because the target machine actively refused it'))
2025-09-05 19:30:41,150 - device_list - INFO - device_list.py:241 - Refreshing device data...
2025-09-05 19:30:41,157 - device_list - INFO - device_list.py:261 - Loaded 13 devices from CSV
2025-09-05 19:31:03,781 - device_list - INFO - device_list.py:241 - Refreshing device data...
2025-09-05 19:31:03,787 - device_list - INFO - device_list.py:261 - Loaded 13 devices from CSV
2025-09-05 19:31:05,064 - device_list - INFO - device_list.py:241 - Refreshing device data...
2025-09-05 19:31:05,074 - device_list - INFO - device_list.py:261 - Loaded 13 devices from CSV
2025-09-05 19:31:33,782 - device_list - INFO - device_list.py:241 - Refreshing device data...
2025-09-05 19:31:33,785 - device_list - INFO - device_list.py:261 - Loaded 13 devices from CSV
2025-09-05 19:31:37,104 - api_client - WARNING - client.py:80 - Request attempt 1 failed: HTTPConnectionPool(host='127.0.0.1', port=8000): Max retries exceeded with url: /api/ (Caused by NewConnectionError('<urllib3.connection.HTTPConnection object at 0x000001CF682408D0>: Failed to establish a new connection: [WinError 10061] No connection could be made because the target machine actively refused it'))
2025-09-05 19:31:39,154 - api_client - WARNING - client.py:80 - Request attempt 2 failed: HTTPConnectionPool(host='127.0.0.1', port=8000): Max retries exceeded with url: /api/ (Caused by NewConnectionError('<urllib3.connection.HTTPConnection object at 0x000001CF682407C0>: Failed to establish a new connection: [WinError 10061] No connection could be made because the target machine actively refused it'))
2025-09-05 19:31:41,203 - api_client - WARNING - client.py:80 - Request attempt 3 failed: HTTPConnectionPool(host='127.0.0.1', port=8000): Max retries exceeded with url: /api/ (Caused by NewConnectionError('<urllib3.connection.HTTPConnection object at 0x000001CF68240270>: Failed to establish a new connection: [WinError 10061] No connection could be made because the target machine actively refused it'))
2025-09-05 19:31:41,210 - device_list - INFO - device_list.py:241 - Refreshing device data...
2025-09-05 19:31:41,214 - device_list - INFO - device_list.py:261 - Loaded 13 devices from CSV
2025-09-05 19:32:03,784 - device_list - INFO - device_list.py:241 - Refreshing device data...
2025-09-05 19:32:03,789 - device_list - INFO - device_list.py:261 - Loaded 13 devices from CSV
2025-09-05 19:32:05,067 - device_list - INFO - device_list.py:241 - Refreshing device data...
2025-09-05 19:32:05,072 - device_list - INFO - device_list.py:261 - Loaded 13 devices from CSV
2025-09-05 19:32:30,565 - main_window - INFO - main_window.py:284 - Refreshed data for Map Management
2025-09-05 19:32:32,120 - main_window - INFO - main_window.py:284 - Refreshed data for Task Monitor
2025-09-05 19:32:33,782 - device_list - INFO - device_list.py:241 - Refreshing device data...
2025-09-05 19:32:33,788 - device_list - INFO - device_list.py:261 - Loaded 13 devices from CSV
2025-09-05 19:32:37,123 - api_client - WARNING - client.py:80 - Request attempt 1 failed: HTTPConnectionPool(host='127.0.0.1', port=8000): Max retries exceeded with url: /api/ (Caused by NewConnectionError('<urllib3.connection.HTTPConnection object at 0x000001CF682405A0>: Failed to establish a new connection: [WinError 10061] No connection could be made because the target machine actively refused it'))
2025-09-05 19:32:39,174 - api_client - WARNING - client.py:80 - Request attempt 2 failed: HTTPConnectionPool(host='127.0.0.1', port=8000): Max retries exceeded with url: /api/ (Caused by NewConnectionError('<urllib3.connection.HTTPConnection object at 0x000001CF68240160>: Failed to establish a new connection: [WinError 10061] No connection could be made because the target machine actively refused it'))
2025-09-05 19:32:41,223 - api_client - WARNING - client.py:80 - Request attempt 3 failed: HTTPConnectionPool(host='127.0.0.1', port=8000): Max retries exceeded with url: /api/ (Caused by NewConnectionError('<urllib3.connection.HTTPConnection object at 0x000001CF68241480>: Failed to establish a new connection: [WinError 10061] No connection could be made because the target machine actively refused it'))
2025-09-05 19:32:41,299 - device_list - INFO - device_list.py:241 - Refreshing device data...
2025-09-05 19:32:41,303 - device_list - INFO - device_list.py:261 - Loaded 13 devices from CSV
2025-09-05 19:32:41,304 - main_window - INFO - main_window.py:284 - Refreshed data for Device Management
2025-09-05 19:33:03,778 - device_list - INFO - device_list.py:241 - Refreshing device data...
2025-09-05 19:33:03,786 - device_list - INFO - device_list.py:261 - Loaded 13 devices from CSV
2025-09-05 19:33:05,068 - device_list - INFO - device_list.py:241 - Refreshing device data...
2025-09-05 19:33:05,078 - device_list - INFO - device_list.py:261 - Loaded 13 devices from CSV
2025-09-05 19:33:33,785 - device_list - INFO - device_list.py:241 - Refreshing device data...
2025-09-05 19:33:33,793 - device_list - INFO - device_list.py:261 - Loaded 13 devices from CSV
2025-09-05 19:33:37,109 - api_client - WARNING - client.py:80 - Request attempt 1 failed: HTTPConnectionPool(host='127.0.0.1', port=8000): Max retries exceeded with url: /api/ (Caused by NewConnectionError('<urllib3.connection.HTTPConnection object at 0x000001CF682416A0>: Failed to establish a new connection: [WinError 10061] No connection could be made because the target machine actively refused it'))
2025-09-05 19:33:39,144 - api_client - WARNING - client.py:80 - Request attempt 2 failed: HTTPConnectionPool(host='127.0.0.1', port=8000): Max retries exceeded with url: /api/ (Caused by NewConnectionError('<urllib3.connection.HTTPConnection object at 0x000001CF682418C0>: Failed to establish a new connection: [WinError 10061] No connection could be made because the target machine actively refused it'))
2025-09-05 19:33:41,193 - api_client - WARNING - client.py:80 - Request attempt 3 failed: HTTPConnectionPool(host='127.0.0.1', port=8000): Max retries exceeded with url: /api/ (Caused by NewConnectionError('<urllib3.connection.HTTPConnection object at 0x000001CF68241AE0>: Failed to establish a new connection: [WinError 10061] No connection could be made because the target machine actively refused it'))
2025-09-05 19:33:41,195 - device_list - INFO - device_list.py:241 - Refreshing device data...
2025-09-05 19:33:41,203 - device_list - INFO - device_list.py:261 - Loaded 13 devices from CSV
2025-09-05 19:34:03,789 - device_list - INFO - device_list.py:241 - Refreshing device data...
2025-09-05 19:34:03,793 - device_list - INFO - device_list.py:261 - Loaded 13 devices from CSV
2025-09-05 19:34:05,071 - device_list - INFO - device_list.py:241 - Refreshing device data...
2025-09-05 19:34:05,074 - device_list - INFO - device_list.py:261 - Loaded 13 devices from CSV
2025-09-05 19:34:33,776 - device_list - INFO - device_list.py:241 - Refreshing device data...
2025-09-05 19:34:33,784 - device_list - INFO - device_list.py:261 - Loaded 13 devices from CSV
2025-09-05 19:34:37,126 - api_client - WARNING - client.py:80 - Request attempt 1 failed: HTTPConnectionPool(host='127.0.0.1', port=8000): Max retries exceeded with url: /api/ (Caused by NewConnectionError('<urllib3.connection.HTTPConnection object at 0x000001CF68241D00>: Failed to establish a new connection: [WinError 10061] No connection could be made because the target machine actively refused it'))
2025-09-05 19:34:39,149 - api_client - WARNING - client.py:80 - Request attempt 2 failed: HTTPConnectionPool(host='127.0.0.1', port=8000): Max retries exceeded with url: /api/ (Caused by NewConnectionError('<urllib3.connection.HTTPConnection object at 0x000001CF68241F20>: Failed to establish a new connection: [WinError 10061] No connection could be made because the target machine actively refused it'))
2025-09-05 19:34:41,195 - api_client - WARNING - client.py:80 - Request attempt 3 failed: HTTPConnectionPool(host='127.0.0.1', port=8000): Max retries exceeded with url: /api/ (Caused by NewConnectionError('<urllib3.connection.HTTPConnection object at 0x000001CF68242140>: Failed to establish a new connection: [WinError 10061] No connection could be made because the target machine actively refused it'))
2025-09-05 19:34:41,209 - device_list - INFO - device_list.py:241 - Refreshing device data...
2025-09-05 19:34:41,216 - device_list - INFO - device_list.py:261 - Loaded 13 devices from CSV
2025-09-05 19:35:03,776 - device_list - INFO - device_list.py:241 - Refreshing device data...
2025-09-05 19:35:03,785 - device_list - INFO - device_list.py:261 - Loaded 13 devices from CSV
2025-09-05 19:35:05,057 - device_list - INFO - device_list.py:241 - Refreshing device data...
2025-09-05 19:35:05,066 - device_list - INFO - device_list.py:261 - Loaded 13 devices from CSV
2025-09-05 19:35:33,778 - device_list - INFO - device_list.py:241 - Refreshing device data...
2025-09-05 19:35:33,787 - device_list - INFO - device_list.py:261 - Loaded 13 devices from CSV
2025-09-05 19:35:37,115 - api_client - WARNING - client.py:80 - Request attempt 1 failed: HTTPConnectionPool(host='127.0.0.1', port=8000): Max retries exceeded with url: /api/ (Caused by NewConnectionError('<urllib3.connection.HTTPConnection object at 0x000001CF68242360>: Failed to establish a new connection: [WinError 10061] No connection could be made because the target machine actively refused it'))
2025-09-05 19:35:39,149 - api_client - WARNING - client.py:80 - Request attempt 2 failed: HTTPConnectionPool(host='127.0.0.1', port=8000): Max retries exceeded with url: /api/ (Caused by NewConnectionError('<urllib3.connection.HTTPConnection object at 0x000001CF65E17240>: Failed to establish a new connection: [WinError 10061] No connection could be made because the target machine actively refused it'))
2025-09-05 19:35:41,198 - api_client - WARNING - client.py:80 - Request attempt 3 failed: HTTPConnectionPool(host='127.0.0.1', port=8000): Max retries exceeded with url: /api/ (Caused by NewConnectionError('<urllib3.connection.HTTPConnection object at 0x000001CF65E17570>: Failed to establish a new connection: [WinError 10061] No connection could be made because the target machine actively refused it'))
2025-09-05 19:35:41,253 - device_list - INFO - device_list.py:241 - Refreshing device data...
2025-09-05 19:35:41,269 - device_list - INFO - device_list.py:261 - Loaded 13 devices from CSV
2025-09-05 19:36:03,783 - device_list - INFO - device_list.py:241 - Refreshing device data...
2025-09-05 19:36:03,788 - device_list - INFO - device_list.py:261 - Loaded 13 devices from CSV
2025-09-05 19:36:05,062 - device_list - INFO - device_list.py:241 - Refreshing device data...
2025-09-05 19:36:05,071 - device_list - INFO - device_list.py:261 - Loaded 13 devices from CSV
2025-09-05 19:36:33,780 - device_list - INFO - device_list.py:241 - Refreshing device data...
2025-09-05 19:36:33,785 - device_list - INFO - device_list.py:261 - Loaded 13 devices from CSV
2025-09-05 19:36:37,118 - api_client - WARNING - client.py:80 - Request attempt 1 failed: HTTPConnectionPool(host='127.0.0.1', port=8000): Max retries exceeded with url: /api/ (Caused by NewConnectionError('<urllib3.connection.HTTPConnection object at 0x000001CF65E17350>: Failed to establish a new connection: [WinError 10061] No connection could be made because the target machine actively refused it'))
2025-09-05 19:36:39,152 - api_client - WARNING - client.py:80 - Request attempt 2 failed: HTTPConnectionPool(host='127.0.0.1', port=8000): Max retries exceeded with url: /api/ (Caused by NewConnectionError('<urllib3.connection.HTTPConnection object at 0x000001CF65E17680>: Failed to establish a new connection: [WinError 10061] No connection could be made because the target machine actively refused it'))
2025-09-05 19:36:41,200 - api_client - WARNING - client.py:80 - Request attempt 3 failed: HTTPConnectionPool(host='127.0.0.1', port=8000): Max retries exceeded with url: /api/ (Caused by NewConnectionError('<urllib3.connection.HTTPConnection object at 0x000001CF65E178A0>: Failed to establish a new connection: [WinError 10061] No connection could be made because the target machine actively refused it'))
2025-09-05 19:36:41,202 - device_list - INFO - device_list.py:241 - Refreshing device data...
2025-09-05 19:36:41,210 - device_list - INFO - device_list.py:261 - Loaded 13 devices from CSV
2025-09-05 19:37:03,781 - device_list - INFO - device_list.py:241 - Refreshing device data...
2025-09-05 19:37:03,791 - device_list - INFO - device_list.py:261 - Loaded 13 devices from CSV
2025-09-05 19:37:05,062 - device_list - INFO - device_list.py:241 - Refreshing device data...
2025-09-05 19:37:05,071 - device_list - INFO - device_list.py:261 - Loaded 13 devices from CSV
2025-09-05 19:37:33,784 - device_list - INFO - device_list.py:241 - Refreshing device data...
2025-09-05 19:37:33,793 - device_list - INFO - device_list.py:261 - Loaded 13 devices from CSV
2025-09-05 19:37:37,104 - api_client - WARNING - client.py:80 - Request attempt 1 failed: HTTPConnectionPool(host='127.0.0.1', port=8000): Max retries exceeded with url: /api/ (Caused by NewConnectionError('<urllib3.connection.HTTPConnection object at 0x000001CF65E17BD0>: Failed to establish a new connection: [WinError 10061] No connection could be made because the target machine actively refused it'))
2025-09-05 19:37:39,137 - api_client - WARNING - client.py:80 - Request attempt 2 failed: HTTPConnectionPool(host='127.0.0.1', port=8000): Max retries exceeded with url: /api/ (Caused by NewConnectionError('<urllib3.connection.HTTPConnection object at 0x000001CF65E17DF0>: Failed to establish a new connection: [WinError 10061] No connection could be made because the target machine actively refused it'))
2025-09-05 19:37:41,186 - api_client - WARNING - client.py:80 - Request attempt 3 failed: HTTPConnectionPool(host='127.0.0.1', port=8000): Max retries exceeded with url: /api/ (Caused by NewConnectionError('<urllib3.connection.HTTPConnection object at 0x000001CF68242250>: Failed to establish a new connection: [WinError 10061] No connection could be made because the target machine actively refused it'))
2025-09-05 19:37:41,188 - device_list - INFO - device_list.py:241 - Refreshing device data...
2025-09-05 19:37:41,197 - device_list - INFO - device_list.py:261 - Loaded 13 devices from CSV
2025-09-05 19:38:03,783 - device_list - INFO - device_list.py:241 - Refreshing device data...
2025-09-05 19:38:03,792 - device_list - INFO - device_list.py:261 - Loaded 13 devices from CSV
2025-09-05 19:38:05,065 - device_list - INFO - device_list.py:241 - Refreshing device data...
2025-09-05 19:38:05,074 - device_list - INFO - device_list.py:261 - Loaded 13 devices from CSV
2025-09-05 19:38:33,786 - device_list - INFO - device_list.py:241 - Refreshing device data...
2025-09-05 19:38:33,795 - device_list - INFO - device_list.py:261 - Loaded 13 devices from CSV
2025-09-05 19:38:37,105 - api_client - WARNING - client.py:80 - Request attempt 1 failed: HTTPConnectionPool(host='127.0.0.1', port=8000): Max retries exceeded with url: /api/ (Caused by NewConnectionError('<urllib3.connection.HTTPConnection object at 0x000001CF68242030>: Failed to establish a new connection: [WinError 10061] No connection could be made because the target machine actively refused it'))
2025-09-05 19:38:39,155 - api_client - WARNING - client.py:80 - Request attempt 2 failed: HTTPConnectionPool(host='127.0.0.1', port=8000): Max retries exceeded with url: /api/ (Caused by NewConnectionError('<urllib3.connection.HTTPConnection object at 0x000001CF68241E10>: Failed to establish a new connection: [WinError 10061] No connection could be made because the target machine actively refused it'))
2025-09-05 19:38:41,189 - api_client - WARNING - client.py:80 - Request attempt 3 failed: HTTPConnectionPool(host='127.0.0.1', port=8000): Max retries exceeded with url: /api/ (Caused by NewConnectionError('<urllib3.connection.HTTPConnection object at 0x000001CF68241BF0>: Failed to establish a new connection: [WinError 10061] No connection could be made because the target machine actively refused it'))
2025-09-05 19:38:41,191 - device_list - INFO - device_list.py:241 - Refreshing device data...
2025-09-05 19:38:41,201 - device_list - INFO - device_list.py:261 - Loaded 13 devices from CSV
2025-09-05 19:39:03,788 - device_list - INFO - device_list.py:241 - Refreshing device data...
2025-09-05 19:39:03,797 - device_list - INFO - device_list.py:261 - Loaded 13 devices from CSV
2025-09-05 19:39:05,067 - device_list - INFO - device_list.py:241 - Refreshing device data...
2025-09-05 19:39:05,076 - device_list - INFO - device_list.py:261 - Loaded 13 devices from CSV
2025-09-05 19:39:33,788 - device_list - INFO - device_list.py:241 - Refreshing device data...
2025-09-05 19:39:33,797 - device_list - INFO - device_list.py:261 - Loaded 13 devices from CSV
2025-09-05 19:39:37,107 - api_client - WARNING - client.py:80 - Request attempt 1 failed: HTTPConnectionPool(host='127.0.0.1', port=8000): Max retries exceeded with url: /api/ (Caused by NewConnectionError('<urllib3.connection.HTTPConnection object at 0x000001CF682419D0>: Failed to establish a new connection: [WinError 10061] No connection could be made because the target machine actively refused it'))
2025-09-05 19:39:39,158 - api_client - WARNING - client.py:80 - Request attempt 2 failed: HTTPConnectionPool(host='127.0.0.1', port=8000): Max retries exceeded with url: /api/ (Caused by NewConnectionError('<urllib3.connection.HTTPConnection object at 0x000001CF682417B0>: Failed to establish a new connection: [WinError 10061] No connection could be made because the target machine actively refused it'))
2025-09-05 19:39:41,192 - api_client - WARNING - client.py:80 - Request attempt 3 failed: HTTPConnectionPool(host='127.0.0.1', port=8000): Max retries exceeded with url: /api/ (Caused by NewConnectionError('<urllib3.connection.HTTPConnection object at 0x000001CF68241590>: Failed to establish a new connection: [WinError 10061] No connection could be made because the target machine actively refused it'))
2025-09-05 19:39:41,194 - device_list - INFO - device_list.py:241 - Refreshing device data...
2025-09-05 19:39:41,203 - device_list - INFO - device_list.py:261 - Loaded 13 devices from CSV
2025-09-05 19:40:03,783 - device_list - INFO - device_list.py:241 - Refreshing device data...
2025-09-05 19:40:03,789 - device_list - INFO - device_list.py:261 - Loaded 13 devices from CSV
2025-09-05 19:40:05,070 - device_list - INFO - device_list.py:241 - Refreshing device data...
2025-09-05 19:40:05,086 - device_list - INFO - device_list.py:261 - Loaded 13 devices from CSV
2025-09-05 19:40:25,746 - main_window - INFO - main_window.py:373 - Application closing
