2025-10-21 05:24:48,101 - warehouse_app - INFO - main.py:31 - Starting Warehouse Management System v1.0.0
2025-10-21 05:24:48,519 - warehouse_app - ERROR - main.py:49 - Error creating main window: No module named 'sync_device_locations'
2025-10-21 05:24:49,031 - warehouse_app - INFO - main.py:155 - Application started successfully
2025-10-21 05:26:59,931 - warehouse_app - INFO - main.py:31 - Starting Warehouse Management System v1.0.0
2025-10-21 05:27:00,438 - devices_api - INFO - devices.py:27 - Device location syncer initialized
2025-10-21 05:27:00,816 - main_window - INFO - main_window.py:128 - Dashboard widget loaded successfully
2025-10-21 05:27:00,820 - devices_api - INFO - devices.py:27 - Device location syncer initialized
2025-10-21 05:27:00,880 - device_list - INFO - device_list.py:316 - Refreshing device data...
2025-10-21 05:27:00,915 - device_list - INFO - device_list.py:336 - Loaded 4 devices from CSV
2025-10-21 05:27:00,926 - main_window - INFO - main_window.py:138 - Device Management widget loaded successfully
2025-10-21 05:27:00,965 - product_management - INFO - product_management.py:143 - Loaded 4 products from CSV
2025-10-21 05:27:00,972 - main_window - INFO - main_window.py:148 - Product Management widget loaded successfully
2025-10-21 05:27:01,174 - main_window - INFO - main_window.py:159 - Task Creation widget loaded successfully
2025-10-21 05:27:01,198 - devices_api - INFO - devices.py:27 - Device location syncer initialized
2025-10-21 05:27:01,232 - main_window - INFO - main_window.py:170 - Task Monitor widget loaded successfully
2025-10-21 05:27:01,267 - user_management - INFO - user_management.py:581 - Refreshing user data...
2025-10-21 05:27:01,269 - user_management - INFO - user_management.py:603 - Loaded 12 users from CSV
2025-10-21 05:27:01,280 - main_window - INFO - main_window.py:180 - User Management widget loaded successfully
2025-10-21 05:27:01,773 - map_management - INFO - map_management.py:53 - Map Management widget initialized
2025-10-21 05:27:01,846 - main_window - INFO - main_window.py:192 - Map Management widget loaded successfully
2025-10-21 05:27:01,850 - devices_api - INFO - devices.py:27 - Device location syncer initialized
2025-10-21 05:27:02,054 - main_window - INFO - main_window.py:203 - Device Tracking widget loaded successfully
2025-10-21 05:27:04,094 - api_client - WARNING - client.py:80 - Request attempt 1 failed: HTTPConnectionPool(host='127.0.0.1', port=8000): Max retries exceeded with url: /api/ (Caused by NewConnectionError('<urllib3.connection.HTTPConnection object at 0x000001C784A69E80>: Failed to establish a new connection: [WinError 10061] No connection could be made because the target machine actively refused it'))
2025-10-21 05:27:06,134 - api_client - WARNING - client.py:80 - Request attempt 2 failed: HTTPConnectionPool(host='127.0.0.1', port=8000): Max retries exceeded with url: /api/ (Caused by NewConnectionError('<urllib3.connection.HTTPConnection object at 0x000001C784A51BD0>: Failed to establish a new connection: [WinError 10061] No connection could be made because the target machine actively refused it'))
2025-10-21 05:27:08,167 - api_client - WARNING - client.py:80 - Request attempt 3 failed: HTTPConnectionPool(host='127.0.0.1', port=8000): Max retries exceeded with url: /api/ (Caused by NewConnectionError('<urllib3.connection.HTTPConnection object at 0x000001C784A51F90>: Failed to establish a new connection: [WinError 10061] No connection could be made because the target machine actively refused it'))
2025-10-21 05:27:08,168 - warehouse_app - INFO - main.py:47 - Main window created successfully
2025-10-21 05:27:08,223 - warehouse_app - INFO - main.py:155 - Application started successfully
2025-10-21 05:27:11,996 - device_list - INFO - device_list.py:316 - Refreshing device data...
2025-10-21 05:27:12,030 - device_list - INFO - device_list.py:336 - Loaded 4 devices from CSV
2025-10-21 05:27:12,031 - main_window - INFO - main_window.py:317 - Refreshed data for Device Management
2025-10-21 05:27:13,941 - product_management - INFO - product_management.py:143 - Loaded 4 products from CSV
2025-10-21 05:27:13,942 - main_window - INFO - main_window.py:317 - Refreshed data for Product Management
2025-10-21 05:27:16,471 - main_window - INFO - main_window.py:317 - Refreshed data for Task Monitor
2025-10-21 05:27:17,522 - user_management - INFO - user_management.py:581 - Refreshing user data...
2025-10-21 05:27:17,523 - user_management - INFO - user_management.py:603 - Loaded 12 users from CSV
2025-10-21 05:27:17,524 - main_window - INFO - main_window.py:317 - Refreshed data for User Management
2025-10-21 05:27:20,679 - main_window - INFO - main_window.py:317 - Refreshed data for Task Monitor
2025-10-21 05:27:21,585 - main_window - INFO - main_window.py:317 - Refreshed data for Map Management
2025-10-21 05:27:25,701 - device_data_handler - INFO - device_data_handler.py:376 - Device rob1 Zone 2: Robot is stationary
2025-10-21 05:27:26,131 - device_data_handler - INFO - device_data_handler.py:282 - Device rob1 Zone 2: Robot is stationary
2025-10-21 05:27:26,154 - device_data_handler - INFO - device_data_handler.py:376 - Device rob1 Zone 2: Robot is stationary
2025-10-21 05:27:27,094 - device_data_handler - INFO - device_data_handler.py:376 - Device rob1 Zone 2: Robot is stationary
2025-10-21 05:27:27,134 - device_data_handler - INFO - device_data_handler.py:282 - Device rob1 Zone 2: Robot is stationary
2025-10-21 05:27:27,154 - device_data_handler - INFO - device_data_handler.py:376 - Device rob1 Zone 2: Robot is stationary
2025-10-21 05:27:27,191 - device_data_handler - INFO - device_data_handler.py:282 - Device rob1 Zone 2: Robot is stationary
2025-10-21 05:27:27,212 - device_data_handler - INFO - device_data_handler.py:376 - Device rob1 Zone 2: Robot is stationary
2025-10-21 05:27:28,124 - device_data_handler - INFO - device_data_handler.py:282 - Device rob1 Zone 2: Robot is stationary
2025-10-21 05:27:28,144 - device_data_handler - INFO - device_data_handler.py:376 - Device rob1 Zone 2: Robot is stationary
2025-10-21 05:27:29,127 - device_data_handler - INFO - device_data_handler.py:282 - Device rob1 Zone 2: Robot is stationary
2025-10-21 05:27:29,147 - device_data_handler - INFO - device_data_handler.py:376 - Device rob1 Zone 2: Robot is stationary
2025-10-21 05:27:30,126 - device_data_handler - INFO - device_data_handler.py:282 - Device rob1 Zone 2: Robot is stationary
2025-10-21 05:27:30,146 - device_data_handler - INFO - device_data_handler.py:376 - Device rob1 Zone 2: Robot is stationary
2025-10-21 05:27:30,887 - device_list - INFO - device_list.py:316 - Refreshing device data...
2025-10-21 05:27:30,922 - device_list - INFO - device_list.py:336 - Loaded 4 devices from CSV
2025-10-21 05:27:31,123 - device_data_handler - INFO - device_data_handler.py:282 - Device rob1 Zone 2: Robot is stationary
2025-10-21 05:27:31,215 - device_data_handler - INFO - device_data_handler.py:376 - Device rob1 Zone 2: Robot is stationary
2025-10-21 05:27:32,053 - device_location_syncer - INFO - sync_device_locations.py:250 - Sync completed. No location updates needed.
2025-10-21 05:27:32,087 - device_data_handler - INFO - device_data_handler.py:376 - Device rob1 Zone 2: Robot is stationary
2025-10-21 05:27:32,123 - device_data_handler - INFO - device_data_handler.py:282 - Device rob1 Zone 2: Robot is stationary
2025-10-21 05:27:32,143 - device_data_handler - INFO - device_data_handler.py:376 - Device rob1 Zone 2: Robot is stationary
2025-10-21 05:27:32,178 - device_data_handler - INFO - device_data_handler.py:282 - Device rob1 Zone 2: Robot is stationary
2025-10-21 05:27:32,198 - device_data_handler - INFO - device_data_handler.py:376 - Device rob1 Zone 2: Robot is stationary
2025-10-21 05:27:33,028 - device_list - INFO - device_list.py:316 - Refreshing device data...
2025-10-21 05:27:33,062 - device_list - INFO - device_list.py:336 - Loaded 4 devices from CSV
2025-10-21 05:27:33,062 - main_window - INFO - main_window.py:317 - Refreshed data for Device Management
2025-10-21 05:27:33,124 - device_data_handler - INFO - device_data_handler.py:282 - Device rob1 Zone 2: Robot is stationary
2025-10-21 05:27:33,142 - device_data_handler - INFO - device_data_handler.py:376 - Device rob1 Zone 2: Robot is stationary
2025-10-21 05:27:34,142 - device_data_handler - INFO - device_data_handler.py:282 - Device rob1 Zone 2: Robot is stationary
2025-10-21 05:27:34,166 - device_data_handler - INFO - device_data_handler.py:376 - Device rob1 Zone 2: Robot is stationary
2025-10-21 05:27:35,142 - device_data_handler - INFO - device_data_handler.py:282 - Device rob1 Zone 2: Robot is stationary
2025-10-21 05:27:35,166 - device_data_handler - INFO - device_data_handler.py:376 - Device rob1 Zone 2: Robot is stationary
2025-10-21 05:27:36,162 - device_data_handler - INFO - device_data_handler.py:282 - Device rob1 Zone 2: Robot is stationary
2025-10-21 05:27:36,189 - device_data_handler - INFO - device_data_handler.py:376 - Device rob1 Zone 2: Robot is stationary
2025-10-21 05:27:37,080 - device_data_handler - INFO - device_data_handler.py:376 - Device rob1 Zone 2: Robot is stationary
2025-10-21 05:27:37,121 - device_data_handler - INFO - device_data_handler.py:282 - Device rob1 Zone 2: Robot is stationary
2025-10-21 05:27:37,141 - device_data_handler - INFO - device_data_handler.py:376 - Device rob1 Zone 2: Robot is stationary
2025-10-21 05:27:37,222 - device_data_handler - INFO - device_data_handler.py:282 - Device rob1 Zone 2: Robot is stationary
2025-10-21 05:27:37,247 - device_data_handler - INFO - device_data_handler.py:376 - Device rob1 Zone 2: Robot is stationary
2025-10-21 05:27:38,182 - device_data_handler - INFO - device_data_handler.py:282 - Device rob1 Zone 2: Robot is stationary
2025-10-21 05:27:38,201 - device_data_handler - INFO - device_data_handler.py:376 - Device rob1 Zone 2: Robot is stationary
2025-10-21 05:27:39,194 - device_data_handler - INFO - device_data_handler.py:282 - Device rob1 Zone 2: Robot is stationary
2025-10-21 05:27:39,214 - device_data_handler - INFO - device_data_handler.py:376 - Device rob1 Zone 2: Robot is stationary
2025-10-21 05:27:40,193 - device_data_handler - INFO - device_data_handler.py:282 - Device rob1 Zone 2: Robot is stationary
2025-10-21 05:27:40,217 - device_data_handler - INFO - device_data_handler.py:376 - Device rob1 Zone 2: Robot is stationary
2025-10-21 05:27:40,803 - device_data_handler - INFO - device_data_handler.py:376 - Device rr1 Zone 1: Robot is stationary
2025-10-21 05:27:41,190 - device_data_handler - INFO - device_data_handler.py:282 - Device rr1 Zone 1: Robot is stationary
2025-10-21 05:27:41,210 - device_data_handler - INFO - device_data_handler.py:376 - Device rr1 Zone 1: Robot is stationary
2025-10-21 05:27:42,085 - device_data_handler - INFO - device_data_handler.py:376 - Device rr1 Zone 1: Robot is stationary
2025-10-21 05:27:42,118 - device_data_handler - INFO - device_data_handler.py:282 - Device rr1 Zone 1: Robot is stationary
2025-10-21 05:27:42,135 - device_data_handler - INFO - device_data_handler.py:376 - Device rr1 Zone 1: Robot is stationary
2025-10-21 05:27:42,180 - device_data_handler - INFO - device_data_handler.py:282 - Device rr1 Zone 1: Robot is stationary
2025-10-21 05:27:42,198 - device_data_handler - INFO - device_data_handler.py:376 - Device rr1 Zone 1: Robot is stationary
2025-10-21 05:27:43,201 - device_data_handler - INFO - device_data_handler.py:282 - Device rr1 Zone 1: Robot is stationary
2025-10-21 05:27:43,222 - device_data_handler - INFO - device_data_handler.py:376 - Device rr1 Zone 1: Robot is stationary
2025-10-21 05:27:44,194 - device_data_handler - INFO - device_data_handler.py:282 - Device rr1 Zone 1: Robot is stationary
2025-10-21 05:27:44,214 - device_data_handler - INFO - device_data_handler.py:376 - Device rr1 Zone 1: Robot is stationary
2025-10-21 05:27:45,200 - device_data_handler - INFO - device_data_handler.py:282 - Device rr1 Zone 1: Robot is stationary
2025-10-21 05:27:45,231 - device_data_handler - INFO - device_data_handler.py:376 - Device rr1 Zone 1: Robot is stationary
2025-10-21 05:27:46,188 - device_data_handler - INFO - device_data_handler.py:282 - Device rr1 Zone 1: Robot is stationary
2025-10-21 05:27:46,214 - device_data_handler - INFO - device_data_handler.py:376 - Device rr1 Zone 1: Robot is stationary
2025-10-21 05:27:47,143 - device_data_handler - INFO - device_data_handler.py:376 - Device rr1 Zone 1: Robot is stationary
2025-10-21 05:27:47,179 - device_data_handler - INFO - device_data_handler.py:282 - Device rr1 Zone 1: Robot is stationary
2025-10-21 05:27:47,200 - device_data_handler - INFO - device_data_handler.py:376 - Device rr1 Zone 1: Robot is stationary
2025-10-21 05:27:47,245 - device_data_handler - INFO - device_data_handler.py:282 - Device rr1 Zone 1: Robot is stationary
2025-10-21 05:27:47,269 - device_data_handler - INFO - device_data_handler.py:376 - Device rr1 Zone 1: Robot is stationary
2025-10-21 05:27:48,220 - device_data_handler - INFO - device_data_handler.py:282 - Device rr1 Zone 1: Robot is stationary
2025-10-21 05:27:48,249 - device_data_handler - INFO - device_data_handler.py:376 - Device rr1 Zone 1: Robot is stationary
2025-10-21 05:27:49,199 - device_data_handler - INFO - device_data_handler.py:282 - Device rr1 Zone 1: Robot is stationary
2025-10-21 05:27:49,227 - device_data_handler - INFO - device_data_handler.py:376 - Device rr1 Zone 1: Robot is stationary
2025-10-21 05:27:50,201 - device_data_handler - INFO - device_data_handler.py:282 - Device rr1 Zone 1: Robot is stationary
2025-10-21 05:27:50,226 - device_data_handler - INFO - device_data_handler.py:376 - Device rr1 Zone 1: Robot is stationary
2025-10-21 05:27:51,200 - device_data_handler - INFO - device_data_handler.py:282 - Device rr1 Zone 1: Robot is stationary
2025-10-21 05:27:51,226 - device_data_handler - INFO - device_data_handler.py:376 - Device rr1 Zone 1: Robot is stationary
2025-10-21 05:27:52,116 - device_data_handler - INFO - device_data_handler.py:376 - Device rr1 Zone 1: Robot is stationary
2025-10-21 05:27:52,167 - device_data_handler - INFO - device_data_handler.py:282 - Device rr1 Zone 1: Robot is stationary
2025-10-21 05:27:52,193 - device_data_handler - INFO - device_data_handler.py:376 - Device rr1 Zone 1: Robot is stationary
2025-10-21 05:27:52,242 - device_data_handler - INFO - device_data_handler.py:282 - Device rr1 Zone 1: Robot is stationary
2025-10-21 05:27:52,268 - device_data_handler - INFO - device_data_handler.py:376 - Device rr1 Zone 1: Robot is stationary
2025-10-21 05:27:53,203 - device_data_handler - INFO - device_data_handler.py:282 - Device rr1 Zone 1: Robot is stationary
2025-10-21 05:27:53,232 - device_data_handler - INFO - device_data_handler.py:376 - Device rr1 Zone 1: Robot is stationary
2025-10-21 05:27:54,188 - device_data_handler - INFO - device_data_handler.py:282 - Device rr1 Zone 1: Robot is stationary
2025-10-21 05:27:54,212 - device_data_handler - INFO - device_data_handler.py:376 - Device rr1 Zone 1: Robot is stationary
2025-10-21 05:27:55,197 - device_data_handler - INFO - device_data_handler.py:282 - Device rr1 Zone 1: Robot is stationary
2025-10-21 05:27:55,228 - device_data_handler - INFO - device_data_handler.py:376 - Device rr1 Zone 1: Robot is stationary
2025-10-21 05:27:56,221 - device_data_handler - INFO - device_data_handler.py:282 - Device rr1 Zone 1: Robot is stationary
2025-10-21 05:27:56,288 - device_data_handler - INFO - device_data_handler.py:376 - Device rr1 Zone 1: Robot is stationary
2025-10-21 05:27:57,083 - device_data_handler - INFO - device_data_handler.py:376 - Device rr1 Zone 1: Robot is stationary
2025-10-21 05:27:57,117 - device_data_handler - INFO - device_data_handler.py:282 - Device rr1 Zone 1: Robot is stationary
2025-10-21 05:27:57,134 - device_data_handler - INFO - device_data_handler.py:376 - Device rr1 Zone 1: Robot is stationary
2025-10-21 05:27:57,180 - device_data_handler - INFO - device_data_handler.py:282 - Device rr1 Zone 1: Robot is stationary
2025-10-21 05:27:57,197 - device_data_handler - INFO - device_data_handler.py:376 - Device rr1 Zone 1: Robot is stationary
2025-10-21 05:27:58,247 - device_data_handler - INFO - device_data_handler.py:282 - Device rr1 Zone 1: Robot is stationary
2025-10-21 05:27:58,274 - device_data_handler - INFO - device_data_handler.py:376 - Device rr1 Zone 1: Robot is stationary
2025-10-21 05:27:59,181 - device_data_handler - INFO - device_data_handler.py:282 - Device rr1 Zone 1: Robot is stationary
2025-10-21 05:27:59,199 - device_data_handler - INFO - device_data_handler.py:376 - Device rr1 Zone 1: Robot is stationary
2025-10-21 05:28:00,184 - device_data_handler - INFO - device_data_handler.py:282 - Device rr1 Zone 1: Robot is stationary
2025-10-21 05:28:00,201 - device_data_handler - INFO - device_data_handler.py:376 - Device rr1 Zone 1: Robot is stationary
2025-10-21 05:28:00,879 - device_list - INFO - device_list.py:316 - Refreshing device data...
2025-10-21 05:28:00,915 - device_list - INFO - device_list.py:336 - Loaded 4 devices from CSV
2025-10-21 05:28:01,183 - device_data_handler - INFO - device_data_handler.py:282 - Device rr1 Zone 1: Robot is stationary
2025-10-21 05:28:01,202 - device_data_handler - INFO - device_data_handler.py:376 - Device rr1 Zone 1: Robot is stationary
2025-10-21 05:28:04,096 - api_client - WARNING - client.py:80 - Request attempt 1 failed: HTTPConnectionPool(host='127.0.0.1', port=8000): Max retries exceeded with url: /api/ (Caused by NewConnectionError('<urllib3.connection.HTTPConnection object at 0x000001C7821DF5C0>: Failed to establish a new connection: [WinError 10061] No connection could be made because the target machine actively refused it'))
2025-10-21 05:28:06,136 - api_client - WARNING - client.py:80 - Request attempt 2 failed: HTTPConnectionPool(host='127.0.0.1', port=8000): Max retries exceeded with url: /api/ (Caused by NewConnectionError('<urllib3.connection.HTTPConnection object at 0x000001C7821DF360>: Failed to establish a new connection: [WinError 10061] No connection could be made because the target machine actively refused it'))
2025-10-21 05:28:08,172 - api_client - WARNING - client.py:80 - Request attempt 3 failed: HTTPConnectionPool(host='127.0.0.1', port=8000): Max retries exceeded with url: /api/ (Caused by NewConnectionError('<urllib3.connection.HTTPConnection object at 0x000001C7821AB2F0>: Failed to establish a new connection: [WinError 10061] No connection could be made because the target machine actively refused it'))
2025-10-21 05:28:08,216 - device_location_syncer - INFO - sync_device_locations.py:227 - Updated device rr1: distance 0.00 -> 100.00
2025-10-21 05:28:08,221 - device_location_syncer - INFO - sync_device_locations.py:150 - Created backup: data\backup\devices_20251021_052808.csv
2025-10-21 05:28:08,222 - device_location_syncer - INFO - sync_device_locations.py:160 - Successfully updated devices CSV with 4 devices
2025-10-21 05:28:08,222 - device_location_syncer - INFO - sync_device_locations.py:246 - Sync completed successfully. Updated 1 devices.
2025-10-21 05:28:08,263 - device_data_handler - INFO - device_data_handler.py:376 - Device rr1 Zone 1: Moving North towards zone 2 (direction locked by None turn)
2025-10-21 05:28:08,321 - device_data_handler - INFO - device_data_handler.py:282 - Device rr1 Zone 1: Moving North towards zone 2 (direction locked by None turn)
2025-10-21 05:28:08,347 - device_data_handler - INFO - device_data_handler.py:376 - Device rr1 Zone 1: Moving North towards zone 2 (direction locked by None turn)
2025-10-21 05:28:08,401 - device_data_handler - INFO - device_data_handler.py:282 - Device rr1 Zone 1: Moving North towards zone 2 (direction locked by None turn)
2025-10-21 05:28:08,430 - device_data_handler - INFO - device_data_handler.py:376 - Device rr1 Zone 1: Moving North towards zone 2 (direction locked by None turn)
2025-10-21 05:28:09,191 - device_data_handler - INFO - device_data_handler.py:282 - Device rr1 Zone 1: Moving North towards zone 2 (direction locked by None turn)
2025-10-21 05:28:09,210 - device_data_handler - INFO - device_data_handler.py:376 - Device rr1 Zone 1: Moving North towards zone 2 (direction locked by None turn)
2025-10-21 05:28:10,194 - device_data_handler - INFO - device_data_handler.py:282 - Device rr1 Zone 1: Moving North towards zone 2 (direction locked by None turn)
2025-10-21 05:28:10,217 - device_data_handler - INFO - device_data_handler.py:376 - Device rr1 Zone 1: Moving North towards zone 2 (direction locked by None turn)
2025-10-21 05:28:11,190 - device_data_handler - INFO - device_data_handler.py:282 - Device rr1 Zone 1: Moving North towards zone 2 (direction locked by None turn)
2025-10-21 05:28:11,209 - device_data_handler - INFO - device_data_handler.py:376 - Device rr1 Zone 1: Moving North towards zone 2 (direction locked by None turn)
2025-10-21 05:28:12,086 - device_data_handler - INFO - device_data_handler.py:376 - Device rr1 Zone 1: Moving North towards zone 2 (direction locked by None turn)
2025-10-21 05:28:12,138 - device_data_handler - INFO - device_data_handler.py:282 - Device rr1 Zone 1: Moving North towards zone 2 (direction locked by None turn)
2025-10-21 05:28:12,157 - device_data_handler - INFO - device_data_handler.py:376 - Device rr1 Zone 1: Moving North towards zone 2 (direction locked by None turn)
2025-10-21 05:28:12,201 - device_data_handler - INFO - device_data_handler.py:282 - Device rr1 Zone 1: Moving North towards zone 2 (direction locked by None turn)
2025-10-21 05:28:12,222 - device_data_handler - INFO - device_data_handler.py:376 - Device rr1 Zone 1: Moving North towards zone 2 (direction locked by None turn)
2025-10-21 05:28:13,191 - device_data_handler - INFO - device_data_handler.py:282 - Device rr1 Zone 1: Moving North towards zone 2 (direction locked by None turn)
2025-10-21 05:28:13,212 - device_data_handler - INFO - device_data_handler.py:376 - Device rr1 Zone 1: Moving North towards zone 2 (direction locked by None turn)
2025-10-21 05:28:14,190 - device_data_handler - INFO - device_data_handler.py:282 - Device rr1 Zone 1: Moving North towards zone 2 (direction locked by None turn)
2025-10-21 05:28:14,216 - device_data_handler - INFO - device_data_handler.py:376 - Device rr1 Zone 1: Moving North towards zone 2 (direction locked by None turn)
2025-10-21 05:28:15,191 - device_data_handler - INFO - device_data_handler.py:282 - Device rr1 Zone 1: Moving North towards zone 2 (direction locked by None turn)
2025-10-21 05:28:15,212 - device_data_handler - INFO - device_data_handler.py:376 - Device rr1 Zone 1: Moving North towards zone 2 (direction locked by None turn)
2025-10-21 05:28:16,209 - device_data_handler - INFO - device_data_handler.py:282 - Device rr1 Zone 1: Moving North towards zone 2 (direction locked by None turn)
2025-10-21 05:28:16,229 - device_data_handler - INFO - device_data_handler.py:376 - Device rr1 Zone 1: Moving North towards zone 2 (direction locked by None turn)
2025-10-21 05:28:17,081 - device_data_handler - INFO - device_data_handler.py:376 - Device rr1 Zone 1: Moving North towards zone 2 (direction locked by None turn)
2025-10-21 05:28:17,328 - device_data_handler - INFO - device_data_handler.py:282 - Device rr1 Zone 1: Moving North towards zone 2 (direction locked by None turn)
2025-10-21 05:28:17,344 - device_data_handler - INFO - device_data_handler.py:376 - Device rr1 Zone 1: Moving North towards zone 2 (direction locked by None turn)
2025-10-21 05:28:17,378 - device_data_handler - INFO - device_data_handler.py:282 - Device rr1 Zone 1: Moving North towards zone 2 (direction locked by None turn)
2025-10-21 05:28:17,394 - device_data_handler - INFO - device_data_handler.py:376 - Device rr1 Zone 1: Moving North towards zone 2 (direction locked by None turn)
2025-10-21 05:28:18,198 - device_data_handler - INFO - device_data_handler.py:282 - Device rr1 Zone 1: Moving North towards zone 2 (direction locked by None turn)
2025-10-21 05:28:18,222 - device_data_handler - INFO - device_data_handler.py:376 - Device rr1 Zone 1: Moving North towards zone 2 (direction locked by None turn)
2025-10-21 05:28:19,191 - device_data_handler - INFO - device_data_handler.py:282 - Device rr1 Zone 1: Moving North towards zone 2 (direction locked by None turn)
2025-10-21 05:28:19,210 - device_data_handler - INFO - device_data_handler.py:376 - Device rr1 Zone 1: Moving North towards zone 2 (direction locked by None turn)
2025-10-21 05:28:20,240 - device_data_handler - INFO - device_data_handler.py:282 - Device rr1 Zone 1: Moving North towards zone 2 (direction locked by None turn)
2025-10-21 05:28:20,263 - device_data_handler - INFO - device_data_handler.py:376 - Device rr1 Zone 1: Moving North towards zone 2 (direction locked by None turn)
2025-10-21 05:28:21,205 - device_data_handler - INFO - device_data_handler.py:282 - Device rr1 Zone 1: Moving North towards zone 2 (direction locked by None turn)
2025-10-21 05:28:21,225 - device_data_handler - INFO - device_data_handler.py:376 - Device rr1 Zone 1: Moving North towards zone 2 (direction locked by None turn)
2025-10-21 05:28:22,081 - device_data_handler - INFO - device_data_handler.py:376 - Device rr1 Zone 1: Moving North towards zone 2 (direction locked by None turn)
2025-10-21 05:28:22,117 - device_data_handler - INFO - device_data_handler.py:282 - Device rr1 Zone 1: Moving North towards zone 2 (direction locked by None turn)
2025-10-21 05:28:22,134 - device_data_handler - INFO - device_data_handler.py:376 - Device rr1 Zone 1: Moving North towards zone 2 (direction locked by None turn)
2025-10-21 05:28:22,212 - device_data_handler - INFO - device_data_handler.py:282 - Device rr1 Zone 1: Moving North towards zone 2 (direction locked by None turn)
2025-10-21 05:28:22,230 - device_data_handler - INFO - device_data_handler.py:376 - Device rr1 Zone 1: Moving North towards zone 2 (direction locked by None turn)
2025-10-21 05:28:23,218 - device_data_handler - INFO - device_data_handler.py:282 - Device rr1 Zone 1: Moving North towards zone 2 (direction locked by None turn)
2025-10-21 05:28:23,237 - device_data_handler - INFO - device_data_handler.py:376 - Device rr1 Zone 1: Moving North towards zone 2 (direction locked by None turn)
2025-10-21 05:28:24,212 - device_data_handler - INFO - device_data_handler.py:282 - Device rr1 Zone 1: Moving North towards zone 2 (direction locked by None turn)
2025-10-21 05:28:24,231 - device_data_handler - INFO - device_data_handler.py:376 - Device rr1 Zone 1: Moving North towards zone 2 (direction locked by None turn)
2025-10-21 05:28:25,244 - device_data_handler - INFO - device_data_handler.py:282 - Device rr1 Zone 1: Moving North towards zone 2 (direction locked by None turn)
2025-10-21 05:28:25,270 - device_data_handler - INFO - device_data_handler.py:376 - Device rr1 Zone 1: Moving North towards zone 2 (direction locked by None turn)
2025-10-21 05:28:26,228 - device_data_handler - INFO - device_data_handler.py:282 - Device rr1 Zone 1: Moving North towards zone 2 (direction locked by None turn)
2025-10-21 05:28:26,251 - device_data_handler - INFO - device_data_handler.py:376 - Device rr1 Zone 1: Moving North towards zone 2 (direction locked by None turn)
2025-10-21 05:28:27,080 - device_data_handler - INFO - device_data_handler.py:376 - Device rr1 Zone 1: Moving North towards zone 2 (direction locked by None turn)
2025-10-21 05:28:27,115 - device_data_handler - INFO - device_data_handler.py:282 - Device rr1 Zone 1: Moving North towards zone 2 (direction locked by None turn)
2025-10-21 05:28:27,132 - device_data_handler - INFO - device_data_handler.py:376 - Device rr1 Zone 1: Moving North towards zone 2 (direction locked by None turn)
2025-10-21 05:28:27,232 - device_data_handler - INFO - device_data_handler.py:282 - Device rr1 Zone 1: Moving North towards zone 2 (direction locked by None turn)
2025-10-21 05:28:27,248 - device_data_handler - INFO - device_data_handler.py:376 - Device rr1 Zone 1: Moving North towards zone 2 (direction locked by None turn)
2025-10-21 05:28:28,224 - device_data_handler - INFO - device_data_handler.py:282 - Device rr1 Zone 1: Moving North towards zone 2 (direction locked by None turn)
2025-10-21 05:28:28,242 - device_data_handler - INFO - device_data_handler.py:376 - Device rr1 Zone 1: Moving North towards zone 2 (direction locked by None turn)
2025-10-21 05:28:29,233 - device_data_handler - INFO - device_data_handler.py:282 - Device rr1 Zone 1: Moving North towards zone 2 (direction locked by None turn)
2025-10-21 05:28:29,250 - device_data_handler - INFO - device_data_handler.py:376 - Device rr1 Zone 1: Moving North towards zone 2 (direction locked by None turn)
2025-10-21 05:28:30,226 - device_data_handler - INFO - device_data_handler.py:282 - Device rr1 Zone 1: Moving North towards zone 2 (direction locked by None turn)
2025-10-21 05:28:30,243 - device_data_handler - INFO - device_data_handler.py:376 - Device rr1 Zone 1: Moving North towards zone 2 (direction locked by None turn)
2025-10-21 05:28:30,897 - device_list - INFO - device_list.py:316 - Refreshing device data...
2025-10-21 05:28:30,950 - device_list - INFO - device_list.py:336 - Loaded 4 devices from CSV
2025-10-21 05:28:31,275 - device_data_handler - INFO - device_data_handler.py:282 - Device rr1 Zone 1: Moving North towards zone 2 (direction locked by None turn)
2025-10-21 05:28:31,293 - device_data_handler - INFO - device_data_handler.py:376 - Device rr1 Zone 1: Moving North towards zone 2 (direction locked by None turn)
2025-10-21 05:28:32,064 - device_location_syncer - INFO - sync_device_locations.py:227 - Updated device rr1: distance 100.00 -> 1000.00
2025-10-21 05:28:32,065 - device_location_syncer - INFO - sync_device_locations.py:150 - Created backup: data\backup\devices_20251021_052832.csv
2025-10-21 05:28:32,066 - device_location_syncer - INFO - sync_device_locations.py:160 - Successfully updated devices CSV with 4 devices
2025-10-21 05:28:32,066 - device_location_syncer - INFO - sync_device_locations.py:246 - Sync completed successfully. Updated 1 devices.
2025-10-21 05:28:32,087 - device_data_handler - INFO - device_data_handler.py:376 - Device rr1 Zone 1: Moving North towards zone 2 (direction locked by None turn)
2025-10-21 05:28:32,124 - device_data_handler - INFO - device_data_handler.py:282 - Device rr1 Zone 1: Moving North towards zone 2 (direction locked by None turn)
2025-10-21 05:28:32,142 - device_data_handler - INFO - device_data_handler.py:376 - Device rr1 Zone 1: Moving North towards zone 2 (direction locked by None turn)
2025-10-21 05:28:32,227 - device_data_handler - INFO - device_data_handler.py:282 - Device rr1 Zone 1: Moving North towards zone 2 (direction locked by None turn)
2025-10-21 05:28:32,246 - device_data_handler - INFO - device_data_handler.py:376 - Device rr1 Zone 1: Moving North towards zone 2 (direction locked by None turn)
2025-10-21 05:28:33,214 - device_data_handler - INFO - device_data_handler.py:282 - Device rr1 Zone 1: Moving North towards zone 2 (direction locked by None turn)
2025-10-21 05:28:33,232 - device_data_handler - INFO - device_data_handler.py:376 - Device rr1 Zone 1: Moving North towards zone 2 (direction locked by None turn)
2025-10-21 05:28:34,214 - device_data_handler - INFO - device_data_handler.py:282 - Device rr1 Zone 1: Moving North towards zone 2 (direction locked by None turn)
2025-10-21 05:28:34,231 - device_data_handler - INFO - device_data_handler.py:376 - Device rr1 Zone 1: Moving North towards zone 2 (direction locked by None turn)
2025-10-21 05:28:35,215 - device_data_handler - INFO - device_data_handler.py:282 - Device rr1 Zone 1: Moving North towards zone 2 (direction locked by None turn)
2025-10-21 05:28:35,234 - device_data_handler - INFO - device_data_handler.py:376 - Device rr1 Zone 1: Moving North towards zone 2 (direction locked by None turn)
2025-10-21 05:28:36,216 - device_data_handler - INFO - device_data_handler.py:282 - Device rr1 Zone 1: Moving North towards zone 2 (direction locked by None turn)
2025-10-21 05:28:36,232 - device_data_handler - INFO - device_data_handler.py:376 - Device rr1 Zone 1: Moving North towards zone 2 (direction locked by None turn)
2025-10-21 05:28:37,087 - device_data_handler - INFO - device_data_handler.py:376 - Device rr1 Zone 1: Moving North towards zone 2 (direction locked by None turn)
2025-10-21 05:28:37,122 - device_data_handler - INFO - device_data_handler.py:282 - Device rr1 Zone 1: Moving North towards zone 2 (direction locked by None turn)
2025-10-21 05:28:37,139 - device_data_handler - INFO - device_data_handler.py:376 - Device rr1 Zone 1: Moving North towards zone 2 (direction locked by None turn)
2025-10-21 05:28:37,219 - device_data_handler - INFO - device_data_handler.py:282 - Device rr1 Zone 1: Moving North towards zone 2 (direction locked by None turn)
2025-10-21 05:28:37,238 - device_data_handler - INFO - device_data_handler.py:376 - Device rr1 Zone 1: Moving North towards zone 2 (direction locked by None turn)
2025-10-21 05:28:38,215 - device_data_handler - INFO - device_data_handler.py:282 - Device rr1 Zone 1: Moving North towards zone 2 (direction locked by None turn)
2025-10-21 05:28:38,234 - device_data_handler - INFO - device_data_handler.py:376 - Device rr1 Zone 1: Moving North towards zone 2 (direction locked by None turn)
2025-10-21 05:28:39,223 - device_data_handler - INFO - device_data_handler.py:282 - Device rr1 Zone 1: Moving North towards zone 2 (direction locked by None turn)
2025-10-21 05:28:39,241 - device_data_handler - INFO - device_data_handler.py:376 - Device rr1 Zone 1: Moving North towards zone 2 (direction locked by None turn)
2025-10-21 05:28:40,223 - device_data_handler - INFO - device_data_handler.py:282 - Device rr1 Zone 1: Moving North towards zone 2 (direction locked by None turn)
2025-10-21 05:28:40,242 - device_data_handler - INFO - device_data_handler.py:376 - Device rr1 Zone 1: Moving North towards zone 2 (direction locked by None turn)
2025-10-21 05:28:41,215 - device_data_handler - INFO - device_data_handler.py:282 - Device rr1 Zone 1: Moving North towards zone 2 (direction locked by None turn)
2025-10-21 05:28:41,233 - device_data_handler - INFO - device_data_handler.py:376 - Device rr1 Zone 1: Moving North towards zone 2 (direction locked by None turn)
2025-10-21 05:28:42,080 - device_data_handler - INFO - device_data_handler.py:376 - Device rr1 Zone 1: Moving North towards zone 2 (direction locked by None turn)
2025-10-21 05:28:42,113 - device_data_handler - INFO - device_data_handler.py:282 - Device rr1 Zone 1: Moving North towards zone 2 (direction locked by None turn)
2025-10-21 05:28:42,132 - device_data_handler - INFO - device_data_handler.py:376 - Device rr1 Zone 1: Moving North towards zone 2 (direction locked by None turn)
2025-10-21 05:28:42,235 - device_data_handler - INFO - device_data_handler.py:282 - Device rr1 Zone 1: Moving North towards zone 2 (direction locked by None turn)
2025-10-21 05:28:42,251 - device_data_handler - INFO - device_data_handler.py:376 - Device rr1 Zone 1: Moving North towards zone 2 (direction locked by None turn)
2025-10-21 05:28:43,248 - device_data_handler - INFO - device_data_handler.py:282 - Device rr1 Zone 1: Moving North towards zone 2 (direction locked by None turn)
2025-10-21 05:28:43,271 - device_data_handler - INFO - device_data_handler.py:376 - Device rr1 Zone 1: Moving North towards zone 2 (direction locked by None turn)
2025-10-21 05:28:44,223 - device_data_handler - INFO - device_data_handler.py:282 - Device rr1 Zone 1: Moving North towards zone 2 (direction locked by None turn)
2025-10-21 05:28:44,240 - device_data_handler - INFO - device_data_handler.py:376 - Device rr1 Zone 1: Moving North towards zone 2 (direction locked by None turn)
2025-10-21 05:28:45,223 - device_data_handler - INFO - device_data_handler.py:282 - Device rr1 Zone 1: Moving North towards zone 2 (direction locked by None turn)
2025-10-21 05:28:45,240 - device_data_handler - INFO - device_data_handler.py:376 - Device rr1 Zone 1: Moving North towards zone 2 (direction locked by None turn)
2025-10-21 05:28:46,221 - device_data_handler - INFO - device_data_handler.py:282 - Device rr1 Zone 1: Moving North towards zone 2 (direction locked by None turn)
2025-10-21 05:28:46,289 - device_data_handler - INFO - device_data_handler.py:376 - Device rr1 Zone 1: Moving North towards zone 2 (direction locked by None turn)
2025-10-21 05:28:47,081 - device_data_handler - INFO - device_data_handler.py:376 - Device rr1 Zone 1: Moving North towards zone 2 (direction locked by None turn)
2025-10-21 05:28:47,119 - device_data_handler - INFO - device_data_handler.py:282 - Device rr1 Zone 1: Moving North towards zone 2 (direction locked by None turn)
2025-10-21 05:28:47,136 - device_data_handler - INFO - device_data_handler.py:376 - Device rr1 Zone 1: Moving North towards zone 2 (direction locked by None turn)
2025-10-21 05:28:47,222 - device_data_handler - INFO - device_data_handler.py:282 - Device rr1 Zone 1: Moving North towards zone 2 (direction locked by None turn)
2025-10-21 05:28:47,241 - device_data_handler - INFO - device_data_handler.py:376 - Device rr1 Zone 1: Moving North towards zone 2 (direction locked by None turn)
2025-10-21 05:28:48,222 - device_data_handler - INFO - device_data_handler.py:282 - Device rr1 Zone 1: Moving North towards zone 2 (direction locked by None turn)
2025-10-21 05:28:48,243 - device_data_handler - INFO - device_data_handler.py:376 - Device rr1 Zone 1: Moving North towards zone 2 (direction locked by None turn)
2025-10-21 05:28:49,230 - device_data_handler - INFO - device_data_handler.py:282 - Device rr1 Zone 1: Moving North towards zone 2 (direction locked by None turn)
2025-10-21 05:28:49,247 - device_data_handler - INFO - device_data_handler.py:376 - Device rr1 Zone 1: Moving North towards zone 2 (direction locked by None turn)
2025-10-21 05:28:50,228 - device_data_handler - INFO - device_data_handler.py:282 - Device rr1 Zone 1: Moving North towards zone 2 (direction locked by None turn)
2025-10-21 05:28:50,246 - device_data_handler - INFO - device_data_handler.py:376 - Device rr1 Zone 1: Moving North towards zone 2 (direction locked by None turn)
2025-10-21 05:28:51,229 - device_data_handler - INFO - device_data_handler.py:282 - Device rr1 Zone 1: Moving North towards zone 2 (direction locked by None turn)
2025-10-21 05:28:51,248 - device_data_handler - INFO - device_data_handler.py:376 - Device rr1 Zone 1: Moving North towards zone 2 (direction locked by None turn)
2025-10-21 05:28:52,098 - device_data_handler - INFO - device_data_handler.py:376 - Device rr1 Zone 1: Moving North towards zone 2 (direction locked by None turn)
2025-10-21 05:28:52,132 - device_data_handler - INFO - device_data_handler.py:282 - Device rr1 Zone 1: Moving North towards zone 2 (direction locked by None turn)
2025-10-21 05:28:52,152 - device_data_handler - INFO - device_data_handler.py:376 - Device rr1 Zone 1: Moving North towards zone 2 (direction locked by None turn)
2025-10-21 05:28:52,243 - device_data_handler - INFO - device_data_handler.py:282 - Device rr1 Zone 1: Moving North towards zone 2 (direction locked by None turn)
2025-10-21 05:28:52,272 - device_data_handler - INFO - device_data_handler.py:376 - Device rr1 Zone 1: Moving North towards zone 2 (direction locked by None turn)
2025-10-21 05:28:53,220 - device_data_handler - INFO - device_data_handler.py:282 - Device rr1 Zone 1: Moving North towards zone 2 (direction locked by None turn)
2025-10-21 05:28:53,238 - device_data_handler - INFO - device_data_handler.py:376 - Device rr1 Zone 1: Moving North towards zone 2 (direction locked by None turn)
2025-10-21 05:28:54,229 - device_data_handler - INFO - device_data_handler.py:282 - Device rr1 Zone 1: Moving North towards zone 2 (direction locked by None turn)
2025-10-21 05:28:54,253 - device_data_handler - INFO - device_data_handler.py:376 - Device rr1 Zone 1: Moving North towards zone 2 (direction locked by None turn)
2025-10-21 05:28:55,220 - device_data_handler - INFO - device_data_handler.py:282 - Device rr1 Zone 1: Moving North towards zone 2 (direction locked by None turn)
2025-10-21 05:28:55,239 - device_data_handler - INFO - device_data_handler.py:376 - Device rr1 Zone 1: Moving North towards zone 2 (direction locked by None turn)
2025-10-21 05:28:56,245 - device_data_handler - INFO - device_data_handler.py:282 - Device rr1 Zone 1: Moving North towards zone 2 (direction locked by None turn)
2025-10-21 05:28:56,268 - device_data_handler - INFO - device_data_handler.py:376 - Device rr1 Zone 1: Moving North towards zone 2 (direction locked by None turn)
2025-10-21 05:28:57,103 - device_data_handler - INFO - device_data_handler.py:376 - Device rr1 Zone 1: Moving North towards zone 2 (direction locked by None turn)
2025-10-21 05:28:57,163 - device_data_handler - INFO - device_data_handler.py:282 - Device rr1 Zone 1: Moving North towards zone 2 (direction locked by None turn)
2025-10-21 05:28:57,194 - device_data_handler - INFO - device_data_handler.py:376 - Device rr1 Zone 1: Moving North towards zone 2 (direction locked by None turn)
2025-10-21 05:28:57,262 - device_data_handler - INFO - device_data_handler.py:282 - Device rr1 Zone 1: Moving North towards zone 2 (direction locked by None turn)
2025-10-21 05:28:57,291 - device_data_handler - INFO - device_data_handler.py:376 - Device rr1 Zone 1: Moving North towards zone 2 (direction locked by None turn)
2025-10-21 05:28:58,228 - device_data_handler - INFO - device_data_handler.py:282 - Device rr1 Zone 1: Moving North towards zone 2 (direction locked by None turn)
2025-10-21 05:28:58,254 - device_data_handler - INFO - device_data_handler.py:376 - Device rr1 Zone 1: Moving North towards zone 2 (direction locked by None turn)
2025-10-21 05:28:59,244 - device_data_handler - INFO - device_data_handler.py:282 - Device rr1 Zone 1: Moving North towards zone 2 (direction locked by None turn)
2025-10-21 05:28:59,282 - device_data_handler - INFO - device_data_handler.py:376 - Device rr1 Zone 1: Moving North towards zone 2 (direction locked by None turn)
2025-10-21 05:29:00,269 - device_data_handler - INFO - device_data_handler.py:282 - Device rr1 Zone 1: Moving North towards zone 2 (direction locked by None turn)
2025-10-21 05:29:00,297 - device_data_handler - INFO - device_data_handler.py:376 - Device rr1 Zone 1: Moving North towards zone 2 (direction locked by None turn)
2025-10-21 05:29:00,882 - device_list - INFO - device_list.py:316 - Refreshing device data...
2025-10-21 05:29:00,920 - device_list - INFO - device_list.py:336 - Loaded 4 devices from CSV
2025-10-21 05:29:01,280 - device_data_handler - INFO - device_data_handler.py:282 - Device rr1 Zone 1: Moving North towards zone 2 (direction locked by None turn)
2025-10-21 05:29:01,310 - device_data_handler - INFO - device_data_handler.py:376 - Device rr1 Zone 1: Moving North towards zone 2 (direction locked by None turn)
2025-10-21 05:29:04,093 - api_client - WARNING - client.py:80 - Request attempt 1 failed: HTTPConnectionPool(host='127.0.0.1', port=8000): Max retries exceeded with url: /api/ (Caused by NewConnectionError('<urllib3.connection.HTTPConnection object at 0x000001C784A4EBE0>: Failed to establish a new connection: [WinError 10061] No connection could be made because the target machine actively refused it'))
2025-10-21 05:29:06,133 - api_client - WARNING - client.py:80 - Request attempt 2 failed: HTTPConnectionPool(host='127.0.0.1', port=8000): Max retries exceeded with url: /api/ (Caused by NewConnectionError('<urllib3.connection.HTTPConnection object at 0x000001C784A4E7A0>: Failed to establish a new connection: [WinError 10061] No connection could be made because the target machine actively refused it'))
2025-10-21 05:29:08,167 - api_client - WARNING - client.py:80 - Request attempt 3 failed: HTTPConnectionPool(host='127.0.0.1', port=8000): Max retries exceeded with url: /api/ (Caused by NewConnectionError('<urllib3.connection.HTTPConnection object at 0x000001C784A4CAF0>: Failed to establish a new connection: [WinError 10061] No connection could be made because the target machine actively refused it'))
2025-10-21 05:29:08,173 - device_location_syncer - INFO - sync_device_locations.py:250 - Sync completed. No location updates needed.
2025-10-21 05:29:08,193 - device_data_handler - INFO - device_data_handler.py:376 - Device rr1 Zone 1: Moving North towards zone 2 (direction locked by None turn)
2025-10-21 05:29:08,231 - device_data_handler - INFO - device_data_handler.py:282 - Device rr1 Zone 1: Moving North towards zone 2 (direction locked by None turn)
2025-10-21 05:29:08,249 - device_data_handler - INFO - device_data_handler.py:376 - Device rr1 Zone 1: Moving North towards zone 2 (direction locked by None turn)
2025-10-21 05:29:08,295 - device_data_handler - INFO - device_data_handler.py:282 - Device rr1 Zone 1: Moving North towards zone 2 (direction locked by None turn)
2025-10-21 05:29:08,316 - device_data_handler - INFO - device_data_handler.py:376 - Device rr1 Zone 1: Moving North towards zone 2 (direction locked by None turn)
2025-10-21 05:29:09,256 - device_data_handler - INFO - device_data_handler.py:282 - Device rr1 Zone 1: Moving North towards zone 2 (direction locked by None turn)
2025-10-21 05:29:09,279 - device_data_handler - INFO - device_data_handler.py:376 - Device rr1 Zone 1: Moving North towards zone 2 (direction locked by None turn)
2025-10-21 05:29:10,262 - device_data_handler - INFO - device_data_handler.py:282 - Device rr1 Zone 1: Moving North towards zone 2 (direction locked by None turn)
2025-10-21 05:29:10,289 - device_data_handler - INFO - device_data_handler.py:376 - Device rr1 Zone 1: Moving North towards zone 2 (direction locked by None turn)
2025-10-21 05:29:11,266 - device_data_handler - INFO - device_data_handler.py:282 - Device rr1 Zone 1: Moving North towards zone 2 (direction locked by None turn)
2025-10-21 05:29:11,291 - device_data_handler - INFO - device_data_handler.py:376 - Device rr1 Zone 1: Moving North towards zone 2 (direction locked by None turn)
2025-10-21 05:29:12,088 - device_data_handler - INFO - device_data_handler.py:376 - Device rr1 Zone 1: Moving North towards zone 2 (direction locked by None turn)
2025-10-21 05:29:12,133 - device_data_handler - INFO - device_data_handler.py:282 - Device rr1 Zone 1: Moving North towards zone 2 (direction locked by None turn)
2025-10-21 05:29:12,158 - device_data_handler - INFO - device_data_handler.py:376 - Device rr1 Zone 1: Moving North towards zone 2 (direction locked by None turn)
2025-10-21 05:29:12,318 - device_data_handler - INFO - device_data_handler.py:282 - Device rr1 Zone 1: Moving North towards zone 2 (direction locked by None turn)
2025-10-21 05:29:12,345 - device_data_handler - INFO - device_data_handler.py:376 - Device rr1 Zone 1: Moving North towards zone 2 (direction locked by None turn)
2025-10-21 05:29:13,267 - device_data_handler - INFO - device_data_handler.py:282 - Device rr1 Zone 1: Moving North towards zone 2 (direction locked by None turn)
2025-10-21 05:29:13,289 - device_data_handler - INFO - device_data_handler.py:376 - Device rr1 Zone 1: Moving North towards zone 2 (direction locked by None turn)
2025-10-21 05:29:14,285 - device_data_handler - INFO - device_data_handler.py:282 - Device rr1 Zone 1: Moving North towards zone 2 (direction locked by None turn)
2025-10-21 05:29:14,315 - device_data_handler - INFO - device_data_handler.py:376 - Device rr1 Zone 1: Moving North towards zone 2 (direction locked by None turn)
2025-10-21 05:29:15,350 - device_data_handler - INFO - device_data_handler.py:282 - Device rr1 Zone 1: Moving North towards zone 2 (direction locked by None turn)
2025-10-21 05:29:15,384 - device_data_handler - INFO - device_data_handler.py:376 - Device rr1 Zone 1: Moving North towards zone 2 (direction locked by None turn)
2025-10-21 05:29:16,285 - device_data_handler - INFO - device_data_handler.py:282 - Device rr1 Zone 1: Moving North towards zone 2 (direction locked by None turn)
2025-10-21 05:29:16,306 - device_data_handler - INFO - device_data_handler.py:376 - Device rr1 Zone 1: Moving North towards zone 2 (direction locked by None turn)
2025-10-21 05:29:17,093 - device_data_handler - INFO - device_data_handler.py:376 - Device rr1 Zone 1: Moving North towards zone 2 (direction locked by None turn)
2025-10-21 05:29:17,144 - device_data_handler - INFO - device_data_handler.py:282 - Device rr1 Zone 1: Moving North towards zone 2 (direction locked by None turn)
2025-10-21 05:29:17,165 - device_data_handler - INFO - device_data_handler.py:376 - Device rr1 Zone 1: Moving North towards zone 2 (direction locked by None turn)
2025-10-21 05:29:17,297 - device_data_handler - INFO - device_data_handler.py:282 - Device rr1 Zone 1: Moving North towards zone 2 (direction locked by None turn)
2025-10-21 05:29:17,333 - device_data_handler - INFO - device_data_handler.py:376 - Device rr1 Zone 1: Moving North towards zone 2 (direction locked by None turn)
2025-10-21 05:29:18,272 - device_data_handler - INFO - device_data_handler.py:282 - Device rr1 Zone 1: Moving North towards zone 2 (direction locked by None turn)
2025-10-21 05:29:18,294 - device_data_handler - INFO - device_data_handler.py:376 - Device rr1 Zone 1: Moving North towards zone 2 (direction locked by None turn)
2025-10-21 05:29:19,277 - device_data_handler - INFO - device_data_handler.py:282 - Device rr1 Zone 1: Moving North towards zone 2 (direction locked by None turn)
2025-10-21 05:29:19,299 - device_data_handler - INFO - device_data_handler.py:376 - Device rr1 Zone 1: Moving North towards zone 2 (direction locked by None turn)
2025-10-21 05:29:20,302 - device_data_handler - INFO - device_data_handler.py:282 - Device rr1 Zone 1: Moving North towards zone 2 (direction locked by None turn)
2025-10-21 05:29:20,323 - device_data_handler - INFO - device_data_handler.py:376 - Device rr1 Zone 1: Moving North towards zone 2 (direction locked by None turn)
2025-10-21 05:29:21,287 - device_data_handler - INFO - device_data_handler.py:282 - Device rr1 Zone 1: Moving North towards zone 2 (direction locked by None turn)
2025-10-21 05:29:21,314 - device_data_handler - INFO - device_data_handler.py:376 - Device rr1 Zone 1: Moving North towards zone 2 (direction locked by None turn)
2025-10-21 05:29:22,100 - device_data_handler - INFO - device_data_handler.py:376 - Device rr1 Zone 1: Moving North towards zone 2 (direction locked by None turn)
2025-10-21 05:29:22,156 - device_data_handler - INFO - device_data_handler.py:282 - Device rr1 Zone 1: Moving North towards zone 2 (direction locked by None turn)
2025-10-21 05:29:22,185 - device_data_handler - INFO - device_data_handler.py:376 - Device rr1 Zone 1: Moving North towards zone 2 (direction locked by None turn)
2025-10-21 05:29:22,273 - device_data_handler - INFO - device_data_handler.py:282 - Device rr1 Zone 1: Moving North towards zone 2 (direction locked by None turn)
2025-10-21 05:29:22,294 - device_data_handler - INFO - device_data_handler.py:376 - Device rr1 Zone 1: Moving North towards zone 2 (direction locked by None turn)
2025-10-21 05:29:23,283 - device_data_handler - INFO - device_data_handler.py:282 - Device rr1 Zone 1: Moving North towards zone 2 (direction locked by None turn)
2025-10-21 05:29:23,310 - device_data_handler - INFO - device_data_handler.py:376 - Device rr1 Zone 1: Moving North towards zone 2 (direction locked by None turn)
2025-10-21 05:29:24,271 - device_data_handler - INFO - device_data_handler.py:282 - Device rr1 Zone 1: Moving North towards zone 2 (direction locked by None turn)
2025-10-21 05:29:24,294 - device_data_handler - INFO - device_data_handler.py:376 - Device rr1 Zone 1: Moving North towards zone 2 (direction locked by None turn)
2025-10-21 05:29:25,288 - device_data_handler - INFO - device_data_handler.py:282 - Device rr1 Zone 1: Moving North towards zone 2 (direction locked by None turn)
2025-10-21 05:29:25,314 - device_data_handler - INFO - device_data_handler.py:376 - Device rr1 Zone 1: Moving North towards zone 2 (direction locked by None turn)
2025-10-21 05:29:26,271 - device_data_handler - INFO - device_data_handler.py:282 - Device rr1 Zone 1: Moving North towards zone 2 (direction locked by None turn)
2025-10-21 05:29:26,290 - device_data_handler - INFO - device_data_handler.py:376 - Device rr1 Zone 1: Moving North towards zone 2 (direction locked by None turn)
2025-10-21 05:29:27,104 - device_data_handler - INFO - device_data_handler.py:376 - Device rr1 Zone 1: Moving North towards zone 2 (direction locked by None turn)
2025-10-21 05:29:27,175 - device_data_handler - INFO - device_data_handler.py:282 - Device rr1 Zone 1: Moving North towards zone 2 (direction locked by None turn)
2025-10-21 05:29:27,209 - device_data_handler - INFO - device_data_handler.py:376 - Device rr1 Zone 1: Moving North towards zone 2 (direction locked by None turn)
2025-10-21 05:29:27,306 - device_data_handler - INFO - device_data_handler.py:282 - Device rr1 Zone 1: Moving North towards zone 2 (direction locked by None turn)
2025-10-21 05:29:27,329 - device_data_handler - INFO - device_data_handler.py:376 - Device rr1 Zone 1: Moving North towards zone 2 (direction locked by None turn)
2025-10-21 05:29:28,278 - device_data_handler - INFO - device_data_handler.py:282 - Device rr1 Zone 1: Moving North towards zone 2 (direction locked by None turn)
2025-10-21 05:29:28,311 - device_data_handler - INFO - device_data_handler.py:376 - Device rr1 Zone 1: Moving North towards zone 2 (direction locked by None turn)
2025-10-21 05:29:29,291 - device_data_handler - INFO - device_data_handler.py:282 - Device rr1 Zone 1: Moving North towards zone 2 (direction locked by None turn)
2025-10-21 05:29:29,312 - device_data_handler - INFO - device_data_handler.py:376 - Device rr1 Zone 1: Moving North towards zone 2 (direction locked by None turn)
2025-10-21 05:29:30,289 - device_data_handler - INFO - device_data_handler.py:282 - Device rr1 Zone 1: Moving North towards zone 2 (direction locked by None turn)
2025-10-21 05:29:30,321 - device_data_handler - INFO - device_data_handler.py:376 - Device rr1 Zone 1: Moving North towards zone 2 (direction locked by None turn)
2025-10-21 05:29:30,907 - device_list - INFO - device_list.py:316 - Refreshing device data...
2025-10-21 05:29:30,967 - device_list - INFO - device_list.py:336 - Loaded 4 devices from CSV
2025-10-21 05:29:31,303 - device_data_handler - INFO - device_data_handler.py:282 - Device rr1 Zone 1: Moving North towards zone 2 (direction locked by None turn)
2025-10-21 05:29:31,328 - device_data_handler - INFO - device_data_handler.py:376 - Device rr1 Zone 1: Moving North towards zone 2 (direction locked by None turn)
2025-10-21 05:29:32,057 - device_location_syncer - INFO - sync_device_locations.py:250 - Sync completed. No location updates needed.
2025-10-21 05:29:32,121 - device_data_handler - INFO - device_data_handler.py:376 - Device rr1 Zone 1: Moving North towards zone 2 (direction locked by None turn)
2025-10-21 05:29:32,183 - device_data_handler - INFO - device_data_handler.py:282 - Device rr1 Zone 1: Moving North towards zone 2 (direction locked by None turn)
2025-10-21 05:29:32,208 - device_data_handler - INFO - device_data_handler.py:376 - Device rr1 Zone 1: Moving North towards zone 2 (direction locked by None turn)
2025-10-21 05:29:32,289 - device_data_handler - INFO - device_data_handler.py:282 - Device rr1 Zone 1: Moving North towards zone 2 (direction locked by None turn)
2025-10-21 05:29:32,315 - device_data_handler - INFO - device_data_handler.py:376 - Device rr1 Zone 1: Moving North towards zone 2 (direction locked by None turn)
2025-10-21 05:29:33,288 - device_data_handler - INFO - device_data_handler.py:282 - Device rr1 Zone 1: Moving North towards zone 2 (direction locked by None turn)
2025-10-21 05:29:33,319 - device_data_handler - INFO - device_data_handler.py:376 - Device rr1 Zone 1: Moving North towards zone 2 (direction locked by None turn)
2025-10-21 05:29:34,292 - device_data_handler - INFO - device_data_handler.py:282 - Device rr1 Zone 1: Moving North towards zone 2 (direction locked by None turn)
2025-10-21 05:29:34,327 - device_data_handler - INFO - device_data_handler.py:376 - Device rr1 Zone 1: Moving North towards zone 2 (direction locked by None turn)
2025-10-21 05:29:35,327 - device_data_handler - INFO - device_data_handler.py:282 - Device rr1 Zone 1: Moving North towards zone 2 (direction locked by None turn)
2025-10-21 05:29:35,369 - device_data_handler - INFO - device_data_handler.py:376 - Device rr1 Zone 1: Moving North towards zone 2 (direction locked by None turn)
2025-10-21 05:29:36,282 - device_data_handler - INFO - device_data_handler.py:282 - Device rr1 Zone 1: Moving North towards zone 2 (direction locked by None turn)
2025-10-21 05:29:36,302 - device_data_handler - INFO - device_data_handler.py:376 - Device rr1 Zone 1: Moving North towards zone 2 (direction locked by None turn)
2025-10-21 05:29:37,093 - device_data_handler - INFO - device_data_handler.py:376 - Device rr1 Zone 1: Moving North towards zone 2 (direction locked by None turn)
2025-10-21 05:29:37,177 - device_data_handler - INFO - device_data_handler.py:282 - Device rr1 Zone 1: Moving North towards zone 2 (direction locked by None turn)
2025-10-21 05:29:37,207 - device_data_handler - INFO - device_data_handler.py:376 - Device rr1 Zone 1: Moving North towards zone 2 (direction locked by None turn)
2025-10-21 05:29:37,312 - device_data_handler - INFO - device_data_handler.py:282 - Device rr1 Zone 1: Moving North towards zone 2 (direction locked by None turn)
2025-10-21 05:29:37,339 - device_data_handler - INFO - device_data_handler.py:376 - Device rr1 Zone 1: Moving North towards zone 2 (direction locked by None turn)
2025-10-21 05:29:38,282 - device_data_handler - INFO - device_data_handler.py:282 - Device rr1 Zone 1: Moving North towards zone 2 (direction locked by None turn)
2025-10-21 05:29:38,299 - device_data_handler - INFO - device_data_handler.py:376 - Device rr1 Zone 1: Moving North towards zone 2 (direction locked by None turn)
2025-10-21 05:29:39,283 - device_data_handler - INFO - device_data_handler.py:282 - Device rr1 Zone 1: Moving North towards zone 2 (direction locked by None turn)
2025-10-21 05:29:39,302 - device_data_handler - INFO - device_data_handler.py:376 - Device rr1 Zone 1: Moving North towards zone 2 (direction locked by None turn)
2025-10-21 05:29:40,286 - device_data_handler - INFO - device_data_handler.py:282 - Device rr1 Zone 1: Moving North towards zone 2 (direction locked by None turn)
2025-10-21 05:29:40,306 - device_data_handler - INFO - device_data_handler.py:376 - Device rr1 Zone 1: Moving North towards zone 2 (direction locked by None turn)
2025-10-21 05:29:41,297 - device_data_handler - INFO - device_data_handler.py:282 - Device rr1 Zone 1: Moving North towards zone 2 (direction locked by None turn)
2025-10-21 05:29:41,321 - device_data_handler - INFO - device_data_handler.py:376 - Device rr1 Zone 1: Moving North towards zone 2 (direction locked by None turn)
2025-10-21 05:29:42,108 - device_data_handler - INFO - device_data_handler.py:376 - Device rr1 Zone 1: Moving North towards zone 2 (direction locked by None turn)
2025-10-21 05:29:42,165 - device_data_handler - INFO - device_data_handler.py:282 - Device rr1 Zone 1: Moving North towards zone 2 (direction locked by None turn)
2025-10-21 05:29:42,187 - device_data_handler - INFO - device_data_handler.py:376 - Device rr1 Zone 1: Moving North towards zone 2 (direction locked by None turn)
2025-10-21 05:29:42,300 - device_data_handler - INFO - device_data_handler.py:282 - Device rr1 Zone 1: Moving North towards zone 2 (direction locked by None turn)
2025-10-21 05:29:42,321 - device_data_handler - INFO - device_data_handler.py:376 - Device rr1 Zone 1: Moving North towards zone 2 (direction locked by None turn)
2025-10-21 05:29:43,296 - device_data_handler - INFO - device_data_handler.py:282 - Device rr1 Zone 1: Moving North towards zone 2 (direction locked by None turn)
2025-10-21 05:29:43,313 - device_data_handler - INFO - device_data_handler.py:376 - Device rr1 Zone 1: Moving North towards zone 2 (direction locked by None turn)
2025-10-21 05:29:44,299 - device_data_handler - INFO - device_data_handler.py:282 - Device rr1 Zone 1: Moving North towards zone 2 (direction locked by None turn)
2025-10-21 05:29:44,317 - device_data_handler - INFO - device_data_handler.py:376 - Device rr1 Zone 1: Moving North towards zone 2 (direction locked by None turn)
2025-10-21 05:29:45,294 - device_data_handler - INFO - device_data_handler.py:282 - Device rr1 Zone 1: Moving North towards zone 2 (direction locked by None turn)
2025-10-21 05:29:45,313 - device_data_handler - INFO - device_data_handler.py:376 - Device rr1 Zone 1: Moving North towards zone 2 (direction locked by None turn)
2025-10-21 05:29:46,300 - device_data_handler - INFO - device_data_handler.py:282 - Device rr1 Zone 1: Moving North towards zone 2 (direction locked by None turn)
2025-10-21 05:29:46,319 - device_data_handler - INFO - device_data_handler.py:376 - Device rr1 Zone 1: Moving North towards zone 2 (direction locked by None turn)
2025-10-21 05:29:47,091 - device_data_handler - INFO - device_data_handler.py:376 - Device rr1 Zone 1: Moving North towards zone 2 (direction locked by None turn)
2025-10-21 05:29:47,127 - device_data_handler - INFO - device_data_handler.py:282 - Device rr1 Zone 1: Moving North towards zone 2 (direction locked by None turn)
2025-10-21 05:29:47,145 - device_data_handler - INFO - device_data_handler.py:376 - Device rr1 Zone 1: Moving North towards zone 2 (direction locked by None turn)
2025-10-21 05:29:47,308 - device_data_handler - INFO - device_data_handler.py:282 - Device rr1 Zone 1: Moving North towards zone 2 (direction locked by None turn)
2025-10-21 05:29:47,328 - device_data_handler - INFO - device_data_handler.py:376 - Device rr1 Zone 1: Moving North towards zone 2 (direction locked by None turn)
2025-10-21 05:29:48,304 - device_data_handler - INFO - device_data_handler.py:282 - Device rr1 Zone 1: Moving North towards zone 2 (direction locked by None turn)
2025-10-21 05:29:48,322 - device_data_handler - INFO - device_data_handler.py:376 - Device rr1 Zone 1: Moving North towards zone 2 (direction locked by None turn)
2025-10-21 05:29:49,302 - device_data_handler - INFO - device_data_handler.py:282 - Device rr1 Zone 1: Moving North towards zone 2 (direction locked by None turn)
2025-10-21 05:29:49,321 - device_data_handler - INFO - device_data_handler.py:376 - Device rr1 Zone 1: Moving North towards zone 2 (direction locked by None turn)
2025-10-21 05:29:50,298 - device_data_handler - INFO - device_data_handler.py:282 - Device rr1 Zone 1: Moving North towards zone 2 (direction locked by None turn)
2025-10-21 05:29:50,315 - device_data_handler - INFO - device_data_handler.py:376 - Device rr1 Zone 1: Moving North towards zone 2 (direction locked by None turn)
2025-10-21 05:29:51,315 - device_data_handler - INFO - device_data_handler.py:282 - Device rr1 Zone 1: Moving North towards zone 2 (direction locked by None turn)
2025-10-21 05:29:51,334 - device_data_handler - INFO - device_data_handler.py:376 - Device rr1 Zone 1: Moving North towards zone 2 (direction locked by None turn)
2025-10-21 05:29:52,088 - device_data_handler - INFO - device_data_handler.py:376 - Device rr1 Zone 1: Moving North towards zone 2 (direction locked by None turn)
2025-10-21 05:29:52,129 - device_data_handler - INFO - device_data_handler.py:282 - Device rr1 Zone 1: Moving North towards zone 2 (direction locked by None turn)
2025-10-21 05:29:52,146 - device_data_handler - INFO - device_data_handler.py:376 - Device rr1 Zone 1: Moving North towards zone 2 (direction locked by None turn)
2025-10-21 05:29:52,301 - device_data_handler - INFO - device_data_handler.py:282 - Device rr1 Zone 1: Moving North towards zone 2 (direction locked by None turn)
2025-10-21 05:29:52,319 - device_data_handler - INFO - device_data_handler.py:376 - Device rr1 Zone 1: Moving North towards zone 2 (direction locked by None turn)
2025-10-21 05:29:53,292 - device_data_handler - INFO - device_data_handler.py:282 - Device rr1 Zone 1: Moving North towards zone 2 (direction locked by None turn)
2025-10-21 05:29:53,309 - device_data_handler - INFO - device_data_handler.py:376 - Device rr1 Zone 1: Moving North towards zone 2 (direction locked by None turn)
2025-10-21 05:29:54,315 - device_data_handler - INFO - device_data_handler.py:282 - Device rr1 Zone 1: Moving North towards zone 2 (direction locked by None turn)
2025-10-21 05:29:54,333 - device_data_handler - INFO - device_data_handler.py:376 - Device rr1 Zone 1: Moving North towards zone 2 (direction locked by None turn)
2025-10-21 05:29:55,296 - device_data_handler - INFO - device_data_handler.py:282 - Device rr1 Zone 1: Moving North towards zone 2 (direction locked by None turn)
2025-10-21 05:29:55,314 - device_data_handler - INFO - device_data_handler.py:376 - Device rr1 Zone 1: Moving North towards zone 2 (direction locked by None turn)
2025-10-21 05:29:56,297 - device_data_handler - INFO - device_data_handler.py:282 - Device rr1 Zone 1: Moving North towards zone 2 (direction locked by None turn)
2025-10-21 05:29:56,315 - device_data_handler - INFO - device_data_handler.py:376 - Device rr1 Zone 1: Moving North towards zone 2 (direction locked by None turn)
2025-10-21 05:29:57,094 - device_data_handler - INFO - device_data_handler.py:376 - Device rr1 Zone 1: Moving North towards zone 2 (direction locked by None turn)
2025-10-21 05:29:57,130 - device_data_handler - INFO - device_data_handler.py:282 - Device rr1 Zone 1: Moving North towards zone 2 (direction locked by None turn)
2025-10-21 05:29:57,147 - device_data_handler - INFO - device_data_handler.py:376 - Device rr1 Zone 1: Moving North towards zone 2 (direction locked by None turn)
2025-10-21 05:29:57,293 - device_data_handler - INFO - device_data_handler.py:282 - Device rr1 Zone 1: Moving North towards zone 2 (direction locked by None turn)
2025-10-21 05:29:57,311 - device_data_handler - INFO - device_data_handler.py:376 - Device rr1 Zone 1: Moving North towards zone 2 (direction locked by None turn)
2025-10-21 05:29:58,303 - device_data_handler - INFO - device_data_handler.py:282 - Device rr1 Zone 1: Moving North towards zone 2 (direction locked by None turn)
2025-10-21 05:29:58,322 - device_data_handler - INFO - device_data_handler.py:376 - Device rr1 Zone 1: Moving North towards zone 2 (direction locked by None turn)
2025-10-21 05:29:59,303 - device_data_handler - INFO - device_data_handler.py:282 - Device rr1 Zone 1: Moving North towards zone 2 (direction locked by None turn)
2025-10-21 05:29:59,333 - device_data_handler - INFO - device_data_handler.py:376 - Device rr1 Zone 1: Moving North towards zone 2 (direction locked by None turn)
2025-10-21 05:30:00,294 - device_data_handler - INFO - device_data_handler.py:282 - Device rr1 Zone 1: Moving North towards zone 2 (direction locked by None turn)
2025-10-21 05:30:00,314 - device_data_handler - INFO - device_data_handler.py:376 - Device rr1 Zone 1: Moving North towards zone 2 (direction locked by None turn)
2025-10-21 05:30:00,904 - device_list - INFO - device_list.py:316 - Refreshing device data...
2025-10-21 05:30:00,947 - device_list - INFO - device_list.py:336 - Loaded 4 devices from CSV
2025-10-21 05:30:01,331 - device_data_handler - INFO - device_data_handler.py:282 - Device rr1 Zone 1: Moving North towards zone 2 (direction locked by None turn)
2025-10-21 05:30:01,354 - device_data_handler - INFO - device_data_handler.py:376 - Device rr1 Zone 1: Moving North towards zone 2 (direction locked by None turn)
2025-10-21 05:30:04,098 - api_client - WARNING - client.py:80 - Request attempt 1 failed: HTTPConnectionPool(host='127.0.0.1', port=8000): Max retries exceeded with url: /api/ (Caused by NewConnectionError('<urllib3.connection.HTTPConnection object at 0x000001C784A4F240>: Failed to establish a new connection: [WinError 10061] No connection could be made because the target machine actively refused it'))
2025-10-21 05:30:06,142 - api_client - WARNING - client.py:80 - Request attempt 2 failed: HTTPConnectionPool(host='127.0.0.1', port=8000): Max retries exceeded with url: /api/ (Caused by NewConnectionError('<urllib3.connection.HTTPConnection object at 0x000001C784A4EF10>: Failed to establish a new connection: [WinError 10061] No connection could be made because the target machine actively refused it'))
2025-10-21 05:30:08,180 - api_client - WARNING - client.py:80 - Request attempt 3 failed: HTTPConnectionPool(host='127.0.0.1', port=8000): Max retries exceeded with url: /api/ (Caused by NewConnectionError('<urllib3.connection.HTTPConnection object at 0x000001C784A4E580>: Failed to establish a new connection: [WinError 10061] No connection could be made because the target machine actively refused it'))
2025-10-21 05:30:08,188 - device_location_syncer - INFO - sync_device_locations.py:250 - Sync completed. No location updates needed.
2025-10-21 05:30:08,202 - device_data_handler - INFO - device_data_handler.py:376 - Device rr1 Zone 1: Moving North towards zone 2 (direction locked by None turn)
2025-10-21 05:30:08,248 - device_data_handler - INFO - device_data_handler.py:282 - Device rr1 Zone 1: Moving North towards zone 2 (direction locked by None turn)
2025-10-21 05:30:08,266 - device_data_handler - INFO - device_data_handler.py:376 - Device rr1 Zone 1: Moving North towards zone 2 (direction locked by None turn)
2025-10-21 05:30:08,329 - device_data_handler - INFO - device_data_handler.py:282 - Device rr1 Zone 1: Moving North towards zone 2 (direction locked by None turn)
2025-10-21 05:30:08,345 - device_data_handler - INFO - device_data_handler.py:376 - Device rr1 Zone 1: Moving North towards zone 2 (direction locked by None turn)
2025-10-21 05:30:09,311 - device_data_handler - INFO - device_data_handler.py:282 - Device rr1 Zone 1: Moving North towards zone 2 (direction locked by None turn)
2025-10-21 05:30:09,331 - device_data_handler - INFO - device_data_handler.py:376 - Device rr1 Zone 1: Moving North towards zone 2 (direction locked by None turn)
2025-10-21 05:30:10,307 - device_data_handler - INFO - device_data_handler.py:282 - Device rr1 Zone 1: Moving North towards zone 2 (direction locked by None turn)
2025-10-21 05:30:10,327 - device_data_handler - INFO - device_data_handler.py:376 - Device rr1 Zone 1: Moving North towards zone 2 (direction locked by None turn)
2025-10-21 05:30:11,308 - device_data_handler - INFO - device_data_handler.py:282 - Device rr1 Zone 1: Moving North towards zone 2 (direction locked by None turn)
2025-10-21 05:30:11,327 - device_data_handler - INFO - device_data_handler.py:376 - Device rr1 Zone 1: Moving North towards zone 2 (direction locked by None turn)
2025-10-21 05:30:12,102 - device_data_handler - INFO - device_data_handler.py:376 - Device rr1 Zone 1: Moving North towards zone 2 (direction locked by None turn)
2025-10-21 05:30:12,138 - device_data_handler - INFO - device_data_handler.py:282 - Device rr1 Zone 1: Moving North towards zone 2 (direction locked by None turn)
2025-10-21 05:30:12,155 - device_data_handler - INFO - device_data_handler.py:376 - Device rr1 Zone 1: Moving North towards zone 2 (direction locked by None turn)
2025-10-21 05:30:12,310 - device_data_handler - INFO - device_data_handler.py:282 - Device rr1 Zone 1: Moving North towards zone 2 (direction locked by None turn)
2025-10-21 05:30:12,327 - device_data_handler - INFO - device_data_handler.py:376 - Device rr1 Zone 1: Moving North towards zone 2 (direction locked by None turn)
2025-10-21 05:30:13,313 - device_data_handler - INFO - device_data_handler.py:282 - Device rr1 Zone 1: Moving North towards zone 2 (direction locked by None turn)
2025-10-21 05:30:13,331 - device_data_handler - INFO - device_data_handler.py:376 - Device rr1 Zone 1: Moving North towards zone 2 (direction locked by None turn)
2025-10-21 05:30:14,319 - device_data_handler - INFO - device_data_handler.py:282 - Device rr1 Zone 1: Moving North towards zone 2 (direction locked by None turn)
2025-10-21 05:30:14,339 - device_data_handler - INFO - device_data_handler.py:376 - Device rr1 Zone 1: Moving North towards zone 2 (direction locked by None turn)
2025-10-21 05:30:15,340 - device_data_handler - INFO - device_data_handler.py:282 - Device rr1 Zone 1: Moving North towards zone 2 (direction locked by None turn)
2025-10-21 05:30:15,362 - device_data_handler - INFO - device_data_handler.py:376 - Device rr1 Zone 1: Moving North towards zone 2 (direction locked by None turn)
2025-10-21 05:30:16,319 - device_data_handler - INFO - device_data_handler.py:282 - Device rr1 Zone 1: Moving North towards zone 2 (direction locked by None turn)
2025-10-21 05:30:16,339 - device_data_handler - INFO - device_data_handler.py:376 - Device rr1 Zone 1: Moving North towards zone 2 (direction locked by None turn)
2025-10-21 05:30:17,138 - device_data_handler - INFO - device_data_handler.py:376 - Device rr1 Zone 1: Moving North towards zone 2 (direction locked by None turn)
2025-10-21 05:30:17,240 - device_data_handler - INFO - device_data_handler.py:282 - Device rr1 Zone 1: Moving North towards zone 2 (direction locked by None turn)
2025-10-21 05:30:17,276 - device_data_handler - INFO - device_data_handler.py:376 - Device rr1 Zone 1: Moving North towards zone 2 (direction locked by None turn)
2025-10-21 05:30:17,368 - device_data_handler - INFO - device_data_handler.py:282 - Device rr1 Zone 1: Moving North towards zone 2 (direction locked by None turn)
2025-10-21 05:30:17,383 - device_data_handler - INFO - device_data_handler.py:376 - Device rr1 Zone 1: Moving North towards zone 2 (direction locked by None turn)
2025-10-21 05:30:18,333 - device_data_handler - INFO - device_data_handler.py:282 - Device rr1 Zone 1: Moving North towards zone 2 (direction locked by None turn)
2025-10-21 05:30:18,353 - device_data_handler - INFO - device_data_handler.py:376 - Device rr1 Zone 1: Moving North towards zone 2 (direction locked by None turn)
2025-10-21 05:30:19,347 - device_data_handler - INFO - device_data_handler.py:282 - Device rr1 Zone 1: Moving North towards zone 2 (direction locked by None turn)
2025-10-21 05:30:19,377 - device_data_handler - INFO - device_data_handler.py:376 - Device rr1 Zone 1: Moving North towards zone 2 (direction locked by None turn)
2025-10-21 05:30:20,485 - device_data_handler - INFO - device_data_handler.py:282 - Device rr1 Zone 1: Moving North towards zone 2 (direction locked by None turn)
2025-10-21 05:30:20,501 - device_data_handler - INFO - device_data_handler.py:376 - Device rr1 Zone 1: Moving North towards zone 2 (direction locked by None turn)
2025-10-21 05:30:21,342 - device_data_handler - INFO - device_data_handler.py:282 - Device rr1 Zone 1: Moving North towards zone 2 (direction locked by None turn)
2025-10-21 05:30:21,367 - device_data_handler - INFO - device_data_handler.py:376 - Device rr1 Zone 1: Moving North towards zone 2 (direction locked by None turn)
2025-10-21 05:30:22,120 - device_data_handler - INFO - device_data_handler.py:376 - Device rr1 Zone 1: Moving North towards zone 2 (direction locked by None turn)
2025-10-21 05:30:22,185 - device_data_handler - INFO - device_data_handler.py:282 - Device rr1 Zone 1: Moving North towards zone 2 (direction locked by None turn)
2025-10-21 05:30:22,209 - device_data_handler - INFO - device_data_handler.py:376 - Device rr1 Zone 1: Moving North towards zone 2 (direction locked by None turn)
2025-10-21 05:30:22,341 - device_data_handler - INFO - device_data_handler.py:282 - Device rr1 Zone 1: Moving North towards zone 2 (direction locked by None turn)
2025-10-21 05:30:22,366 - device_data_handler - INFO - device_data_handler.py:376 - Device rr1 Zone 1: Moving North towards zone 2 (direction locked by None turn)
2025-10-21 05:30:23,329 - device_data_handler - INFO - device_data_handler.py:282 - Device rr1 Zone 1: Moving North towards zone 2 (direction locked by None turn)
2025-10-21 05:30:23,350 - device_data_handler - INFO - device_data_handler.py:376 - Device rr1 Zone 1: Moving North towards zone 2 (direction locked by None turn)
2025-10-21 05:30:24,328 - device_data_handler - INFO - device_data_handler.py:282 - Device rr1 Zone 1: Moving North towards zone 2 (direction locked by None turn)
2025-10-21 05:30:24,357 - device_data_handler - INFO - device_data_handler.py:376 - Device rr1 Zone 1: Moving North towards zone 2 (direction locked by None turn)
2025-10-21 05:30:25,332 - device_data_handler - INFO - device_data_handler.py:282 - Device rr1 Zone 1: Moving North towards zone 2 (direction locked by None turn)
2025-10-21 05:30:25,354 - device_data_handler - INFO - device_data_handler.py:376 - Device rr1 Zone 1: Moving North towards zone 2 (direction locked by None turn)
2025-10-21 05:30:26,336 - device_data_handler - INFO - device_data_handler.py:282 - Device rr1 Zone 1: Moving North towards zone 2 (direction locked by None turn)
2025-10-21 05:30:26,356 - device_data_handler - INFO - device_data_handler.py:376 - Device rr1 Zone 1: Moving North towards zone 2 (direction locked by None turn)
2025-10-21 05:30:27,106 - device_data_handler - INFO - device_data_handler.py:376 - Device rr1 Zone 1: Moving North towards zone 2 (direction locked by None turn)
2025-10-21 05:30:27,145 - device_data_handler - INFO - device_data_handler.py:282 - Device rr1 Zone 1: Moving North towards zone 2 (direction locked by None turn)
2025-10-21 05:30:27,161 - device_data_handler - INFO - device_data_handler.py:376 - Device rr1 Zone 1: Moving North towards zone 2 (direction locked by None turn)
2025-10-21 05:30:27,361 - device_data_handler - INFO - device_data_handler.py:282 - Device rr1 Zone 1: Moving North towards zone 2 (direction locked by None turn)
2025-10-21 05:30:27,381 - device_data_handler - INFO - device_data_handler.py:376 - Device rr1 Zone 1: Moving North towards zone 2 (direction locked by None turn)
2025-10-21 05:30:28,344 - device_data_handler - INFO - device_data_handler.py:282 - Device rr1 Zone 1: Moving North towards zone 2 (direction locked by None turn)
2025-10-21 05:30:28,362 - device_data_handler - INFO - device_data_handler.py:376 - Device rr1 Zone 1: Moving North towards zone 2 (direction locked by None turn)
2025-10-21 05:30:29,348 - device_data_handler - INFO - device_data_handler.py:282 - Device rr1 Zone 1: Moving North towards zone 2 (direction locked by None turn)
2025-10-21 05:30:29,366 - device_data_handler - INFO - device_data_handler.py:376 - Device rr1 Zone 1: Moving North towards zone 2 (direction locked by None turn)
2025-10-21 05:30:30,339 - device_data_handler - INFO - device_data_handler.py:282 - Device rr1 Zone 2: Robot is stationary
2025-10-21 05:30:30,355 - device_data_handler - INFO - device_data_handler.py:376 - Device rr1 Zone 2: Robot is stationary
2025-10-21 05:30:30,896 - device_list - INFO - device_list.py:316 - Refreshing device data...
2025-10-21 05:30:30,965 - device_list - INFO - device_list.py:336 - Loaded 4 devices from CSV
2025-10-21 05:30:31,403 - device_data_handler - INFO - device_data_handler.py:282 - Device rr1 Zone 2: Robot is stationary
2025-10-21 05:30:31,431 - device_data_handler - INFO - device_data_handler.py:376 - Device rr1 Zone 2: Robot is stationary
2025-10-21 05:30:32,057 - device_location_syncer - INFO - sync_device_locations.py:221 - Updated device rr1: location 1 -> 2
2025-10-21 05:30:32,058 - device_location_syncer - INFO - sync_device_locations.py:227 - Updated device rr1: distance 1000.00 -> 0.00
2025-10-21 05:30:32,062 - device_location_syncer - INFO - sync_device_locations.py:150 - Created backup: data\backup\devices_20251021_053032.csv
2025-10-21 05:30:32,063 - device_location_syncer - INFO - sync_device_locations.py:160 - Successfully updated devices CSV with 4 devices
2025-10-21 05:30:32,063 - device_location_syncer - INFO - sync_device_locations.py:246 - Sync completed successfully. Updated 1 devices.
2025-10-21 05:30:32,117 - device_data_handler - INFO - device_data_handler.py:376 - Device rr1 Zone 2: Robot is stationary
2025-10-21 05:30:32,152 - device_data_handler - INFO - device_data_handler.py:282 - Device rr1 Zone 2: Robot is stationary
2025-10-21 05:30:32,171 - device_data_handler - INFO - device_data_handler.py:376 - Device rr1 Zone 2: Robot is stationary
2025-10-21 05:30:32,344 - device_data_handler - INFO - device_data_handler.py:282 - Device rr1 Zone 2: Robot is stationary
2025-10-21 05:30:32,362 - device_data_handler - INFO - device_data_handler.py:376 - Device rr1 Zone 2: Robot is stationary
2025-10-21 05:30:33,344 - device_data_handler - INFO - device_data_handler.py:282 - Device rr1 Zone 2: Robot is stationary
2025-10-21 05:30:33,363 - device_data_handler - INFO - device_data_handler.py:376 - Device rr1 Zone 2: Robot is stationary
2025-10-21 05:30:34,358 - device_data_handler - INFO - device_data_handler.py:282 - Device rr1 Zone 2: Robot is stationary
2025-10-21 05:30:34,378 - device_data_handler - INFO - device_data_handler.py:376 - Device rr1 Zone 2: Robot is stationary
2025-10-21 05:30:35,371 - device_data_handler - INFO - device_data_handler.py:282 - Device rr1 Zone 2: Robot is stationary
2025-10-21 05:30:35,389 - device_data_handler - INFO - device_data_handler.py:376 - Device rr1 Zone 2: Robot is stationary
2025-10-21 05:30:36,338 - device_data_handler - INFO - device_data_handler.py:282 - Device rr1 Zone 2: Robot is stationary
2025-10-21 05:30:36,356 - device_data_handler - INFO - device_data_handler.py:376 - Device rr1 Zone 2: Robot is stationary
2025-10-21 05:30:37,107 - device_data_handler - INFO - device_data_handler.py:376 - Device rr1 Zone 2: Robot is stationary
2025-10-21 05:30:37,141 - device_data_handler - INFO - device_data_handler.py:282 - Device rr1 Zone 2: Robot is stationary
2025-10-21 05:30:37,160 - device_data_handler - INFO - device_data_handler.py:376 - Device rr1 Zone 2: Robot is stationary
2025-10-21 05:30:37,349 - device_data_handler - INFO - device_data_handler.py:282 - Device rr1 Zone 2: Robot is stationary
2025-10-21 05:30:37,373 - device_data_handler - INFO - device_data_handler.py:376 - Device rr1 Zone 2: Robot is stationary
2025-10-21 05:30:38,342 - device_data_handler - INFO - device_data_handler.py:282 - Device rr1 Zone 2: Robot is stationary
2025-10-21 05:30:38,361 - device_data_handler - INFO - device_data_handler.py:376 - Device rr1 Zone 2: Robot is stationary
2025-10-21 05:30:39,351 - device_data_handler - INFO - device_data_handler.py:282 - Device rr1 Zone 2: Robot is stationary
2025-10-21 05:30:39,370 - device_data_handler - INFO - device_data_handler.py:376 - Device rr1 Zone 2: Robot is stationary
2025-10-21 05:30:40,348 - device_data_handler - INFO - device_data_handler.py:282 - Device rr1 Zone 2: Robot is stationary
2025-10-21 05:30:40,371 - device_data_handler - INFO - device_data_handler.py:376 - Device rr1 Zone 2: Robot is stationary
2025-10-21 05:30:41,350 - device_data_handler - INFO - device_data_handler.py:282 - Device rr1 Zone 2: Robot is stationary
2025-10-21 05:30:41,372 - device_data_handler - INFO - device_data_handler.py:376 - Device rr1 Zone 2: Robot is stationary
2025-10-21 05:30:42,106 - device_data_handler - INFO - device_data_handler.py:376 - Device rr1 Zone 2: Robot is stationary
2025-10-21 05:30:42,144 - device_data_handler - INFO - device_data_handler.py:282 - Device rr1 Zone 2: Robot is stationary
2025-10-21 05:30:42,164 - device_data_handler - INFO - device_data_handler.py:376 - Device rr1 Zone 2: Robot is stationary
2025-10-21 05:30:42,353 - device_data_handler - INFO - device_data_handler.py:282 - Device rr1 Zone 2: Robot is stationary
2025-10-21 05:30:42,377 - device_data_handler - INFO - device_data_handler.py:376 - Device rr1 Zone 2: Robot is stationary
2025-10-21 05:30:43,340 - device_data_handler - INFO - device_data_handler.py:282 - Device rr1 Zone 2: Robot is stationary
2025-10-21 05:30:43,359 - device_data_handler - INFO - device_data_handler.py:376 - Device rr1 Zone 2: Robot is stationary
2025-10-21 05:30:44,345 - device_data_handler - INFO - device_data_handler.py:282 - Device rr1 Zone 2: Robot is stationary
2025-10-21 05:30:44,362 - device_data_handler - INFO - device_data_handler.py:376 - Device rr1 Zone 2: Robot is stationary
2025-10-21 05:30:45,352 - device_data_handler - INFO - device_data_handler.py:282 - Device rr1 Zone 2: Robot is stationary
2025-10-21 05:30:45,370 - device_data_handler - INFO - device_data_handler.py:376 - Device rr1 Zone 2: Robot is stationary
2025-10-21 05:30:46,355 - device_data_handler - INFO - device_data_handler.py:282 - Device rr1 Zone 2: Robot is stationary
2025-10-21 05:30:46,374 - device_data_handler - INFO - device_data_handler.py:376 - Device rr1 Zone 2: Robot is stationary
2025-10-21 05:30:47,146 - device_data_handler - INFO - device_data_handler.py:376 - Device rr1 Zone 2: Robot is stationary
2025-10-21 05:30:47,191 - device_data_handler - INFO - device_data_handler.py:282 - Device rr1 Zone 2: Robot is stationary
2025-10-21 05:30:47,212 - device_data_handler - INFO - device_data_handler.py:376 - Device rr1 Zone 2: Robot is stationary
2025-10-21 05:30:47,351 - device_data_handler - INFO - device_data_handler.py:282 - Device rr1 Zone 2: Robot is stationary
2025-10-21 05:30:47,369 - device_data_handler - INFO - device_data_handler.py:376 - Device rr1 Zone 2: Robot is stationary
2025-10-21 05:30:48,364 - device_data_handler - INFO - device_data_handler.py:282 - Device rr1 Zone 2: Robot is stationary
2025-10-21 05:30:48,387 - device_data_handler - INFO - device_data_handler.py:376 - Device rr1 Zone 2: Robot is stationary
2025-10-21 05:30:49,345 - device_data_handler - INFO - device_data_handler.py:282 - Device rr1 Zone 2: Robot is stationary
2025-10-21 05:30:49,366 - device_data_handler - INFO - device_data_handler.py:376 - Device rr1 Zone 2: Robot is stationary
2025-10-21 05:30:50,345 - device_data_handler - INFO - device_data_handler.py:282 - Device rr1 Zone 2: Robot is stationary
2025-10-21 05:30:50,368 - device_data_handler - INFO - device_data_handler.py:376 - Device rr1 Zone 2: Robot is stationary
2025-10-21 05:30:51,395 - device_data_handler - INFO - device_data_handler.py:282 - Device rr1 Zone 2: Robot is stationary
2025-10-21 05:30:51,417 - device_data_handler - INFO - device_data_handler.py:376 - Device rr1 Zone 2: Robot is stationary
2025-10-21 05:30:52,112 - device_data_handler - INFO - device_data_handler.py:376 - Device rr1 Zone 2: Robot is stationary
2025-10-21 05:30:52,161 - device_data_handler - INFO - device_data_handler.py:282 - Device rr1 Zone 2: Robot is stationary
2025-10-21 05:30:52,179 - device_data_handler - INFO - device_data_handler.py:376 - Device rr1 Zone 2: Robot is stationary
2025-10-21 05:30:52,364 - device_data_handler - INFO - device_data_handler.py:282 - Device rr1 Zone 2: Robot is stationary
2025-10-21 05:30:52,389 - device_data_handler - INFO - device_data_handler.py:376 - Device rr1 Zone 2: Robot is stationary
2025-10-21 05:30:53,380 - device_data_handler - INFO - device_data_handler.py:282 - Device rr1 Zone 2: Robot is stationary
2025-10-21 05:30:53,404 - device_data_handler - INFO - device_data_handler.py:376 - Device rr1 Zone 2: Robot is stationary
2025-10-21 05:30:54,368 - device_data_handler - INFO - device_data_handler.py:282 - Device rr1 Zone 2: Robot is stationary
2025-10-21 05:30:54,389 - device_data_handler - INFO - device_data_handler.py:376 - Device rr1 Zone 2: Robot is stationary
2025-10-21 05:30:55,389 - device_data_handler - INFO - device_data_handler.py:282 - Device rr1 Zone 2: Robot is stationary
2025-10-21 05:30:55,407 - device_data_handler - INFO - device_data_handler.py:376 - Device rr1 Zone 2: Robot is stationary
2025-10-21 05:30:56,355 - device_data_handler - INFO - device_data_handler.py:282 - Device rr1 Zone 2: Robot is stationary
2025-10-21 05:30:56,375 - device_data_handler - INFO - device_data_handler.py:376 - Device rr1 Zone 2: Robot is stationary
2025-10-21 05:30:57,105 - device_data_handler - INFO - device_data_handler.py:376 - Device rr1 Zone 2: Robot is stationary
2025-10-21 05:30:57,144 - device_data_handler - INFO - device_data_handler.py:282 - Device rr1 Zone 2: Robot is stationary
2025-10-21 05:30:57,161 - device_data_handler - INFO - device_data_handler.py:376 - Device rr1 Zone 2: Robot is stationary
2025-10-21 05:30:57,362 - device_data_handler - INFO - device_data_handler.py:282 - Device rr1 Zone 2: Robot is stationary
2025-10-21 05:30:57,380 - device_data_handler - INFO - device_data_handler.py:376 - Device rr1 Zone 2: Robot is stationary
2025-10-21 05:30:58,368 - device_data_handler - INFO - device_data_handler.py:282 - Device rr1 Zone 2: Robot is stationary
2025-10-21 05:30:58,389 - device_data_handler - INFO - device_data_handler.py:376 - Device rr1 Zone 2: Robot is stationary
2025-10-21 05:30:59,360 - device_data_handler - INFO - device_data_handler.py:282 - Device rr1 Zone 2: Robot is stationary
2025-10-21 05:30:59,379 - device_data_handler - INFO - device_data_handler.py:376 - Device rr1 Zone 2: Robot is stationary
2025-10-21 05:31:00,362 - device_data_handler - INFO - device_data_handler.py:282 - Device rr1 Zone 2: Robot is stationary
2025-10-21 05:31:00,382 - device_data_handler - INFO - device_data_handler.py:376 - Device rr1 Zone 2: Robot is stationary
2025-10-21 05:31:00,902 - device_list - INFO - device_list.py:316 - Refreshing device data...
2025-10-21 05:31:00,954 - device_list - INFO - device_list.py:336 - Loaded 4 devices from CSV
2025-10-21 05:31:01,381 - device_data_handler - INFO - device_data_handler.py:282 - Device rr1 Zone 2: Robot is stationary
2025-10-21 05:31:01,399 - device_data_handler - INFO - device_data_handler.py:376 - Device rr1 Zone 2: Robot is stationary
2025-10-21 05:31:04,083 - api_client - WARNING - client.py:80 - Request attempt 1 failed: HTTPConnectionPool(host='127.0.0.1', port=8000): Max retries exceeded with url: /api/ (Caused by NewConnectionError('<urllib3.connection.HTTPConnection object at 0x000001C784A4E690>: Failed to establish a new connection: [WinError 10061] No connection could be made because the target machine actively refused it'))
2025-10-21 05:31:06,116 - api_client - WARNING - client.py:80 - Request attempt 2 failed: HTTPConnectionPool(host='127.0.0.1', port=8000): Max retries exceeded with url: /api/ (Caused by NewConnectionError('<urllib3.connection.HTTPConnection object at 0x000001C784A4EF10>: Failed to establish a new connection: [WinError 10061] No connection could be made because the target machine actively refused it'))
2025-10-21 05:31:08,152 - api_client - WARNING - client.py:80 - Request attempt 3 failed: HTTPConnectionPool(host='127.0.0.1', port=8000): Max retries exceeded with url: /api/ (Caused by NewConnectionError('<urllib3.connection.HTTPConnection object at 0x000001C784A4F240>: Failed to establish a new connection: [WinError 10061] No connection could be made because the target machine actively refused it'))
2025-10-21 05:31:08,221 - device_location_syncer - INFO - sync_device_locations.py:227 - Updated device rr1: distance 0.00 -> 550.00
2025-10-21 05:31:08,225 - device_location_syncer - INFO - sync_device_locations.py:150 - Created backup: data\backup\devices_20251021_053108.csv
2025-10-21 05:31:08,227 - device_location_syncer - INFO - sync_device_locations.py:160 - Successfully updated devices CSV with 4 devices
2025-10-21 05:31:08,228 - device_location_syncer - INFO - sync_device_locations.py:246 - Sync completed successfully. Updated 1 devices.
2025-10-21 05:31:08,265 - device_data_handler - INFO - device_data_handler.py:376 - Device rr1 Zone 2: Turn detected: Turning Right from north. Direction locked to east. Moving to zone 3.
2025-10-21 05:31:08,316 - device_data_handler - INFO - device_data_handler.py:282 - Device rr1 Zone 2: Duplicate Turning Right signature; preserving locked direction east.
2025-10-21 05:31:08,340 - device_data_handler - INFO - device_data_handler.py:376 - Device rr1 Zone 2: Duplicate Turning Right signature; preserving locked direction east.
2025-10-21 05:31:08,410 - device_data_handler - INFO - device_data_handler.py:282 - Device rr1 Zone 2: Duplicate Turning Right signature; preserving locked direction east.
2025-10-21 05:31:08,427 - device_data_handler - INFO - device_data_handler.py:376 - Device rr1 Zone 2: Duplicate Turning Right signature; preserving locked direction east.
2025-10-21 05:31:09,381 - device_data_handler - INFO - device_data_handler.py:282 - Device rr1 Zone 2: Duplicate Turning Right signature; preserving locked direction east.
2025-10-21 05:31:09,399 - device_data_handler - INFO - device_data_handler.py:376 - Device rr1 Zone 2: Duplicate Turning Right signature; preserving locked direction east.
2025-10-21 05:31:10,371 - device_data_handler - INFO - device_data_handler.py:282 - Device rr1 Zone 2: Duplicate Turning Right signature; preserving locked direction east.
2025-10-21 05:31:10,397 - device_data_handler - INFO - device_data_handler.py:376 - Device rr1 Zone 2: Duplicate Turning Right signature; preserving locked direction east.
2025-10-21 05:31:11,384 - device_data_handler - INFO - device_data_handler.py:282 - Device rr1 Zone 2: Duplicate Turning Right signature; preserving locked direction east.
2025-10-21 05:31:11,408 - device_data_handler - INFO - device_data_handler.py:376 - Device rr1 Zone 2: Duplicate Turning Right signature; preserving locked direction east.
2025-10-21 05:31:12,113 - device_data_handler - INFO - device_data_handler.py:376 - Device rr1 Zone 2: Duplicate Turning Right signature; preserving locked direction east.
2025-10-21 05:31:12,153 - device_data_handler - INFO - device_data_handler.py:282 - Device rr1 Zone 2: Duplicate Turning Right signature; preserving locked direction east.
2025-10-21 05:31:12,171 - device_data_handler - INFO - device_data_handler.py:376 - Device rr1 Zone 2: Duplicate Turning Right signature; preserving locked direction east.
2025-10-21 05:31:12,377 - device_data_handler - INFO - device_data_handler.py:282 - Device rr1 Zone 2: Duplicate Turning Right signature; preserving locked direction east.
2025-10-21 05:31:12,400 - device_data_handler - INFO - device_data_handler.py:376 - Device rr1 Zone 2: Duplicate Turning Right signature; preserving locked direction east.
2025-10-21 05:31:13,395 - device_data_handler - INFO - device_data_handler.py:282 - Device rr1 Zone 2: Duplicate Turning Right signature; preserving locked direction east.
2025-10-21 05:31:13,418 - device_data_handler - INFO - device_data_handler.py:376 - Device rr1 Zone 2: Duplicate Turning Right signature; preserving locked direction east.
2025-10-21 05:31:14,377 - device_data_handler - INFO - device_data_handler.py:282 - Device rr1 Zone 2: Duplicate Turning Right signature; preserving locked direction east.
2025-10-21 05:31:14,399 - device_data_handler - INFO - device_data_handler.py:376 - Device rr1 Zone 2: Duplicate Turning Right signature; preserving locked direction east.
2025-10-21 05:31:15,381 - device_data_handler - INFO - device_data_handler.py:282 - Device rr1 Zone 2: Duplicate Turning Right signature; preserving locked direction east.
2025-10-21 05:31:15,401 - device_data_handler - INFO - device_data_handler.py:376 - Device rr1 Zone 2: Duplicate Turning Right signature; preserving locked direction east.
2025-10-21 05:31:16,383 - device_data_handler - INFO - device_data_handler.py:282 - Device rr1 Zone 2: Duplicate Turning Right signature; preserving locked direction east.
2025-10-21 05:31:16,408 - device_data_handler - INFO - device_data_handler.py:376 - Device rr1 Zone 2: Duplicate Turning Right signature; preserving locked direction east.
2025-10-21 05:31:17,284 - device_data_handler - INFO - device_data_handler.py:376 - Device rr1 Zone 2: Duplicate Turning Right signature; preserving locked direction east.
2025-10-21 05:31:17,322 - device_data_handler - INFO - device_data_handler.py:282 - Device rr1 Zone 2: Duplicate Turning Right signature; preserving locked direction east.
2025-10-21 05:31:17,341 - device_data_handler - INFO - device_data_handler.py:376 - Device rr1 Zone 2: Duplicate Turning Right signature; preserving locked direction east.
2025-10-21 05:31:17,406 - device_data_handler - INFO - device_data_handler.py:282 - Device rr1 Zone 2: Duplicate Turning Right signature; preserving locked direction east.
2025-10-21 05:31:17,425 - device_data_handler - INFO - device_data_handler.py:376 - Device rr1 Zone 2: Duplicate Turning Right signature; preserving locked direction east.
2025-10-21 05:31:18,422 - device_data_handler - INFO - device_data_handler.py:282 - Device rr1 Zone 2: Robot is stationary
2025-10-21 05:31:18,446 - device_data_handler - INFO - device_data_handler.py:376 - Device rr1 Zone 2: Robot is stationary
2025-10-21 05:31:19,378 - device_data_handler - INFO - device_data_handler.py:282 - Device rr1 Zone 2: Robot is stationary
2025-10-21 05:31:19,397 - device_data_handler - INFO - device_data_handler.py:376 - Device rr1 Zone 2: Robot is stationary
2025-10-21 05:31:20,383 - device_data_handler - INFO - device_data_handler.py:282 - Device rr1 Zone 2: Robot is stationary
2025-10-21 05:31:20,401 - device_data_handler - INFO - device_data_handler.py:376 - Device rr1 Zone 2: Robot is stationary
2025-10-21 05:31:21,389 - device_data_handler - INFO - device_data_handler.py:282 - Device rr1 Zone 2: Robot is stationary
2025-10-21 05:31:21,408 - device_data_handler - INFO - device_data_handler.py:376 - Device rr1 Zone 2: Robot is stationary
2025-10-21 05:31:22,113 - device_data_handler - INFO - device_data_handler.py:376 - Device rr1 Zone 2: Robot is stationary
2025-10-21 05:31:22,152 - device_data_handler - INFO - device_data_handler.py:282 - Device rr1 Zone 2: Robot is stationary
2025-10-21 05:31:22,170 - device_data_handler - INFO - device_data_handler.py:376 - Device rr1 Zone 2: Robot is stationary
2025-10-21 05:31:22,381 - device_data_handler - INFO - device_data_handler.py:282 - Device rr1 Zone 2: Robot is stationary
2025-10-21 05:31:22,397 - device_data_handler - INFO - device_data_handler.py:376 - Device rr1 Zone 2: Robot is stationary
2025-10-21 05:31:23,384 - device_data_handler - INFO - device_data_handler.py:282 - Device rr1 Zone 2: Robot is stationary
2025-10-21 05:31:23,405 - device_data_handler - INFO - device_data_handler.py:376 - Device rr1 Zone 2: Robot is stationary
2025-10-21 05:31:24,397 - device_data_handler - INFO - device_data_handler.py:282 - Device rr1 Zone 2: Robot is stationary
2025-10-21 05:31:24,463 - device_data_handler - INFO - device_data_handler.py:376 - Device rr1 Zone 2: Robot is stationary
2025-10-21 05:31:25,415 - device_data_handler - INFO - device_data_handler.py:282 - Device rr1 Zone 2: Robot is stationary
2025-10-21 05:31:25,434 - device_data_handler - INFO - device_data_handler.py:376 - Device rr1 Zone 2: Robot is stationary
2025-10-21 05:31:26,414 - device_data_handler - INFO - device_data_handler.py:282 - Device rr1 Zone 2: Robot is stationary
2025-10-21 05:31:26,433 - device_data_handler - INFO - device_data_handler.py:376 - Device rr1 Zone 2: Robot is stationary
2025-10-21 05:31:27,112 - device_data_handler - INFO - device_data_handler.py:376 - Device rr1 Zone 2: Robot is stationary
2025-10-21 05:31:27,155 - device_data_handler - INFO - device_data_handler.py:282 - Device rr1 Zone 2: Robot is stationary
2025-10-21 05:31:27,176 - device_data_handler - INFO - device_data_handler.py:376 - Device rr1 Zone 2: Robot is stationary
2025-10-21 05:31:27,425 - device_data_handler - INFO - device_data_handler.py:282 - Device rr1 Zone 2: Robot is stationary
2025-10-21 05:31:27,442 - device_data_handler - INFO - device_data_handler.py:376 - Device rr1 Zone 2: Robot is stationary
2025-10-21 05:31:28,461 - device_data_handler - INFO - device_data_handler.py:282 - Device rr1 Zone 3: Robot is stationary
2025-10-21 05:31:28,479 - device_data_handler - INFO - device_data_handler.py:376 - Device rr1 Zone 3: Robot is stationary
2025-10-21 05:31:29,408 - device_data_handler - INFO - device_data_handler.py:282 - Device rr1 Zone 3: Robot is stationary
2025-10-21 05:31:29,430 - device_data_handler - INFO - device_data_handler.py:376 - Device rr1 Zone 3: Robot is stationary
2025-10-21 05:31:30,412 - device_data_handler - INFO - device_data_handler.py:282 - Device rr1 Zone 3: Robot is stationary
2025-10-21 05:31:30,432 - device_data_handler - INFO - device_data_handler.py:376 - Device rr1 Zone 3: Robot is stationary
2025-10-21 05:31:30,897 - device_list - INFO - device_list.py:316 - Refreshing device data...
2025-10-21 05:31:30,946 - device_list - INFO - device_list.py:336 - Loaded 4 devices from CSV
2025-10-21 05:31:31,408 - device_data_handler - INFO - device_data_handler.py:282 - Device rr1 Zone 3: Robot is stationary
2025-10-21 05:31:31,427 - device_data_handler - INFO - device_data_handler.py:376 - Device rr1 Zone 3: Robot is stationary
2025-10-21 05:31:32,052 - device_location_syncer - INFO - sync_device_locations.py:221 - Updated device rr1: location 2 -> 3
2025-10-21 05:31:32,052 - device_location_syncer - INFO - sync_device_locations.py:227 - Updated device rr1: distance 550.00 -> 0.00
2025-10-21 05:31:32,062 - device_location_syncer - INFO - sync_device_locations.py:150 - Created backup: data\backup\devices_20251021_053132.csv
2025-10-21 05:31:32,063 - device_location_syncer - INFO - sync_device_locations.py:160 - Successfully updated devices CSV with 4 devices
2025-10-21 05:31:32,063 - device_location_syncer - INFO - sync_device_locations.py:246 - Sync completed successfully. Updated 1 devices.
2025-10-21 05:31:32,114 - device_data_handler - INFO - device_data_handler.py:376 - Device rr1 Zone 3: Robot is stationary
2025-10-21 05:31:32,153 - device_data_handler - INFO - device_data_handler.py:282 - Device rr1 Zone 3: Robot is stationary
2025-10-21 05:31:32,171 - device_data_handler - INFO - device_data_handler.py:376 - Device rr1 Zone 3: Robot is stationary
2025-10-21 05:31:32,417 - device_data_handler - INFO - device_data_handler.py:282 - Device rr1 Zone 3: Robot is stationary
2025-10-21 05:31:32,437 - device_data_handler - INFO - device_data_handler.py:376 - Device rr1 Zone 3: Robot is stationary
2025-10-21 05:31:33,410 - device_data_handler - INFO - device_data_handler.py:282 - Device rr1 Zone 3: Robot is stationary
2025-10-21 05:31:33,431 - device_data_handler - INFO - device_data_handler.py:376 - Device rr1 Zone 3: Robot is stationary
2025-10-21 05:31:34,410 - device_data_handler - INFO - device_data_handler.py:282 - Device rr1 Zone 3: Robot is stationary
2025-10-21 05:31:34,431 - device_data_handler - INFO - device_data_handler.py:376 - Device rr1 Zone 3: Robot is stationary
2025-10-21 05:31:35,424 - device_data_handler - INFO - device_data_handler.py:282 - Device rr1 Zone 3: Robot is stationary
2025-10-21 05:31:35,452 - device_data_handler - INFO - device_data_handler.py:376 - Device rr1 Zone 3: Robot is stationary
2025-10-21 05:31:36,403 - device_data_handler - INFO - device_data_handler.py:282 - Device rr1 Zone 3: Robot is stationary
2025-10-21 05:31:36,422 - device_data_handler - INFO - device_data_handler.py:376 - Device rr1 Zone 3: Robot is stationary
2025-10-21 05:31:37,111 - device_data_handler - INFO - device_data_handler.py:376 - Device rr1 Zone 3: Robot is stationary
2025-10-21 05:31:37,153 - device_data_handler - INFO - device_data_handler.py:282 - Device rr1 Zone 3: Robot is stationary
2025-10-21 05:31:37,173 - device_data_handler - INFO - device_data_handler.py:376 - Device rr1 Zone 3: Robot is stationary
2025-10-21 05:31:37,417 - device_data_handler - INFO - device_data_handler.py:282 - Device rr1 Zone 3: Robot is stationary
2025-10-21 05:31:37,436 - device_data_handler - INFO - device_data_handler.py:376 - Device rr1 Zone 3: Robot is stationary
2025-10-21 05:31:38,417 - device_data_handler - INFO - device_data_handler.py:282 - Device rr1 Zone 3: Robot is stationary
2025-10-21 05:31:38,448 - device_data_handler - INFO - device_data_handler.py:376 - Device rr1 Zone 3: Robot is stationary
2025-10-21 05:31:39,417 - device_data_handler - INFO - device_data_handler.py:282 - Device rr1 Zone 3: Robot is stationary
2025-10-21 05:31:39,438 - device_data_handler - INFO - device_data_handler.py:376 - Device rr1 Zone 3: Robot is stationary
2025-10-21 05:31:40,414 - device_data_handler - INFO - device_data_handler.py:282 - Device rr1 Zone 3: Robot is stationary
2025-10-21 05:31:40,436 - device_data_handler - INFO - device_data_handler.py:376 - Device rr1 Zone 3: Robot is stationary
2025-10-21 05:31:41,413 - device_data_handler - INFO - device_data_handler.py:282 - Device rr1 Zone 3: Robot is stationary
2025-10-21 05:31:41,432 - device_data_handler - INFO - device_data_handler.py:376 - Device rr1 Zone 3: Robot is stationary
2025-10-21 05:31:42,111 - device_data_handler - INFO - device_data_handler.py:376 - Device rr1 Zone 3: Robot is stationary
2025-10-21 05:31:42,253 - device_data_handler - INFO - device_data_handler.py:282 - Device rr1 Zone 3: Robot is stationary
2025-10-21 05:31:42,272 - device_data_handler - INFO - device_data_handler.py:376 - Device rr1 Zone 3: Robot is stationary
2025-10-21 05:31:42,425 - device_data_handler - INFO - device_data_handler.py:282 - Device rr1 Zone 3: Robot is stationary
2025-10-21 05:31:42,458 - device_data_handler - INFO - device_data_handler.py:376 - Device rr1 Zone 3: Robot is stationary
2025-10-21 05:31:43,406 - device_data_handler - INFO - device_data_handler.py:282 - Device rr1 Zone 3: Robot is stationary
2025-10-21 05:31:43,427 - device_data_handler - INFO - device_data_handler.py:376 - Device rr1 Zone 3: Robot is stationary
2025-10-21 05:31:44,408 - device_data_handler - INFO - device_data_handler.py:282 - Device rr1 Zone 3: Robot is stationary
2025-10-21 05:31:44,429 - device_data_handler - INFO - device_data_handler.py:376 - Device rr1 Zone 3: Robot is stationary
2025-10-21 05:31:45,411 - device_data_handler - INFO - device_data_handler.py:282 - Device rr1 Zone 3: Robot is stationary
2025-10-21 05:31:45,427 - device_data_handler - INFO - device_data_handler.py:376 - Device rr1 Zone 3: Robot is stationary
2025-10-21 05:31:46,403 - device_data_handler - INFO - device_data_handler.py:282 - Device rr1 Zone 3: Robot is stationary
2025-10-21 05:31:46,424 - device_data_handler - INFO - device_data_handler.py:376 - Device rr1 Zone 3: Robot is stationary
2025-10-21 05:31:47,102 - device_data_handler - INFO - device_data_handler.py:376 - Device rr1 Zone 3: Robot is stationary
2025-10-21 05:31:47,222 - device_data_handler - INFO - device_data_handler.py:282 - Device rr1 Zone 3: Robot is stationary
2025-10-21 05:31:47,241 - device_data_handler - INFO - device_data_handler.py:376 - Device rr1 Zone 3: Robot is stationary
2025-10-21 05:31:47,405 - device_data_handler - INFO - device_data_handler.py:282 - Device rr1 Zone 3: Robot is stationary
2025-10-21 05:31:47,426 - device_data_handler - INFO - device_data_handler.py:376 - Device rr1 Zone 3: Robot is stationary
2025-10-21 05:31:48,411 - device_data_handler - INFO - device_data_handler.py:282 - Device rr1 Zone 3: Robot is stationary
2025-10-21 05:31:48,430 - device_data_handler - INFO - device_data_handler.py:376 - Device rr1 Zone 3: Robot is stationary
2025-10-21 05:31:49,408 - device_data_handler - INFO - device_data_handler.py:282 - Device rr1 Zone 3: Robot is stationary
2025-10-21 05:31:49,428 - device_data_handler - INFO - device_data_handler.py:376 - Device rr1 Zone 3: Robot is stationary
2025-10-21 05:31:50,406 - device_data_handler - INFO - device_data_handler.py:282 - Device rr1 Zone 3: Robot is stationary
2025-10-21 05:31:50,427 - device_data_handler - INFO - device_data_handler.py:376 - Device rr1 Zone 3: Robot is stationary
2025-10-21 05:31:51,441 - device_data_handler - INFO - device_data_handler.py:282 - Device rr1 Zone 3: Robot is stationary
2025-10-21 05:31:51,464 - device_data_handler - INFO - device_data_handler.py:376 - Device rr1 Zone 3: Robot is stationary
2025-10-21 05:31:52,105 - device_data_handler - INFO - device_data_handler.py:376 - Device rr1 Zone 3: Robot is stationary
2025-10-21 05:31:52,146 - device_data_handler - INFO - device_data_handler.py:282 - Device rr1 Zone 3: Robot is stationary
2025-10-21 05:31:52,168 - device_data_handler - INFO - device_data_handler.py:376 - Device rr1 Zone 3: Robot is stationary
2025-10-21 05:31:52,444 - device_data_handler - INFO - device_data_handler.py:282 - Device rr1 Zone 3: Robot is stationary
2025-10-21 05:31:52,464 - device_data_handler - INFO - device_data_handler.py:376 - Device rr1 Zone 3: Robot is stationary
2025-10-21 05:31:53,422 - device_data_handler - INFO - device_data_handler.py:282 - Device rr1 Zone 3: Robot is stationary
2025-10-21 05:31:53,439 - device_data_handler - INFO - device_data_handler.py:376 - Device rr1 Zone 3: Robot is stationary
2025-10-21 05:31:54,432 - device_data_handler - INFO - device_data_handler.py:282 - Device rr1 Zone 3: Robot is stationary
2025-10-21 05:31:54,451 - device_data_handler - INFO - device_data_handler.py:376 - Device rr1 Zone 3: Robot is stationary
2025-10-21 05:31:55,430 - device_data_handler - INFO - device_data_handler.py:282 - Device rr1 Zone 3: Robot is stationary
2025-10-21 05:31:55,448 - device_data_handler - INFO - device_data_handler.py:376 - Device rr1 Zone 3: Robot is stationary
2025-10-21 05:31:56,431 - device_data_handler - INFO - device_data_handler.py:282 - Device rr1 Zone 3: Robot is stationary
2025-10-21 05:31:56,453 - device_data_handler - INFO - device_data_handler.py:376 - Device rr1 Zone 3: Robot is stationary
2025-10-21 05:31:57,166 - device_data_handler - INFO - device_data_handler.py:376 - Device rr1 Zone 3: Robot is stationary
2025-10-21 05:31:57,229 - device_data_handler - INFO - device_data_handler.py:282 - Device rr1 Zone 3: Robot is stationary
2025-10-21 05:31:57,252 - device_data_handler - INFO - device_data_handler.py:376 - Device rr1 Zone 3: Robot is stationary
2025-10-21 05:31:57,431 - device_data_handler - INFO - device_data_handler.py:282 - Device rr1 Zone 3: Robot is stationary
2025-10-21 05:31:57,454 - device_data_handler - INFO - device_data_handler.py:376 - Device rr1 Zone 3: Robot is stationary
2025-10-21 05:31:58,457 - device_data_handler - INFO - device_data_handler.py:282 - Device rr1 Zone 3: Robot is stationary
2025-10-21 05:31:58,474 - device_data_handler - INFO - device_data_handler.py:376 - Device rr1 Zone 3: Robot is stationary
2025-10-21 05:31:59,427 - device_data_handler - INFO - device_data_handler.py:282 - Device rr1 Zone 3: Robot is stationary
2025-10-21 05:31:59,450 - device_data_handler - INFO - device_data_handler.py:376 - Device rr1 Zone 3: Robot is stationary
2025-10-21 05:32:00,807 - device_data_handler - INFO - device_data_handler.py:282 - Device rr1 Zone 3: Turn detected: U-Turn east -> west. Direction locked to west. Moving to zone 2.
2025-10-21 05:32:00,856 - device_data_handler - INFO - device_data_handler.py:376 - Device rr1 Zone 3: Turn detected: U-Turn south -> north. Direction locked to north. No connected zone in that direction from 3.
2025-10-21 05:32:00,903 - device_list - INFO - device_list.py:316 - Refreshing device data...
2025-10-21 05:32:00,950 - device_list - INFO - device_list.py:336 - Loaded 4 devices from CSV
2025-10-21 05:32:01,432 - device_data_handler - INFO - device_data_handler.py:282 - Device rr1 Zone 3: Turn detected: U-Turn east -> west. Direction locked to west. Moving to zone 2.
2025-10-21 05:32:01,460 - device_data_handler - INFO - device_data_handler.py:376 - Device rr1 Zone 3: Turn detected: U-Turn east -> west. Direction locked to west. Moving to zone 2.
2025-10-21 05:32:04,078 - api_client - WARNING - client.py:80 - Request attempt 1 failed: HTTPConnectionPool(host='127.0.0.1', port=8000): Max retries exceeded with url: /api/ (Caused by NewConnectionError('<urllib3.connection.HTTPConnection object at 0x000001C784A4CAF0>: Failed to establish a new connection: [WinError 10061] No connection could be made because the target machine actively refused it'))
2025-10-21 05:32:06,114 - api_client - WARNING - client.py:80 - Request attempt 2 failed: HTTPConnectionPool(host='127.0.0.1', port=8000): Max retries exceeded with url: /api/ (Caused by NewConnectionError('<urllib3.connection.HTTPConnection object at 0x000001C784A4EF10>: Failed to establish a new connection: [WinError 10061] No connection could be made because the target machine actively refused it'))
2025-10-21 05:32:08,158 - api_client - WARNING - client.py:80 - Request attempt 3 failed: HTTPConnectionPool(host='127.0.0.1', port=8000): Max retries exceeded with url: /api/ (Caused by NewConnectionError('<urllib3.connection.HTTPConnection object at 0x000001C784A4E690>: Failed to establish a new connection: [WinError 10061] No connection could be made because the target machine actively refused it'))
2025-10-21 05:32:08,179 - device_location_syncer - INFO - sync_device_locations.py:227 - Updated device rr1: distance 0.00 -> 1100.00
2025-10-21 05:32:08,183 - device_location_syncer - INFO - sync_device_locations.py:150 - Created backup: data\backup\devices_20251021_053208.csv
2025-10-21 05:32:08,184 - device_location_syncer - INFO - sync_device_locations.py:160 - Successfully updated devices CSV with 4 devices
2025-10-21 05:32:08,184 - device_location_syncer - INFO - sync_device_locations.py:246 - Sync completed successfully. Updated 1 devices.
2025-10-21 05:32:08,218 - device_data_handler - INFO - device_data_handler.py:376 - Device rr1 Zone 3: Turn detected: U-Turn east -> west. Direction locked to west. Moving to zone 2.
2025-10-21 05:32:08,273 - device_data_handler - INFO - device_data_handler.py:282 - Device rr1 Zone 3: Turn detected: U-Turn south -> north. Direction locked to north. No connected zone in that direction from 3.
2025-10-21 05:32:08,298 - device_data_handler - INFO - device_data_handler.py:376 - Device rr1 Zone 3: Turn detected: U-Turn east -> west. Direction locked to west. Moving to zone 2.
2025-10-21 05:32:08,366 - device_data_handler - INFO - device_data_handler.py:282 - Device rr1 Zone 3: Turn detected: U-Turn south -> north. Direction locked to north. No connected zone in that direction from 3.
2025-10-21 05:32:08,386 - device_data_handler - INFO - device_data_handler.py:376 - Device rr1 Zone 3: Turn detected: U-Turn east -> west. Direction locked to west. Moving to zone 2.
2025-10-21 05:32:09,445 - device_data_handler - INFO - device_data_handler.py:282 - Device rr1 Zone 3: Turn detected: U-Turn south -> north. Direction locked to north. No connected zone in that direction from 3.
2025-10-21 05:32:09,477 - device_data_handler - INFO - device_data_handler.py:376 - Device rr1 Zone 3: Turn detected: U-Turn east -> west. Direction locked to west. Moving to zone 2.
2025-10-21 05:32:10,431 - device_data_handler - INFO - device_data_handler.py:282 - Device rr1 Zone 3: Turn detected: U-Turn south -> north. Direction locked to north. No connected zone in that direction from 3.
2025-10-21 05:32:10,459 - device_data_handler - INFO - device_data_handler.py:376 - Device rr1 Zone 3: Turn detected: U-Turn east -> west. Direction locked to west. Moving to zone 2.
2025-10-21 05:32:11,439 - device_data_handler - INFO - device_data_handler.py:282 - Device rr1 Zone 3: Turn detected: U-Turn south -> north. Direction locked to north. No connected zone in that direction from 3.
2025-10-21 05:32:11,461 - device_data_handler - INFO - device_data_handler.py:376 - Device rr1 Zone 3: Turn detected: U-Turn east -> west. Direction locked to west. Moving to zone 2.
2025-10-21 05:32:12,102 - device_data_handler - INFO - device_data_handler.py:376 - Device rr1 Zone 3: Turn detected: U-Turn east -> west. Direction locked to west. Moving to zone 2.
2025-10-21 05:32:12,164 - device_data_handler - INFO - device_data_handler.py:282 - Device rr1 Zone 3: Turn detected: U-Turn south -> north. Direction locked to north. No connected zone in that direction from 3.
2025-10-21 05:32:12,196 - device_data_handler - INFO - device_data_handler.py:376 - Device rr1 Zone 3: Turn detected: U-Turn east -> west. Direction locked to west. Moving to zone 2.
2025-10-21 05:32:12,446 - device_data_handler - INFO - device_data_handler.py:282 - Device rr1 Zone 3: Turn detected: U-Turn south -> north. Direction locked to north. No connected zone in that direction from 3.
2025-10-21 05:32:12,469 - device_data_handler - INFO - device_data_handler.py:376 - Device rr1 Zone 3: Turn detected: U-Turn east -> west. Direction locked to west. Moving to zone 2.
2025-10-21 05:32:13,441 - device_data_handler - INFO - device_data_handler.py:282 - Device rr1 Zone 3: Turn detected: U-Turn south -> north. Direction locked to north. No connected zone in that direction from 3.
2025-10-21 05:32:13,462 - device_data_handler - INFO - device_data_handler.py:376 - Device rr1 Zone 3: Turn detected: U-Turn east -> west. Direction locked to west. Moving to zone 2.
2025-10-21 05:32:14,447 - device_data_handler - INFO - device_data_handler.py:282 - Device rr1 Zone 3: Robot is stationary
2025-10-21 05:32:14,469 - device_data_handler - INFO - device_data_handler.py:376 - Device rr1 Zone 3: Robot is stationary
2025-10-21 05:32:15,448 - device_data_handler - INFO - device_data_handler.py:282 - Device rr1 Zone 3: Robot is stationary
2025-10-21 05:32:15,475 - device_data_handler - INFO - device_data_handler.py:376 - Device rr1 Zone 3: Robot is stationary
2025-10-21 05:32:16,445 - device_data_handler - INFO - device_data_handler.py:282 - Device rr1 Zone 3: Robot is stationary
2025-10-21 05:32:16,466 - device_data_handler - INFO - device_data_handler.py:376 - Device rr1 Zone 3: Robot is stationary
2025-10-21 05:32:17,110 - device_data_handler - INFO - device_data_handler.py:376 - Device rr1 Zone 3: Robot is stationary
2025-10-21 05:32:17,154 - device_data_handler - INFO - device_data_handler.py:282 - Device rr1 Zone 3: Robot is stationary
2025-10-21 05:32:17,175 - device_data_handler - INFO - device_data_handler.py:376 - Device rr1 Zone 3: Robot is stationary
2025-10-21 05:32:17,440 - device_data_handler - INFO - device_data_handler.py:282 - Device rr1 Zone 3: Robot is stationary
2025-10-21 05:32:17,461 - device_data_handler - INFO - device_data_handler.py:376 - Device rr1 Zone 3: Robot is stationary
2025-10-21 05:32:18,444 - device_data_handler - INFO - device_data_handler.py:282 - Device rr1 Zone 3: Robot is stationary
2025-10-21 05:32:18,465 - device_data_handler - INFO - device_data_handler.py:376 - Device rr1 Zone 3: Robot is stationary
2025-10-21 05:32:19,448 - device_data_handler - INFO - device_data_handler.py:282 - Device rr1 Zone 3: Robot is stationary
2025-10-21 05:32:19,468 - device_data_handler - INFO - device_data_handler.py:376 - Device rr1 Zone 3: Robot is stationary
2025-10-21 05:32:20,451 - device_data_handler - INFO - device_data_handler.py:282 - Device rr1 Zone 3: Robot is stationary
2025-10-21 05:32:20,472 - device_data_handler - INFO - device_data_handler.py:376 - Device rr1 Zone 3: Robot is stationary
2025-10-21 05:32:21,439 - device_data_handler - INFO - device_data_handler.py:282 - Device rr1 Zone 3: Robot is stationary
2025-10-21 05:32:21,463 - device_data_handler - INFO - device_data_handler.py:376 - Device rr1 Zone 3: Robot is stationary
2025-10-21 05:32:22,114 - device_data_handler - INFO - device_data_handler.py:376 - Device rr1 Zone 3: Robot is stationary
2025-10-21 05:32:22,158 - device_data_handler - INFO - device_data_handler.py:282 - Device rr1 Zone 3: Robot is stationary
2025-10-21 05:32:22,178 - device_data_handler - INFO - device_data_handler.py:376 - Device rr1 Zone 3: Robot is stationary
2025-10-21 05:32:22,438 - device_data_handler - INFO - device_data_handler.py:282 - Device rr1 Zone 3: Robot is stationary
2025-10-21 05:32:22,458 - device_data_handler - INFO - device_data_handler.py:376 - Device rr1 Zone 3: Robot is stationary
2025-10-21 05:32:23,444 - device_data_handler - INFO - device_data_handler.py:282 - Device rr1 Zone 3: Robot is stationary
2025-10-21 05:32:23,466 - device_data_handler - INFO - device_data_handler.py:376 - Device rr1 Zone 3: Robot is stationary
2025-10-21 05:32:24,437 - device_data_handler - INFO - device_data_handler.py:282 - Device rr1 Zone 3: Robot is stationary
2025-10-21 05:32:24,458 - device_data_handler - INFO - device_data_handler.py:376 - Device rr1 Zone 3: Robot is stationary
2025-10-21 05:32:25,457 - device_data_handler - INFO - device_data_handler.py:282 - Device rr1 Zone 3: Robot is stationary
2025-10-21 05:32:25,482 - device_data_handler - INFO - device_data_handler.py:376 - Device rr1 Zone 3: Robot is stationary
2025-10-21 05:32:26,444 - device_data_handler - INFO - device_data_handler.py:282 - Device rr1 Zone 3: Robot is stationary
2025-10-21 05:32:26,465 - device_data_handler - INFO - device_data_handler.py:376 - Device rr1 Zone 3: Robot is stationary
2025-10-21 05:32:27,133 - device_data_handler - INFO - device_data_handler.py:376 - Device rr1 Zone 3: Robot is stationary
2025-10-21 05:32:27,203 - device_data_handler - INFO - device_data_handler.py:282 - Device rr1 Zone 3: Robot is stationary
2025-10-21 05:32:27,233 - device_data_handler - INFO - device_data_handler.py:376 - Device rr1 Zone 3: Robot is stationary
2025-10-21 05:32:27,444 - device_data_handler - INFO - device_data_handler.py:282 - Device rr1 Zone 3: Robot is stationary
2025-10-21 05:32:27,466 - device_data_handler - INFO - device_data_handler.py:376 - Device rr1 Zone 3: Robot is stationary
2025-10-21 05:32:28,459 - device_data_handler - INFO - device_data_handler.py:282 - Device rr1 Zone 3: Robot is stationary
2025-10-21 05:32:28,480 - device_data_handler - INFO - device_data_handler.py:376 - Device rr1 Zone 3: Robot is stationary
2025-10-21 05:32:29,445 - device_data_handler - INFO - device_data_handler.py:282 - Device rr1 Zone 3: Robot is stationary
2025-10-21 05:32:29,467 - device_data_handler - INFO - device_data_handler.py:376 - Device rr1 Zone 3: Robot is stationary
2025-10-21 05:32:30,439 - device_data_handler - INFO - device_data_handler.py:282 - Device rr1 Zone 3: Robot is stationary
2025-10-21 05:32:30,459 - device_data_handler - INFO - device_data_handler.py:376 - Device rr1 Zone 3: Robot is stationary
2025-10-21 05:32:30,960 - device_list - INFO - device_list.py:316 - Refreshing device data...
2025-10-21 05:32:31,096 - device_list - INFO - device_list.py:336 - Loaded 4 devices from CSV
2025-10-21 05:32:31,445 - device_data_handler - INFO - device_data_handler.py:282 - Device rr1 Zone 3: Robot is stationary
2025-10-21 05:32:31,467 - device_data_handler - INFO - device_data_handler.py:376 - Device rr1 Zone 3: Robot is stationary
2025-10-21 05:32:32,057 - device_location_syncer - INFO - sync_device_locations.py:227 - Updated device rr1: distance 1100.00 -> 0.00
2025-10-21 05:32:32,059 - device_location_syncer - INFO - sync_device_locations.py:150 - Created backup: data\backup\devices_20251021_053232.csv
2025-10-21 05:32:32,060 - device_location_syncer - INFO - sync_device_locations.py:160 - Successfully updated devices CSV with 4 devices
2025-10-21 05:32:32,060 - device_location_syncer - INFO - sync_device_locations.py:246 - Sync completed successfully. Updated 1 devices.
2025-10-21 05:32:32,119 - device_data_handler - INFO - device_data_handler.py:376 - Device rr1 Zone 3: Robot is stationary
2025-10-21 05:32:32,164 - device_data_handler - INFO - device_data_handler.py:282 - Device rr1 Zone 3: Robot is stationary
2025-10-21 05:32:32,184 - device_data_handler - INFO - device_data_handler.py:376 - Device rr1 Zone 3: Robot is stationary
2025-10-21 05:32:32,443 - device_data_handler - INFO - device_data_handler.py:282 - Device rr1 Zone 3: Robot is stationary
2025-10-21 05:32:32,467 - device_data_handler - INFO - device_data_handler.py:376 - Device rr1 Zone 3: Robot is stationary
2025-10-21 05:32:33,442 - device_data_handler - INFO - device_data_handler.py:282 - Device rr1 Zone 3: Robot is stationary
2025-10-21 05:32:33,463 - device_data_handler - INFO - device_data_handler.py:376 - Device rr1 Zone 3: Robot is stationary
2025-10-21 05:32:34,461 - device_data_handler - INFO - device_data_handler.py:282 - Device rr1 Zone 3: Robot is stationary
2025-10-21 05:32:34,482 - device_data_handler - INFO - device_data_handler.py:376 - Device rr1 Zone 3: Robot is stationary
2025-10-21 05:32:35,471 - device_data_handler - INFO - device_data_handler.py:282 - Device rr1 Zone 3: Robot is stationary
2025-10-21 05:32:35,507 - device_data_handler - INFO - device_data_handler.py:376 - Device rr1 Zone 3: Robot is stationary
2025-10-21 05:32:36,457 - device_data_handler - INFO - device_data_handler.py:282 - Device rr1 Zone 3: Robot is stationary
2025-10-21 05:32:36,477 - device_data_handler - INFO - device_data_handler.py:376 - Device rr1 Zone 3: Robot is stationary
2025-10-21 05:32:37,105 - device_data_handler - INFO - device_data_handler.py:376 - Device rr1 Zone 3: Robot is stationary
2025-10-21 05:32:37,153 - device_data_handler - INFO - device_data_handler.py:282 - Device rr1 Zone 3: Robot is stationary
2025-10-21 05:32:37,191 - device_data_handler - INFO - device_data_handler.py:376 - Device rr1 Zone 3: Robot is stationary
2025-10-21 05:32:37,452 - device_data_handler - INFO - device_data_handler.py:282 - Device rr1 Zone 3: Robot is stationary
2025-10-21 05:32:37,474 - device_data_handler - INFO - device_data_handler.py:376 - Device rr1 Zone 3: Robot is stationary
2025-10-21 05:32:38,458 - device_data_handler - INFO - device_data_handler.py:282 - Device rr1 Zone 3: Robot is stationary
2025-10-21 05:32:38,480 - device_data_handler - INFO - device_data_handler.py:376 - Device rr1 Zone 3: Robot is stationary
2025-10-21 05:32:39,455 - device_data_handler - INFO - device_data_handler.py:282 - Device rr1 Zone 3: Robot is stationary
2025-10-21 05:32:39,481 - device_data_handler - INFO - device_data_handler.py:376 - Device rr1 Zone 3: Robot is stationary
2025-10-21 05:32:40,456 - device_data_handler - INFO - device_data_handler.py:282 - Device rr1 Zone 3: Robot is stationary
2025-10-21 05:32:40,479 - device_data_handler - INFO - device_data_handler.py:376 - Device rr1 Zone 3: Robot is stationary
2025-10-21 05:32:41,466 - device_data_handler - INFO - device_data_handler.py:282 - Device rr1 Zone 3: Robot is stationary
2025-10-21 05:32:41,494 - device_data_handler - INFO - device_data_handler.py:376 - Device rr1 Zone 3: Robot is stationary
2025-10-21 05:32:42,205 - device_data_handler - INFO - device_data_handler.py:376 - Device rr1 Zone 3: Robot is stationary
2025-10-21 05:32:42,265 - device_data_handler - INFO - device_data_handler.py:282 - Device rr1 Zone 3: Robot is stationary
2025-10-21 05:32:42,287 - device_data_handler - INFO - device_data_handler.py:376 - Device rr1 Zone 3: Robot is stationary
2025-10-21 05:32:42,456 - device_data_handler - INFO - device_data_handler.py:282 - Device rr1 Zone 3: Robot is stationary
2025-10-21 05:32:42,492 - device_data_handler - INFO - device_data_handler.py:376 - Device rr1 Zone 3: Robot is stationary
2025-10-21 05:32:43,545 - device_data_handler - INFO - device_data_handler.py:282 - Device rr1 Zone 3: Robot is stationary
2025-10-21 05:32:43,566 - device_data_handler - INFO - device_data_handler.py:376 - Device rr1 Zone 3: Robot is stationary
2025-10-21 05:32:44,453 - device_data_handler - INFO - device_data_handler.py:282 - Device rr1 Zone 3: Robot is stationary
2025-10-21 05:32:44,475 - device_data_handler - INFO - device_data_handler.py:376 - Device rr1 Zone 3: Robot is stationary
2025-10-21 05:32:45,466 - device_data_handler - INFO - device_data_handler.py:282 - Device rr1 Zone 3: Robot is stationary
2025-10-21 05:32:45,489 - device_data_handler - INFO - device_data_handler.py:376 - Device rr1 Zone 3: Robot is stationary
2025-10-21 05:32:46,466 - device_data_handler - INFO - device_data_handler.py:282 - Device rr1 Zone 3: Robot is stationary
2025-10-21 05:32:46,488 - device_data_handler - INFO - device_data_handler.py:376 - Device rr1 Zone 3: Robot is stationary
2025-10-21 05:32:47,122 - device_data_handler - INFO - device_data_handler.py:376 - Device rr1 Zone 3: Robot is stationary
2025-10-21 05:32:47,167 - device_data_handler - INFO - device_data_handler.py:282 - Device rr1 Zone 3: Robot is stationary
2025-10-21 05:32:47,189 - device_data_handler - INFO - device_data_handler.py:376 - Device rr1 Zone 3: Robot is stationary
2025-10-21 05:32:47,458 - device_data_handler - INFO - device_data_handler.py:282 - Device rr1 Zone 3: Robot is stationary
2025-10-21 05:32:47,480 - device_data_handler - INFO - device_data_handler.py:376 - Device rr1 Zone 3: Robot is stationary
2025-10-21 05:32:48,467 - device_data_handler - INFO - device_data_handler.py:282 - Device rr1 Zone 3: Moving North towards zone None (direction locked by u_turn turn)
2025-10-21 05:32:48,494 - device_data_handler - INFO - device_data_handler.py:376 - Device rr1 Zone 3: Moving West towards zone 2 (direction locked by u_turn turn)
2025-10-21 05:32:49,465 - device_data_handler - INFO - device_data_handler.py:282 - Device rr1 Zone 3: Moving North towards zone None (direction locked by u_turn turn)
2025-10-21 05:32:49,488 - device_data_handler - INFO - device_data_handler.py:376 - Device rr1 Zone 3: Moving West towards zone 2 (direction locked by u_turn turn)
2025-10-21 05:32:50,457 - device_data_handler - INFO - device_data_handler.py:282 - Device rr1 Zone 3: Moving North towards zone None (direction locked by u_turn turn)
2025-10-21 05:32:50,479 - device_data_handler - INFO - device_data_handler.py:376 - Device rr1 Zone 3: Moving West towards zone 2 (direction locked by u_turn turn)
2025-10-21 05:32:51,485 - device_data_handler - INFO - device_data_handler.py:282 - Device rr1 Zone 3: Moving North towards zone None (direction locked by u_turn turn)
2025-10-21 05:32:51,515 - device_data_handler - INFO - device_data_handler.py:376 - Device rr1 Zone 3: Moving West towards zone 2 (direction locked by u_turn turn)
2025-10-21 05:32:52,124 - device_data_handler - INFO - device_data_handler.py:376 - Device rr1 Zone 3: Moving West towards zone 2 (direction locked by u_turn turn)
2025-10-21 05:32:52,171 - device_data_handler - INFO - device_data_handler.py:282 - Device rr1 Zone 3: Moving North towards zone None (direction locked by u_turn turn)
2025-10-21 05:32:52,192 - device_data_handler - INFO - device_data_handler.py:376 - Device rr1 Zone 3: Moving West towards zone 2 (direction locked by u_turn turn)
2025-10-21 05:32:52,461 - device_data_handler - INFO - device_data_handler.py:282 - Device rr1 Zone 3: Moving North towards zone None (direction locked by u_turn turn)
2025-10-21 05:32:52,485 - device_data_handler - INFO - device_data_handler.py:376 - Device rr1 Zone 3: Moving West towards zone 2 (direction locked by u_turn turn)
2025-10-21 05:32:53,477 - device_data_handler - INFO - device_data_handler.py:282 - Device rr1 Zone 3: Moving North towards zone None (direction locked by u_turn turn)
2025-10-21 05:32:53,503 - device_data_handler - INFO - device_data_handler.py:376 - Device rr1 Zone 3: Moving West towards zone 2 (direction locked by u_turn turn)
2025-10-21 05:32:54,469 - device_data_handler - INFO - device_data_handler.py:282 - Device rr1 Zone 3: Moving North towards zone None (direction locked by u_turn turn)
2025-10-21 05:32:54,492 - device_data_handler - INFO - device_data_handler.py:376 - Device rr1 Zone 3: Moving West towards zone 2 (direction locked by u_turn turn)
2025-10-21 05:32:55,470 - device_data_handler - INFO - device_data_handler.py:282 - Device rr1 Zone 3: Moving North towards zone None (direction locked by u_turn turn)
2025-10-21 05:32:55,493 - device_data_handler - INFO - device_data_handler.py:376 - Device rr1 Zone 3: Moving West towards zone 2 (direction locked by u_turn turn)
2025-10-21 05:32:56,469 - device_data_handler - INFO - device_data_handler.py:282 - Device rr1 Zone 3: Moving North towards zone None (direction locked by u_turn turn)
2025-10-21 05:32:56,490 - device_data_handler - INFO - device_data_handler.py:376 - Device rr1 Zone 3: Moving West towards zone 2 (direction locked by u_turn turn)
2025-10-21 05:32:57,150 - device_data_handler - INFO - device_data_handler.py:376 - Device rr1 Zone 2: Robot is stationary
2025-10-21 05:32:57,197 - device_data_handler - INFO - device_data_handler.py:282 - Device rr1 Zone 2: Robot is stationary
2025-10-21 05:32:57,222 - device_data_handler - INFO - device_data_handler.py:376 - Device rr1 Zone 2: Robot is stationary
2025-10-21 05:32:57,502 - device_data_handler - INFO - device_data_handler.py:282 - Device rr1 Zone 2: Robot is stationary
2025-10-21 05:32:57,531 - device_data_handler - INFO - device_data_handler.py:376 - Device rr1 Zone 2: Robot is stationary
2025-10-21 05:32:58,476 - device_data_handler - INFO - device_data_handler.py:282 - Device rr1 Zone 2: Robot is stationary
2025-10-21 05:32:58,497 - device_data_handler - INFO - device_data_handler.py:376 - Device rr1 Zone 2: Robot is stationary
2025-10-21 05:32:59,476 - device_data_handler - INFO - device_data_handler.py:282 - Device rr1 Zone 2: Robot is stationary
2025-10-21 05:32:59,502 - device_data_handler - INFO - device_data_handler.py:376 - Device rr1 Zone 2: Robot is stationary
2025-10-21 05:33:00,478 - device_data_handler - INFO - device_data_handler.py:282 - Device rr1 Zone 2: Robot is stationary
2025-10-21 05:33:00,508 - device_data_handler - INFO - device_data_handler.py:376 - Device rr1 Zone 2: Robot is stationary
2025-10-21 05:33:00,898 - device_list - INFO - device_list.py:316 - Refreshing device data...
2025-10-21 05:33:00,945 - device_list - INFO - device_list.py:336 - Loaded 4 devices from CSV
2025-10-21 05:33:01,481 - device_data_handler - INFO - device_data_handler.py:282 - Device rr1 Zone 2: Robot is stationary
2025-10-21 05:33:01,504 - device_data_handler - INFO - device_data_handler.py:376 - Device rr1 Zone 2: Robot is stationary
2025-10-21 05:33:04,092 - api_client - WARNING - client.py:80 - Request attempt 1 failed: HTTPConnectionPool(host='127.0.0.1', port=8000): Max retries exceeded with url: /api/ (Caused by NewConnectionError('<urllib3.connection.HTTPConnection object at 0x000001C784A4E580>: Failed to establish a new connection: [WinError 10061] No connection could be made because the target machine actively refused it'))
2025-10-21 05:33:06,121 - api_client - WARNING - client.py:80 - Request attempt 2 failed: HTTPConnectionPool(host='127.0.0.1', port=8000): Max retries exceeded with url: /api/ (Caused by NewConnectionError('<urllib3.connection.HTTPConnection object at 0x000001C784A4EF10>: Failed to establish a new connection: [WinError 10061] No connection could be made because the target machine actively refused it'))
2025-10-21 05:33:08,161 - api_client - WARNING - client.py:80 - Request attempt 3 failed: HTTPConnectionPool(host='127.0.0.1', port=8000): Max retries exceeded with url: /api/ (Caused by NewConnectionError('<urllib3.connection.HTTPConnection object at 0x000001C784A4CAF0>: Failed to establish a new connection: [WinError 10061] No connection could be made because the target machine actively refused it'))
2025-10-21 05:33:08,171 - device_location_syncer - INFO - sync_device_locations.py:221 - Updated device rr1: location 3 -> 2
2025-10-21 05:33:08,173 - device_location_syncer - INFO - sync_device_locations.py:150 - Created backup: data\backup\devices_20251021_053308.csv
2025-10-21 05:33:08,174 - device_location_syncer - INFO - sync_device_locations.py:160 - Successfully updated devices CSV with 4 devices
2025-10-21 05:33:08,175 - device_location_syncer - INFO - sync_device_locations.py:246 - Sync completed successfully. Updated 1 devices.
2025-10-21 05:33:08,209 - device_data_handler - INFO - device_data_handler.py:376 - Device rr1 Zone 2: Robot is stationary
2025-10-21 05:33:08,248 - device_data_handler - INFO - device_data_handler.py:282 - Device rr1 Zone 2: Robot is stationary
2025-10-21 05:33:08,269 - device_data_handler - INFO - device_data_handler.py:376 - Device rr1 Zone 2: Robot is stationary
2025-10-21 05:33:08,330 - device_data_handler - INFO - device_data_handler.py:282 - Device rr1 Zone 2: Robot is stationary
2025-10-21 05:33:08,350 - device_data_handler - INFO - device_data_handler.py:376 - Device rr1 Zone 2: Robot is stationary
2025-10-21 05:33:08,469 - device_data_handler - INFO - device_data_handler.py:282 - Device rr1 Zone 2: Robot is stationary
2025-10-21 05:33:08,489 - device_data_handler - INFO - device_data_handler.py:376 - Device rr1 Zone 2: Robot is stationary
2025-10-21 05:33:09,527 - device_data_handler - INFO - device_data_handler.py:282 - Device rr1 Zone 2: Robot is stationary
2025-10-21 05:33:09,585 - device_data_handler - INFO - device_data_handler.py:376 - Device rr1 Zone 2: Robot is stationary
2025-10-21 05:33:10,476 - device_data_handler - INFO - device_data_handler.py:282 - Device rr1 Zone 2: Robot is stationary
2025-10-21 05:33:10,496 - device_data_handler - INFO - device_data_handler.py:376 - Device rr1 Zone 2: Robot is stationary
2025-10-21 05:33:11,468 - device_data_handler - INFO - device_data_handler.py:282 - Device rr1 Zone 2: Robot is stationary
2025-10-21 05:33:11,489 - device_data_handler - INFO - device_data_handler.py:376 - Device rr1 Zone 2: Robot is stationary
2025-10-21 05:33:12,127 - device_data_handler - INFO - device_data_handler.py:376 - Device rr1 Zone 2: Robot is stationary
2025-10-21 05:33:12,171 - device_data_handler - INFO - device_data_handler.py:282 - Device rr1 Zone 2: Robot is stationary
2025-10-21 05:33:12,191 - device_data_handler - INFO - device_data_handler.py:376 - Device rr1 Zone 2: Robot is stationary
2025-10-21 05:33:12,476 - device_data_handler - INFO - device_data_handler.py:282 - Device rr1 Zone 2: Robot is stationary
2025-10-21 05:33:12,500 - device_data_handler - INFO - device_data_handler.py:376 - Device rr1 Zone 2: Robot is stationary
2025-10-21 05:33:13,476 - device_data_handler - INFO - device_data_handler.py:282 - Device rr1 Zone 2: Robot is stationary
2025-10-21 05:33:13,497 - device_data_handler - INFO - device_data_handler.py:376 - Device rr1 Zone 2: Robot is stationary
2025-10-21 05:33:14,476 - device_data_handler - INFO - device_data_handler.py:282 - Device rr1 Zone 2: Robot is stationary
2025-10-21 05:33:14,512 - device_data_handler - INFO - device_data_handler.py:376 - Device rr1 Zone 2: Robot is stationary
2025-10-21 05:33:15,476 - device_data_handler - INFO - device_data_handler.py:282 - Device rr1 Zone 2: Robot is stationary
2025-10-21 05:33:15,511 - device_data_handler - INFO - device_data_handler.py:376 - Device rr1 Zone 2: Robot is stationary
2025-10-21 05:33:16,471 - device_data_handler - INFO - device_data_handler.py:282 - Device rr1 Zone 2: Robot is stationary
2025-10-21 05:33:16,493 - device_data_handler - INFO - device_data_handler.py:376 - Device rr1 Zone 2: Robot is stationary
2025-10-21 05:33:17,125 - device_data_handler - INFO - device_data_handler.py:376 - Device rr1 Zone 2: Robot is stationary
2025-10-21 05:33:17,186 - device_data_handler - INFO - device_data_handler.py:282 - Device rr1 Zone 2: Robot is stationary
2025-10-21 05:33:17,230 - device_data_handler - INFO - device_data_handler.py:376 - Device rr1 Zone 2: Robot is stationary
2025-10-21 05:33:17,479 - device_data_handler - INFO - device_data_handler.py:282 - Device rr1 Zone 2: Robot is stationary
2025-10-21 05:33:17,502 - device_data_handler - INFO - device_data_handler.py:376 - Device rr1 Zone 2: Robot is stationary
2025-10-21 05:33:18,474 - device_data_handler - INFO - device_data_handler.py:282 - Device rr1 Zone 2: Robot is stationary
2025-10-21 05:33:18,495 - device_data_handler - INFO - device_data_handler.py:376 - Device rr1 Zone 2: Robot is stationary
2025-10-21 05:33:19,564 - device_data_handler - INFO - device_data_handler.py:282 - Device rr1 Zone 2: Robot is stationary
2025-10-21 05:33:19,591 - device_data_handler - INFO - device_data_handler.py:376 - Device rr1 Zone 2: Robot is stationary
2025-10-21 05:33:20,477 - device_data_handler - INFO - device_data_handler.py:282 - Device rr1 Zone 2: Robot is stationary
2025-10-21 05:33:20,499 - device_data_handler - INFO - device_data_handler.py:376 - Device rr1 Zone 2: Robot is stationary
2025-10-21 05:33:21,470 - device_data_handler - INFO - device_data_handler.py:282 - Device rr1 Zone 2: Robot is stationary
2025-10-21 05:33:21,491 - device_data_handler - INFO - device_data_handler.py:376 - Device rr1 Zone 2: Robot is stationary
2025-10-21 05:33:22,124 - device_data_handler - INFO - device_data_handler.py:376 - Device rr1 Zone 2: Robot is stationary
2025-10-21 05:33:22,168 - device_data_handler - INFO - device_data_handler.py:282 - Device rr1 Zone 2: Robot is stationary
2025-10-21 05:33:22,189 - device_data_handler - INFO - device_data_handler.py:376 - Device rr1 Zone 2: Robot is stationary
2025-10-21 05:33:22,470 - device_data_handler - INFO - device_data_handler.py:282 - Device rr1 Zone 2: Robot is stationary
2025-10-21 05:33:22,494 - device_data_handler - INFO - device_data_handler.py:376 - Device rr1 Zone 2: Robot is stationary
2025-10-21 05:33:23,470 - device_data_handler - INFO - device_data_handler.py:282 - Device rr1 Zone 2: Robot is stationary
2025-10-21 05:33:23,494 - device_data_handler - INFO - device_data_handler.py:376 - Device rr1 Zone 2: Robot is stationary
2025-10-21 05:33:24,486 - device_data_handler - INFO - device_data_handler.py:282 - Device rr1 Zone 2: Robot is stationary
2025-10-21 05:33:24,509 - device_data_handler - INFO - device_data_handler.py:376 - Device rr1 Zone 2: Robot is stationary
2025-10-21 05:33:25,470 - device_data_handler - INFO - device_data_handler.py:282 - Device rr1 Zone 2: Robot is stationary
2025-10-21 05:33:25,496 - device_data_handler - INFO - device_data_handler.py:376 - Device rr1 Zone 2: Robot is stationary
2025-10-21 05:33:26,480 - device_data_handler - INFO - device_data_handler.py:282 - Device rr1 Zone 2: Robot is stationary
2025-10-21 05:33:26,502 - device_data_handler - INFO - device_data_handler.py:376 - Device rr1 Zone 2: Robot is stationary
2025-10-21 05:33:27,125 - device_data_handler - INFO - device_data_handler.py:376 - Device rr1 Zone 2: Robot is stationary
2025-10-21 05:33:27,220 - device_data_handler - INFO - device_data_handler.py:282 - Device rr1 Zone 2: Robot is stationary
2025-10-21 05:33:27,241 - device_data_handler - INFO - device_data_handler.py:376 - Device rr1 Zone 2: Robot is stationary
2025-10-21 05:33:27,496 - device_data_handler - INFO - device_data_handler.py:282 - Device rr1 Zone 2: Robot is stationary
2025-10-21 05:33:27,518 - device_data_handler - INFO - device_data_handler.py:376 - Device rr1 Zone 2: Robot is stationary
2025-10-21 05:33:28,468 - device_data_handler - INFO - device_data_handler.py:282 - Device rr1 Zone 2: Robot is stationary
2025-10-21 05:33:28,494 - device_data_handler - INFO - device_data_handler.py:376 - Device rr1 Zone 2: Robot is stationary
2025-10-21 05:33:29,465 - device_data_handler - INFO - device_data_handler.py:282 - Device rr1 Zone 2: Robot is stationary
2025-10-21 05:33:29,487 - device_data_handler - INFO - device_data_handler.py:376 - Device rr1 Zone 2: Robot is stationary
2025-10-21 05:33:30,469 - device_data_handler - INFO - device_data_handler.py:282 - Device rr1 Zone 2: Robot is stationary
2025-10-21 05:33:30,496 - device_data_handler - INFO - device_data_handler.py:376 - Device rr1 Zone 2: Robot is stationary
2025-10-21 05:33:30,905 - device_list - INFO - device_list.py:316 - Refreshing device data...
2025-10-21 05:33:30,947 - device_list - INFO - device_list.py:336 - Loaded 4 devices from CSV
2025-10-21 05:33:31,473 - device_data_handler - INFO - device_data_handler.py:282 - Device rr1 Zone 2: Robot is stationary
2025-10-21 05:33:31,494 - device_data_handler - INFO - device_data_handler.py:376 - Device rr1 Zone 2: Robot is stationary
2025-10-21 05:33:32,061 - device_location_syncer - INFO - sync_device_locations.py:250 - Sync completed. No location updates needed.
2025-10-21 05:33:32,129 - device_data_handler - INFO - device_data_handler.py:376 - Device rr1 Zone 2: Robot is stationary
2025-10-21 05:33:32,185 - device_data_handler - INFO - device_data_handler.py:282 - Device rr1 Zone 2: Robot is stationary
2025-10-21 05:33:32,230 - device_data_handler - INFO - device_data_handler.py:376 - Device rr1 Zone 2: Robot is stationary
2025-10-21 05:33:32,482 - device_data_handler - INFO - device_data_handler.py:282 - Device rr1 Zone 2: Turn detected: Turning Left from west. Direction locked to south. Moving to zone 1.
2025-10-21 05:33:32,506 - device_data_handler - INFO - device_data_handler.py:376 - Device rr1 Zone 2: Turn detected: Turning Left from west. Direction locked to south. Moving to zone 1.
2025-10-21 05:33:33,480 - device_data_handler - INFO - device_data_handler.py:282 - Device rr1 Zone 2: Turn detected: Turning Left from west. Direction locked to south. Moving to zone 1.
2025-10-21 05:33:33,510 - device_data_handler - INFO - device_data_handler.py:376 - Device rr1 Zone 2: Turn detected: Turning Left from west. Direction locked to south. Moving to zone 1.
2025-10-21 05:33:34,481 - device_data_handler - INFO - device_data_handler.py:282 - Device rr1 Zone 2: Turn detected: Turning Left from west. Direction locked to south. Moving to zone 1.
2025-10-21 05:33:34,504 - device_data_handler - INFO - device_data_handler.py:376 - Device rr1 Zone 2: Turn detected: Turning Left from west. Direction locked to south. Moving to zone 1.
2025-10-21 05:33:35,476 - device_data_handler - INFO - device_data_handler.py:282 - Device rr1 Zone 2: Turn detected: Turning Left from west. Direction locked to south. Moving to zone 1.
2025-10-21 05:33:35,498 - device_data_handler - INFO - device_data_handler.py:376 - Device rr1 Zone 2: Turn detected: Turning Left from west. Direction locked to south. Moving to zone 1.
2025-10-21 05:33:36,491 - device_data_handler - INFO - device_data_handler.py:282 - Device rr1 Zone 2: Turn detected: Turning Left from west. Direction locked to south. Moving to zone 1.
2025-10-21 05:33:36,516 - device_data_handler - INFO - device_data_handler.py:376 - Device rr1 Zone 2: Turn detected: Turning Left from west. Direction locked to south. Moving to zone 1.
2025-10-21 05:33:37,143 - device_data_handler - INFO - device_data_handler.py:376 - Device rr1 Zone 2: Turn detected: Turning Left from west. Direction locked to south. Moving to zone 1.
2025-10-21 05:33:37,190 - device_data_handler - INFO - device_data_handler.py:282 - Device rr1 Zone 2: Turn detected: Turning Left from west. Direction locked to south. Moving to zone 1.
2025-10-21 05:33:37,216 - device_data_handler - INFO - device_data_handler.py:376 - Device rr1 Zone 2: Turn detected: Turning Left from west. Direction locked to south. Moving to zone 1.
2025-10-21 05:33:37,470 - device_data_handler - INFO - device_data_handler.py:282 - Device rr1 Zone 2: Turn detected: Turning Left from west. Direction locked to south. Moving to zone 1.
2025-10-21 05:33:37,499 - device_data_handler - INFO - device_data_handler.py:376 - Device rr1 Zone 2: Turn detected: Turning Left from west. Direction locked to south. Moving to zone 1.
2025-10-21 05:33:38,476 - device_data_handler - INFO - device_data_handler.py:282 - Device rr1 Zone 2: Turn detected: Turning Left from west. Direction locked to south. Moving to zone 1.
2025-10-21 05:33:38,499 - device_data_handler - INFO - device_data_handler.py:376 - Device rr1 Zone 2: Turn detected: Turning Left from west. Direction locked to south. Moving to zone 1.
2025-10-21 05:33:39,474 - device_data_handler - INFO - device_data_handler.py:282 - Device rr1 Zone 2: Turn detected: Turning Left from west. Direction locked to south. Moving to zone 1.
2025-10-21 05:33:39,495 - device_data_handler - INFO - device_data_handler.py:376 - Device rr1 Zone 2: Turn detected: Turning Left from west. Direction locked to south. Moving to zone 1.
2025-10-21 05:33:40,481 - device_data_handler - INFO - device_data_handler.py:282 - Device rr1 Zone 2: Turn detected: Turning Left from west. Direction locked to south. Moving to zone 1.
2025-10-21 05:33:40,508 - device_data_handler - INFO - device_data_handler.py:376 - Device rr1 Zone 2: Turn detected: Turning Left from west. Direction locked to south. Moving to zone 1.
2025-10-21 05:33:41,470 - device_data_handler - INFO - device_data_handler.py:282 - Device rr1 Zone 2: Turn detected: Turning Left from west. Direction locked to south. Moving to zone 1.
2025-10-21 05:33:41,492 - device_data_handler - INFO - device_data_handler.py:376 - Device rr1 Zone 2: Turn detected: Turning Left from west. Direction locked to south. Moving to zone 1.
2025-10-21 05:33:42,127 - device_data_handler - INFO - device_data_handler.py:376 - Device rr1 Zone 2: Turn detected: Turning Left from west. Direction locked to south. Moving to zone 1.
2025-10-21 05:33:42,182 - device_data_handler - INFO - device_data_handler.py:282 - Device rr1 Zone 2: Turn detected: Turning Left from west. Direction locked to south. Moving to zone 1.
2025-10-21 05:33:42,210 - device_data_handler - INFO - device_data_handler.py:376 - Device rr1 Zone 2: Turn detected: Turning Left from west. Direction locked to south. Moving to zone 1.
2025-10-21 05:33:42,471 - device_data_handler - INFO - device_data_handler.py:282 - Device rr1 Zone 2: Turn detected: Turning Left from west. Direction locked to south. Moving to zone 1.
2025-10-21 05:33:42,575 - device_data_handler - INFO - device_data_handler.py:376 - Device rr1 Zone 2: Turn detected: Turning Left from west. Direction locked to south. Moving to zone 1.
2025-10-21 05:33:43,476 - device_data_handler - INFO - device_data_handler.py:282 - Device rr1 Zone 2: Turn detected: Turning Left from west. Direction locked to south. Moving to zone 1.
2025-10-21 05:33:43,516 - device_data_handler - INFO - device_data_handler.py:376 - Device rr1 Zone 2: Turn detected: Turning Left from west. Direction locked to south. Moving to zone 1.
2025-10-21 05:33:44,472 - device_data_handler - INFO - device_data_handler.py:282 - Device rr1 Zone 2: Turn detected: Turning Left from west. Direction locked to south. Moving to zone 1.
2025-10-21 05:33:44,509 - device_data_handler - INFO - device_data_handler.py:376 - Device rr1 Zone 2: Robot is stationary
2025-10-21 05:33:45,493 - device_data_handler - INFO - device_data_handler.py:282 - Device rr1 Zone 2: Robot is stationary
2025-10-21 05:33:45,521 - device_data_handler - INFO - device_data_handler.py:376 - Device rr1 Zone 2: Robot is stationary
2025-10-21 05:33:46,489 - device_data_handler - INFO - device_data_handler.py:282 - Device rr1 Zone 2: Robot is stationary
2025-10-21 05:33:46,517 - device_data_handler - INFO - device_data_handler.py:376 - Device rr1 Zone 2: Robot is stationary
2025-10-21 05:33:47,122 - device_data_handler - INFO - device_data_handler.py:376 - Device rr1 Zone 2: Robot is stationary
2025-10-21 05:33:47,165 - device_data_handler - INFO - device_data_handler.py:282 - Device rr1 Zone 2: Robot is stationary
2025-10-21 05:33:47,187 - device_data_handler - INFO - device_data_handler.py:376 - Device rr1 Zone 2: Robot is stationary
2025-10-21 05:33:47,551 - device_data_handler - INFO - device_data_handler.py:282 - Device rr1 Zone 2: Robot is stationary
2025-10-21 05:33:47,576 - device_data_handler - INFO - device_data_handler.py:376 - Device rr1 Zone 2: Robot is stationary
2025-10-21 05:33:48,527 - device_data_handler - INFO - device_data_handler.py:282 - Device rr1 Zone 2: Robot is stationary
2025-10-21 05:33:48,567 - device_data_handler - INFO - device_data_handler.py:376 - Device rr1 Zone 2: Robot is stationary
2025-10-21 05:33:49,473 - device_data_handler - INFO - device_data_handler.py:282 - Device rr1 Zone 2: Robot is stationary
2025-10-21 05:33:49,499 - device_data_handler - INFO - device_data_handler.py:376 - Device rr1 Zone 2: Robot is stationary
2025-10-21 05:33:50,496 - device_data_handler - INFO - device_data_handler.py:282 - Device rr1 Zone 2: Robot is stationary
2025-10-21 05:33:50,520 - device_data_handler - INFO - device_data_handler.py:376 - Device rr1 Zone 2: Robot is stationary
2025-10-21 05:33:51,497 - device_data_handler - INFO - device_data_handler.py:282 - Device rr1 Zone 2: Robot is stationary
2025-10-21 05:33:51,520 - device_data_handler - INFO - device_data_handler.py:376 - Device rr1 Zone 2: Robot is stationary
2025-10-21 05:33:52,133 - device_data_handler - INFO - device_data_handler.py:376 - Device rr1 Zone 2: Robot is stationary
2025-10-21 05:33:52,180 - device_data_handler - INFO - device_data_handler.py:282 - Device rr1 Zone 2: Robot is stationary
2025-10-21 05:33:52,201 - device_data_handler - INFO - device_data_handler.py:376 - Device rr1 Zone 2: Robot is stationary
2025-10-21 05:33:52,582 - device_data_handler - INFO - device_data_handler.py:282 - Device rr1 Zone 2: Robot is stationary
2025-10-21 05:33:52,614 - device_data_handler - INFO - device_data_handler.py:376 - Device rr1 Zone 2: Robot is stationary
2025-10-21 05:33:53,489 - device_data_handler - INFO - device_data_handler.py:282 - Device rr1 Zone 2: Robot is stationary
2025-10-21 05:33:53,514 - device_data_handler - INFO - device_data_handler.py:376 - Device rr1 Zone 2: Robot is stationary
2025-10-21 05:33:54,496 - device_data_handler - INFO - device_data_handler.py:282 - Device rr1 Zone 2: Robot is stationary
2025-10-21 05:33:54,524 - device_data_handler - INFO - device_data_handler.py:376 - Device rr1 Zone 2: Robot is stationary
2025-10-21 05:33:55,486 - device_data_handler - INFO - device_data_handler.py:282 - Device rr1 Zone 2: Robot is stationary
2025-10-21 05:33:55,510 - device_data_handler - INFO - device_data_handler.py:376 - Device rr1 Zone 2: Robot is stationary
2025-10-21 05:33:56,504 - device_data_handler - INFO - device_data_handler.py:282 - Device rr1 Zone 2: Robot is stationary
2025-10-21 05:33:56,526 - device_data_handler - INFO - device_data_handler.py:376 - Device rr1 Zone 2: Robot is stationary
2025-10-21 05:33:57,147 - device_data_handler - INFO - device_data_handler.py:376 - Device rr1 Zone 2: Robot is stationary
2025-10-21 05:33:57,193 - device_data_handler - INFO - device_data_handler.py:282 - Device rr1 Zone 2: Robot is stationary
2025-10-21 05:33:57,217 - device_data_handler - INFO - device_data_handler.py:376 - Device rr1 Zone 2: Robot is stationary
2025-10-21 05:33:57,492 - device_data_handler - INFO - device_data_handler.py:282 - Device rr1 Zone 2: Robot is stationary
2025-10-21 05:33:57,516 - device_data_handler - INFO - device_data_handler.py:376 - Device rr1 Zone 2: Robot is stationary
2025-10-21 05:33:58,487 - device_data_handler - INFO - device_data_handler.py:282 - Device rr1 Zone 2: Robot is stationary
2025-10-21 05:33:58,510 - device_data_handler - INFO - device_data_handler.py:376 - Device rr1 Zone 2: Robot is stationary
2025-10-21 05:33:59,494 - device_data_handler - INFO - device_data_handler.py:282 - Device rr1 Zone 2: Robot is stationary
2025-10-21 05:33:59,516 - device_data_handler - INFO - device_data_handler.py:376 - Device rr1 Zone 2: Robot is stationary
2025-10-21 05:34:00,517 - device_data_handler - INFO - device_data_handler.py:282 - Device rr1 Zone 2: Moving South towards zone 1 (direction locked by left turn)
2025-10-21 05:34:00,550 - device_data_handler - INFO - device_data_handler.py:376 - Device rr1 Zone 2: Moving South towards zone 1 (direction locked by left turn)
2025-10-21 05:34:00,896 - device_list - INFO - device_list.py:316 - Refreshing device data...
2025-10-21 05:34:00,948 - device_list - INFO - device_list.py:336 - Loaded 4 devices from CSV
2025-10-21 05:34:01,492 - device_data_handler - INFO - device_data_handler.py:282 - Device rr1 Zone 2: Moving South towards zone 1 (direction locked by left turn)
2025-10-21 05:34:01,516 - device_data_handler - INFO - device_data_handler.py:376 - Device rr1 Zone 2: Moving South towards zone 1 (direction locked by left turn)
2025-10-21 05:34:04,105 - api_client - WARNING - client.py:80 - Request attempt 1 failed: HTTPConnectionPool(host='127.0.0.1', port=8000): Max retries exceeded with url: /api/ (Caused by NewConnectionError('<urllib3.connection.HTTPConnection object at 0x000001C784A4F240>: Failed to establish a new connection: [WinError 10061] No connection could be made because the target machine actively refused it'))
2025-10-21 05:34:06,139 - api_client - WARNING - client.py:80 - Request attempt 2 failed: HTTPConnectionPool(host='127.0.0.1', port=8000): Max retries exceeded with url: /api/ (Caused by NewConnectionError('<urllib3.connection.HTTPConnection object at 0x000001C784A4EF10>: Failed to establish a new connection: [WinError 10061] No connection could be made because the target machine actively refused it'))
2025-10-21 05:34:08,180 - api_client - WARNING - client.py:80 - Request attempt 3 failed: HTTPConnectionPool(host='127.0.0.1', port=8000): Max retries exceeded with url: /api/ (Caused by NewConnectionError('<urllib3.connection.HTTPConnection object at 0x000001C784A4E580>: Failed to establish a new connection: [WinError 10061] No connection could be made because the target machine actively refused it'))
2025-10-21 05:34:08,195 - device_location_syncer - INFO - sync_device_locations.py:227 - Updated device rr1: distance 0.00 -> 100.00
2025-10-21 05:34:08,197 - device_location_syncer - INFO - sync_device_locations.py:150 - Created backup: data\backup\devices_20251021_053408.csv
2025-10-21 05:34:08,198 - device_location_syncer - INFO - sync_device_locations.py:160 - Successfully updated devices CSV with 4 devices
2025-10-21 05:34:08,198 - device_location_syncer - INFO - sync_device_locations.py:246 - Sync completed successfully. Updated 1 devices.
2025-10-21 05:34:08,233 - device_data_handler - INFO - device_data_handler.py:376 - Device rr1 Zone 2: Moving South towards zone 1 (direction locked by left turn)
2025-10-21 05:34:08,275 - device_data_handler - INFO - device_data_handler.py:282 - Device rr1 Zone 2: Moving South towards zone 1 (direction locked by left turn)
2025-10-21 05:34:08,296 - device_data_handler - INFO - device_data_handler.py:376 - Device rr1 Zone 2: Moving South towards zone 1 (direction locked by left turn)
2025-10-21 05:34:08,359 - device_data_handler - INFO - device_data_handler.py:282 - Device rr1 Zone 2: Moving South towards zone 1 (direction locked by left turn)
2025-10-21 05:34:08,383 - device_data_handler - INFO - device_data_handler.py:376 - Device rr1 Zone 2: Moving South towards zone 1 (direction locked by left turn)
2025-10-21 05:34:08,521 - device_data_handler - INFO - device_data_handler.py:282 - Device rr1 Zone 2: Moving South towards zone 1 (direction locked by left turn)
2025-10-21 05:34:08,542 - device_data_handler - INFO - device_data_handler.py:376 - Device rr1 Zone 2: Moving South towards zone 1 (direction locked by left turn)
2025-10-21 05:34:09,554 - device_data_handler - INFO - device_data_handler.py:282 - Device rr1 Zone 2: Moving South towards zone 1 (direction locked by left turn)
2025-10-21 05:34:09,593 - device_data_handler - INFO - device_data_handler.py:376 - Device rr1 Zone 2: Moving South towards zone 1 (direction locked by left turn)
2025-10-21 05:34:10,511 - device_data_handler - INFO - device_data_handler.py:282 - Device rr1 Zone 2: Moving South towards zone 1 (direction locked by left turn)
2025-10-21 05:34:10,533 - device_data_handler - INFO - device_data_handler.py:376 - Device rr1 Zone 2: Moving South towards zone 1 (direction locked by left turn)
2025-10-21 05:34:11,504 - device_data_handler - INFO - device_data_handler.py:282 - Device rr1 Zone 2: Moving South towards zone 1 (direction locked by left turn)
2025-10-21 05:34:11,526 - device_data_handler - INFO - device_data_handler.py:376 - Device rr1 Zone 2: Moving South towards zone 1 (direction locked by left turn)
2025-10-21 05:34:12,121 - device_data_handler - INFO - device_data_handler.py:376 - Device rr1 Zone 2: Moving South towards zone 1 (direction locked by left turn)
2025-10-21 05:34:12,164 - device_data_handler - INFO - device_data_handler.py:282 - Device rr1 Zone 2: Moving South towards zone 1 (direction locked by left turn)
2025-10-21 05:34:12,187 - device_data_handler - INFO - device_data_handler.py:376 - Device rr1 Zone 2: Moving South towards zone 1 (direction locked by left turn)
2025-10-21 05:34:12,549 - device_data_handler - INFO - device_data_handler.py:282 - Device rr1 Zone 2: Moving South towards zone 1 (direction locked by left turn)
2025-10-21 05:34:12,574 - device_data_handler - INFO - device_data_handler.py:376 - Device rr1 Zone 2: Moving South towards zone 1 (direction locked by left turn)
2025-10-21 05:34:13,511 - device_data_handler - INFO - device_data_handler.py:282 - Device rr1 Zone 2: Moving South towards zone 1 (direction locked by left turn)
2025-10-21 05:34:13,535 - device_data_handler - INFO - device_data_handler.py:376 - Device rr1 Zone 2: Moving South towards zone 1 (direction locked by left turn)
2025-10-21 05:34:14,501 - device_data_handler - INFO - device_data_handler.py:282 - Device rr1 Zone 2: Moving South towards zone 1 (direction locked by left turn)
2025-10-21 05:34:14,525 - device_data_handler - INFO - device_data_handler.py:376 - Device rr1 Zone 2: Moving South towards zone 1 (direction locked by left turn)
2025-10-21 05:34:15,516 - device_data_handler - INFO - device_data_handler.py:282 - Device rr1 Zone 2: Moving South towards zone 1 (direction locked by left turn)
2025-10-21 05:34:15,546 - device_data_handler - INFO - device_data_handler.py:376 - Device rr1 Zone 2: Moving South towards zone 1 (direction locked by left turn)
2025-10-21 05:34:16,502 - device_data_handler - INFO - device_data_handler.py:282 - Device rr1 Zone 2: Moving South towards zone 1 (direction locked by left turn)
2025-10-21 05:34:16,525 - device_data_handler - INFO - device_data_handler.py:376 - Device rr1 Zone 2: Moving South towards zone 1 (direction locked by left turn)
2025-10-21 05:34:17,129 - device_data_handler - INFO - device_data_handler.py:376 - Device rr1 Zone 2: Moving South towards zone 1 (direction locked by left turn)
2025-10-21 05:34:17,176 - device_data_handler - INFO - device_data_handler.py:282 - Device rr1 Zone 2: Moving South towards zone 1 (direction locked by left turn)
2025-10-21 05:34:17,198 - device_data_handler - INFO - device_data_handler.py:376 - Device rr1 Zone 2: Moving South towards zone 1 (direction locked by left turn)
2025-10-21 05:34:17,510 - device_data_handler - INFO - device_data_handler.py:282 - Device rr1 Zone 2: Moving South towards zone 1 (direction locked by left turn)
2025-10-21 05:34:17,534 - device_data_handler - INFO - device_data_handler.py:376 - Device rr1 Zone 2: Moving South towards zone 1 (direction locked by left turn)
2025-10-21 05:34:18,506 - device_data_handler - INFO - device_data_handler.py:282 - Device rr1 Zone 2: Moving South towards zone 1 (direction locked by left turn)
2025-10-21 05:34:18,531 - device_data_handler - INFO - device_data_handler.py:376 - Device rr1 Zone 2: Moving South towards zone 1 (direction locked by left turn)
2025-10-21 05:34:19,566 - device_data_handler - INFO - device_data_handler.py:282 - Device rr1 Zone 1: Robot is stationary
2025-10-21 05:34:19,600 - device_data_handler - INFO - device_data_handler.py:376 - Device rr1 Zone 1: Robot is stationary
2025-10-21 05:34:20,502 - device_data_handler - INFO - device_data_handler.py:282 - Device rr1 Zone 1: Robot is stationary
2025-10-21 05:34:20,526 - device_data_handler - INFO - device_data_handler.py:376 - Device rr1 Zone 1: Robot is stationary
2025-10-21 05:34:21,513 - device_data_handler - INFO - device_data_handler.py:282 - Device rr1 Zone 1: Robot is stationary
2025-10-21 05:34:21,537 - device_data_handler - INFO - device_data_handler.py:376 - Device rr1 Zone 1: Robot is stationary
2025-10-21 05:34:22,121 - device_data_handler - INFO - device_data_handler.py:376 - Device rr1 Zone 1: Robot is stationary
2025-10-21 05:34:22,164 - device_data_handler - INFO - device_data_handler.py:282 - Device rr1 Zone 1: Robot is stationary
2025-10-21 05:34:22,198 - device_data_handler - INFO - device_data_handler.py:376 - Device rr1 Zone 1: Robot is stationary
2025-10-21 05:34:22,559 - device_data_handler - INFO - device_data_handler.py:282 - Device rr1 Zone 1: Robot is stationary
2025-10-21 05:34:22,607 - device_data_handler - INFO - device_data_handler.py:376 - Device rr1 Zone 1: Robot is stationary
2025-10-21 05:34:23,511 - device_data_handler - INFO - device_data_handler.py:282 - Device rr1 Zone 1: Robot is stationary
2025-10-21 05:34:23,538 - device_data_handler - INFO - device_data_handler.py:376 - Device rr1 Zone 1: Robot is stationary
2025-10-21 05:34:24,511 - device_data_handler - INFO - device_data_handler.py:282 - Device rr1 Zone 1: Robot is stationary
2025-10-21 05:34:24,543 - device_data_handler - INFO - device_data_handler.py:376 - Device rr1 Zone 1: Robot is stationary
2025-10-21 05:34:25,509 - device_data_handler - INFO - device_data_handler.py:282 - Device rr1 Zone 1: Robot is stationary
2025-10-21 05:34:25,536 - device_data_handler - INFO - device_data_handler.py:376 - Device rr1 Zone 1: Robot is stationary
2025-10-21 05:34:26,499 - device_data_handler - INFO - device_data_handler.py:282 - Device rr1 Zone 1: Robot is stationary
2025-10-21 05:34:26,520 - device_data_handler - INFO - device_data_handler.py:376 - Device rr1 Zone 1: Robot is stationary
2025-10-21 05:34:27,121 - device_data_handler - INFO - device_data_handler.py:376 - Device rr1 Zone 1: Robot is stationary
2025-10-21 05:34:27,246 - device_data_handler - INFO - device_data_handler.py:282 - Device rr1 Zone 1: Robot is stationary
2025-10-21 05:34:27,272 - device_data_handler - INFO - device_data_handler.py:376 - Device rr1 Zone 1: Robot is stationary
2025-10-21 05:34:27,511 - device_data_handler - INFO - device_data_handler.py:282 - Device rr1 Zone 1: Robot is stationary
2025-10-21 05:34:27,537 - device_data_handler - INFO - device_data_handler.py:376 - Device rr1 Zone 1: Robot is stationary
2025-10-21 05:34:28,505 - device_data_handler - INFO - device_data_handler.py:282 - Device rr1 Zone 1: Robot is stationary
2025-10-21 05:34:28,593 - device_data_handler - INFO - device_data_handler.py:376 - Device rr1 Zone 1: Robot is stationary
2025-10-21 05:34:29,505 - device_data_handler - INFO - device_data_handler.py:282 - Device rr1 Zone 1: Robot is stationary
2025-10-21 05:34:29,530 - device_data_handler - INFO - device_data_handler.py:376 - Device rr1 Zone 1: Robot is stationary
2025-10-21 05:34:30,521 - device_data_handler - INFO - device_data_handler.py:282 - Device rr1 Zone 1: Turn detected: U-Turn south -> north. Direction locked to north. Moving to zone 2.
2025-10-21 05:34:30,552 - device_data_handler - INFO - device_data_handler.py:376 - Device rr1 Zone 1: Turn detected: U-Turn south -> north. Direction locked to north. Moving to zone 2.
2025-10-21 05:34:30,962 - device_list - INFO - device_list.py:316 - Refreshing device data...
2025-10-21 05:34:31,048 - device_list - INFO - device_list.py:336 - Loaded 4 devices from CSV
2025-10-21 05:34:31,517 - device_data_handler - INFO - device_data_handler.py:282 - Device rr1 Zone 1: Turn detected: U-Turn south -> north. Direction locked to north. Moving to zone 2.
2025-10-21 05:34:31,547 - device_data_handler - INFO - device_data_handler.py:376 - Device rr1 Zone 1: Turn detected: U-Turn south -> north. Direction locked to north. Moving to zone 2.
2025-10-21 05:34:32,091 - device_location_syncer - INFO - sync_device_locations.py:221 - Updated device rr1: location 2 -> 1
2025-10-21 05:34:32,091 - device_location_syncer - INFO - sync_device_locations.py:227 - Updated device rr1: distance 100.00 -> 1100.00
2025-10-21 05:34:32,093 - device_location_syncer - INFO - sync_device_locations.py:150 - Created backup: data\backup\devices_20251021_053432.csv
2025-10-21 05:34:32,094 - device_location_syncer - INFO - sync_device_locations.py:160 - Successfully updated devices CSV with 4 devices
2025-10-21 05:34:32,094 - device_location_syncer - INFO - sync_device_locations.py:246 - Sync completed successfully. Updated 1 devices.
2025-10-21 05:34:32,143 - device_data_handler - INFO - device_data_handler.py:376 - Device rr1 Zone 1: Turn detected: U-Turn south -> north. Direction locked to north. Moving to zone 2.
2025-10-21 05:34:32,190 - device_data_handler - INFO - device_data_handler.py:282 - Device rr1 Zone 1: Turn detected: U-Turn south -> north. Direction locked to north. Moving to zone 2.
2025-10-21 05:34:32,212 - device_data_handler - INFO - device_data_handler.py:376 - Device rr1 Zone 1: Turn detected: U-Turn south -> north. Direction locked to north. Moving to zone 2.
2025-10-21 05:34:32,511 - device_data_handler - INFO - device_data_handler.py:282 - Device rr1 Zone 1: Turn detected: U-Turn south -> north. Direction locked to north. Moving to zone 2.
2025-10-21 05:34:32,533 - device_data_handler - INFO - device_data_handler.py:376 - Device rr1 Zone 1: Turn detected: U-Turn south -> north. Direction locked to north. Moving to zone 2.
2025-10-21 05:34:33,510 - device_data_handler - INFO - device_data_handler.py:282 - Device rr1 Zone 1: Turn detected: U-Turn south -> north. Direction locked to north. Moving to zone 2.
2025-10-21 05:34:33,535 - device_data_handler - INFO - device_data_handler.py:376 - Device rr1 Zone 1: Turn detected: U-Turn south -> north. Direction locked to north. Moving to zone 2.
2025-10-21 05:34:34,510 - device_data_handler - INFO - device_data_handler.py:282 - Device rr1 Zone 1: Turn detected: U-Turn south -> north. Direction locked to north. Moving to zone 2.
2025-10-21 05:34:34,540 - device_data_handler - INFO - device_data_handler.py:376 - Device rr1 Zone 1: Turn detected: U-Turn south -> north. Direction locked to north. Moving to zone 2.
2025-10-21 05:34:35,515 - device_data_handler - INFO - device_data_handler.py:282 - Device rr1 Zone 1: Turn detected: U-Turn south -> north. Direction locked to north. Moving to zone 2.
2025-10-21 05:34:35,541 - device_data_handler - INFO - device_data_handler.py:376 - Device rr1 Zone 1: Turn detected: U-Turn south -> north. Direction locked to north. Moving to zone 2.
2025-10-21 05:34:36,508 - device_data_handler - INFO - device_data_handler.py:282 - Device rr1 Zone 1: Turn detected: U-Turn south -> north. Direction locked to north. Moving to zone 2.
2025-10-21 05:34:36,534 - device_data_handler - INFO - device_data_handler.py:376 - Device rr1 Zone 1: Turn detected: U-Turn south -> north. Direction locked to north. Moving to zone 2.
2025-10-21 05:34:37,122 - device_data_handler - INFO - device_data_handler.py:376 - Device rr1 Zone 1: Turn detected: U-Turn south -> north. Direction locked to north. Moving to zone 2.
2025-10-21 05:34:37,163 - device_data_handler - INFO - device_data_handler.py:282 - Device rr1 Zone 1: Turn detected: U-Turn south -> north. Direction locked to north. Moving to zone 2.
2025-10-21 05:34:37,191 - device_data_handler - INFO - device_data_handler.py:376 - Device rr1 Zone 1: Turn detected: U-Turn south -> north. Direction locked to north. Moving to zone 2.
2025-10-21 05:34:37,596 - device_data_handler - INFO - device_data_handler.py:282 - Device rr1 Zone 1: Turn detected: U-Turn south -> north. Direction locked to north. Moving to zone 2.
2025-10-21 05:34:37,637 - device_data_handler - INFO - device_data_handler.py:376 - Device rr1 Zone 1: Turn detected: U-Turn south -> north. Direction locked to north. Moving to zone 2.
2025-10-21 05:34:38,534 - device_data_handler - INFO - device_data_handler.py:282 - Device rr1 Zone 1: Turn detected: U-Turn south -> north. Direction locked to north. Moving to zone 2.
2025-10-21 05:34:38,558 - device_data_handler - INFO - device_data_handler.py:376 - Device rr1 Zone 1: Turn detected: U-Turn south -> north. Direction locked to north. Moving to zone 2.
2025-10-21 05:34:39,531 - device_data_handler - INFO - device_data_handler.py:282 - Device rr1 Zone 1: Robot is stationary
2025-10-21 05:34:39,562 - device_data_handler - INFO - device_data_handler.py:376 - Device rr1 Zone 1: Robot is stationary
2025-10-21 05:34:40,528 - device_data_handler - INFO - device_data_handler.py:282 - Device rr1 Zone 1: Robot is stationary
2025-10-21 05:34:40,552 - device_data_handler - INFO - device_data_handler.py:376 - Device rr1 Zone 1: Robot is stationary
2025-10-21 05:34:41,530 - device_data_handler - INFO - device_data_handler.py:282 - Device rr1 Zone 1: Robot is stationary
2025-10-21 05:34:41,552 - device_data_handler - INFO - device_data_handler.py:376 - Device rr1 Zone 1: Robot is stationary
2025-10-21 05:34:42,133 - device_data_handler - INFO - device_data_handler.py:376 - Device rr1 Zone 1: Robot is stationary
2025-10-21 05:34:42,186 - device_data_handler - INFO - device_data_handler.py:282 - Device rr1 Zone 1: Robot is stationary
2025-10-21 05:34:42,210 - device_data_handler - INFO - device_data_handler.py:376 - Device rr1 Zone 1: Robot is stationary
2025-10-21 05:34:42,525 - device_data_handler - INFO - device_data_handler.py:282 - Device rr1 Zone 1: Robot is stationary
2025-10-21 05:34:42,551 - device_data_handler - INFO - device_data_handler.py:376 - Device rr1 Zone 1: Robot is stationary
2025-10-21 05:34:43,524 - device_data_handler - INFO - device_data_handler.py:282 - Device rr1 Zone 1: Robot is stationary
2025-10-21 05:34:43,548 - device_data_handler - INFO - device_data_handler.py:376 - Device rr1 Zone 1: Robot is stationary
2025-10-21 05:34:44,519 - device_data_handler - INFO - device_data_handler.py:282 - Device rr1 Zone 1: Robot is stationary
2025-10-21 05:34:44,542 - device_data_handler - INFO - device_data_handler.py:376 - Device rr1 Zone 1: Robot is stationary
2025-10-21 05:34:45,541 - device_data_handler - INFO - device_data_handler.py:282 - Device rr1 Zone 1: Robot is stationary
2025-10-21 05:34:45,564 - device_data_handler - INFO - device_data_handler.py:376 - Device rr1 Zone 1: Robot is stationary
2025-10-21 05:34:46,537 - device_data_handler - INFO - device_data_handler.py:282 - Device rr1 Zone 1: Robot is stationary
2025-10-21 05:34:46,560 - device_data_handler - INFO - device_data_handler.py:376 - Device rr1 Zone 1: Robot is stationary
2025-10-21 05:34:47,124 - device_data_handler - INFO - device_data_handler.py:376 - Device rr1 Zone 1: Robot is stationary
2025-10-21 05:34:47,167 - device_data_handler - INFO - device_data_handler.py:282 - Device rr1 Zone 1: Robot is stationary
2025-10-21 05:34:47,192 - device_data_handler - INFO - device_data_handler.py:376 - Device rr1 Zone 1: Robot is stationary
2025-10-21 05:34:47,542 - device_data_handler - INFO - device_data_handler.py:282 - Device rr1 Zone 1: Robot is stationary
2025-10-21 05:34:47,566 - device_data_handler - INFO - device_data_handler.py:376 - Device rr1 Zone 1: Robot is stationary
2025-10-21 05:34:48,531 - device_data_handler - INFO - device_data_handler.py:282 - Device rr1 Zone 1: Robot is stationary
2025-10-21 05:34:48,554 - device_data_handler - INFO - device_data_handler.py:376 - Device rr1 Zone 1: Robot is stationary
2025-10-21 05:34:49,543 - device_data_handler - INFO - device_data_handler.py:282 - Device rr1 Zone 1: Robot is stationary
2025-10-21 05:34:49,565 - device_data_handler - INFO - device_data_handler.py:376 - Device rr1 Zone 1: Robot is stationary
2025-10-21 05:34:50,533 - device_data_handler - INFO - device_data_handler.py:282 - Device rr1 Zone 1: Robot is stationary
2025-10-21 05:34:50,554 - device_data_handler - INFO - device_data_handler.py:376 - Device rr1 Zone 1: Robot is stationary
2025-10-21 05:34:51,537 - device_data_handler - INFO - device_data_handler.py:282 - Device rr1 Zone 1: Robot is stationary
2025-10-21 05:34:51,561 - device_data_handler - INFO - device_data_handler.py:376 - Device rr1 Zone 1: Robot is stationary
2025-10-21 05:34:52,128 - device_data_handler - INFO - device_data_handler.py:376 - Device rr1 Zone 1: Robot is stationary
2025-10-21 05:34:52,171 - device_data_handler - INFO - device_data_handler.py:282 - Device rr1 Zone 1: Robot is stationary
2025-10-21 05:34:52,195 - device_data_handler - INFO - device_data_handler.py:376 - Device rr1 Zone 1: Robot is stationary
2025-10-21 05:34:52,544 - device_data_handler - INFO - device_data_handler.py:282 - Device rr1 Zone 1: Robot is stationary
2025-10-21 05:34:52,573 - device_data_handler - INFO - device_data_handler.py:376 - Device rr1 Zone 1: Robot is stationary
2025-10-21 05:34:53,543 - device_data_handler - INFO - device_data_handler.py:282 - Device rr1 Zone 1: Robot is stationary
2025-10-21 05:34:53,567 - device_data_handler - INFO - device_data_handler.py:376 - Device rr1 Zone 1: Robot is stationary
2025-10-21 05:34:54,538 - device_data_handler - INFO - device_data_handler.py:282 - Device rr1 Zone 1: Robot is stationary
2025-10-21 05:34:54,561 - device_data_handler - INFO - device_data_handler.py:376 - Device rr1 Zone 1: Robot is stationary
2025-10-21 05:34:55,534 - device_data_handler - INFO - device_data_handler.py:282 - Device rr1 Zone 1: Robot is stationary
2025-10-21 05:34:55,558 - device_data_handler - INFO - device_data_handler.py:376 - Device rr1 Zone 1: Robot is stationary
2025-10-21 05:34:56,532 - device_data_handler - INFO - device_data_handler.py:282 - Device rr1 Zone 1: Robot is stationary
2025-10-21 05:34:56,555 - device_data_handler - INFO - device_data_handler.py:376 - Device rr1 Zone 1: Robot is stationary
2025-10-21 05:34:57,125 - device_data_handler - INFO - device_data_handler.py:376 - Device rr1 Zone 1: Robot is stationary
2025-10-21 05:34:57,167 - device_data_handler - INFO - device_data_handler.py:282 - Device rr1 Zone 1: Robot is stationary
2025-10-21 05:34:57,191 - device_data_handler - INFO - device_data_handler.py:376 - Device rr1 Zone 1: Robot is stationary
2025-10-21 05:34:57,540 - device_data_handler - INFO - device_data_handler.py:282 - Device rr1 Zone 1: Robot is stationary
2025-10-21 05:34:57,565 - device_data_handler - INFO - device_data_handler.py:376 - Device rr1 Zone 1: Robot is stationary
2025-10-21 05:34:58,546 - device_data_handler - INFO - device_data_handler.py:282 - Device rr1 Zone 1: Robot is stationary
2025-10-21 05:34:58,571 - device_data_handler - INFO - device_data_handler.py:376 - Device rr1 Zone 1: Robot is stationary
2025-10-21 05:34:59,546 - device_data_handler - INFO - device_data_handler.py:282 - Device rr1 Zone 1: Robot is stationary
2025-10-21 05:34:59,568 - device_data_handler - INFO - device_data_handler.py:376 - Device rr1 Zone 1: Robot is stationary
2025-10-21 05:35:00,583 - device_data_handler - INFO - device_data_handler.py:282 - Device rr1 Zone 1: Robot is stationary
2025-10-21 05:35:00,608 - device_data_handler - INFO - device_data_handler.py:376 - Device rr1 Zone 1: Robot is stationary
2025-10-21 05:35:00,892 - device_list - INFO - device_list.py:316 - Refreshing device data...
2025-10-21 05:35:00,930 - device_list - INFO - device_list.py:336 - Loaded 4 devices from CSV
2025-10-21 05:35:01,553 - device_data_handler - INFO - device_data_handler.py:282 - Device rr1 Zone 1: Robot is stationary
2025-10-21 05:35:01,576 - device_data_handler - INFO - device_data_handler.py:376 - Device rr1 Zone 1: Robot is stationary
2025-10-21 05:35:04,089 - api_client - WARNING - client.py:80 - Request attempt 1 failed: HTTPConnectionPool(host='127.0.0.1', port=8000): Max retries exceeded with url: /api/ (Caused by NewConnectionError('<urllib3.connection.HTTPConnection object at 0x000001C784A4E690>: Failed to establish a new connection: [WinError 10061] No connection could be made because the target machine actively refused it'))
2025-10-21 05:35:06,128 - api_client - WARNING - client.py:80 - Request attempt 2 failed: HTTPConnectionPool(host='127.0.0.1', port=8000): Max retries exceeded with url: /api/ (Caused by NewConnectionError('<urllib3.connection.HTTPConnection object at 0x000001C784A4EF10>: Failed to establish a new connection: [WinError 10061] No connection could be made because the target machine actively refused it'))
2025-10-21 05:35:08,164 - api_client - WARNING - client.py:80 - Request attempt 3 failed: HTTPConnectionPool(host='127.0.0.1', port=8000): Max retries exceeded with url: /api/ (Caused by NewConnectionError('<urllib3.connection.HTTPConnection object at 0x000001C784A4F240>: Failed to establish a new connection: [WinError 10061] No connection could be made because the target machine actively refused it'))
2025-10-21 05:35:08,177 - device_location_syncer - INFO - sync_device_locations.py:227 - Updated device rr1: distance 1100.00 -> 0.00
2025-10-21 05:35:08,180 - device_location_syncer - INFO - sync_device_locations.py:150 - Created backup: data\backup\devices_20251021_053508.csv
2025-10-21 05:35:08,182 - device_location_syncer - INFO - sync_device_locations.py:160 - Successfully updated devices CSV with 4 devices
2025-10-21 05:35:08,183 - device_location_syncer - INFO - sync_device_locations.py:246 - Sync completed successfully. Updated 1 devices.
2025-10-21 05:35:08,221 - device_data_handler - INFO - device_data_handler.py:376 - Device rr1 Zone 1: Robot is stationary
2025-10-21 05:35:08,266 - device_data_handler - INFO - device_data_handler.py:282 - Device rr1 Zone 1: Robot is stationary
2025-10-21 05:35:08,289 - device_data_handler - INFO - device_data_handler.py:376 - Device rr1 Zone 1: Robot is stationary
2025-10-21 05:35:08,351 - device_data_handler - INFO - device_data_handler.py:282 - Device rr1 Zone 1: Robot is stationary
2025-10-21 05:35:08,390 - device_data_handler - INFO - device_data_handler.py:376 - Device rr1 Zone 1: Robot is stationary
2025-10-21 05:35:08,552 - device_data_handler - INFO - device_data_handler.py:282 - Device rr1 Zone 1: Robot is stationary
2025-10-21 05:35:08,574 - device_data_handler - INFO - device_data_handler.py:376 - Device rr1 Zone 1: Robot is stationary
2025-10-21 05:35:09,548 - device_data_handler - INFO - device_data_handler.py:282 - Device rr1 Zone 1: Robot is stationary
2025-10-21 05:35:09,571 - device_data_handler - INFO - device_data_handler.py:376 - Device rr1 Zone 1: Robot is stationary
2025-10-21 05:35:10,548 - device_data_handler - INFO - device_data_handler.py:282 - Device rr1 Zone 1: Robot is stationary
2025-10-21 05:35:10,571 - device_data_handler - INFO - device_data_handler.py:376 - Device rr1 Zone 1: Robot is stationary
2025-10-21 05:35:11,547 - device_data_handler - INFO - device_data_handler.py:282 - Device rr1 Zone 1: Robot is stationary
2025-10-21 05:35:11,568 - device_data_handler - INFO - device_data_handler.py:376 - Device rr1 Zone 1: Robot is stationary
2025-10-21 05:35:12,127 - device_data_handler - INFO - device_data_handler.py:376 - Device rr1 Zone 1: Robot is stationary
2025-10-21 05:35:12,167 - device_data_handler - INFO - device_data_handler.py:282 - Device rr1 Zone 1: Robot is stationary
2025-10-21 05:35:12,190 - device_data_handler - INFO - device_data_handler.py:376 - Device rr1 Zone 1: Robot is stationary
2025-10-21 05:35:12,546 - device_data_handler - INFO - device_data_handler.py:282 - Device rr1 Zone 1: Robot is stationary
2025-10-21 05:35:12,568 - device_data_handler - INFO - device_data_handler.py:376 - Device rr1 Zone 1: Robot is stationary
2025-10-21 05:35:13,552 - device_data_handler - INFO - device_data_handler.py:282 - Device rr1 Zone 1: Robot is stationary
2025-10-21 05:35:13,574 - device_data_handler - INFO - device_data_handler.py:376 - Device rr1 Zone 1: Robot is stationary
2025-10-21 05:35:14,550 - device_data_handler - INFO - device_data_handler.py:282 - Device rr1 Zone 1: Robot is stationary
2025-10-21 05:35:14,571 - device_data_handler - INFO - device_data_handler.py:376 - Device rr1 Zone 1: Robot is stationary
2025-10-21 05:35:15,554 - device_data_handler - INFO - device_data_handler.py:282 - Device rr1 Zone 1: Robot is stationary
2025-10-21 05:35:15,577 - device_data_handler - INFO - device_data_handler.py:376 - Device rr1 Zone 1: Robot is stationary
2025-10-21 05:35:16,545 - device_data_handler - INFO - device_data_handler.py:282 - Device rr1 Zone 1: Robot is stationary
2025-10-21 05:35:16,566 - device_data_handler - INFO - device_data_handler.py:376 - Device rr1 Zone 1: Robot is stationary
2025-10-21 05:35:17,124 - device_data_handler - INFO - device_data_handler.py:376 - Device rr1 Zone 1: Robot is stationary
2025-10-21 05:35:17,164 - device_data_handler - INFO - device_data_handler.py:282 - Device rr1 Zone 1: Robot is stationary
2025-10-21 05:35:17,186 - device_data_handler - INFO - device_data_handler.py:376 - Device rr1 Zone 1: Robot is stationary
2025-10-21 05:35:17,586 - device_data_handler - INFO - device_data_handler.py:282 - Device rr1 Zone 1: Robot is stationary
2025-10-21 05:35:17,608 - device_data_handler - INFO - device_data_handler.py:376 - Device rr1 Zone 1: Robot is stationary
2025-10-21 05:35:18,561 - device_data_handler - INFO - device_data_handler.py:282 - Device rr1 Zone 1: Robot is stationary
2025-10-21 05:35:18,584 - device_data_handler - INFO - device_data_handler.py:376 - Device rr1 Zone 1: Robot is stationary
2025-10-21 05:35:19,565 - device_data_handler - INFO - device_data_handler.py:282 - Device rr1 Zone 1: Robot is stationary
2025-10-21 05:35:19,587 - device_data_handler - INFO - device_data_handler.py:376 - Device rr1 Zone 1: Robot is stationary
2025-10-21 05:35:20,568 - device_data_handler - INFO - device_data_handler.py:282 - Device rr1 Zone 1: Robot is stationary
2025-10-21 05:35:20,588 - device_data_handler - INFO - device_data_handler.py:376 - Device rr1 Zone 1: Robot is stationary
2025-10-21 05:35:21,568 - device_data_handler - INFO - device_data_handler.py:282 - Device rr1 Zone 1: Robot is stationary
2025-10-21 05:35:21,589 - device_data_handler - INFO - device_data_handler.py:376 - Device rr1 Zone 1: Robot is stationary
2025-10-21 05:35:22,123 - device_data_handler - INFO - device_data_handler.py:376 - Device rr1 Zone 1: Robot is stationary
2025-10-21 05:35:22,165 - device_data_handler - INFO - device_data_handler.py:282 - Device rr1 Zone 1: Robot is stationary
2025-10-21 05:35:22,187 - device_data_handler - INFO - device_data_handler.py:376 - Device rr1 Zone 1: Robot is stationary
2025-10-21 05:35:22,568 - device_data_handler - INFO - device_data_handler.py:282 - Device rr1 Zone 1: Robot is stationary
2025-10-21 05:35:22,588 - device_data_handler - INFO - device_data_handler.py:376 - Device rr1 Zone 1: Robot is stationary
2025-10-21 05:35:23,575 - device_data_handler - INFO - device_data_handler.py:282 - Device rr1 Zone 1: Robot is stationary
2025-10-21 05:35:23,597 - device_data_handler - INFO - device_data_handler.py:376 - Device rr1 Zone 1: Robot is stationary
2025-10-21 05:35:24,565 - device_data_handler - INFO - device_data_handler.py:282 - Device rr1 Zone 1: Robot is stationary
2025-10-21 05:35:24,587 - device_data_handler - INFO - device_data_handler.py:376 - Device rr1 Zone 1: Robot is stationary
2025-10-21 05:35:25,566 - device_data_handler - INFO - device_data_handler.py:282 - Device rr1 Zone 1: Robot is stationary
2025-10-21 05:35:25,587 - device_data_handler - INFO - device_data_handler.py:376 - Device rr1 Zone 1: Robot is stationary
2025-10-21 05:35:26,563 - device_data_handler - INFO - device_data_handler.py:282 - Device rr1 Zone 1: Robot is stationary
2025-10-21 05:35:26,584 - device_data_handler - INFO - device_data_handler.py:376 - Device rr1 Zone 1: Robot is stationary
2025-10-21 05:35:27,131 - device_data_handler - INFO - device_data_handler.py:376 - Device rr1 Zone 1: Robot is stationary
2025-10-21 05:35:27,170 - device_data_handler - INFO - device_data_handler.py:282 - Device rr1 Zone 1: Robot is stationary
2025-10-21 05:35:27,193 - device_data_handler - INFO - device_data_handler.py:376 - Device rr1 Zone 1: Robot is stationary
2025-10-21 05:35:27,567 - device_data_handler - INFO - device_data_handler.py:282 - Device rr1 Zone 1: Robot is stationary
2025-10-21 05:35:27,588 - device_data_handler - INFO - device_data_handler.py:376 - Device rr1 Zone 1: Robot is stationary
2025-10-21 05:35:28,569 - device_data_handler - INFO - device_data_handler.py:282 - Device rr1 Zone 1: Robot is stationary
2025-10-21 05:35:28,593 - device_data_handler - INFO - device_data_handler.py:376 - Device rr1 Zone 1: Robot is stationary
2025-10-21 05:35:29,568 - device_data_handler - INFO - device_data_handler.py:282 - Device rr1 Zone 1: Robot is stationary
2025-10-21 05:35:29,590 - device_data_handler - INFO - device_data_handler.py:376 - Device rr1 Zone 1: Robot is stationary
2025-10-21 05:35:30,567 - device_data_handler - INFO - device_data_handler.py:282 - Device rr1 Zone 1: Robot is stationary
2025-10-21 05:35:30,588 - device_data_handler - INFO - device_data_handler.py:376 - Device rr1 Zone 1: Robot is stationary
2025-10-21 05:35:30,900 - device_list - INFO - device_list.py:316 - Refreshing device data...
2025-10-21 05:35:30,935 - device_list - INFO - device_list.py:336 - Loaded 4 devices from CSV
2025-10-21 05:35:31,576 - device_data_handler - INFO - device_data_handler.py:282 - Device rr1 Zone 1: Robot is stationary
2025-10-21 05:35:31,599 - device_data_handler - INFO - device_data_handler.py:376 - Device rr1 Zone 1: Robot is stationary
2025-10-21 05:35:32,080 - device_location_syncer - INFO - sync_device_locations.py:250 - Sync completed. No location updates needed.
2025-10-21 05:35:32,123 - device_data_handler - INFO - device_data_handler.py:376 - Device rr1 Zone 1: Robot is stationary
2025-10-21 05:35:32,164 - device_data_handler - INFO - device_data_handler.py:282 - Device rr1 Zone 1: Robot is stationary
2025-10-21 05:35:32,185 - device_data_handler - INFO - device_data_handler.py:376 - Device rr1 Zone 1: Robot is stationary
2025-10-21 05:35:32,587 - device_data_handler - INFO - device_data_handler.py:282 - Device rr1 Zone 1: Robot is stationary
2025-10-21 05:35:32,608 - device_data_handler - INFO - device_data_handler.py:376 - Device rr1 Zone 1: Robot is stationary
2025-10-21 05:35:33,592 - device_data_handler - INFO - device_data_handler.py:282 - Device rr1 Zone 1: Robot is stationary
2025-10-21 05:35:33,613 - device_data_handler - INFO - device_data_handler.py:376 - Device rr1 Zone 1: Robot is stationary
2025-10-21 05:35:34,584 - device_data_handler - INFO - device_data_handler.py:282 - Device rr1 Zone 1: Robot is stationary
2025-10-21 05:35:34,608 - device_data_handler - INFO - device_data_handler.py:376 - Device rr1 Zone 1: Robot is stationary
2025-10-21 05:35:35,600 - device_data_handler - INFO - device_data_handler.py:282 - Device rr1 Zone 1: Robot is stationary
2025-10-21 05:35:35,622 - device_data_handler - INFO - device_data_handler.py:376 - Device rr1 Zone 1: Robot is stationary
2025-10-21 05:35:36,580 - device_data_handler - INFO - device_data_handler.py:282 - Device rr1 Zone 1: Robot is stationary
2025-10-21 05:35:36,604 - device_data_handler - INFO - device_data_handler.py:376 - Device rr1 Zone 1: Robot is stationary
2025-10-21 05:35:37,122 - device_data_handler - INFO - device_data_handler.py:376 - Device rr1 Zone 1: Robot is stationary
2025-10-21 05:35:37,160 - device_data_handler - INFO - device_data_handler.py:282 - Device rr1 Zone 1: Robot is stationary
2025-10-21 05:35:37,181 - device_data_handler - INFO - device_data_handler.py:376 - Device rr1 Zone 1: Robot is stationary
2025-10-21 05:35:37,583 - device_data_handler - INFO - device_data_handler.py:282 - Device rr1 Zone 1: Robot is stationary
2025-10-21 05:35:37,604 - device_data_handler - INFO - device_data_handler.py:376 - Device rr1 Zone 1: Robot is stationary
2025-10-21 05:35:38,584 - device_data_handler - INFO - device_data_handler.py:282 - Device rr1 Zone 1: Robot is stationary
2025-10-21 05:35:38,607 - device_data_handler - INFO - device_data_handler.py:376 - Device rr1 Zone 1: Robot is stationary
2025-10-21 05:35:39,580 - device_data_handler - INFO - device_data_handler.py:282 - Device rr1 Zone 1: Robot is stationary
2025-10-21 05:35:39,601 - device_data_handler - INFO - device_data_handler.py:376 - Device rr1 Zone 1: Robot is stationary
2025-10-21 05:35:40,592 - device_data_handler - INFO - device_data_handler.py:282 - Device rr1 Zone 1: Robot is stationary
2025-10-21 05:35:40,615 - device_data_handler - INFO - device_data_handler.py:376 - Device rr1 Zone 1: Robot is stationary
2025-10-21 05:35:41,597 - device_data_handler - INFO - device_data_handler.py:282 - Device rr1 Zone 1: Robot is stationary
2025-10-21 05:35:41,621 - device_data_handler - INFO - device_data_handler.py:376 - Device rr1 Zone 1: Robot is stationary
2025-10-21 05:35:42,126 - device_data_handler - INFO - device_data_handler.py:376 - Device rr1 Zone 1: Robot is stationary
2025-10-21 05:35:42,167 - device_data_handler - INFO - device_data_handler.py:282 - Device rr1 Zone 1: Robot is stationary
2025-10-21 05:35:42,190 - device_data_handler - INFO - device_data_handler.py:376 - Device rr1 Zone 1: Robot is stationary
2025-10-21 05:35:42,596 - device_data_handler - INFO - device_data_handler.py:282 - Device rr1 Zone 1: Robot is stationary
2025-10-21 05:35:42,617 - device_data_handler - INFO - device_data_handler.py:376 - Device rr1 Zone 1: Robot is stationary
2025-10-21 05:35:43,598 - device_data_handler - INFO - device_data_handler.py:282 - Device rr1 Zone 1: Robot is stationary
2025-10-21 05:35:43,622 - device_data_handler - INFO - device_data_handler.py:376 - Device rr1 Zone 1: Robot is stationary
2025-10-21 05:35:44,641 - device_data_handler - INFO - device_data_handler.py:282 - Device rr1 Zone 1: Robot is stationary
2025-10-21 05:35:44,672 - device_data_handler - INFO - device_data_handler.py:376 - Device rr1 Zone 1: Robot is stationary
2025-10-21 05:35:45,611 - device_data_handler - INFO - device_data_handler.py:282 - Device rr1 Zone 1: Robot is stationary
2025-10-21 05:35:45,649 - device_data_handler - INFO - device_data_handler.py:376 - Device rr1 Zone 1: Robot is stationary
2025-10-21 05:35:46,678 - device_data_handler - INFO - device_data_handler.py:282 - Device rr1 Zone 1: Robot is stationary
2025-10-21 05:35:46,726 - device_data_handler - INFO - device_data_handler.py:376 - Device rr1 Zone 1: Robot is stationary
2025-10-21 05:35:47,161 - device_data_handler - INFO - device_data_handler.py:376 - Device rr1 Zone 1: Robot is stationary
2025-10-21 05:35:47,239 - device_data_handler - INFO - device_data_handler.py:282 - Device rr1 Zone 1: Robot is stationary
2025-10-21 05:35:47,313 - device_data_handler - INFO - device_data_handler.py:376 - Device rr1 Zone 1: Robot is stationary
2025-10-21 05:35:47,623 - device_data_handler - INFO - device_data_handler.py:282 - Device rr1 Zone 1: Robot is stationary
2025-10-21 05:35:47,664 - device_data_handler - INFO - device_data_handler.py:376 - Device rr1 Zone 1: Robot is stationary
2025-10-21 05:35:48,646 - device_data_handler - INFO - device_data_handler.py:282 - Device rr1 Zone 1: Robot is stationary
2025-10-21 05:35:48,688 - device_data_handler - INFO - device_data_handler.py:376 - Device rr1 Zone 1: Robot is stationary
2025-10-21 05:35:49,642 - device_data_handler - INFO - device_data_handler.py:282 - Device rr1 Zone 1: Robot is stationary
2025-10-21 05:35:49,705 - device_data_handler - INFO - device_data_handler.py:376 - Device rr1 Zone 1: Robot is stationary
2025-10-21 05:35:50,660 - device_data_handler - INFO - device_data_handler.py:282 - Device rr1 Zone 1: Robot is stationary
2025-10-21 05:35:50,702 - device_data_handler - INFO - device_data_handler.py:376 - Device rr1 Zone 1: Robot is stationary
2025-10-21 05:35:51,656 - device_data_handler - INFO - device_data_handler.py:282 - Device rr1 Zone 1: Robot is stationary
2025-10-21 05:35:51,698 - device_data_handler - INFO - device_data_handler.py:376 - Device rr1 Zone 1: Robot is stationary
2025-10-21 05:35:52,154 - device_data_handler - INFO - device_data_handler.py:376 - Device rr1 Zone 1: Robot is stationary
2025-10-21 05:35:52,213 - device_data_handler - INFO - device_data_handler.py:282 - Device rr1 Zone 1: Robot is stationary
2025-10-21 05:35:52,254 - device_data_handler - INFO - device_data_handler.py:376 - Device rr1 Zone 1: Robot is stationary
2025-10-21 05:35:52,631 - device_data_handler - INFO - device_data_handler.py:282 - Device rr1 Zone 1: Robot is stationary
2025-10-21 05:35:52,659 - device_data_handler - INFO - device_data_handler.py:376 - Device rr1 Zone 1: Robot is stationary
2025-10-21 05:35:53,631 - device_data_handler - INFO - device_data_handler.py:282 - Device rr1 Zone 1: Robot is stationary
2025-10-21 05:35:53,655 - device_data_handler - INFO - device_data_handler.py:376 - Device rr1 Zone 1: Robot is stationary
2025-10-21 05:35:54,634 - device_data_handler - INFO - device_data_handler.py:282 - Device rr1 Zone 1: Robot is stationary
2025-10-21 05:35:54,658 - device_data_handler - INFO - device_data_handler.py:376 - Device rr1 Zone 1: Robot is stationary
2025-10-21 05:35:54,887 - device_list - INFO - device_list.py:316 - Refreshing device data...
2025-10-21 05:35:54,925 - device_list - INFO - device_list.py:336 - Loaded 4 devices from CSV
2025-10-21 05:35:54,926 - main_window - INFO - main_window.py:317 - Refreshed data for Device Management
2025-10-21 05:35:55,637 - device_data_handler - INFO - device_data_handler.py:282 - Device rr1 Zone 1: Robot is stationary
2025-10-21 05:35:55,663 - device_data_handler - INFO - device_data_handler.py:376 - Device rr1 Zone 1: Robot is stationary
2025-10-21 05:35:56,639 - device_data_handler - INFO - device_data_handler.py:282 - Device rr1 Zone 1: Robot is stationary
2025-10-21 05:35:56,664 - device_data_handler - INFO - device_data_handler.py:376 - Device rr1 Zone 1: Robot is stationary
2025-10-21 05:35:57,129 - device_data_handler - INFO - device_data_handler.py:376 - Device rr1 Zone 1: Robot is stationary
2025-10-21 05:35:57,216 - device_data_handler - INFO - device_data_handler.py:282 - Device rr1 Zone 1: Robot is stationary
2025-10-21 05:35:57,240 - device_data_handler - INFO - device_data_handler.py:376 - Device rr1 Zone 1: Robot is stationary
2025-10-21 05:35:57,663 - device_data_handler - INFO - device_data_handler.py:282 - Device rr1 Zone 1: Robot is stationary
2025-10-21 05:35:57,686 - device_data_handler - INFO - device_data_handler.py:376 - Device rr1 Zone 1: Robot is stationary
2025-10-21 05:35:58,697 - device_data_handler - INFO - device_data_handler.py:282 - Device rr1 Zone 1: Robot is stationary
2025-10-21 05:35:58,721 - device_data_handler - INFO - device_data_handler.py:376 - Device rr1 Zone 1: Robot is stationary
2025-10-21 05:35:59,681 - device_data_handler - INFO - device_data_handler.py:282 - Device rr1 Zone 1: Robot is stationary
2025-10-21 05:35:59,705 - device_data_handler - INFO - device_data_handler.py:376 - Device rr1 Zone 1: Robot is stationary
2025-10-21 05:36:00,684 - device_data_handler - INFO - device_data_handler.py:282 - Device rr1 Zone 1: Robot is stationary
2025-10-21 05:36:00,709 - device_data_handler - INFO - device_data_handler.py:376 - Device rr1 Zone 1: Robot is stationary
2025-10-21 05:36:00,912 - device_list - INFO - device_list.py:316 - Refreshing device data...
2025-10-21 05:36:00,944 - device_list - INFO - device_list.py:336 - Loaded 4 devices from CSV
2025-10-21 05:36:01,690 - device_data_handler - INFO - device_data_handler.py:282 - Device rr1 Zone 1: Robot is stationary
2025-10-21 05:36:01,714 - device_data_handler - INFO - device_data_handler.py:376 - Device rr1 Zone 1: Robot is stationary
2025-10-21 05:36:04,100 - api_client - WARNING - client.py:80 - Request attempt 1 failed: HTTPConnectionPool(host='127.0.0.1', port=8000): Max retries exceeded with url: /api/ (Caused by NewConnectionError('<urllib3.connection.HTTPConnection object at 0x000001C784A4CAF0>: Failed to establish a new connection: [WinError 10061] No connection could be made because the target machine actively refused it'))
2025-10-21 05:36:06,132 - api_client - WARNING - client.py:80 - Request attempt 2 failed: HTTPConnectionPool(host='127.0.0.1', port=8000): Max retries exceeded with url: /api/ (Caused by NewConnectionError('<urllib3.connection.HTTPConnection object at 0x000001C784A4EF10>: Failed to establish a new connection: [WinError 10061] No connection could be made because the target machine actively refused it'))
2025-10-21 05:36:08,163 - api_client - WARNING - client.py:80 - Request attempt 3 failed: HTTPConnectionPool(host='127.0.0.1', port=8000): Max retries exceeded with url: /api/ (Caused by NewConnectionError('<urllib3.connection.HTTPConnection object at 0x000001C784A4E690>: Failed to establish a new connection: [WinError 10061] No connection could be made because the target machine actively refused it'))
2025-10-21 05:36:08,176 - device_location_syncer - INFO - sync_device_locations.py:250 - Sync completed. No location updates needed.
2025-10-21 05:36:08,177 - device_list - INFO - device_list.py:316 - Refreshing device data...
2025-10-21 05:36:08,213 - device_list - INFO - device_list.py:336 - Loaded 4 devices from CSV
2025-10-21 05:36:08,231 - device_data_handler - INFO - device_data_handler.py:376 - Device rr1 Zone 1: Robot is stationary
2025-10-21 05:36:08,271 - device_data_handler - INFO - device_data_handler.py:282 - Device rr1 Zone 1: Robot is stationary
2025-10-21 05:36:08,304 - device_data_handler - INFO - device_data_handler.py:376 - Device rr1 Zone 1: Robot is stationary
2025-10-21 05:36:08,367 - device_data_handler - INFO - device_data_handler.py:282 - Device rr1 Zone 1: Robot is stationary
2025-10-21 05:36:08,388 - device_data_handler - INFO - device_data_handler.py:376 - Device rr1 Zone 1: Robot is stationary
2025-10-21 05:36:08,741 - device_data_handler - INFO - device_data_handler.py:282 - Device rr1 Zone 1: Robot is stationary
2025-10-21 05:36:08,763 - device_data_handler - INFO - device_data_handler.py:376 - Device rr1 Zone 1: Robot is stationary
2025-10-21 05:36:09,747 - device_data_handler - INFO - device_data_handler.py:282 - Device rr1 Zone 1: Robot is stationary
2025-10-21 05:36:09,770 - device_data_handler - INFO - device_data_handler.py:376 - Device rr1 Zone 1: Robot is stationary
2025-10-21 05:36:10,750 - device_data_handler - INFO - device_data_handler.py:282 - Device rr1 Zone 1: Robot is stationary
2025-10-21 05:36:10,812 - device_data_handler - INFO - device_data_handler.py:376 - Device rr1 Zone 1: Robot is stationary
2025-10-21 05:36:11,768 - device_data_handler - INFO - device_data_handler.py:282 - Device rr1 Zone 1: Robot is stationary
2025-10-21 05:36:11,794 - device_data_handler - INFO - device_data_handler.py:376 - Device rr1 Zone 1: Robot is stationary
2025-10-21 05:36:12,155 - device_data_handler - INFO - device_data_handler.py:376 - Device rr1 Zone 1: Robot is stationary
2025-10-21 05:36:12,195 - device_data_handler - INFO - device_data_handler.py:282 - Device rr1 Zone 1: Robot is stationary
2025-10-21 05:36:12,218 - device_data_handler - INFO - device_data_handler.py:376 - Device rr1 Zone 1: Robot is stationary
2025-10-21 05:36:12,778 - device_data_handler - INFO - device_data_handler.py:282 - Device rr1 Zone 1: Robot is stationary
2025-10-21 05:36:12,808 - device_data_handler - INFO - device_data_handler.py:376 - Device rr1 Zone 1: Robot is stationary
2025-10-21 05:36:13,792 - device_data_handler - INFO - device_data_handler.py:282 - Device rr1 Zone 1: Robot is stationary
2025-10-21 05:36:13,817 - device_data_handler - INFO - device_data_handler.py:376 - Device rr1 Zone 1: Robot is stationary
2025-10-21 05:36:14,791 - device_data_handler - INFO - device_data_handler.py:282 - Device rr1 Zone 1: Robot is stationary
2025-10-21 05:36:14,815 - device_data_handler - INFO - device_data_handler.py:376 - Device rr1 Zone 1: Robot is stationary
2025-10-21 05:36:15,167 - device_location_syncer - ERROR - sync_device_locations.py:68 - Error reading location from log for device rr1: invalid literal for int() with base 10: '12025-10-21T05:36:15.156463'
2025-10-21 05:36:15,169 - device_location_syncer - INFO - sync_device_locations.py:250 - Sync completed. No location updates needed.
2025-10-21 05:36:15,807 - device_data_handler - INFO - device_data_handler.py:282 - Device rr1 Zone 12025-10-21T05:36:15.156463: Robot is stationary
2025-10-21 05:36:15,827 - device_data_handler - ERROR - device_data_handler.py:404 - Error reading raw positioning data for rr1: invalid literal for int() with base 10: '12025-10-21T05:36:15.156463'
2025-10-21 05:36:16,707 - device_list - INFO - device_list.py:316 - Refreshing device data...
2025-10-21 05:36:16,740 - device_list - INFO - device_list.py:336 - Loaded 4 devices from CSV
2025-10-21 05:36:16,810 - device_data_handler - INFO - device_data_handler.py:282 - Device rr1 Zone 12025-10-21T05:36:15.156463: Robot is stationary
2025-10-21 05:36:16,827 - device_data_handler - ERROR - device_data_handler.py:404 - Error reading raw positioning data for rr1: invalid literal for int() with base 10: '12025-10-21T05:36:15.156463'
2025-10-21 05:36:17,150 - device_data_handler - ERROR - device_data_handler.py:404 - Error reading raw positioning data for rr1: invalid literal for int() with base 10: '12025-10-21T05:36:15.156463'
2025-10-21 05:36:17,176 - device_data_handler - INFO - device_data_handler.py:282 - Device rr1 Zone 12025-10-21T05:36:15.156463: Robot is stationary
2025-10-21 05:36:17,192 - device_data_handler - ERROR - device_data_handler.py:404 - Error reading raw positioning data for rr1: invalid literal for int() with base 10: '12025-10-21T05:36:15.156463'
2025-10-21 05:36:17,823 - device_data_handler - INFO - device_data_handler.py:282 - Device rr1 Zone 12025-10-21T05:36:15.156463: Robot is stationary
2025-10-21 05:36:17,838 - device_data_handler - ERROR - device_data_handler.py:404 - Error reading raw positioning data for rr1: invalid literal for int() with base 10: '12025-10-21T05:36:15.156463'
2025-10-21 05:36:18,838 - device_data_handler - INFO - device_data_handler.py:282 - Device rr1 Zone 12025-10-21T05:36:15.156463: Robot is stationary
2025-10-21 05:36:18,855 - device_data_handler - ERROR - device_data_handler.py:404 - Error reading raw positioning data for rr1: invalid literal for int() with base 10: '12025-10-21T05:36:15.156463'
2025-10-21 05:36:19,839 - device_data_handler - INFO - device_data_handler.py:282 - Device rr1 Zone 12025-10-21T05:36:15.156463: Robot is stationary
2025-10-21 05:36:19,857 - device_data_handler - ERROR - device_data_handler.py:404 - Error reading raw positioning data for rr1: invalid literal for int() with base 10: '12025-10-21T05:36:15.156463'
2025-10-21 05:36:20,851 - device_data_handler - INFO - device_data_handler.py:282 - Device rr1 Zone 12025-10-21T05:36:15.156463: Robot is stationary
2025-10-21 05:36:20,930 - device_data_handler - ERROR - device_data_handler.py:404 - Error reading raw positioning data for rr1: invalid literal for int() with base 10: '12025-10-21T05:36:15.156463'
2025-10-21 05:36:21,838 - device_data_handler - INFO - device_data_handler.py:282 - Device rr1 Zone 12025-10-21T05:36:15.156463: Robot is stationary
2025-10-21 05:36:21,854 - device_data_handler - ERROR - device_data_handler.py:404 - Error reading raw positioning data for rr1: invalid literal for int() with base 10: '12025-10-21T05:36:15.156463'
2025-10-21 05:36:22,170 - device_data_handler - ERROR - device_data_handler.py:404 - Error reading raw positioning data for rr1: invalid literal for int() with base 10: '12025-10-21T05:36:15.156463'
2025-10-21 05:36:22,195 - device_data_handler - INFO - device_data_handler.py:282 - Device rr1 Zone 12025-10-21T05:36:15.156463: Robot is stationary
2025-10-21 05:36:22,211 - device_data_handler - ERROR - device_data_handler.py:404 - Error reading raw positioning data for rr1: invalid literal for int() with base 10: '12025-10-21T05:36:15.156463'
2025-10-21 05:36:22,838 - device_data_handler - INFO - device_data_handler.py:282 - Device rr1 Zone 12025-10-21T05:36:15.156463: Robot is stationary
2025-10-21 05:36:22,867 - device_data_handler - ERROR - device_data_handler.py:404 - Error reading raw positioning data for rr1: invalid literal for int() with base 10: '12025-10-21T05:36:15.156463'
2025-10-21 05:36:23,856 - device_data_handler - INFO - device_data_handler.py:282 - Device rr1 Zone 12025-10-21T05:36:15.156463: Robot is stationary
2025-10-21 05:36:23,873 - device_data_handler - ERROR - device_data_handler.py:404 - Error reading raw positioning data for rr1: invalid literal for int() with base 10: '12025-10-21T05:36:15.156463'
2025-10-21 05:36:24,874 - device_data_handler - INFO - device_data_handler.py:282 - Device rr1 Zone 12025-10-21T05:36:15.156463: Robot is stationary
2025-10-21 05:36:24,892 - device_data_handler - ERROR - device_data_handler.py:404 - Error reading raw positioning data for rr1: invalid literal for int() with base 10: '12025-10-21T05:36:15.156463'
2025-10-21 05:36:25,719 - device_location_syncer - INFO - sync_device_locations.py:221 - Updated device rr1: location 1 -> 2
2025-10-21 05:36:25,721 - device_location_syncer - INFO - sync_device_locations.py:150 - Created backup: data\backup\devices_20251021_053625.csv
2025-10-21 05:36:25,722 - device_location_syncer - INFO - sync_device_locations.py:160 - Successfully updated devices CSV with 4 devices
2025-10-21 05:36:25,722 - device_location_syncer - INFO - sync_device_locations.py:246 - Sync completed successfully. Updated 1 devices.
2025-10-21 05:36:25,995 - device_data_handler - INFO - device_data_handler.py:282 - Device rr1 Zone 2: Robot is stationary
2025-10-21 05:36:26,028 - device_data_handler - INFO - device_data_handler.py:376 - Device rr1 Zone 2: Robot is stationary
2025-10-21 05:36:26,881 - device_data_handler - INFO - device_data_handler.py:282 - Device rr1 Zone 2: Robot is stationary
2025-10-21 05:36:26,912 - device_data_handler - INFO - device_data_handler.py:376 - Device rr1 Zone 2: Robot is stationary
2025-10-21 05:36:27,174 - device_data_handler - INFO - device_data_handler.py:376 - Device rr1 Zone 2: Robot is stationary
2025-10-21 05:36:27,214 - device_data_handler - INFO - device_data_handler.py:282 - Device rr1 Zone 2: Robot is stationary
2025-10-21 05:36:27,241 - device_data_handler - INFO - device_data_handler.py:376 - Device rr1 Zone 2: Robot is stationary
2025-10-21 05:36:27,895 - device_data_handler - INFO - device_data_handler.py:282 - Device rr1 Zone 2: Robot is stationary
2025-10-21 05:36:27,923 - device_data_handler - INFO - device_data_handler.py:376 - Device rr1 Zone 2: Robot is stationary
2025-10-21 05:36:27,998 - device_list - INFO - device_list.py:316 - Refreshing device data...
2025-10-21 05:36:28,048 - device_list - INFO - device_list.py:336 - Loaded 4 devices from CSV
2025-10-21 05:36:28,883 - device_data_handler - INFO - device_data_handler.py:282 - Device rr1 Zone 2: Robot is stationary
2025-10-21 05:36:28,918 - device_data_handler - INFO - device_data_handler.py:376 - Device rr1 Zone 2: Robot is stationary
2025-10-21 05:36:29,890 - device_data_handler - INFO - device_data_handler.py:282 - Device rr1 Zone 2: Robot is stationary
2025-10-21 05:36:29,915 - device_data_handler - INFO - device_data_handler.py:376 - Device rr1 Zone 2: Robot is stationary
2025-10-21 05:36:30,887 - device_data_handler - INFO - device_data_handler.py:282 - Device rr1 Zone 2: Robot is stationary
2025-10-21 05:36:30,913 - device_data_handler - INFO - device_data_handler.py:376 - Device rr1 Zone 2: Robot is stationary
2025-10-21 05:36:30,929 - device_list - INFO - device_list.py:316 - Refreshing device data...
2025-10-21 05:36:30,962 - device_list - INFO - device_list.py:336 - Loaded 4 devices from CSV
2025-10-21 05:36:31,911 - device_data_handler - INFO - device_data_handler.py:282 - Device rr1 Zone 2: Robot is stationary
2025-10-21 05:36:31,936 - device_data_handler - INFO - device_data_handler.py:376 - Device rr1 Zone 2: Robot is stationary
2025-10-21 05:36:32,073 - device_location_syncer - INFO - sync_device_locations.py:250 - Sync completed. No location updates needed.
2025-10-21 05:36:32,073 - device_list - INFO - device_list.py:316 - Refreshing device data...
2025-10-21 05:36:32,113 - device_list - INFO - device_list.py:336 - Loaded 4 devices from CSV
2025-10-21 05:36:32,169 - device_data_handler - INFO - device_data_handler.py:376 - Device rr1 Zone 2: Robot is stationary
2025-10-21 05:36:32,207 - device_data_handler - INFO - device_data_handler.py:282 - Device rr1 Zone 2: Robot is stationary
2025-10-21 05:36:32,229 - device_data_handler - INFO - device_data_handler.py:376 - Device rr1 Zone 2: Robot is stationary
2025-10-21 05:36:32,927 - device_data_handler - INFO - device_data_handler.py:282 - Device rr1 Zone 2: Robot is stationary
2025-10-21 05:36:32,954 - device_data_handler - INFO - device_data_handler.py:376 - Device rr1 Zone 2: Robot is stationary
2025-10-21 05:36:34,042 - device_data_handler - INFO - device_data_handler.py:282 - Device rr1 Zone 2: Robot is stationary
2025-10-21 05:36:34,066 - device_data_handler - INFO - device_data_handler.py:376 - Device rr1 Zone 2: Robot is stationary
2025-10-21 05:36:34,924 - device_data_handler - INFO - device_data_handler.py:282 - Device rr1 Zone 2: Robot is stationary
2025-10-21 05:36:34,947 - device_data_handler - INFO - device_data_handler.py:376 - Device rr1 Zone 2: Robot is stationary
2025-10-21 05:36:35,937 - device_data_handler - INFO - device_data_handler.py:282 - Device rr1 Zone 2: Robot is stationary
2025-10-21 05:36:35,960 - device_data_handler - INFO - device_data_handler.py:376 - Device rr1 Zone 2: Robot is stationary
2025-10-21 05:36:36,929 - device_data_handler - INFO - device_data_handler.py:282 - Device rr1 Zone 2: Robot is stationary
2025-10-21 05:36:36,952 - device_data_handler - INFO - device_data_handler.py:376 - Device rr1 Zone 2: Robot is stationary
2025-10-21 05:36:37,175 - device_data_handler - INFO - device_data_handler.py:376 - Device rr1 Zone 2: Robot is stationary
2025-10-21 05:36:37,216 - device_data_handler - INFO - device_data_handler.py:282 - Device rr1 Zone 2: Robot is stationary
2025-10-21 05:36:37,237 - device_data_handler - INFO - device_data_handler.py:376 - Device rr1 Zone 2: Robot is stationary
2025-10-21 05:36:37,937 - device_data_handler - INFO - device_data_handler.py:282 - Device rr1 Zone 2: Robot is stationary
2025-10-21 05:36:37,960 - device_data_handler - INFO - device_data_handler.py:376 - Device rr1 Zone 2: Robot is stationary
2025-10-21 05:36:38,953 - device_data_handler - INFO - device_data_handler.py:282 - Device rr1 Zone 2: Robot is stationary
2025-10-21 05:36:38,985 - device_data_handler - INFO - device_data_handler.py:376 - Device rr1 Zone 2: Robot is stationary
2025-10-21 05:36:39,923 - device_data_handler - INFO - device_data_handler.py:282 - Device rr1 Zone 2: Robot is stationary
2025-10-21 05:36:39,945 - device_data_handler - INFO - device_data_handler.py:376 - Device rr1 Zone 2: Robot is stationary
2025-10-21 05:36:41,020 - device_data_handler - INFO - device_data_handler.py:282 - Device rr1 Zone 2: Robot is stationary
2025-10-21 05:36:41,171 - device_data_handler - INFO - device_data_handler.py:376 - Device rr1 Zone 2: Robot is stationary
2025-10-21 05:36:41,946 - device_data_handler - INFO - device_data_handler.py:282 - Device rr1 Zone 2: Robot is stationary
2025-10-21 05:36:41,972 - device_data_handler - INFO - device_data_handler.py:376 - Device rr1 Zone 2: Robot is stationary
2025-10-21 05:36:42,180 - device_data_handler - INFO - device_data_handler.py:376 - Device rr1 Zone 2: Robot is stationary
2025-10-21 05:36:42,228 - device_data_handler - INFO - device_data_handler.py:282 - Device rr1 Zone 2: Robot is stationary
2025-10-21 05:36:42,249 - device_data_handler - INFO - device_data_handler.py:376 - Device rr1 Zone 2: Robot is stationary
2025-10-21 05:36:42,931 - device_data_handler - INFO - device_data_handler.py:282 - Device rr1 Zone 2: Robot is stationary
2025-10-21 05:36:42,970 - device_data_handler - INFO - device_data_handler.py:376 - Device rr1 Zone 2: Robot is stationary
2025-10-21 05:36:43,943 - device_data_handler - INFO - device_data_handler.py:282 - Device rr1 Zone 2: Robot is stationary
2025-10-21 05:36:43,969 - device_data_handler - INFO - device_data_handler.py:376 - Device rr1 Zone 2: Robot is stationary
2025-10-21 05:36:44,990 - device_data_handler - INFO - device_data_handler.py:282 - Device rr1 Zone 2: Robot is stationary
2025-10-21 05:36:45,018 - device_data_handler - INFO - device_data_handler.py:376 - Device rr1 Zone 2: Robot is stationary
2025-10-21 05:36:46,001 - device_data_handler - INFO - device_data_handler.py:282 - Device rr1 Zone 2: Robot is stationary
2025-10-21 05:36:46,040 - device_data_handler - INFO - device_data_handler.py:376 - Device rr1 Zone 2: Robot is stationary
2025-10-21 05:36:46,953 - device_data_handler - INFO - device_data_handler.py:282 - Device rr1 Zone 2: Robot is stationary
2025-10-21 05:36:46,978 - device_data_handler - INFO - device_data_handler.py:376 - Device rr1 Zone 2: Robot is stationary
2025-10-21 05:36:47,183 - device_data_handler - INFO - device_data_handler.py:376 - Device rr1 Zone 2: Robot is stationary
2025-10-21 05:36:47,229 - device_data_handler - INFO - device_data_handler.py:282 - Device rr1 Zone 2: Robot is stationary
2025-10-21 05:36:47,253 - device_data_handler - INFO - device_data_handler.py:376 - Device rr1 Zone 2: Robot is stationary
2025-10-21 05:36:47,965 - device_data_handler - INFO - device_data_handler.py:282 - Device rr1 Zone 2: Robot is stationary
2025-10-21 05:36:47,994 - device_data_handler - INFO - device_data_handler.py:376 - Device rr1 Zone 2: Robot is stationary
2025-10-21 05:36:48,954 - device_data_handler - INFO - device_data_handler.py:282 - Device rr1 Zone 2: Robot is stationary
2025-10-21 05:36:48,977 - device_data_handler - INFO - device_data_handler.py:376 - Device rr1 Zone 2: Robot is stationary
2025-10-21 05:36:49,973 - device_data_handler - INFO - device_data_handler.py:282 - Device rr1 Zone 2: Robot is stationary
2025-10-21 05:36:50,000 - device_data_handler - INFO - device_data_handler.py:376 - Device rr1 Zone 2: Robot is stationary
2025-10-21 05:36:50,959 - device_data_handler - INFO - device_data_handler.py:282 - Device rr1 Zone 2: Robot is stationary
2025-10-21 05:36:50,983 - device_data_handler - INFO - device_data_handler.py:376 - Device rr1 Zone 2: Robot is stationary
2025-10-21 05:36:51,962 - device_data_handler - INFO - device_data_handler.py:282 - Device rr1 Zone 2: Robot is stationary
2025-10-21 05:36:51,986 - device_data_handler - INFO - device_data_handler.py:376 - Device rr1 Zone 2: Robot is stationary
2025-10-21 05:36:52,178 - device_data_handler - INFO - device_data_handler.py:376 - Device rr1 Zone 2: Robot is stationary
2025-10-21 05:36:52,221 - device_data_handler - INFO - device_data_handler.py:282 - Device rr1 Zone 2: Robot is stationary
2025-10-21 05:36:52,247 - device_data_handler - INFO - device_data_handler.py:376 - Device rr1 Zone 2: Robot is stationary
2025-10-21 05:36:52,954 - device_data_handler - INFO - device_data_handler.py:282 - Device rr1 Zone 2: Robot is stationary
2025-10-21 05:36:52,977 - device_data_handler - INFO - device_data_handler.py:376 - Device rr1 Zone 2: Robot is stationary
2025-10-21 05:36:53,960 - device_data_handler - INFO - device_data_handler.py:282 - Device rr1 Zone 2: Robot is stationary
2025-10-21 05:36:53,996 - device_data_handler - INFO - device_data_handler.py:376 - Device rr1 Zone 2: Robot is stationary
2025-10-21 05:36:54,966 - device_data_handler - INFO - device_data_handler.py:282 - Device rr1 Zone 2: Robot is stationary
2025-10-21 05:36:54,991 - device_data_handler - INFO - device_data_handler.py:376 - Device rr1 Zone 2: Robot is stationary
2025-10-21 05:36:55,961 - device_data_handler - INFO - device_data_handler.py:282 - Device rr1 Zone 2: Robot is stationary
2025-10-21 05:36:55,987 - device_data_handler - INFO - device_data_handler.py:376 - Device rr1 Zone 2: Robot is stationary
2025-10-21 05:36:56,962 - device_data_handler - INFO - device_data_handler.py:282 - Device rr1 Zone 2: Robot is stationary
2025-10-21 05:36:56,986 - device_data_handler - INFO - device_data_handler.py:376 - Device rr1 Zone 2: Robot is stationary
2025-10-21 05:36:57,189 - device_data_handler - INFO - device_data_handler.py:376 - Device rr1 Zone 2: Robot is stationary
2025-10-21 05:36:57,250 - device_data_handler - INFO - device_data_handler.py:282 - Device rr1 Zone 2: Robot is stationary
2025-10-21 05:36:57,275 - device_data_handler - INFO - device_data_handler.py:376 - Device rr1 Zone 2: Robot is stationary
2025-10-21 05:36:57,960 - device_data_handler - INFO - device_data_handler.py:282 - Device rr1 Zone 2: Robot is stationary
2025-10-21 05:36:58,043 - device_data_handler - INFO - device_data_handler.py:376 - Device rr1 Zone 2: Robot is stationary
2025-10-21 05:36:58,967 - device_data_handler - INFO - device_data_handler.py:282 - Device rr1 Zone 2: Robot is stationary
2025-10-21 05:36:58,992 - device_data_handler - INFO - device_data_handler.py:376 - Device rr1 Zone 2: Robot is stationary
2025-10-21 05:36:59,970 - device_data_handler - INFO - device_data_handler.py:282 - Device rr1 Zone 2: Robot is stationary
2025-10-21 05:36:59,997 - device_data_handler - INFO - device_data_handler.py:376 - Device rr1 Zone 2: Robot is stationary
2025-10-21 05:37:00,919 - device_list - INFO - device_list.py:316 - Refreshing device data...
2025-10-21 05:37:00,959 - device_list - INFO - device_list.py:336 - Loaded 4 devices from CSV
2025-10-21 05:37:00,981 - device_data_handler - INFO - device_data_handler.py:282 - Device rr1 Zone 2: Robot is stationary
2025-10-21 05:37:01,004 - device_data_handler - INFO - device_data_handler.py:376 - Device rr1 Zone 2: Robot is stationary
2025-10-21 05:37:01,033 - device_list - INFO - device_list.py:316 - Refreshing device data...
2025-10-21 05:37:01,069 - device_list - INFO - device_list.py:336 - Loaded 4 devices from CSV
2025-10-21 05:37:01,070 - main_window - INFO - main_window.py:317 - Refreshed data for Device Management
2025-10-21 05:37:01,972 - device_data_handler - INFO - device_data_handler.py:282 - Device rr1 Zone 2: Robot is stationary
2025-10-21 05:37:02,017 - device_data_handler - INFO - device_data_handler.py:376 - Device rr1 Zone 2: Robot is stationary
2025-10-21 05:37:04,097 - api_client - WARNING - client.py:80 - Request attempt 1 failed: HTTPConnectionPool(host='127.0.0.1', port=8000): Max retries exceeded with url: /api/ (Caused by NewConnectionError('<urllib3.connection.HTTPConnection object at 0x000001C784A4E580>: Failed to establish a new connection: [WinError 10061] No connection could be made because the target machine actively refused it'))
2025-10-21 05:37:06,133 - api_client - WARNING - client.py:80 - Request attempt 2 failed: HTTPConnectionPool(host='127.0.0.1', port=8000): Max retries exceeded with url: /api/ (Caused by NewConnectionError('<urllib3.connection.HTTPConnection object at 0x000001C784A4EF10>: Failed to establish a new connection: [WinError 10061] No connection could be made because the target machine actively refused it'))
2025-10-21 05:37:08,167 - api_client - WARNING - client.py:80 - Request attempt 3 failed: HTTPConnectionPool(host='127.0.0.1', port=8000): Max retries exceeded with url: /api/ (Caused by NewConnectionError('<urllib3.connection.HTTPConnection object at 0x000001C784A4CAF0>: Failed to establish a new connection: [WinError 10061] No connection could be made because the target machine actively refused it'))
2025-10-21 05:37:08,185 - device_location_syncer - INFO - sync_device_locations.py:250 - Sync completed. No location updates needed.
2025-10-21 05:37:08,185 - device_list - INFO - device_list.py:316 - Refreshing device data...
2025-10-21 05:37:08,227 - device_list - INFO - device_list.py:336 - Loaded 4 devices from CSV
2025-10-21 05:37:08,244 - device_data_handler - INFO - device_data_handler.py:376 - Device rr1 Zone 2: Robot is stationary
2025-10-21 05:37:08,284 - device_data_handler - INFO - device_data_handler.py:282 - Device rr1 Zone 2: Robot is stationary
2025-10-21 05:37:08,307 - device_data_handler - INFO - device_data_handler.py:376 - Device rr1 Zone 2: Robot is stationary
2025-10-21 05:37:08,373 - device_data_handler - INFO - device_data_handler.py:282 - Device rr1 Zone 2: Robot is stationary
2025-10-21 05:37:08,395 - device_data_handler - INFO - device_data_handler.py:376 - Device rr1 Zone 2: Robot is stationary
2025-10-21 05:37:09,041 - device_data_handler - INFO - device_data_handler.py:282 - Device rr1 Zone 2: Robot is stationary
2025-10-21 05:37:09,068 - device_data_handler - INFO - device_data_handler.py:376 - Device rr1 Zone 2: Robot is stationary
2025-10-21 05:37:10,056 - device_data_handler - INFO - device_data_handler.py:282 - Device rr1 Zone 2: Robot is stationary
2025-10-21 05:37:10,118 - device_data_handler - INFO - device_data_handler.py:376 - Device rr1 Zone 2: Robot is stationary
2025-10-21 05:37:11,042 - device_data_handler - INFO - device_data_handler.py:282 - Device rr1 Zone 2: Robot is stationary
2025-10-21 05:37:11,069 - device_data_handler - INFO - device_data_handler.py:376 - Device rr1 Zone 2: Robot is stationary
2025-10-21 05:37:12,049 - device_data_handler - INFO - device_data_handler.py:282 - Device rr1 Zone 2: Robot is stationary
2025-10-21 05:37:12,075 - device_data_handler - INFO - device_data_handler.py:376 - Device rr1 Zone 2: Robot is stationary
2025-10-21 05:37:12,184 - device_data_handler - INFO - device_data_handler.py:376 - Device rr1 Zone 2: Robot is stationary
2025-10-21 05:37:12,225 - device_data_handler - INFO - device_data_handler.py:282 - Device rr1 Zone 2: Robot is stationary
2025-10-21 05:37:12,248 - device_data_handler - INFO - device_data_handler.py:376 - Device rr1 Zone 2: Robot is stationary
2025-10-21 05:37:13,051 - device_data_handler - INFO - device_data_handler.py:282 - Device rr1 Zone 2: Robot is stationary
2025-10-21 05:37:13,076 - device_data_handler - INFO - device_data_handler.py:376 - Device rr1 Zone 2: Robot is stationary
2025-10-21 05:37:13,340 - device_location_syncer - INFO - sync_device_locations.py:221 - Updated device rr1: location 2 -> 3
2025-10-21 05:37:13,352 - device_location_syncer - INFO - sync_device_locations.py:150 - Created backup: data\backup\devices_20251021_053713.csv
2025-10-21 05:37:13,353 - device_location_syncer - INFO - sync_device_locations.py:160 - Successfully updated devices CSV with 4 devices
2025-10-21 05:37:13,354 - device_location_syncer - INFO - sync_device_locations.py:246 - Sync completed successfully. Updated 1 devices.
2025-10-21 05:37:14,056 - device_data_handler - INFO - device_data_handler.py:282 - Device rr1 Zone 3: Robot is stationary
2025-10-21 05:37:14,094 - device_data_handler - INFO - device_data_handler.py:376 - Device rr1 Zone 3: Robot is stationary
2025-10-21 05:37:14,633 - device_list - INFO - device_list.py:316 - Refreshing device data...
2025-10-21 05:37:14,692 - device_list - INFO - device_list.py:336 - Loaded 4 devices from CSV
2025-10-21 05:37:15,052 - device_data_handler - INFO - device_data_handler.py:282 - Device rr1 Zone 3: Robot is stationary
2025-10-21 05:37:15,074 - device_data_handler - INFO - device_data_handler.py:376 - Device rr1 Zone 3: Robot is stationary
2025-10-21 05:37:16,065 - device_data_handler - INFO - device_data_handler.py:282 - Device rr1 Zone 3: Robot is stationary
2025-10-21 05:37:16,097 - device_data_handler - INFO - device_data_handler.py:376 - Device rr1 Zone 3: Robot is stationary
2025-10-21 05:37:17,053 - device_data_handler - INFO - device_data_handler.py:282 - Device rr1 Zone 3: Robot is stationary
2025-10-21 05:37:17,084 - device_data_handler - INFO - device_data_handler.py:376 - Device rr1 Zone 3: Robot is stationary
2025-10-21 05:37:17,180 - device_data_handler - INFO - device_data_handler.py:376 - Device rr1 Zone 3: Robot is stationary
2025-10-21 05:37:17,229 - device_data_handler - INFO - device_data_handler.py:282 - Device rr1 Zone 3: Robot is stationary
2025-10-21 05:37:17,255 - device_data_handler - INFO - device_data_handler.py:376 - Device rr1 Zone 3: Robot is stationary
2025-10-21 05:37:18,042 - device_data_handler - INFO - device_data_handler.py:282 - Device rr1 Zone 3: Robot is stationary
2025-10-21 05:37:18,067 - device_data_handler - INFO - device_data_handler.py:376 - Device rr1 Zone 3: Robot is stationary
2025-10-21 05:37:19,048 - device_data_handler - INFO - device_data_handler.py:282 - Device rr1 Zone 3: Robot is stationary
2025-10-21 05:37:19,073 - device_data_handler - INFO - device_data_handler.py:376 - Device rr1 Zone 3: Robot is stationary
2025-10-21 05:37:20,048 - device_data_handler - INFO - device_data_handler.py:282 - Device rr1 Zone 3: Robot is stationary
2025-10-21 05:37:20,070 - device_data_handler - INFO - device_data_handler.py:376 - Device rr1 Zone 3: Robot is stationary
2025-10-21 05:37:21,049 - device_data_handler - INFO - device_data_handler.py:282 - Device rr1 Zone 3: Robot is stationary
2025-10-21 05:37:21,071 - device_data_handler - INFO - device_data_handler.py:376 - Device rr1 Zone 3: Robot is stationary
2025-10-21 05:37:22,132 - device_data_handler - INFO - device_data_handler.py:282 - Device rr1 Zone 3: Robot is stationary
2025-10-21 05:37:22,179 - device_data_handler - INFO - device_data_handler.py:376 - Device rr1 Zone 3: Robot is stationary
2025-10-21 05:37:22,241 - device_data_handler - INFO - device_data_handler.py:376 - Device rr1 Zone 3: Robot is stationary
2025-10-21 05:37:22,310 - device_data_handler - INFO - device_data_handler.py:282 - Device rr1 Zone 3: Robot is stationary
2025-10-21 05:37:22,364 - device_data_handler - INFO - device_data_handler.py:376 - Device rr1 Zone 3: Robot is stationary
2025-10-21 05:37:23,134 - device_data_handler - INFO - device_data_handler.py:282 - Device rr1 Zone 3: Robot is stationary
2025-10-21 05:37:23,174 - device_data_handler - INFO - device_data_handler.py:376 - Device rr1 Zone 3: Robot is stationary
2025-10-21 05:37:24,054 - device_data_handler - INFO - device_data_handler.py:282 - Device rr1 Zone 3: Robot is stationary
2025-10-21 05:37:24,081 - device_data_handler - INFO - device_data_handler.py:376 - Device rr1 Zone 3: Robot is stationary
2025-10-21 05:37:25,053 - device_data_handler - INFO - device_data_handler.py:282 - Device rr1 Zone 3: Robot is stationary
2025-10-21 05:37:25,086 - device_data_handler - INFO - device_data_handler.py:376 - Device rr1 Zone 3: Robot is stationary
2025-10-21 05:37:25,345 - device_list - INFO - device_list.py:316 - Refreshing device data...
2025-10-21 05:37:25,384 - device_list - INFO - device_list.py:336 - Loaded 4 devices from CSV
2025-10-21 05:37:25,384 - main_window - INFO - main_window.py:317 - Refreshed data for Device Management
2025-10-21 05:37:26,039 - device_data_handler - INFO - device_data_handler.py:282 - Device rr1 Zone 3: Robot is stationary
2025-10-21 05:37:26,066 - device_data_handler - INFO - device_data_handler.py:376 - Device rr1 Zone 3: Robot is stationary
2025-10-21 05:37:27,040 - device_data_handler - INFO - device_data_handler.py:282 - Device rr1 Zone 3: Robot is stationary
2025-10-21 05:37:27,064 - device_data_handler - INFO - device_data_handler.py:376 - Device rr1 Zone 3: Robot is stationary
2025-10-21 05:37:27,175 - device_data_handler - INFO - device_data_handler.py:376 - Device rr1 Zone 3: Robot is stationary
2025-10-21 05:37:27,224 - device_data_handler - INFO - device_data_handler.py:282 - Device rr1 Zone 3: Robot is stationary
2025-10-21 05:37:27,245 - device_data_handler - INFO - device_data_handler.py:376 - Device rr1 Zone 3: Robot is stationary
2025-10-21 05:37:28,044 - device_data_handler - INFO - device_data_handler.py:282 - Device rr1 Zone 3: Robot is stationary
2025-10-21 05:37:28,069 - device_data_handler - INFO - device_data_handler.py:376 - Device rr1 Zone 3: Robot is stationary
2025-10-21 05:37:29,059 - device_data_handler - INFO - device_data_handler.py:282 - Device rr1 Zone 3: Robot is stationary
2025-10-21 05:37:29,084 - device_data_handler - INFO - device_data_handler.py:376 - Device rr1 Zone 3: Robot is stationary
2025-10-21 05:37:30,056 - device_data_handler - INFO - device_data_handler.py:282 - Device rr1 Zone 3: Robot is stationary
2025-10-21 05:37:30,081 - device_data_handler - INFO - device_data_handler.py:376 - Device rr1 Zone 3: Robot is stationary
2025-10-21 05:37:30,929 - device_list - INFO - device_list.py:316 - Refreshing device data...
2025-10-21 05:37:30,968 - device_list - INFO - device_list.py:336 - Loaded 4 devices from CSV
2025-10-21 05:37:31,071 - device_data_handler - INFO - device_data_handler.py:282 - Device rr1 Zone 3: Robot is stationary
2025-10-21 05:37:31,091 - device_data_handler - INFO - device_data_handler.py:376 - Device rr1 Zone 3: Robot is stationary
2025-10-21 05:37:32,076 - device_data_handler - INFO - device_data_handler.py:282 - Device rr1 Zone 3: Robot is stationary
2025-10-21 05:37:32,101 - device_data_handler - INFO - device_data_handler.py:376 - Device rr1 Zone 3: Robot is stationary
2025-10-21 05:37:32,119 - device_location_syncer - INFO - sync_device_locations.py:250 - Sync completed. No location updates needed.
2025-10-21 05:37:32,119 - device_list - INFO - device_list.py:316 - Refreshing device data...
2025-10-21 05:37:32,152 - device_list - INFO - device_list.py:336 - Loaded 4 devices from CSV
2025-10-21 05:37:32,181 - device_data_handler - INFO - device_data_handler.py:376 - Device rr1 Zone 3: Robot is stationary
2025-10-21 05:37:32,221 - device_data_handler - INFO - device_data_handler.py:282 - Device rr1 Zone 3: Robot is stationary
2025-10-21 05:37:32,243 - device_data_handler - INFO - device_data_handler.py:376 - Device rr1 Zone 3: Robot is stationary
2025-10-21 05:37:32,729 - device_location_syncer - INFO - sync_device_locations.py:221 - Updated device rr1: location 3 -> 1
2025-10-21 05:37:32,730 - device_location_syncer - INFO - sync_device_locations.py:150 - Created backup: data\backup\devices_20251021_053732.csv
2025-10-21 05:37:32,731 - device_location_syncer - INFO - sync_device_locations.py:160 - Successfully updated devices CSV with 4 devices
2025-10-21 05:37:32,731 - device_location_syncer - INFO - sync_device_locations.py:246 - Sync completed successfully. Updated 1 devices.
2025-10-21 05:37:33,098 - device_data_handler - INFO - device_data_handler.py:282 - Device rr1 Zone 1: Robot is stationary
2025-10-21 05:37:33,123 - device_data_handler - INFO - device_data_handler.py:376 - Device rr1 Zone 1: Robot is stationary
2025-10-21 05:37:34,112 - device_data_handler - INFO - device_data_handler.py:282 - Device rr1 Zone 1: Robot is stationary
2025-10-21 05:37:34,137 - device_data_handler - INFO - device_data_handler.py:376 - Device rr1 Zone 1: Robot is stationary
2025-10-21 05:37:34,159 - device_list - INFO - device_list.py:316 - Refreshing device data...
2025-10-21 05:37:34,226 - device_list - INFO - device_list.py:336 - Loaded 4 devices from CSV
2025-10-21 05:37:35,129 - device_data_handler - INFO - device_data_handler.py:282 - Device rr1 Zone 1: Robot is stationary
2025-10-21 05:37:35,154 - device_data_handler - INFO - device_data_handler.py:376 - Device rr1 Zone 1: Robot is stationary
2025-10-21 05:37:36,124 - device_data_handler - INFO - device_data_handler.py:282 - Device rr1 Zone 1: Robot is stationary
2025-10-21 05:37:36,205 - device_data_handler - INFO - device_data_handler.py:376 - Device rr1 Zone 1: Robot is stationary
2025-10-21 05:37:37,147 - device_data_handler - INFO - device_data_handler.py:282 - Device rr1 Zone 1: Robot is stationary
2025-10-21 05:37:37,172 - device_data_handler - INFO - device_data_handler.py:376 - Device rr1 Zone 1: Robot is stationary
2025-10-21 05:37:37,206 - device_data_handler - INFO - device_data_handler.py:376 - Device rr1 Zone 1: Robot is stationary
2025-10-21 05:37:37,244 - device_data_handler - INFO - device_data_handler.py:282 - Device rr1 Zone 1: Robot is stationary
2025-10-21 05:37:37,265 - device_data_handler - INFO - device_data_handler.py:376 - Device rr1 Zone 1: Robot is stationary
2025-10-21 05:37:38,136 - device_data_handler - INFO - device_data_handler.py:282 - Device rr1 Zone 1: Robot is stationary
2025-10-21 05:37:38,160 - device_data_handler - INFO - device_data_handler.py:376 - Device rr1 Zone 1: Robot is stationary
2025-10-21 05:37:39,130 - device_data_handler - INFO - device_data_handler.py:282 - Device rr1 Zone 1: Robot is stationary
2025-10-21 05:37:39,152 - device_data_handler - INFO - device_data_handler.py:376 - Device rr1 Zone 1: Robot is stationary
2025-10-21 05:37:40,132 - device_data_handler - INFO - device_data_handler.py:282 - Device rr1 Zone 1: Robot is stationary
2025-10-21 05:37:40,156 - device_data_handler - INFO - device_data_handler.py:376 - Device rr1 Zone 1: Robot is stationary
2025-10-21 05:37:41,133 - device_data_handler - INFO - device_data_handler.py:282 - Device rr1 Zone 1: Robot is stationary
2025-10-21 05:37:41,158 - device_data_handler - INFO - device_data_handler.py:376 - Device rr1 Zone 1: Robot is stationary
2025-10-21 05:37:42,166 - device_data_handler - INFO - device_data_handler.py:282 - Device rr1 Zone 1: Robot is stationary
2025-10-21 05:37:42,206 - device_data_handler - INFO - device_data_handler.py:376 - Device rr1 Zone 1: Robot is stationary
2025-10-21 05:37:42,239 - device_data_handler - INFO - device_data_handler.py:376 - Device rr1 Zone 1: Robot is stationary
2025-10-21 05:37:42,278 - device_data_handler - INFO - device_data_handler.py:282 - Device rr1 Zone 1: Robot is stationary
2025-10-21 05:37:42,299 - device_data_handler - INFO - device_data_handler.py:376 - Device rr1 Zone 1: Robot is stationary
2025-10-21 05:37:43,140 - device_data_handler - INFO - device_data_handler.py:282 - Device rr1 Zone 1: Robot is stationary
2025-10-21 05:37:43,162 - device_data_handler - INFO - device_data_handler.py:376 - Device rr1 Zone 1: Robot is stationary
2025-10-21 05:37:44,125 - device_data_handler - INFO - device_data_handler.py:282 - Device rr1 Zone 1: Robot is stationary
2025-10-21 05:37:44,146 - device_data_handler - INFO - device_data_handler.py:376 - Device rr1 Zone 1: Robot is stationary
2025-10-21 05:37:45,128 - device_data_handler - INFO - device_data_handler.py:282 - Device rr1 Zone 1: Robot is stationary
2025-10-21 05:37:45,153 - device_data_handler - INFO - device_data_handler.py:376 - Device rr1 Zone 1: Robot is stationary
2025-10-21 05:37:46,130 - device_data_handler - INFO - device_data_handler.py:282 - Device rr1 Zone 1: Robot is stationary
2025-10-21 05:37:46,153 - device_data_handler - INFO - device_data_handler.py:376 - Device rr1 Zone 1: Robot is stationary
2025-10-21 05:37:47,175 - device_data_handler - INFO - device_data_handler.py:282 - Device rr1 Zone 1: Robot is stationary
2025-10-21 05:37:47,208 - device_data_handler - INFO - device_data_handler.py:376 - Device rr1 Zone 1: Robot is stationary
2025-10-21 05:37:47,240 - device_data_handler - INFO - device_data_handler.py:376 - Device rr1 Zone 1: Robot is stationary
2025-10-21 05:37:47,282 - device_data_handler - INFO - device_data_handler.py:282 - Device rr1 Zone 1: Robot is stationary
2025-10-21 05:37:47,303 - device_data_handler - INFO - device_data_handler.py:376 - Device rr1 Zone 1: Robot is stationary
2025-10-21 05:37:48,127 - device_data_handler - INFO - device_data_handler.py:282 - Device rr1 Zone 1: Robot is stationary
2025-10-21 05:37:48,161 - device_data_handler - INFO - device_data_handler.py:376 - Device rr1 Zone 1: Robot is stationary
2025-10-21 05:37:49,124 - device_data_handler - INFO - device_data_handler.py:282 - Device rr1 Zone 1: Robot is stationary
2025-10-21 05:37:49,147 - device_data_handler - INFO - device_data_handler.py:376 - Device rr1 Zone 1: Robot is stationary
2025-10-21 05:37:50,129 - device_data_handler - INFO - device_data_handler.py:282 - Device rr1 Zone 1: Robot is stationary
2025-10-21 05:37:50,156 - device_data_handler - INFO - device_data_handler.py:376 - Device rr1 Zone 1: Robot is stationary
2025-10-21 05:37:51,129 - device_data_handler - INFO - device_data_handler.py:282 - Device rr1 Zone 1: Robot is stationary
2025-10-21 05:37:51,153 - device_data_handler - INFO - device_data_handler.py:376 - Device rr1 Zone 1: Robot is stationary
2025-10-21 05:37:52,165 - device_data_handler - INFO - device_data_handler.py:282 - Device rr1 Zone 1: Robot is stationary
2025-10-21 05:37:52,187 - device_data_handler - INFO - device_data_handler.py:376 - Device rr1 Zone 1: Robot is stationary
2025-10-21 05:37:52,221 - device_data_handler - INFO - device_data_handler.py:376 - Device rr1 Zone 1: Robot is stationary
2025-10-21 05:37:52,261 - device_data_handler - INFO - device_data_handler.py:282 - Device rr1 Zone 1: Robot is stationary
2025-10-21 05:37:52,283 - device_data_handler - INFO - device_data_handler.py:376 - Device rr1 Zone 1: Robot is stationary
2025-10-21 05:37:53,131 - device_data_handler - INFO - device_data_handler.py:282 - Device rr1 Zone 1: Robot is stationary
2025-10-21 05:37:53,153 - device_data_handler - INFO - device_data_handler.py:376 - Device rr1 Zone 1: Robot is stationary
2025-10-21 05:37:54,128 - device_data_handler - INFO - device_data_handler.py:282 - Device rr1 Zone 1: Robot is stationary
2025-10-21 05:37:54,149 - device_data_handler - INFO - device_data_handler.py:376 - Device rr1 Zone 1: Robot is stationary
2025-10-21 05:37:55,132 - device_data_handler - INFO - device_data_handler.py:282 - Device rr1 Zone 1: Robot is stationary
2025-10-21 05:37:55,157 - device_data_handler - INFO - device_data_handler.py:376 - Device rr1 Zone 1: Robot is stationary
2025-10-21 05:37:56,126 - device_data_handler - INFO - device_data_handler.py:282 - Device rr1 Zone 1: Robot is stationary
2025-10-21 05:37:56,147 - device_data_handler - INFO - device_data_handler.py:376 - Device rr1 Zone 1: Robot is stationary
2025-10-21 05:37:57,149 - device_data_handler - INFO - device_data_handler.py:282 - Device rr1 Zone 1: Robot is stationary
2025-10-21 05:37:57,191 - device_data_handler - INFO - device_data_handler.py:376 - Device rr1 Zone 1: Robot is stationary
2025-10-21 05:37:57,259 - device_data_handler - INFO - device_data_handler.py:376 - Device rr1 Zone 1: Robot is stationary
2025-10-21 05:37:57,302 - device_data_handler - INFO - device_data_handler.py:282 - Device rr1 Zone 1: Robot is stationary
2025-10-21 05:37:57,323 - device_data_handler - INFO - device_data_handler.py:376 - Device rr1 Zone 1: Robot is stationary
2025-10-21 05:37:58,131 - device_data_handler - INFO - device_data_handler.py:282 - Device rr1 Zone 1: Robot is stationary
2025-10-21 05:37:58,152 - device_data_handler - INFO - device_data_handler.py:376 - Device rr1 Zone 1: Robot is stationary
2025-10-21 05:37:59,132 - device_data_handler - INFO - device_data_handler.py:282 - Device rr1 Zone 1: Robot is stationary
2025-10-21 05:37:59,153 - device_data_handler - INFO - device_data_handler.py:376 - Device rr1 Zone 1: Robot is stationary
2025-10-21 05:38:00,130 - device_data_handler - INFO - device_data_handler.py:282 - Device rr1 Zone 1: Robot is stationary
2025-10-21 05:38:00,154 - device_data_handler - INFO - device_data_handler.py:376 - Device rr1 Zone 1: Robot is stationary
2025-10-21 05:38:00,931 - device_list - INFO - device_list.py:316 - Refreshing device data...
2025-10-21 05:38:00,966 - device_list - INFO - device_list.py:336 - Loaded 4 devices from CSV
2025-10-21 05:38:01,130 - device_data_handler - INFO - device_data_handler.py:282 - Device rr1 Zone 1: Robot is stationary
2025-10-21 05:38:01,156 - device_data_handler - INFO - device_data_handler.py:376 - Device rr1 Zone 1: Robot is stationary
2025-10-21 05:38:04,100 - api_client - WARNING - client.py:80 - Request attempt 1 failed: HTTPConnectionPool(host='127.0.0.1', port=8000): Max retries exceeded with url: /api/ (Caused by NewConnectionError('<urllib3.connection.HTTPConnection object at 0x000001C784A4F240>: Failed to establish a new connection: [WinError 10061] No connection could be made because the target machine actively refused it'))
2025-10-21 05:38:06,140 - api_client - WARNING - client.py:80 - Request attempt 2 failed: HTTPConnectionPool(host='127.0.0.1', port=8000): Max retries exceeded with url: /api/ (Caused by NewConnectionError('<urllib3.connection.HTTPConnection object at 0x000001C784A4EF10>: Failed to establish a new connection: [WinError 10061] No connection could be made because the target machine actively refused it'))
2025-10-21 05:38:08,188 - api_client - WARNING - client.py:80 - Request attempt 3 failed: HTTPConnectionPool(host='127.0.0.1', port=8000): Max retries exceeded with url: /api/ (Caused by NewConnectionError('<urllib3.connection.HTTPConnection object at 0x000001C784A4E580>: Failed to establish a new connection: [WinError 10061] No connection could be made because the target machine actively refused it'))
2025-10-21 05:38:08,194 - device_location_syncer - INFO - sync_device_locations.py:250 - Sync completed. No location updates needed.
2025-10-21 05:38:08,224 - device_data_handler - INFO - device_data_handler.py:282 - Device rr1 Zone 1: Robot is stationary
2025-10-21 05:38:08,251 - device_data_handler - INFO - device_data_handler.py:376 - Device rr1 Zone 1: Robot is stationary
2025-10-21 05:38:08,287 - device_data_handler - INFO - device_data_handler.py:376 - Device rr1 Zone 1: Robot is stationary
2025-10-21 05:38:08,333 - device_data_handler - INFO - device_data_handler.py:282 - Device rr1 Zone 1: Robot is stationary
2025-10-21 05:38:08,356 - device_data_handler - INFO - device_data_handler.py:376 - Device rr1 Zone 1: Robot is stationary
2025-10-21 05:38:09,140 - device_data_handler - INFO - device_data_handler.py:282 - Device rr1 Zone 1: Robot is stationary
2025-10-21 05:38:09,170 - device_data_handler - INFO - device_data_handler.py:376 - Device rr1 Zone 1: Robot is stationary
2025-10-21 05:38:10,125 - device_data_handler - INFO - device_data_handler.py:282 - Device rr1 Zone 1: Robot is stationary
2025-10-21 05:38:10,151 - device_data_handler - INFO - device_data_handler.py:376 - Device rr1 Zone 1: Robot is stationary
2025-10-21 05:38:11,133 - device_data_handler - INFO - device_data_handler.py:282 - Device rr1 Zone 1: Robot is stationary
2025-10-21 05:38:11,156 - device_data_handler - INFO - device_data_handler.py:376 - Device rr1 Zone 1: Robot is stationary
2025-10-21 05:38:12,139 - device_data_handler - INFO - device_data_handler.py:282 - Device rr1 Zone 1: Robot is stationary
2025-10-21 05:38:12,162 - device_data_handler - INFO - device_data_handler.py:376 - Device rr1 Zone 1: Robot is stationary
2025-10-21 05:38:12,196 - device_data_handler - INFO - device_data_handler.py:376 - Device rr1 Zone 1: Robot is stationary
2025-10-21 05:38:12,243 - device_data_handler - INFO - device_data_handler.py:282 - Device rr1 Zone 1: Robot is stationary
2025-10-21 05:38:12,274 - device_data_handler - INFO - device_data_handler.py:376 - Device rr1 Zone 1: Robot is stationary
2025-10-21 05:38:13,131 - device_data_handler - INFO - device_data_handler.py:282 - Device rr1 Zone 1: Robot is stationary
2025-10-21 05:38:13,153 - device_data_handler - INFO - device_data_handler.py:376 - Device rr1 Zone 1: Robot is stationary
2025-10-21 05:38:14,132 - device_data_handler - INFO - device_data_handler.py:282 - Device rr1 Zone 1: Robot is stationary
2025-10-21 05:38:14,153 - device_data_handler - INFO - device_data_handler.py:376 - Device rr1 Zone 1: Robot is stationary
2025-10-21 05:38:15,127 - device_data_handler - INFO - device_data_handler.py:282 - Device rr1 Zone 1: Robot is stationary
2025-10-21 05:38:15,152 - device_data_handler - INFO - device_data_handler.py:376 - Device rr1 Zone 1: Robot is stationary
2025-10-21 05:38:16,140 - device_data_handler - INFO - device_data_handler.py:282 - Device rr1 Zone 1: Robot is stationary
2025-10-21 05:38:16,182 - device_data_handler - INFO - device_data_handler.py:376 - Device rr1 Zone 1: Robot is stationary
2025-10-21 05:38:17,174 - device_data_handler - INFO - device_data_handler.py:282 - Device rr1 Zone 1: Robot is stationary
2025-10-21 05:38:17,206 - device_data_handler - INFO - device_data_handler.py:376 - Device rr1 Zone 1: Robot is stationary
2025-10-21 05:38:17,266 - device_data_handler - INFO - device_data_handler.py:376 - Device rr1 Zone 1: Robot is stationary
2025-10-21 05:38:17,325 - device_data_handler - INFO - device_data_handler.py:282 - Device rr1 Zone 1: Robot is stationary
2025-10-21 05:38:17,359 - device_data_handler - INFO - device_data_handler.py:376 - Device rr1 Zone 1: Robot is stationary
2025-10-21 05:38:18,127 - device_data_handler - INFO - device_data_handler.py:282 - Device rr1 Zone 1: Robot is stationary
2025-10-21 05:38:18,160 - device_data_handler - INFO - device_data_handler.py:376 - Device rr1 Zone 1: Robot is stationary
2025-10-21 05:38:19,145 - device_data_handler - INFO - device_data_handler.py:282 - Device rr1 Zone 1: Robot is stationary
2025-10-21 05:38:19,174 - device_data_handler - INFO - device_data_handler.py:376 - Device rr1 Zone 1: Robot is stationary
2025-10-21 05:38:20,137 - device_data_handler - INFO - device_data_handler.py:282 - Device rr1 Zone 1: Robot is stationary
2025-10-21 05:38:20,167 - device_data_handler - INFO - device_data_handler.py:376 - Device rr1 Zone 1: Robot is stationary
2025-10-21 05:38:21,147 - device_data_handler - INFO - device_data_handler.py:282 - Device rr1 Zone 1: Robot is stationary
2025-10-21 05:38:21,173 - device_data_handler - INFO - device_data_handler.py:376 - Device rr1 Zone 1: Robot is stationary
2025-10-21 05:38:22,129 - device_data_handler - INFO - device_data_handler.py:282 - Device rr1 Zone 1: Robot is stationary
2025-10-21 05:38:22,153 - device_data_handler - INFO - device_data_handler.py:376 - Device rr1 Zone 1: Robot is stationary
2025-10-21 05:38:22,187 - device_data_handler - INFO - device_data_handler.py:376 - Device rr1 Zone 1: Robot is stationary
2025-10-21 05:38:22,226 - device_data_handler - INFO - device_data_handler.py:282 - Device rr1 Zone 1: Robot is stationary
2025-10-21 05:38:22,249 - device_data_handler - INFO - device_data_handler.py:376 - Device rr1 Zone 1: Robot is stationary
2025-10-21 05:38:23,130 - device_data_handler - INFO - device_data_handler.py:282 - Device rr1 Zone 1: Robot is stationary
2025-10-21 05:38:23,155 - device_data_handler - INFO - device_data_handler.py:376 - Device rr1 Zone 1: Robot is stationary
2025-10-21 05:38:24,126 - device_data_handler - INFO - device_data_handler.py:282 - Device rr1 Zone 1: Robot is stationary
2025-10-21 05:38:24,151 - device_data_handler - INFO - device_data_handler.py:376 - Device rr1 Zone 1: Robot is stationary
2025-10-21 05:38:25,139 - device_data_handler - INFO - device_data_handler.py:282 - Device rr1 Zone 1: Robot is stationary
2025-10-21 05:38:25,168 - device_data_handler - INFO - device_data_handler.py:376 - Device rr1 Zone 1: Robot is stationary
2025-10-21 05:38:26,133 - device_data_handler - INFO - device_data_handler.py:282 - Device rr1 Zone 1: Robot is stationary
2025-10-21 05:38:26,168 - device_data_handler - INFO - device_data_handler.py:376 - Device rr1 Zone 1: Robot is stationary
2025-10-21 05:38:27,131 - device_data_handler - INFO - device_data_handler.py:282 - Device rr1 Zone 1: Robot is stationary
2025-10-21 05:38:27,156 - device_data_handler - INFO - device_data_handler.py:376 - Device rr1 Zone 1: Robot is stationary
2025-10-21 05:38:27,189 - device_data_handler - INFO - device_data_handler.py:376 - Device rr1 Zone 1: Robot is stationary
2025-10-21 05:38:27,228 - device_data_handler - INFO - device_data_handler.py:282 - Device rr1 Zone 1: Robot is stationary
2025-10-21 05:38:27,251 - device_data_handler - INFO - device_data_handler.py:376 - Device rr1 Zone 1: Robot is stationary
2025-10-21 05:38:28,143 - device_data_handler - INFO - device_data_handler.py:282 - Device rr1 Zone 1: Robot is stationary
2025-10-21 05:38:28,171 - device_data_handler - INFO - device_data_handler.py:376 - Device rr1 Zone 1: Robot is stationary
2025-10-21 05:38:29,135 - device_data_handler - INFO - device_data_handler.py:282 - Device rr1 Zone 1: Robot is stationary
2025-10-21 05:38:29,170 - device_data_handler - INFO - device_data_handler.py:376 - Device rr1 Zone 1: Robot is stationary
2025-10-21 05:38:30,137 - device_data_handler - INFO - device_data_handler.py:282 - Device rr1 Zone 1: Robot is stationary
2025-10-21 05:38:30,174 - device_data_handler - INFO - device_data_handler.py:376 - Device rr1 Zone 1: Robot is stationary
2025-10-21 05:38:30,926 - device_list - INFO - device_list.py:316 - Refreshing device data...
2025-10-21 05:38:30,977 - device_list - INFO - device_list.py:336 - Loaded 4 devices from CSV
2025-10-21 05:38:31,145 - device_data_handler - INFO - device_data_handler.py:282 - Device rr1 Zone 1: Robot is stationary
2025-10-21 05:38:31,174 - device_data_handler - INFO - device_data_handler.py:376 - Device rr1 Zone 1: Robot is stationary
2025-10-21 05:38:32,073 - device_location_syncer - INFO - sync_device_locations.py:250 - Sync completed. No location updates needed.
2025-10-21 05:38:32,133 - device_data_handler - INFO - device_data_handler.py:282 - Device rr1 Zone 1: Robot is stationary
2025-10-21 05:38:32,163 - device_data_handler - INFO - device_data_handler.py:376 - Device rr1 Zone 1: Robot is stationary
2025-10-21 05:38:32,210 - device_data_handler - INFO - device_data_handler.py:376 - Device rr1 Zone 1: Robot is stationary
2025-10-21 05:38:32,263 - device_data_handler - INFO - device_data_handler.py:282 - Device rr1 Zone 1: Robot is stationary
2025-10-21 05:38:32,291 - device_data_handler - INFO - device_data_handler.py:376 - Device rr1 Zone 1: Robot is stationary
2025-10-21 05:38:33,158 - device_data_handler - INFO - device_data_handler.py:282 - Device rr1 Zone 1: Robot is stationary
2025-10-21 05:38:33,189 - device_data_handler - INFO - device_data_handler.py:376 - Device rr1 Zone 1: Robot is stationary
2025-10-21 05:38:34,136 - device_data_handler - INFO - device_data_handler.py:282 - Device rr1 Zone 1: Robot is stationary
2025-10-21 05:38:34,173 - device_data_handler - INFO - device_data_handler.py:376 - Device rr1 Zone 1: Robot is stationary
2025-10-21 05:38:35,133 - device_data_handler - INFO - device_data_handler.py:282 - Device rr1 Zone 1: Robot is stationary
2025-10-21 05:38:35,167 - device_data_handler - INFO - device_data_handler.py:376 - Device rr1 Zone 1: Robot is stationary
2025-10-21 05:38:36,126 - device_data_handler - INFO - device_data_handler.py:282 - Device rr1 Zone 1: Robot is stationary
2025-10-21 05:38:36,148 - device_data_handler - INFO - device_data_handler.py:376 - Device rr1 Zone 1: Robot is stationary
2025-10-21 05:38:37,141 - device_data_handler - INFO - device_data_handler.py:282 - Device rr1 Zone 1: Robot is stationary
2025-10-21 05:38:37,189 - device_data_handler - INFO - device_data_handler.py:376 - Device rr1 Zone 1: Robot is stationary
2025-10-21 05:38:37,243 - device_data_handler - INFO - device_data_handler.py:376 - Device rr1 Zone 1: Robot is stationary
2025-10-21 05:38:37,300 - device_data_handler - INFO - device_data_handler.py:282 - Device rr1 Zone 1: Robot is stationary
2025-10-21 05:38:37,331 - device_data_handler - INFO - device_data_handler.py:376 - Device rr1 Zone 1: Robot is stationary
2025-10-21 05:38:38,137 - device_data_handler - INFO - device_data_handler.py:282 - Device rr1 Zone 1: Robot is stationary
2025-10-21 05:38:38,167 - device_data_handler - INFO - device_data_handler.py:376 - Device rr1 Zone 1: Robot is stationary
2025-10-21 05:38:39,143 - device_data_handler - INFO - device_data_handler.py:282 - Device rr1 Zone 1: Robot is stationary
2025-10-21 05:38:39,179 - device_data_handler - INFO - device_data_handler.py:376 - Device rr1 Zone 1: Robot is stationary
2025-10-21 05:38:40,147 - device_data_handler - INFO - device_data_handler.py:282 - Device rr1 Zone 1: Robot is stationary
2025-10-21 05:38:40,173 - device_data_handler - INFO - device_data_handler.py:376 - Device rr1 Zone 1: Robot is stationary
2025-10-21 05:38:41,133 - device_data_handler - INFO - device_data_handler.py:282 - Device rr1 Zone 1: Robot is stationary
2025-10-21 05:38:41,156 - device_data_handler - INFO - device_data_handler.py:376 - Device rr1 Zone 1: Robot is stationary
2025-10-21 05:38:42,128 - device_data_handler - INFO - device_data_handler.py:282 - Device rr1 Zone 1: Robot is stationary
2025-10-21 05:38:42,152 - device_data_handler - INFO - device_data_handler.py:376 - Device rr1 Zone 1: Robot is stationary
2025-10-21 05:38:42,186 - device_data_handler - INFO - device_data_handler.py:376 - Device rr1 Zone 1: Robot is stationary
2025-10-21 05:38:42,229 - device_data_handler - INFO - device_data_handler.py:282 - Device rr1 Zone 1: Robot is stationary
2025-10-21 05:38:42,251 - device_data_handler - INFO - device_data_handler.py:376 - Device rr1 Zone 1: Robot is stationary
2025-10-21 05:38:43,130 - device_data_handler - INFO - device_data_handler.py:282 - Device rr1 Zone 1: Robot is stationary
2025-10-21 05:38:43,154 - device_data_handler - INFO - device_data_handler.py:376 - Device rr1 Zone 1: Robot is stationary
2025-10-21 05:38:44,137 - device_data_handler - INFO - device_data_handler.py:282 - Device rr1 Zone 1: Robot is stationary
2025-10-21 05:38:44,177 - device_data_handler - INFO - device_data_handler.py:376 - Device rr1 Zone 1: Robot is stationary
2025-10-21 05:38:45,126 - device_data_handler - INFO - device_data_handler.py:282 - Device rr1 Zone 1: Robot is stationary
2025-10-21 05:38:45,150 - device_data_handler - INFO - device_data_handler.py:376 - Device rr1 Zone 1: Robot is stationary
2025-10-21 05:38:46,146 - device_data_handler - INFO - device_data_handler.py:282 - Device rr1 Zone 1: Robot is stationary
2025-10-21 05:38:46,174 - device_data_handler - INFO - device_data_handler.py:376 - Device rr1 Zone 1: Robot is stationary
2025-10-21 05:38:47,149 - device_data_handler - INFO - device_data_handler.py:282 - Device rr1 Zone 1: Robot is stationary
2025-10-21 05:38:47,174 - device_data_handler - INFO - device_data_handler.py:376 - Device rr1 Zone 1: Robot is stationary
2025-10-21 05:38:47,219 - device_data_handler - INFO - device_data_handler.py:376 - Device rr1 Zone 1: Robot is stationary
2025-10-21 05:38:47,258 - device_data_handler - INFO - device_data_handler.py:282 - Device rr1 Zone 1: Robot is stationary
2025-10-21 05:38:47,281 - device_data_handler - INFO - device_data_handler.py:376 - Device rr1 Zone 1: Robot is stationary
2025-10-21 05:38:48,159 - device_data_handler - INFO - device_data_handler.py:282 - Device rr1 Zone 1: Robot is stationary
2025-10-21 05:38:48,208 - device_data_handler - INFO - device_data_handler.py:376 - Device rr1 Zone 1: Robot is stationary
2025-10-21 05:38:49,146 - device_data_handler - INFO - device_data_handler.py:282 - Device rr1 Zone 1: Robot is stationary
2025-10-21 05:38:49,168 - device_data_handler - INFO - device_data_handler.py:376 - Device rr1 Zone 1: Robot is stationary
2025-10-21 05:38:50,173 - device_data_handler - INFO - device_data_handler.py:282 - Device rr1 Zone 1: Robot is stationary
2025-10-21 05:38:50,246 - device_data_handler - INFO - device_data_handler.py:376 - Device rr1 Zone 1: Robot is stationary
2025-10-21 05:38:51,145 - device_data_handler - INFO - device_data_handler.py:282 - Device rr1 Zone 1: Robot is stationary
2025-10-21 05:38:51,166 - device_data_handler - INFO - device_data_handler.py:376 - Device rr1 Zone 1: Robot is stationary
2025-10-21 05:38:52,168 - device_data_handler - INFO - device_data_handler.py:282 - Device rr1 Zone 1: Robot is stationary
2025-10-21 05:38:52,190 - device_data_handler - INFO - device_data_handler.py:376 - Device rr1 Zone 1: Robot is stationary
2025-10-21 05:38:52,223 - device_data_handler - INFO - device_data_handler.py:376 - Device rr1 Zone 1: Robot is stationary
2025-10-21 05:38:52,264 - device_data_handler - INFO - device_data_handler.py:282 - Device rr1 Zone 1: Robot is stationary
2025-10-21 05:38:52,286 - device_data_handler - INFO - device_data_handler.py:376 - Device rr1 Zone 1: Robot is stationary
2025-10-21 05:38:53,164 - device_data_handler - INFO - device_data_handler.py:282 - Device rr1 Zone 1: Robot is stationary
2025-10-21 05:38:53,187 - device_data_handler - INFO - device_data_handler.py:376 - Device rr1 Zone 1: Robot is stationary
2025-10-21 05:38:54,186 - device_data_handler - INFO - device_data_handler.py:282 - Device rr1 Zone 1: Robot is stationary
2025-10-21 05:38:54,222 - device_data_handler - INFO - device_data_handler.py:376 - Device rr1 Zone 1: Robot is stationary
2025-10-21 05:38:55,165 - device_data_handler - INFO - device_data_handler.py:282 - Device rr1 Zone 1: Robot is stationary
2025-10-21 05:38:55,194 - device_data_handler - INFO - device_data_handler.py:376 - Device rr1 Zone 1: Robot is stationary
2025-10-21 05:38:56,192 - device_data_handler - INFO - device_data_handler.py:282 - Device rr1 Zone 1: Robot is stationary
2025-10-21 05:38:56,229 - device_data_handler - INFO - device_data_handler.py:376 - Device rr1 Zone 1: Robot is stationary
2025-10-21 05:38:57,174 - device_data_handler - INFO - device_data_handler.py:282 - Device rr1 Zone 1: Robot is stationary
2025-10-21 05:38:57,213 - device_data_handler - INFO - device_data_handler.py:376 - Device rr1 Zone 1: Robot is stationary
2025-10-21 05:38:57,263 - device_data_handler - INFO - device_data_handler.py:376 - Device rr1 Zone 1: Robot is stationary
2025-10-21 05:38:57,320 - device_data_handler - INFO - device_data_handler.py:282 - Device rr1 Zone 1: Robot is stationary
2025-10-21 05:38:57,352 - device_data_handler - INFO - device_data_handler.py:376 - Device rr1 Zone 1: Robot is stationary
2025-10-21 05:38:58,168 - device_data_handler - INFO - device_data_handler.py:282 - Device rr1 Zone 1: Robot is stationary
2025-10-21 05:38:58,202 - device_data_handler - INFO - device_data_handler.py:376 - Device rr1 Zone 1: Robot is stationary
2025-10-21 05:38:59,182 - device_data_handler - INFO - device_data_handler.py:282 - Device rr1 Zone 1: Robot is stationary
2025-10-21 05:38:59,205 - device_data_handler - INFO - device_data_handler.py:376 - Device rr1 Zone 1: Robot is stationary
2025-10-21 05:39:00,175 - device_data_handler - INFO - device_data_handler.py:282 - Device rr1 Zone 1: Robot is stationary
2025-10-21 05:39:00,202 - device_data_handler - INFO - device_data_handler.py:376 - Device rr1 Zone 1: Robot is stationary
2025-10-21 05:39:00,928 - device_list - INFO - device_list.py:316 - Refreshing device data...
2025-10-21 05:39:00,979 - device_list - INFO - device_list.py:336 - Loaded 4 devices from CSV
2025-10-21 05:39:01,193 - device_data_handler - INFO - device_data_handler.py:282 - Device rr1 Zone 1: Robot is stationary
2025-10-21 05:39:01,224 - device_data_handler - INFO - device_data_handler.py:376 - Device rr1 Zone 1: Robot is stationary
2025-10-21 05:39:04,098 - api_client - WARNING - client.py:80 - Request attempt 1 failed: HTTPConnectionPool(host='127.0.0.1', port=8000): Max retries exceeded with url: /api/ (Caused by NewConnectionError('<urllib3.connection.HTTPConnection object at 0x000001C784A4E690>: Failed to establish a new connection: [WinError 10061] No connection could be made because the target machine actively refused it'))
2025-10-21 05:39:06,138 - api_client - WARNING - client.py:80 - Request attempt 2 failed: HTTPConnectionPool(host='127.0.0.1', port=8000): Max retries exceeded with url: /api/ (Caused by NewConnectionError('<urllib3.connection.HTTPConnection object at 0x000001C784A4EF10>: Failed to establish a new connection: [WinError 10061] No connection could be made because the target machine actively refused it'))
2025-10-21 05:39:08,168 - api_client - WARNING - client.py:80 - Request attempt 3 failed: HTTPConnectionPool(host='127.0.0.1', port=8000): Max retries exceeded with url: /api/ (Caused by NewConnectionError('<urllib3.connection.HTTPConnection object at 0x000001C784A4F240>: Failed to establish a new connection: [WinError 10061] No connection could be made because the target machine actively refused it'))
2025-10-21 05:39:08,171 - device_location_syncer - INFO - sync_device_locations.py:250 - Sync completed. No location updates needed.
2025-10-21 05:39:08,201 - device_data_handler - INFO - device_data_handler.py:282 - Device rr1 Zone 1: Robot is stationary
2025-10-21 05:39:08,233 - device_data_handler - INFO - device_data_handler.py:376 - Device rr1 Zone 1: Robot is stationary
2025-10-21 05:39:08,281 - device_data_handler - INFO - device_data_handler.py:376 - Device rr1 Zone 1: Robot is stationary
2025-10-21 05:39:08,349 - device_data_handler - INFO - device_data_handler.py:282 - Device rr1 Zone 1: Robot is stationary
2025-10-21 05:39:08,380 - device_data_handler - INFO - device_data_handler.py:376 - Device rr1 Zone 1: Robot is stationary
2025-10-21 05:39:09,188 - device_data_handler - INFO - device_data_handler.py:282 - Device rr1 Zone 1: Robot is stationary
2025-10-21 05:39:09,218 - device_data_handler - INFO - device_data_handler.py:376 - Device rr1 Zone 1: Robot is stationary
2025-10-21 05:39:10,191 - device_data_handler - INFO - device_data_handler.py:282 - Device rr1 Zone 1: Robot is stationary
2025-10-21 05:39:10,223 - device_data_handler - INFO - device_data_handler.py:376 - Device rr1 Zone 1: Robot is stationary
2025-10-21 05:39:11,181 - device_data_handler - INFO - device_data_handler.py:282 - Device rr1 Zone 1: Robot is stationary
2025-10-21 05:39:11,214 - device_data_handler - INFO - device_data_handler.py:376 - Device rr1 Zone 1: Robot is stationary
2025-10-21 05:39:12,179 - device_data_handler - INFO - device_data_handler.py:282 - Device rr1 Zone 1: Robot is stationary
2025-10-21 05:39:12,204 - device_data_handler - INFO - device_data_handler.py:376 - Device rr1 Zone 1: Robot is stationary
2025-10-21 05:39:12,249 - device_data_handler - INFO - device_data_handler.py:376 - Device rr1 Zone 1: Robot is stationary
2025-10-21 05:39:12,291 - device_data_handler - INFO - device_data_handler.py:282 - Device rr1 Zone 1: Robot is stationary
2025-10-21 05:39:12,323 - device_data_handler - INFO - device_data_handler.py:376 - Device rr1 Zone 1: Robot is stationary
2025-10-21 05:39:13,187 - device_data_handler - INFO - device_data_handler.py:282 - Device rr1 Zone 1: Robot is stationary
2025-10-21 05:39:13,212 - device_data_handler - INFO - device_data_handler.py:376 - Device rr1 Zone 1: Robot is stationary
2025-10-21 05:39:14,187 - device_data_handler - INFO - device_data_handler.py:282 - Device rr1 Zone 1: Robot is stationary
2025-10-21 05:39:14,211 - device_data_handler - INFO - device_data_handler.py:376 - Device rr1 Zone 1: Robot is stationary
2025-10-21 05:39:15,181 - device_data_handler - INFO - device_data_handler.py:282 - Device rr1 Zone 1: Robot is stationary
2025-10-21 05:39:15,214 - device_data_handler - INFO - device_data_handler.py:376 - Device rr1 Zone 1: Robot is stationary
2025-10-21 05:39:16,175 - device_data_handler - INFO - device_data_handler.py:282 - Device rr1 Zone 1: Robot is stationary
2025-10-21 05:39:16,202 - device_data_handler - INFO - device_data_handler.py:376 - Device rr1 Zone 1: Robot is stationary
2025-10-21 05:39:17,178 - device_data_handler - INFO - device_data_handler.py:282 - Device rr1 Zone 1: Robot is stationary
2025-10-21 05:39:17,202 - device_data_handler - INFO - device_data_handler.py:376 - Device rr1 Zone 1: Robot is stationary
2025-10-21 05:39:17,236 - device_data_handler - INFO - device_data_handler.py:376 - Device rr1 Zone 1: Robot is stationary
2025-10-21 05:39:17,277 - device_data_handler - INFO - device_data_handler.py:282 - Device rr1 Zone 1: Robot is stationary
2025-10-21 05:39:17,300 - device_data_handler - INFO - device_data_handler.py:376 - Device rr1 Zone 1: Robot is stationary
2025-10-21 05:39:18,183 - device_data_handler - INFO - device_data_handler.py:282 - Device rr1 Zone 1: Robot is stationary
2025-10-21 05:39:18,208 - device_data_handler - INFO - device_data_handler.py:376 - Device rr1 Zone 1: Robot is stationary
2025-10-21 05:39:19,196 - device_data_handler - INFO - device_data_handler.py:282 - Device rr1 Zone 1: Robot is stationary
2025-10-21 05:39:19,221 - device_data_handler - INFO - device_data_handler.py:376 - Device rr1 Zone 1: Robot is stationary
2025-10-21 05:39:20,179 - device_data_handler - INFO - device_data_handler.py:282 - Device rr1 Zone 1: Robot is stationary
2025-10-21 05:39:20,204 - device_data_handler - INFO - device_data_handler.py:376 - Device rr1 Zone 1: Robot is stationary
2025-10-21 05:39:21,180 - device_data_handler - INFO - device_data_handler.py:282 - Device rr1 Zone 1: Robot is stationary
2025-10-21 05:39:21,204 - device_data_handler - INFO - device_data_handler.py:376 - Device rr1 Zone 1: Robot is stationary
2025-10-21 05:39:22,188 - device_data_handler - INFO - device_data_handler.py:282 - Device rr1 Zone 1: Robot is stationary
2025-10-21 05:39:22,212 - device_data_handler - INFO - device_data_handler.py:376 - Device rr1 Zone 1: Robot is stationary
2025-10-21 05:39:22,245 - device_data_handler - INFO - device_data_handler.py:376 - Device rr1 Zone 1: Robot is stationary
2025-10-21 05:39:22,285 - device_data_handler - INFO - device_data_handler.py:282 - Device rr1 Zone 1: Robot is stationary
2025-10-21 05:39:22,308 - device_data_handler - INFO - device_data_handler.py:376 - Device rr1 Zone 1: Robot is stationary
2025-10-21 05:39:23,181 - device_data_handler - INFO - device_data_handler.py:282 - Device rr1 Zone 1: Robot is stationary
2025-10-21 05:39:23,204 - device_data_handler - INFO - device_data_handler.py:376 - Device rr1 Zone 1: Robot is stationary
2025-10-21 05:39:24,190 - device_data_handler - INFO - device_data_handler.py:282 - Device rr1 Zone 1: Robot is stationary
2025-10-21 05:39:24,212 - device_data_handler - INFO - device_data_handler.py:376 - Device rr1 Zone 1: Robot is stationary
2025-10-21 05:39:25,173 - device_data_handler - INFO - device_data_handler.py:282 - Device rr1 Zone 1: Robot is stationary
2025-10-21 05:39:25,195 - device_data_handler - INFO - device_data_handler.py:376 - Device rr1 Zone 1: Robot is stationary
2025-10-21 05:39:26,179 - device_data_handler - INFO - device_data_handler.py:282 - Device rr1 Zone 1: Robot is stationary
2025-10-21 05:39:26,201 - device_data_handler - INFO - device_data_handler.py:376 - Device rr1 Zone 1: Robot is stationary
2025-10-21 05:39:27,175 - device_data_handler - INFO - device_data_handler.py:282 - Device rr1 Zone 1: Robot is stationary
2025-10-21 05:39:27,197 - device_data_handler - INFO - device_data_handler.py:376 - Device rr1 Zone 1: Robot is stationary
2025-10-21 05:39:27,230 - device_data_handler - INFO - device_data_handler.py:376 - Device rr1 Zone 1: Robot is stationary
2025-10-21 05:39:27,332 - device_data_handler - INFO - device_data_handler.py:282 - Device rr1 Zone 1: Robot is stationary
2025-10-21 05:39:27,352 - device_data_handler - INFO - device_data_handler.py:376 - Device rr1 Zone 1: Robot is stationary
2025-10-21 05:39:28,177 - device_data_handler - INFO - device_data_handler.py:282 - Device rr1 Zone 1: Robot is stationary
2025-10-21 05:39:28,200 - device_data_handler - INFO - device_data_handler.py:376 - Device rr1 Zone 1: Robot is stationary
2025-10-21 05:39:29,173 - device_data_handler - INFO - device_data_handler.py:282 - Device rr1 Zone 1: Robot is stationary
2025-10-21 05:39:29,197 - device_data_handler - INFO - device_data_handler.py:376 - Device rr1 Zone 1: Robot is stationary
2025-10-21 05:39:30,178 - device_data_handler - INFO - device_data_handler.py:282 - Device rr1 Zone 1: Robot is stationary
2025-10-21 05:39:30,201 - device_data_handler - INFO - device_data_handler.py:376 - Device rr1 Zone 1: Robot is stationary
2025-10-21 05:39:30,932 - device_list - INFO - device_list.py:316 - Refreshing device data...
2025-10-21 05:39:30,971 - device_list - INFO - device_list.py:336 - Loaded 4 devices from CSV
2025-10-21 05:39:31,182 - device_data_handler - INFO - device_data_handler.py:282 - Device rr1 Zone 1: Robot is stationary
2025-10-21 05:39:31,206 - device_data_handler - INFO - device_data_handler.py:376 - Device rr1 Zone 1: Robot is stationary
2025-10-21 05:39:32,070 - device_location_syncer - INFO - sync_device_locations.py:250 - Sync completed. No location updates needed.
2025-10-21 05:39:32,176 - device_data_handler - INFO - device_data_handler.py:282 - Device rr1 Zone 1: Robot is stationary
2025-10-21 05:39:32,199 - device_data_handler - INFO - device_data_handler.py:376 - Device rr1 Zone 1: Robot is stationary
2025-10-21 05:39:32,234 - device_data_handler - INFO - device_data_handler.py:376 - Device rr1 Zone 1: Robot is stationary
2025-10-21 05:39:32,276 - device_data_handler - INFO - device_data_handler.py:282 - Device rr1 Zone 1: Robot is stationary
2025-10-21 05:39:32,299 - device_data_handler - INFO - device_data_handler.py:376 - Device rr1 Zone 1: Robot is stationary
2025-10-21 05:39:33,173 - device_data_handler - INFO - device_data_handler.py:282 - Device rr1 Zone 1: Robot is stationary
2025-10-21 05:39:33,195 - device_data_handler - INFO - device_data_handler.py:376 - Device rr1 Zone 1: Robot is stationary
2025-10-21 05:39:34,174 - device_data_handler - INFO - device_data_handler.py:282 - Device rr1 Zone 1: Robot is stationary
2025-10-21 05:39:34,196 - device_data_handler - INFO - device_data_handler.py:376 - Device rr1 Zone 1: Robot is stationary
2025-10-21 05:39:35,180 - device_data_handler - INFO - device_data_handler.py:282 - Device rr1 Zone 1: Robot is stationary
2025-10-21 05:39:35,201 - device_data_handler - INFO - device_data_handler.py:376 - Device rr1 Zone 1: Robot is stationary
2025-10-21 05:39:36,173 - device_data_handler - INFO - device_data_handler.py:282 - Device rr1 Zone 1: Robot is stationary
2025-10-21 05:39:36,195 - device_data_handler - INFO - device_data_handler.py:376 - Device rr1 Zone 1: Robot is stationary
2025-10-21 05:39:37,186 - device_data_handler - INFO - device_data_handler.py:282 - Device rr1 Zone 1: Robot is stationary
2025-10-21 05:39:37,256 - device_data_handler - INFO - device_data_handler.py:376 - Device rr1 Zone 1: Robot is stationary
2025-10-21 05:39:37,305 - device_data_handler - INFO - device_data_handler.py:376 - Device rr1 Zone 1: Robot is stationary
2025-10-21 05:39:37,344 - device_data_handler - INFO - device_data_handler.py:282 - Device rr1 Zone 1: Robot is stationary
2025-10-21 05:39:37,367 - device_data_handler - INFO - device_data_handler.py:376 - Device rr1 Zone 1: Robot is stationary
2025-10-21 05:39:38,188 - device_data_handler - INFO - device_data_handler.py:282 - Device rr1 Zone 1: Robot is stationary
2025-10-21 05:39:38,210 - device_data_handler - INFO - device_data_handler.py:376 - Device rr1 Zone 1: Robot is stationary
2025-10-21 05:39:39,187 - device_data_handler - INFO - device_data_handler.py:282 - Device rr1 Zone 1: Robot is stationary
2025-10-21 05:39:39,210 - device_data_handler - INFO - device_data_handler.py:376 - Device rr1 Zone 1: Robot is stationary
2025-10-21 05:39:40,194 - device_data_handler - INFO - device_data_handler.py:282 - Device rr1 Zone 1: Robot is stationary
2025-10-21 05:39:40,217 - device_data_handler - INFO - device_data_handler.py:376 - Device rr1 Zone 1: Robot is stationary
2025-10-21 05:39:41,190 - device_data_handler - INFO - device_data_handler.py:282 - Device rr1 Zone 1: Robot is stationary
2025-10-21 05:39:41,213 - device_data_handler - INFO - device_data_handler.py:376 - Device rr1 Zone 1: Robot is stationary
2025-10-21 05:39:42,203 - device_data_handler - INFO - device_data_handler.py:282 - Device rr1 Zone 1: Robot is stationary
2025-10-21 05:39:42,225 - device_data_handler - INFO - device_data_handler.py:376 - Device rr1 Zone 1: Robot is stationary
2025-10-21 05:39:42,259 - device_data_handler - INFO - device_data_handler.py:376 - Device rr1 Zone 1: Robot is stationary
2025-10-21 05:39:42,298 - device_data_handler - INFO - device_data_handler.py:282 - Device rr1 Zone 1: Robot is stationary
2025-10-21 05:39:42,322 - device_data_handler - INFO - device_data_handler.py:376 - Device rr1 Zone 1: Robot is stationary
2025-10-21 05:39:43,188 - device_data_handler - INFO - device_data_handler.py:282 - Device rr1 Zone 1: Robot is stationary
2025-10-21 05:39:43,210 - device_data_handler - INFO - device_data_handler.py:376 - Device rr1 Zone 1: Robot is stationary
2025-10-21 05:39:44,196 - device_data_handler - INFO - device_data_handler.py:282 - Device rr1 Zone 1: Robot is stationary
2025-10-21 05:39:44,221 - device_data_handler - INFO - device_data_handler.py:376 - Device rr1 Zone 1: Robot is stationary
2025-10-21 05:39:45,208 - device_data_handler - INFO - device_data_handler.py:282 - Device rr1 Zone 1: Robot is stationary
2025-10-21 05:39:45,230 - device_data_handler - INFO - device_data_handler.py:376 - Device rr1 Zone 1: Robot is stationary
2025-10-21 05:39:46,202 - device_data_handler - INFO - device_data_handler.py:282 - Device rr1 Zone 1: Robot is stationary
2025-10-21 05:39:46,224 - device_data_handler - INFO - device_data_handler.py:376 - Device rr1 Zone 1: Robot is stationary
2025-10-21 05:39:47,200 - device_data_handler - INFO - device_data_handler.py:376 - Device rr1 Zone 1: Robot is stationary
2025-10-21 05:39:47,241 - device_data_handler - INFO - device_data_handler.py:282 - Device rr1 Zone 1: Robot is stationary
2025-10-21 05:39:47,298 - device_data_handler - INFO - device_data_handler.py:376 - Device rr1 Zone 1: Robot is stationary
2025-10-21 05:39:47,367 - device_data_handler - INFO - device_data_handler.py:282 - Device rr1 Zone 1: Robot is stationary
2025-10-21 05:39:47,389 - device_data_handler - INFO - device_data_handler.py:376 - Device rr1 Zone 1: Robot is stationary
2025-10-21 05:39:48,215 - device_data_handler - INFO - device_data_handler.py:282 - Device rr1 Zone 1: Robot is stationary
2025-10-21 05:39:48,238 - device_data_handler - INFO - device_data_handler.py:376 - Device rr1 Zone 1: Robot is stationary
2025-10-21 05:39:49,208 - device_data_handler - INFO - device_data_handler.py:282 - Device rr1 Zone 1: Robot is stationary
2025-10-21 05:39:49,230 - device_data_handler - INFO - device_data_handler.py:376 - Device rr1 Zone 1: Robot is stationary
2025-10-21 05:39:50,204 - device_data_handler - INFO - device_data_handler.py:282 - Device rr1 Zone 1: Robot is stationary
2025-10-21 05:39:50,226 - device_data_handler - INFO - device_data_handler.py:376 - Device rr1 Zone 1: Robot is stationary
2025-10-21 05:39:51,209 - device_data_handler - INFO - device_data_handler.py:282 - Device rr1 Zone 1: Robot is stationary
2025-10-21 05:39:51,230 - device_data_handler - INFO - device_data_handler.py:376 - Device rr1 Zone 1: Robot is stationary
2025-10-21 05:39:52,260 - device_data_handler - INFO - device_data_handler.py:376 - Device rr1 Zone 1: Robot is stationary
2025-10-21 05:39:52,304 - device_data_handler - INFO - device_data_handler.py:282 - Device rr1 Zone 1: Robot is stationary
2025-10-21 05:39:52,327 - device_data_handler - INFO - device_data_handler.py:376 - Device rr1 Zone 1: Robot is stationary
2025-10-21 05:39:52,368 - device_data_handler - INFO - device_data_handler.py:282 - Device rr1 Zone 1: Robot is stationary
2025-10-21 05:39:52,391 - device_data_handler - INFO - device_data_handler.py:376 - Device rr1 Zone 1: Robot is stationary
2025-10-21 05:39:53,208 - device_data_handler - INFO - device_data_handler.py:282 - Device rr1 Zone 1: Robot is stationary
2025-10-21 05:39:53,231 - device_data_handler - INFO - device_data_handler.py:376 - Device rr1 Zone 1: Robot is stationary
2025-10-21 05:39:54,209 - device_data_handler - INFO - device_data_handler.py:282 - Device rr1 Zone 1: Robot is stationary
2025-10-21 05:39:54,241 - device_data_handler - INFO - device_data_handler.py:376 - Device rr1 Zone 1: Robot is stationary
2025-10-21 05:39:55,224 - device_data_handler - INFO - device_data_handler.py:282 - Device rr1 Zone 1: Robot is stationary
2025-10-21 05:39:55,245 - device_data_handler - INFO - device_data_handler.py:376 - Device rr1 Zone 1: Robot is stationary
2025-10-21 05:39:56,212 - device_data_handler - INFO - device_data_handler.py:282 - Device rr1 Zone 1: Robot is stationary
2025-10-21 05:39:56,235 - device_data_handler - INFO - device_data_handler.py:376 - Device rr1 Zone 1: Robot is stationary
2025-10-21 05:39:57,228 - device_data_handler - INFO - device_data_handler.py:376 - Device rr1 Zone 1: Robot is stationary
2025-10-21 05:39:57,270 - device_data_handler - INFO - device_data_handler.py:282 - Device rr1 Zone 1: Robot is stationary
2025-10-21 05:39:57,291 - device_data_handler - INFO - device_data_handler.py:376 - Device rr1 Zone 1: Robot is stationary
2025-10-21 05:39:57,331 - device_data_handler - INFO - device_data_handler.py:282 - Device rr1 Zone 1: Robot is stationary
2025-10-21 05:39:57,352 - device_data_handler - INFO - device_data_handler.py:376 - Device rr1 Zone 1: Robot is stationary
2025-10-21 05:39:58,243 - device_data_handler - INFO - device_data_handler.py:282 - Device rr1 Zone 1: Robot is stationary
2025-10-21 05:39:58,266 - device_data_handler - INFO - device_data_handler.py:376 - Device rr1 Zone 1: Robot is stationary
2025-10-21 05:39:59,222 - device_data_handler - INFO - device_data_handler.py:282 - Device rr1 Zone 1: Robot is stationary
2025-10-21 05:39:59,245 - device_data_handler - INFO - device_data_handler.py:376 - Device rr1 Zone 1: Robot is stationary
2025-10-21 05:40:00,241 - device_data_handler - INFO - device_data_handler.py:282 - Device rr1 Zone 1: Robot is stationary
2025-10-21 05:40:00,263 - device_data_handler - INFO - device_data_handler.py:376 - Device rr1 Zone 1: Robot is stationary
2025-10-21 05:40:00,929 - device_list - INFO - device_list.py:316 - Refreshing device data...
2025-10-21 05:40:00,966 - device_list - INFO - device_list.py:336 - Loaded 4 devices from CSV
2025-10-21 05:40:01,266 - device_data_handler - INFO - device_data_handler.py:282 - Device rr1 Zone 1: Robot is stationary
2025-10-21 05:40:01,289 - device_data_handler - INFO - device_data_handler.py:376 - Device rr1 Zone 1: Robot is stationary
2025-10-21 05:40:04,100 - api_client - WARNING - client.py:80 - Request attempt 1 failed: HTTPConnectionPool(host='127.0.0.1', port=8000): Max retries exceeded with url: /api/ (Caused by NewConnectionError('<urllib3.connection.HTTPConnection object at 0x000001C784A4E580>: Failed to establish a new connection: [WinError 10061] No connection could be made because the target machine actively refused it'))
2025-10-21 05:40:06,142 - api_client - WARNING - client.py:80 - Request attempt 2 failed: HTTPConnectionPool(host='127.0.0.1', port=8000): Max retries exceeded with url: /api/ (Caused by NewConnectionError('<urllib3.connection.HTTPConnection object at 0x000001C784A4CAF0>: Failed to establish a new connection: [WinError 10061] No connection could be made because the target machine actively refused it'))
2025-10-21 05:40:08,179 - api_client - WARNING - client.py:80 - Request attempt 3 failed: HTTPConnectionPool(host='127.0.0.1', port=8000): Max retries exceeded with url: /api/ (Caused by NewConnectionError('<urllib3.connection.HTTPConnection object at 0x000001C784A4EF10>: Failed to establish a new connection: [WinError 10061] No connection could be made because the target machine actively refused it'))
2025-10-21 05:40:08,186 - device_location_syncer - INFO - sync_device_locations.py:250 - Sync completed. No location updates needed.
2025-10-21 05:40:08,210 - device_data_handler - INFO - device_data_handler.py:376 - Device rr1 Zone 1: Robot is stationary
2025-10-21 05:40:08,260 - device_data_handler - INFO - device_data_handler.py:282 - Device rr1 Zone 1: Robot is stationary
2025-10-21 05:40:08,286 - device_data_handler - INFO - device_data_handler.py:376 - Device rr1 Zone 1: Robot is stationary
2025-10-21 05:40:08,360 - device_data_handler - INFO - device_data_handler.py:282 - Device rr1 Zone 1: Robot is stationary
2025-10-21 05:40:08,404 - device_data_handler - INFO - device_data_handler.py:376 - Device rr1 Zone 1: Robot is stationary
2025-10-21 05:40:09,241 - device_data_handler - INFO - device_data_handler.py:282 - Device rr1 Zone 1: Robot is stationary
2025-10-21 05:40:09,265 - device_data_handler - INFO - device_data_handler.py:376 - Device rr1 Zone 1: Robot is stationary
2025-10-21 05:40:10,245 - device_data_handler - INFO - device_data_handler.py:282 - Device rr1 Zone 1: Robot is stationary
2025-10-21 05:40:10,267 - device_data_handler - INFO - device_data_handler.py:376 - Device rr1 Zone 1: Robot is stationary
2025-10-21 05:40:11,241 - device_data_handler - INFO - device_data_handler.py:282 - Device rr1 Zone 1: Robot is stationary
2025-10-21 05:40:11,270 - device_data_handler - INFO - device_data_handler.py:376 - Device rr1 Zone 1: Robot is stationary
2025-10-21 05:40:12,237 - device_data_handler - INFO - device_data_handler.py:376 - Device rr1 Zone 1: Robot is stationary
2025-10-21 05:40:12,280 - device_data_handler - INFO - device_data_handler.py:282 - Device rr1 Zone 1: Robot is stationary
2025-10-21 05:40:12,301 - device_data_handler - INFO - device_data_handler.py:376 - Device rr1 Zone 1: Robot is stationary
2025-10-21 05:40:12,342 - device_data_handler - INFO - device_data_handler.py:282 - Device rr1 Zone 1: Robot is stationary
2025-10-21 05:40:12,364 - device_data_handler - INFO - device_data_handler.py:376 - Device rr1 Zone 1: Robot is stationary
2025-10-21 05:40:13,239 - device_data_handler - INFO - device_data_handler.py:282 - Device rr1 Zone 1: Robot is stationary
2025-10-21 05:40:13,263 - device_data_handler - INFO - device_data_handler.py:376 - Device rr1 Zone 1: Robot is stationary
2025-10-21 05:40:14,239 - device_data_handler - INFO - device_data_handler.py:282 - Device rr1 Zone 1: Robot is stationary
2025-10-21 05:40:14,263 - device_data_handler - INFO - device_data_handler.py:376 - Device rr1 Zone 1: Robot is stationary
2025-10-21 05:40:15,246 - device_data_handler - INFO - device_data_handler.py:282 - Device rr1 Zone 1: Robot is stationary
2025-10-21 05:40:15,271 - device_data_handler - INFO - device_data_handler.py:376 - Device rr1 Zone 1: Robot is stationary
2025-10-21 05:40:16,246 - device_data_handler - INFO - device_data_handler.py:282 - Device rr1 Zone 1: Robot is stationary
2025-10-21 05:40:16,275 - device_data_handler - INFO - device_data_handler.py:376 - Device rr1 Zone 1: Robot is stationary
2025-10-21 05:40:17,244 - device_data_handler - INFO - device_data_handler.py:376 - Device rr1 Zone 1: Robot is stationary
2025-10-21 05:40:17,287 - device_data_handler - INFO - device_data_handler.py:282 - Device rr1 Zone 1: Robot is stationary
2025-10-21 05:40:17,309 - device_data_handler - INFO - device_data_handler.py:376 - Device rr1 Zone 1: Robot is stationary
2025-10-21 05:40:17,395 - device_data_handler - INFO - device_data_handler.py:282 - Device rr1 Zone 1: Robot is stationary
2025-10-21 05:40:17,416 - device_data_handler - INFO - device_data_handler.py:376 - Device rr1 Zone 1: Robot is stationary
2025-10-21 05:40:18,257 - device_data_handler - INFO - device_data_handler.py:282 - Device rr1 Zone 1: Robot is stationary
2025-10-21 05:40:18,280 - device_data_handler - INFO - device_data_handler.py:376 - Device rr1 Zone 1: Robot is stationary
2025-10-21 05:40:19,254 - device_data_handler - INFO - device_data_handler.py:282 - Device rr1 Zone 1: Robot is stationary
2025-10-21 05:40:19,278 - device_data_handler - INFO - device_data_handler.py:376 - Device rr1 Zone 1: Robot is stationary
2025-10-21 05:40:20,258 - device_data_handler - INFO - device_data_handler.py:282 - Device rr1 Zone 1: Robot is stationary
2025-10-21 05:40:20,286 - device_data_handler - INFO - device_data_handler.py:376 - Device rr1 Zone 1: Robot is stationary
2025-10-21 05:40:21,260 - device_data_handler - INFO - device_data_handler.py:282 - Device rr1 Zone 1: Robot is stationary
2025-10-21 05:40:21,286 - device_data_handler - INFO - device_data_handler.py:376 - Device rr1 Zone 1: Robot is stationary
2025-10-21 05:40:22,238 - device_data_handler - INFO - device_data_handler.py:376 - Device rr1 Zone 1: Robot is stationary
2025-10-21 05:40:22,283 - device_data_handler - INFO - device_data_handler.py:282 - Device rr1 Zone 1: Robot is stationary
2025-10-21 05:40:22,307 - device_data_handler - INFO - device_data_handler.py:376 - Device rr1 Zone 1: Robot is stationary
2025-10-21 05:40:22,348 - device_data_handler - INFO - device_data_handler.py:282 - Device rr1 Zone 1: Robot is stationary
2025-10-21 05:40:22,369 - device_data_handler - INFO - device_data_handler.py:376 - Device rr1 Zone 1: Robot is stationary
2025-10-21 05:40:23,253 - device_data_handler - INFO - device_data_handler.py:282 - Device rr1 Zone 1: Robot is stationary
2025-10-21 05:40:23,277 - device_data_handler - INFO - device_data_handler.py:376 - Device rr1 Zone 1: Robot is stationary
2025-10-21 05:40:24,252 - device_data_handler - INFO - device_data_handler.py:282 - Device rr1 Zone 1: Robot is stationary
2025-10-21 05:40:24,274 - device_data_handler - INFO - device_data_handler.py:376 - Device rr1 Zone 1: Robot is stationary
2025-10-21 05:40:25,258 - device_data_handler - INFO - device_data_handler.py:282 - Device rr1 Zone 1: Robot is stationary
2025-10-21 05:40:25,279 - device_data_handler - INFO - device_data_handler.py:376 - Device rr1 Zone 1: Robot is stationary
2025-10-21 05:40:26,260 - device_data_handler - INFO - device_data_handler.py:282 - Device rr1 Zone 1: Robot is stationary
2025-10-21 05:40:26,285 - device_data_handler - INFO - device_data_handler.py:376 - Device rr1 Zone 1: Robot is stationary
2025-10-21 05:40:27,234 - device_data_handler - INFO - device_data_handler.py:376 - Device rr1 Zone 1: Robot is stationary
2025-10-21 05:40:27,322 - device_data_handler - INFO - device_data_handler.py:282 - Device rr1 Zone 1: Robot is stationary
2025-10-21 05:40:27,362 - device_data_handler - INFO - device_data_handler.py:376 - Device rr1 Zone 1: Robot is stationary
2025-10-21 05:40:27,404 - device_data_handler - INFO - device_data_handler.py:282 - Device rr1 Zone 1: Robot is stationary
2025-10-21 05:40:27,429 - device_data_handler - INFO - device_data_handler.py:376 - Device rr1 Zone 1: Robot is stationary
2025-10-21 05:40:28,253 - device_data_handler - INFO - device_data_handler.py:282 - Device rr1 Zone 1: Robot is stationary
2025-10-21 05:40:28,276 - device_data_handler - INFO - device_data_handler.py:376 - Device rr1 Zone 1: Robot is stationary
2025-10-21 05:40:29,252 - device_data_handler - INFO - device_data_handler.py:282 - Device rr1 Zone 1: Robot is stationary
2025-10-21 05:40:29,275 - device_data_handler - INFO - device_data_handler.py:376 - Device rr1 Zone 1: Robot is stationary
2025-10-21 05:40:30,250 - device_data_handler - INFO - device_data_handler.py:282 - Device rr1 Zone 1: Robot is stationary
2025-10-21 05:40:30,279 - device_data_handler - INFO - device_data_handler.py:376 - Device rr1 Zone 1: Robot is stationary
2025-10-21 05:40:30,927 - device_list - INFO - device_list.py:316 - Refreshing device data...
2025-10-21 05:40:30,964 - device_list - INFO - device_list.py:336 - Loaded 4 devices from CSV
2025-10-21 05:40:31,292 - device_data_handler - INFO - device_data_handler.py:282 - Device rr1 Zone 1: Robot is stationary
2025-10-21 05:40:31,315 - device_data_handler - INFO - device_data_handler.py:376 - Device rr1 Zone 1: Robot is stationary
2025-10-21 05:40:32,072 - device_location_syncer - INFO - sync_device_locations.py:250 - Sync completed. No location updates needed.
2025-10-21 05:40:32,238 - device_data_handler - INFO - device_data_handler.py:376 - Device rr1 Zone 1: Robot is stationary
2025-10-21 05:40:32,278 - device_data_handler - INFO - device_data_handler.py:282 - Device rr1 Zone 1: Robot is stationary
2025-10-21 05:40:32,299 - device_data_handler - INFO - device_data_handler.py:376 - Device rr1 Zone 1: Robot is stationary
2025-10-21 05:40:32,338 - device_data_handler - INFO - device_data_handler.py:282 - Device rr1 Zone 1: Robot is stationary
2025-10-21 05:40:32,361 - device_data_handler - INFO - device_data_handler.py:376 - Device rr1 Zone 1: Robot is stationary
2025-10-21 05:40:33,256 - device_data_handler - INFO - device_data_handler.py:282 - Device rr1 Zone 1: Robot is stationary
2025-10-21 05:40:33,277 - device_data_handler - INFO - device_data_handler.py:376 - Device rr1 Zone 1: Robot is stationary
2025-10-21 05:40:34,253 - device_data_handler - INFO - device_data_handler.py:282 - Device rr1 Zone 1: Robot is stationary
2025-10-21 05:40:34,277 - device_data_handler - INFO - device_data_handler.py:376 - Device rr1 Zone 1: Robot is stationary
2025-10-21 05:40:35,259 - device_data_handler - INFO - device_data_handler.py:282 - Device rr1 Zone 1: Robot is stationary
2025-10-21 05:40:35,284 - device_data_handler - INFO - device_data_handler.py:376 - Device rr1 Zone 1: Robot is stationary
2025-10-21 05:40:36,248 - device_data_handler - INFO - device_data_handler.py:282 - Device rr1 Zone 1: Robot is stationary
2025-10-21 05:40:36,271 - device_data_handler - INFO - device_data_handler.py:376 - Device rr1 Zone 1: Robot is stationary
2025-10-21 05:40:37,234 - device_data_handler - INFO - device_data_handler.py:376 - Device rr1 Zone 1: Robot is stationary
2025-10-21 05:40:37,283 - device_data_handler - INFO - device_data_handler.py:282 - Device rr1 Zone 1: Robot is stationary
2025-10-21 05:40:37,308 - device_data_handler - INFO - device_data_handler.py:376 - Device rr1 Zone 1: Robot is stationary
2025-10-21 05:40:37,354 - device_data_handler - INFO - device_data_handler.py:282 - Device rr1 Zone 1: Robot is stationary
2025-10-21 05:40:37,377 - device_data_handler - INFO - device_data_handler.py:376 - Device rr1 Zone 1: Robot is stationary
2025-10-21 05:40:38,249 - device_data_handler - INFO - device_data_handler.py:282 - Device rr1 Zone 1: Robot is stationary
2025-10-21 05:40:38,271 - device_data_handler - INFO - device_data_handler.py:376 - Device rr1 Zone 1: Robot is stationary
2025-10-21 05:40:39,255 - device_data_handler - INFO - device_data_handler.py:282 - Device rr1 Zone 1: Robot is stationary
2025-10-21 05:40:39,278 - device_data_handler - INFO - device_data_handler.py:376 - Device rr1 Zone 1: Robot is stationary
2025-10-21 05:40:40,251 - device_data_handler - INFO - device_data_handler.py:282 - Device rr1 Zone 1: Robot is stationary
2025-10-21 05:40:40,272 - device_data_handler - INFO - device_data_handler.py:376 - Device rr1 Zone 1: Robot is stationary
2025-10-21 05:40:41,249 - device_data_handler - INFO - device_data_handler.py:282 - Device rr1 Zone 1: Robot is stationary
2025-10-21 05:40:41,272 - device_data_handler - INFO - device_data_handler.py:376 - Device rr1 Zone 1: Robot is stationary
2025-10-21 05:40:42,233 - device_data_handler - INFO - device_data_handler.py:376 - Device rr1 Zone 1: Robot is stationary
2025-10-21 05:40:42,273 - device_data_handler - INFO - device_data_handler.py:282 - Device rr1 Zone 1: Robot is stationary
2025-10-21 05:40:42,296 - device_data_handler - INFO - device_data_handler.py:376 - Device rr1 Zone 1: Robot is stationary
2025-10-21 05:40:42,336 - device_data_handler - INFO - device_data_handler.py:282 - Device rr1 Zone 1: Robot is stationary
2025-10-21 05:40:42,357 - device_data_handler - INFO - device_data_handler.py:376 - Device rr1 Zone 1: Robot is stationary
2025-10-21 05:40:43,253 - device_data_handler - INFO - device_data_handler.py:282 - Device rr1 Zone 1: Robot is stationary
2025-10-21 05:40:43,278 - device_data_handler - INFO - device_data_handler.py:376 - Device rr1 Zone 1: Robot is stationary
2025-10-21 05:40:44,256 - device_data_handler - INFO - device_data_handler.py:282 - Device rr1 Zone 1: Robot is stationary
2025-10-21 05:40:44,278 - device_data_handler - INFO - device_data_handler.py:376 - Device rr1 Zone 1: Robot is stationary
2025-10-21 05:40:45,251 - device_data_handler - INFO - device_data_handler.py:282 - Device rr1 Zone 1: Robot is stationary
2025-10-21 05:40:45,273 - device_data_handler - INFO - device_data_handler.py:376 - Device rr1 Zone 1: Robot is stationary
2025-10-21 05:40:46,256 - device_data_handler - INFO - device_data_handler.py:282 - Device rr1 Zone 1: Robot is stationary
2025-10-21 05:40:46,279 - device_data_handler - INFO - device_data_handler.py:376 - Device rr1 Zone 1: Robot is stationary
2025-10-21 05:40:47,233 - device_data_handler - INFO - device_data_handler.py:376 - Device rr1 Zone 1: Robot is stationary
2025-10-21 05:40:47,335 - device_data_handler - INFO - device_data_handler.py:282 - Device rr1 Zone 1: Robot is stationary
2025-10-21 05:40:47,373 - device_data_handler - INFO - device_data_handler.py:376 - Device rr1 Zone 1: Robot is stationary
2025-10-21 05:40:47,413 - device_data_handler - INFO - device_data_handler.py:282 - Device rr1 Zone 1: Robot is stationary
2025-10-21 05:40:47,437 - device_data_handler - INFO - device_data_handler.py:376 - Device rr1 Zone 1: Robot is stationary
2025-10-21 05:40:48,255 - device_data_handler - INFO - device_data_handler.py:282 - Device rr1 Zone 1: Robot is stationary
2025-10-21 05:40:48,278 - device_data_handler - INFO - device_data_handler.py:376 - Device rr1 Zone 1: Robot is stationary
2025-10-21 05:40:49,257 - device_data_handler - INFO - device_data_handler.py:282 - Device rr1 Zone 1: Robot is stationary
2025-10-21 05:40:49,280 - device_data_handler - INFO - device_data_handler.py:376 - Device rr1 Zone 1: Robot is stationary
2025-10-21 05:40:50,252 - device_data_handler - INFO - device_data_handler.py:282 - Device rr1 Zone 1: Robot is stationary
2025-10-21 05:40:50,315 - device_data_handler - INFO - device_data_handler.py:376 - Device rr1 Zone 1: Robot is stationary
2025-10-21 05:40:51,252 - device_data_handler - INFO - device_data_handler.py:282 - Device rr1 Zone 1: Robot is stationary
2025-10-21 05:40:51,278 - device_data_handler - INFO - device_data_handler.py:376 - Device rr1 Zone 1: Robot is stationary
2025-10-21 05:40:52,233 - device_data_handler - INFO - device_data_handler.py:376 - Device rr1 Zone 1: Robot is stationary
2025-10-21 05:40:52,328 - device_data_handler - INFO - device_data_handler.py:282 - Device rr1 Zone 1: Robot is stationary
2025-10-21 05:40:52,361 - device_data_handler - INFO - device_data_handler.py:376 - Device rr1 Zone 1: Robot is stationary
2025-10-21 05:40:52,399 - device_data_handler - INFO - device_data_handler.py:282 - Device rr1 Zone 1: Robot is stationary
2025-10-21 05:40:52,423 - device_data_handler - INFO - device_data_handler.py:376 - Device rr1 Zone 1: Robot is stationary
2025-10-21 05:40:53,265 - device_data_handler - INFO - device_data_handler.py:282 - Device rr1 Zone 1: Robot is stationary
2025-10-21 05:40:53,286 - device_data_handler - INFO - device_data_handler.py:376 - Device rr1 Zone 1: Robot is stationary
2025-10-21 05:40:54,251 - device_data_handler - INFO - device_data_handler.py:282 - Device rr1 Zone 1: Robot is stationary
2025-10-21 05:40:54,274 - device_data_handler - INFO - device_data_handler.py:376 - Device rr1 Zone 1: Robot is stationary
2025-10-21 05:40:55,253 - device_data_handler - INFO - device_data_handler.py:282 - Device rr1 Zone 1: Robot is stationary
2025-10-21 05:40:55,280 - device_data_handler - INFO - device_data_handler.py:376 - Device rr1 Zone 1: Robot is stationary
2025-10-21 05:40:56,252 - device_data_handler - INFO - device_data_handler.py:282 - Device rr1 Zone 1: Robot is stationary
2025-10-21 05:40:56,274 - device_data_handler - INFO - device_data_handler.py:376 - Device rr1 Zone 1: Robot is stationary
2025-10-21 05:40:57,234 - device_data_handler - INFO - device_data_handler.py:376 - Device rr1 Zone 1: Robot is stationary
2025-10-21 05:40:57,274 - device_data_handler - INFO - device_data_handler.py:282 - Device rr1 Zone 1: Robot is stationary
2025-10-21 05:40:57,296 - device_data_handler - INFO - device_data_handler.py:376 - Device rr1 Zone 1: Robot is stationary
2025-10-21 05:40:57,336 - device_data_handler - INFO - device_data_handler.py:282 - Device rr1 Zone 1: Robot is stationary
2025-10-21 05:40:57,359 - device_data_handler - INFO - device_data_handler.py:376 - Device rr1 Zone 1: Robot is stationary
2025-10-21 05:40:58,253 - device_data_handler - INFO - device_data_handler.py:282 - Device rr1 Zone 1: Robot is stationary
2025-10-21 05:40:58,277 - device_data_handler - INFO - device_data_handler.py:376 - Device rr1 Zone 1: Robot is stationary
2025-10-21 05:40:59,253 - device_data_handler - INFO - device_data_handler.py:282 - Device rr1 Zone 1: Robot is stationary
2025-10-21 05:40:59,279 - device_data_handler - INFO - device_data_handler.py:376 - Device rr1 Zone 1: Robot is stationary
2025-10-21 05:41:00,252 - device_data_handler - INFO - device_data_handler.py:282 - Device rr1 Zone 1: Robot is stationary
2025-10-21 05:41:00,274 - device_data_handler - INFO - device_data_handler.py:376 - Device rr1 Zone 1: Robot is stationary
2025-10-21 05:41:00,932 - device_list - INFO - device_list.py:316 - Refreshing device data...
2025-10-21 05:41:01,029 - device_list - INFO - device_list.py:336 - Loaded 4 devices from CSV
2025-10-21 05:41:01,287 - device_data_handler - INFO - device_data_handler.py:282 - Device rr1 Zone 1: Robot is stationary
2025-10-21 05:41:01,335 - device_data_handler - INFO - device_data_handler.py:376 - Device rr1 Zone 1: Robot is stationary
2025-10-21 05:41:04,108 - api_client - WARNING - client.py:80 - Request attempt 1 failed: HTTPConnectionPool(host='127.0.0.1', port=8000): Max retries exceeded with url: /api/ (Caused by NewConnectionError('<urllib3.connection.HTTPConnection object at 0x000001C784A4E7A0>: Failed to establish a new connection: [WinError 10061] No connection could be made because the target machine actively refused it'))
2025-10-21 05:41:06,139 - api_client - WARNING - client.py:80 - Request attempt 2 failed: HTTPConnectionPool(host='127.0.0.1', port=8000): Max retries exceeded with url: /api/ (Caused by NewConnectionError('<urllib3.connection.HTTPConnection object at 0x000001C784A4CAF0>: Failed to establish a new connection: [WinError 10061] No connection could be made because the target machine actively refused it'))
2025-10-21 05:41:08,182 - api_client - WARNING - client.py:80 - Request attempt 3 failed: HTTPConnectionPool(host='127.0.0.1', port=8000): Max retries exceeded with url: /api/ (Caused by NewConnectionError('<urllib3.connection.HTTPConnection object at 0x000001C784A4E580>: Failed to establish a new connection: [WinError 10061] No connection could be made because the target machine actively refused it'))
2025-10-21 05:41:08,196 - device_location_syncer - INFO - sync_device_locations.py:250 - Sync completed. No location updates needed.
2025-10-21 05:41:08,222 - device_data_handler - INFO - device_data_handler.py:376 - Device rr1 Zone 1: Robot is stationary
2025-10-21 05:41:08,267 - device_data_handler - INFO - device_data_handler.py:282 - Device rr1 Zone 1: Robot is stationary
2025-10-21 05:41:08,290 - device_data_handler - INFO - device_data_handler.py:376 - Device rr1 Zone 1: Robot is stationary
2025-10-21 05:41:08,329 - device_data_handler - INFO - device_data_handler.py:282 - Device rr1 Zone 1: Robot is stationary
2025-10-21 05:41:08,353 - device_data_handler - INFO - device_data_handler.py:376 - Device rr1 Zone 1: Robot is stationary
2025-10-21 05:41:09,299 - device_data_handler - INFO - device_data_handler.py:282 - Device rr1 Zone 1: Robot is stationary
2025-10-21 05:41:09,329 - device_data_handler - INFO - device_data_handler.py:376 - Device rr1 Zone 1: Robot is stationary
2025-10-21 05:41:10,255 - device_data_handler - INFO - device_data_handler.py:282 - Device rr1 Zone 1: Robot is stationary
2025-10-21 05:41:10,279 - device_data_handler - INFO - device_data_handler.py:376 - Device rr1 Zone 1: Robot is stationary
2025-10-21 05:41:11,256 - device_data_handler - INFO - device_data_handler.py:282 - Device rr1 Zone 1: Robot is stationary
2025-10-21 05:41:11,281 - device_data_handler - INFO - device_data_handler.py:376 - Device rr1 Zone 1: Robot is stationary
2025-10-21 05:41:12,342 - device_data_handler - INFO - device_data_handler.py:376 - Device rr1 Zone 1: Robot is stationary
2025-10-21 05:41:12,382 - device_data_handler - INFO - device_data_handler.py:282 - Device rr1 Zone 1: Robot is stationary
2025-10-21 05:41:12,405 - device_data_handler - INFO - device_data_handler.py:376 - Device rr1 Zone 1: Robot is stationary
2025-10-21 05:41:12,447 - device_data_handler - INFO - device_data_handler.py:282 - Device rr1 Zone 1: Robot is stationary
2025-10-21 05:41:12,473 - device_data_handler - INFO - device_data_handler.py:376 - Device rr1 Zone 1: Robot is stationary
2025-10-21 05:41:13,252 - device_data_handler - INFO - device_data_handler.py:282 - Device rr1 Zone 1: Robot is stationary
2025-10-21 05:41:13,275 - device_data_handler - INFO - device_data_handler.py:376 - Device rr1 Zone 1: Robot is stationary
2025-10-21 05:41:14,253 - device_data_handler - INFO - device_data_handler.py:282 - Device rr1 Zone 1: Robot is stationary
2025-10-21 05:41:14,329 - device_data_handler - INFO - device_data_handler.py:376 - Device rr1 Zone 1: Robot is stationary
2025-10-21 05:41:15,250 - device_data_handler - INFO - device_data_handler.py:282 - Device rr1 Zone 1: Robot is stationary
2025-10-21 05:41:15,275 - device_data_handler - INFO - device_data_handler.py:376 - Device rr1 Zone 1: Robot is stationary
2025-10-21 05:41:16,260 - device_data_handler - INFO - device_data_handler.py:282 - Device rr1 Zone 1: Robot is stationary
2025-10-21 05:41:16,282 - device_data_handler - INFO - device_data_handler.py:376 - Device rr1 Zone 1: Robot is stationary
2025-10-21 05:41:17,237 - device_data_handler - INFO - device_data_handler.py:376 - Device rr1 Zone 1: Robot is stationary
2025-10-21 05:41:17,278 - device_data_handler - INFO - device_data_handler.py:282 - Device rr1 Zone 1: Robot is stationary
2025-10-21 05:41:17,301 - device_data_handler - INFO - device_data_handler.py:376 - Device rr1 Zone 1: Robot is stationary
2025-10-21 05:41:17,339 - device_data_handler - INFO - device_data_handler.py:282 - Device rr1 Zone 1: Robot is stationary
2025-10-21 05:41:17,362 - device_data_handler - INFO - device_data_handler.py:376 - Device rr1 Zone 1: Robot is stationary
2025-10-21 05:41:18,250 - device_data_handler - INFO - device_data_handler.py:282 - Device rr1 Zone 1: Robot is stationary
2025-10-21 05:41:18,273 - device_data_handler - INFO - device_data_handler.py:376 - Device rr1 Zone 1: Robot is stationary
2025-10-21 05:41:19,252 - device_data_handler - INFO - device_data_handler.py:282 - Device rr1 Zone 1: Robot is stationary
2025-10-21 05:41:19,334 - device_data_handler - INFO - device_data_handler.py:376 - Device rr1 Zone 1: Robot is stationary
2025-10-21 05:41:20,255 - device_data_handler - INFO - device_data_handler.py:282 - Device rr1 Zone 1: Robot is stationary
2025-10-21 05:41:20,368 - device_data_handler - INFO - device_data_handler.py:376 - Device rr1 Zone 1: Robot is stationary
2025-10-21 05:41:21,256 - device_data_handler - INFO - device_data_handler.py:282 - Device rr1 Zone 1: Robot is stationary
2025-10-21 05:41:21,280 - device_data_handler - INFO - device_data_handler.py:376 - Device rr1 Zone 1: Robot is stationary
2025-10-21 05:41:22,232 - device_data_handler - INFO - device_data_handler.py:376 - Device rr1 Zone 1: Robot is stationary
2025-10-21 05:41:22,273 - device_data_handler - INFO - device_data_handler.py:282 - Device rr1 Zone 1: Robot is stationary
2025-10-21 05:41:22,295 - device_data_handler - INFO - device_data_handler.py:376 - Device rr1 Zone 1: Robot is stationary
2025-10-21 05:41:22,335 - device_data_handler - INFO - device_data_handler.py:282 - Device rr1 Zone 1: Robot is stationary
2025-10-21 05:41:22,357 - device_data_handler - INFO - device_data_handler.py:376 - Device rr1 Zone 1: Robot is stationary
2025-10-21 05:41:23,251 - device_data_handler - INFO - device_data_handler.py:282 - Device rr1 Zone 1: Robot is stationary
2025-10-21 05:41:23,275 - device_data_handler - INFO - device_data_handler.py:376 - Device rr1 Zone 1: Robot is stationary
2025-10-21 05:41:24,250 - device_data_handler - INFO - device_data_handler.py:282 - Device rr1 Zone 1: Robot is stationary
2025-10-21 05:41:24,273 - device_data_handler - INFO - device_data_handler.py:376 - Device rr1 Zone 1: Robot is stationary
2025-10-21 05:41:25,268 - device_data_handler - INFO - device_data_handler.py:282 - Device rr1 Zone 1: Robot is stationary
2025-10-21 05:41:25,292 - device_data_handler - INFO - device_data_handler.py:376 - Device rr1 Zone 1: Robot is stationary
2025-10-21 05:41:26,250 - device_data_handler - INFO - device_data_handler.py:282 - Device rr1 Zone 1: Robot is stationary
2025-10-21 05:41:26,272 - device_data_handler - INFO - device_data_handler.py:376 - Device rr1 Zone 1: Robot is stationary
2025-10-21 05:41:27,242 - device_data_handler - INFO - device_data_handler.py:376 - Device rr1 Zone 1: Robot is stationary
2025-10-21 05:41:27,285 - device_data_handler - INFO - device_data_handler.py:282 - Device rr1 Zone 1: Robot is stationary
2025-10-21 05:41:27,306 - device_data_handler - INFO - device_data_handler.py:376 - Device rr1 Zone 1: Robot is stationary
2025-10-21 05:41:27,345 - device_data_handler - INFO - device_data_handler.py:282 - Device rr1 Zone 1: Robot is stationary
2025-10-21 05:41:27,367 - device_data_handler - INFO - device_data_handler.py:376 - Device rr1 Zone 1: Robot is stationary
2025-10-21 05:41:28,267 - device_data_handler - INFO - device_data_handler.py:282 - Device rr1 Zone 1: Robot is stationary
2025-10-21 05:41:28,289 - device_data_handler - INFO - device_data_handler.py:376 - Device rr1 Zone 1: Robot is stationary
2025-10-21 05:41:29,267 - device_data_handler - INFO - device_data_handler.py:282 - Device rr1 Zone 1: Robot is stationary
2025-10-21 05:41:29,288 - device_data_handler - INFO - device_data_handler.py:376 - Device rr1 Zone 1: Robot is stationary
2025-10-21 05:41:30,285 - device_data_handler - INFO - device_data_handler.py:282 - Device rr1 Zone 1: Robot is stationary
2025-10-21 05:41:30,307 - device_data_handler - INFO - device_data_handler.py:376 - Device rr1 Zone 1: Robot is stationary
2025-10-21 05:41:30,927 - device_list - INFO - device_list.py:316 - Refreshing device data...
2025-10-21 05:41:30,966 - device_list - INFO - device_list.py:336 - Loaded 4 devices from CSV
2025-10-21 05:41:31,287 - device_data_handler - INFO - device_data_handler.py:282 - Device rr1 Zone 1: Robot is stationary
2025-10-21 05:41:31,309 - device_data_handler - INFO - device_data_handler.py:376 - Device rr1 Zone 1: Robot is stationary
2025-10-21 05:41:32,066 - device_location_syncer - INFO - sync_device_locations.py:250 - Sync completed. No location updates needed.
2025-10-21 05:41:32,266 - device_data_handler - INFO - device_data_handler.py:376 - Device rr1 Zone 1: Robot is stationary
2025-10-21 05:41:32,335 - device_data_handler - INFO - device_data_handler.py:282 - Device rr1 Zone 1: Robot is stationary
2025-10-21 05:41:32,365 - device_data_handler - INFO - device_data_handler.py:376 - Device rr1 Zone 1: Robot is stationary
2025-10-21 05:41:32,405 - device_data_handler - INFO - device_data_handler.py:282 - Device rr1 Zone 1: Robot is stationary
2025-10-21 05:41:32,427 - device_data_handler - INFO - device_data_handler.py:376 - Device rr1 Zone 1: Robot is stationary
2025-10-21 05:41:33,284 - device_data_handler - INFO - device_data_handler.py:282 - Device rr1 Zone 1: Robot is stationary
2025-10-21 05:41:33,311 - device_data_handler - INFO - device_data_handler.py:376 - Device rr1 Zone 1: Robot is stationary
2025-10-21 05:41:34,323 - device_data_handler - INFO - device_data_handler.py:282 - Device rr1 Zone 1: Robot is stationary
2025-10-21 05:41:34,344 - device_data_handler - INFO - device_data_handler.py:376 - Device rr1 Zone 1: Robot is stationary
2025-10-21 05:41:35,309 - device_data_handler - INFO - device_data_handler.py:282 - Device rr1 Zone 1: Robot is stationary
2025-10-21 05:41:35,336 - device_data_handler - INFO - device_data_handler.py:376 - Device rr1 Zone 1: Robot is stationary
2025-10-21 05:41:36,301 - device_data_handler - INFO - device_data_handler.py:282 - Device rr1 Zone 1: Robot is stationary
2025-10-21 05:41:36,324 - device_data_handler - INFO - device_data_handler.py:376 - Device rr1 Zone 1: Robot is stationary
2025-10-21 05:41:37,227 - device_data_handler - INFO - device_data_handler.py:376 - Device rr1 Zone 1: Robot is stationary
2025-10-21 05:41:37,269 - device_data_handler - INFO - device_data_handler.py:282 - Device rr1 Zone 1: Robot is stationary
2025-10-21 05:41:37,293 - device_data_handler - INFO - device_data_handler.py:376 - Device rr1 Zone 1: Robot is stationary
2025-10-21 05:41:37,330 - device_data_handler - INFO - device_data_handler.py:282 - Device rr1 Zone 1: Robot is stationary
2025-10-21 05:41:37,355 - device_data_handler - INFO - device_data_handler.py:376 - Device rr1 Zone 1: Robot is stationary
2025-10-21 05:41:38,316 - device_data_handler - INFO - device_data_handler.py:282 - Device rr1 Zone 1: Robot is stationary
2025-10-21 05:41:38,339 - device_data_handler - INFO - device_data_handler.py:376 - Device rr1 Zone 1: Robot is stationary
2025-10-21 05:41:39,347 - device_data_handler - INFO - device_data_handler.py:282 - Device rr1 Zone 1: Robot is stationary
2025-10-21 05:41:39,378 - device_data_handler - INFO - device_data_handler.py:376 - Device rr1 Zone 1: Robot is stationary
2025-10-21 05:41:40,298 - device_data_handler - INFO - device_data_handler.py:282 - Device rr1 Zone 1: Robot is stationary
2025-10-21 05:41:40,321 - device_data_handler - INFO - device_data_handler.py:376 - Device rr1 Zone 1: Robot is stationary
2025-10-21 05:41:41,306 - device_data_handler - INFO - device_data_handler.py:282 - Device rr1 Zone 1: Robot is stationary
2025-10-21 05:41:41,328 - device_data_handler - INFO - device_data_handler.py:376 - Device rr1 Zone 1: Robot is stationary
2025-10-21 05:41:42,231 - device_data_handler - INFO - device_data_handler.py:376 - Device rr1 Zone 1: Robot is stationary
2025-10-21 05:41:42,273 - device_data_handler - INFO - device_data_handler.py:282 - Device rr1 Zone 1: Robot is stationary
2025-10-21 05:41:42,295 - device_data_handler - INFO - device_data_handler.py:376 - Device rr1 Zone 1: Robot is stationary
2025-10-21 05:41:42,335 - device_data_handler - INFO - device_data_handler.py:282 - Device rr1 Zone 1: Robot is stationary
2025-10-21 05:41:42,357 - device_data_handler - INFO - device_data_handler.py:376 - Device rr1 Zone 1: Robot is stationary
2025-10-21 05:41:43,302 - device_data_handler - INFO - device_data_handler.py:282 - Device rr1 Zone 1: Robot is stationary
2025-10-21 05:41:43,325 - device_data_handler - INFO - device_data_handler.py:376 - Device rr1 Zone 1: Robot is stationary
2025-10-21 05:41:44,299 - device_data_handler - INFO - device_data_handler.py:282 - Device rr1 Zone 1: Robot is stationary
2025-10-21 05:41:44,322 - device_data_handler - INFO - device_data_handler.py:376 - Device rr1 Zone 1: Robot is stationary
2025-10-21 05:41:45,300 - device_data_handler - INFO - device_data_handler.py:282 - Device rr1 Zone 1: Robot is stationary
2025-10-21 05:41:45,330 - device_data_handler - INFO - device_data_handler.py:376 - Device rr1 Zone 1: Robot is stationary
2025-10-21 05:41:46,302 - device_data_handler - INFO - device_data_handler.py:282 - Device rr1 Zone 1: Robot is stationary
2025-10-21 05:41:46,324 - device_data_handler - INFO - device_data_handler.py:376 - Device rr1 Zone 1: Robot is stationary
2025-10-21 05:41:47,232 - device_data_handler - INFO - device_data_handler.py:376 - Device rr1 Zone 1: Robot is stationary
2025-10-21 05:41:47,275 - device_data_handler - INFO - device_data_handler.py:282 - Device rr1 Zone 1: Robot is stationary
2025-10-21 05:41:47,296 - device_data_handler - INFO - device_data_handler.py:376 - Device rr1 Zone 1: Robot is stationary
2025-10-21 05:41:47,338 - device_data_handler - INFO - device_data_handler.py:282 - Device rr1 Zone 1: Robot is stationary
2025-10-21 05:41:47,361 - device_data_handler - INFO - device_data_handler.py:376 - Device rr1 Zone 1: Robot is stationary
2025-10-21 05:41:48,301 - device_data_handler - INFO - device_data_handler.py:282 - Device rr1 Zone 1: Robot is stationary
2025-10-21 05:41:48,324 - device_data_handler - INFO - device_data_handler.py:376 - Device rr1 Zone 1: Robot is stationary
2025-10-21 05:41:49,300 - device_data_handler - INFO - device_data_handler.py:282 - Device rr1 Zone 1: Robot is stationary
2025-10-21 05:41:49,323 - device_data_handler - INFO - device_data_handler.py:376 - Device rr1 Zone 1: Robot is stationary
2025-10-21 05:41:50,297 - device_data_handler - INFO - device_data_handler.py:282 - Device rr1 Zone 1: Robot is stationary
2025-10-21 05:41:50,320 - device_data_handler - INFO - device_data_handler.py:376 - Device rr1 Zone 1: Robot is stationary
2025-10-21 05:41:51,306 - device_data_handler - INFO - device_data_handler.py:282 - Device rr1 Zone 1: Robot is stationary
2025-10-21 05:41:51,329 - device_data_handler - INFO - device_data_handler.py:376 - Device rr1 Zone 1: Robot is stationary
2025-10-21 05:41:52,239 - device_data_handler - INFO - device_data_handler.py:376 - Device rr1 Zone 1: Robot is stationary
2025-10-21 05:41:52,281 - device_data_handler - INFO - device_data_handler.py:282 - Device rr1 Zone 1: Robot is stationary
2025-10-21 05:41:52,302 - device_data_handler - INFO - device_data_handler.py:376 - Device rr1 Zone 1: Robot is stationary
2025-10-21 05:41:52,343 - device_data_handler - INFO - device_data_handler.py:282 - Device rr1 Zone 1: Robot is stationary
2025-10-21 05:41:52,364 - device_data_handler - INFO - device_data_handler.py:376 - Device rr1 Zone 1: Robot is stationary
2025-10-21 05:41:53,297 - device_data_handler - INFO - device_data_handler.py:282 - Device rr1 Zone 1: Robot is stationary
2025-10-21 05:41:53,323 - device_data_handler - INFO - device_data_handler.py:376 - Device rr1 Zone 1: Robot is stationary
2025-10-21 05:41:54,308 - device_data_handler - INFO - device_data_handler.py:282 - Device rr1 Zone 1: Robot is stationary
2025-10-21 05:41:54,331 - device_data_handler - INFO - device_data_handler.py:376 - Device rr1 Zone 1: Robot is stationary
2025-10-21 05:41:55,297 - device_data_handler - INFO - device_data_handler.py:282 - Device rr1 Zone 1: Robot is stationary
2025-10-21 05:41:55,321 - device_data_handler - INFO - device_data_handler.py:376 - Device rr1 Zone 1: Robot is stationary
2025-10-21 05:41:56,297 - device_data_handler - INFO - device_data_handler.py:282 - Device rr1 Zone 1: Robot is stationary
2025-10-21 05:41:56,320 - device_data_handler - INFO - device_data_handler.py:376 - Device rr1 Zone 1: Robot is stationary
2025-10-21 05:41:57,231 - device_data_handler - INFO - device_data_handler.py:376 - Device rr1 Zone 1: Robot is stationary
2025-10-21 05:41:57,270 - device_data_handler - INFO - device_data_handler.py:282 - Device rr1 Zone 1: Robot is stationary
2025-10-21 05:41:57,294 - device_data_handler - INFO - device_data_handler.py:376 - Device rr1 Zone 1: Robot is stationary
2025-10-21 05:41:57,334 - device_data_handler - INFO - device_data_handler.py:282 - Device rr1 Zone 1: Robot is stationary
2025-10-21 05:41:57,356 - device_data_handler - INFO - device_data_handler.py:376 - Device rr1 Zone 1: Robot is stationary
2025-10-21 05:41:58,295 - device_data_handler - INFO - device_data_handler.py:282 - Device rr1 Zone 1: Robot is stationary
2025-10-21 05:41:58,317 - device_data_handler - INFO - device_data_handler.py:376 - Device rr1 Zone 1: Robot is stationary
2025-10-21 05:41:59,330 - device_data_handler - INFO - device_data_handler.py:282 - Device rr1 Zone 1: Robot is stationary
2025-10-21 05:41:59,355 - device_data_handler - INFO - device_data_handler.py:376 - Device rr1 Zone 1: Robot is stationary
2025-10-21 05:42:00,305 - device_data_handler - INFO - device_data_handler.py:282 - Device rr1 Zone 1: Robot is stationary
2025-10-21 05:42:00,328 - device_data_handler - INFO - device_data_handler.py:376 - Device rr1 Zone 1: Robot is stationary
2025-10-21 05:42:00,928 - device_list - INFO - device_list.py:316 - Refreshing device data...
2025-10-21 05:42:00,962 - device_list - INFO - device_list.py:336 - Loaded 4 devices from CSV
2025-10-21 05:42:01,406 - device_data_handler - INFO - device_data_handler.py:282 - Device rr1 Zone 1: Robot is stationary
2025-10-21 05:42:01,427 - device_data_handler - INFO - device_data_handler.py:376 - Device rr1 Zone 1: Robot is stationary
2025-10-21 05:42:04,110 - api_client - WARNING - client.py:80 - Request attempt 1 failed: HTTPConnectionPool(host='127.0.0.1', port=8000): Max retries exceeded with url: /api/ (Caused by NewConnectionError('<urllib3.connection.HTTPConnection object at 0x000001C784A4E8B0>: Failed to establish a new connection: [WinError 10061] No connection could be made because the target machine actively refused it'))
2025-10-21 05:42:06,144 - api_client - WARNING - client.py:80 - Request attempt 2 failed: HTTPConnectionPool(host='127.0.0.1', port=8000): Max retries exceeded with url: /api/ (Caused by NewConnectionError('<urllib3.connection.HTTPConnection object at 0x000001C784A4CAF0>: Failed to establish a new connection: [WinError 10061] No connection could be made because the target machine actively refused it'))
2025-10-21 05:42:08,183 - api_client - WARNING - client.py:80 - Request attempt 3 failed: HTTPConnectionPool(host='127.0.0.1', port=8000): Max retries exceeded with url: /api/ (Caused by NewConnectionError('<urllib3.connection.HTTPConnection object at 0x000001C784A4E7A0>: Failed to establish a new connection: [WinError 10061] No connection could be made because the target machine actively refused it'))
2025-10-21 05:42:08,190 - device_location_syncer - INFO - sync_device_locations.py:250 - Sync completed. No location updates needed.
2025-10-21 05:42:08,214 - device_data_handler - INFO - device_data_handler.py:376 - Device rr1 Zone 1: Robot is stationary
2025-10-21 05:42:08,262 - device_data_handler - INFO - device_data_handler.py:282 - Device rr1 Zone 1: Robot is stationary
2025-10-21 05:42:08,295 - device_data_handler - INFO - device_data_handler.py:376 - Device rr1 Zone 1: Robot is stationary
2025-10-21 05:42:08,336 - device_data_handler - INFO - device_data_handler.py:282 - Device rr1 Zone 1: Robot is stationary
2025-10-21 05:42:08,359 - device_data_handler - INFO - device_data_handler.py:376 - Device rr1 Zone 1: Robot is stationary
2025-10-21 05:42:09,300 - device_data_handler - INFO - device_data_handler.py:282 - Device rr1 Zone 1: Robot is stationary
2025-10-21 05:42:09,324 - device_data_handler - INFO - device_data_handler.py:376 - Device rr1 Zone 1: Robot is stationary
2025-10-21 05:42:10,299 - device_data_handler - INFO - device_data_handler.py:282 - Device rr1 Zone 1: Robot is stationary
2025-10-21 05:42:10,322 - device_data_handler - INFO - device_data_handler.py:376 - Device rr1 Zone 1: Robot is stationary
2025-10-21 05:42:11,299 - device_data_handler - INFO - device_data_handler.py:282 - Device rr1 Zone 1: Robot is stationary
2025-10-21 05:42:11,322 - device_data_handler - INFO - device_data_handler.py:376 - Device rr1 Zone 1: Robot is stationary
2025-10-21 05:42:12,233 - device_data_handler - INFO - device_data_handler.py:376 - Device rr1 Zone 1: Robot is stationary
2025-10-21 05:42:12,274 - device_data_handler - INFO - device_data_handler.py:282 - Device rr1 Zone 1: Robot is stationary
2025-10-21 05:42:12,296 - device_data_handler - INFO - device_data_handler.py:376 - Device rr1 Zone 1: Robot is stationary
2025-10-21 05:42:12,338 - device_data_handler - INFO - device_data_handler.py:282 - Device rr1 Zone 1: Robot is stationary
2025-10-21 05:42:12,359 - device_data_handler - INFO - device_data_handler.py:376 - Device rr1 Zone 1: Robot is stationary
2025-10-21 05:42:13,300 - device_data_handler - INFO - device_data_handler.py:282 - Device rr1 Zone 1: Robot is stationary
2025-10-21 05:42:13,323 - device_data_handler - INFO - device_data_handler.py:376 - Device rr1 Zone 1: Robot is stationary
2025-10-21 05:42:14,302 - device_data_handler - INFO - device_data_handler.py:282 - Device rr1 Zone 1: Robot is stationary
2025-10-21 05:42:14,332 - device_data_handler - INFO - device_data_handler.py:376 - Device rr1 Zone 1: Robot is stationary
2025-10-21 05:42:15,335 - device_data_handler - INFO - device_data_handler.py:282 - Device rr1 Zone 1: Robot is stationary
2025-10-21 05:42:15,357 - device_data_handler - INFO - device_data_handler.py:376 - Device rr1 Zone 1: Robot is stationary
2025-10-21 05:42:16,318 - device_data_handler - INFO - device_data_handler.py:282 - Device rr1 Zone 1: Robot is stationary
2025-10-21 05:42:16,345 - device_data_handler - INFO - device_data_handler.py:376 - Device rr1 Zone 1: Robot is stationary
2025-10-21 05:42:17,232 - device_data_handler - INFO - device_data_handler.py:376 - Device rr1 Zone 1: Robot is stationary
2025-10-21 05:42:17,275 - device_data_handler - INFO - device_data_handler.py:282 - Device rr1 Zone 1: Robot is stationary
2025-10-21 05:42:17,296 - device_data_handler - INFO - device_data_handler.py:376 - Device rr1 Zone 1: Robot is stationary
2025-10-21 05:42:17,337 - device_data_handler - INFO - device_data_handler.py:282 - Device rr1 Zone 1: Robot is stationary
2025-10-21 05:42:17,359 - device_data_handler - INFO - device_data_handler.py:376 - Device rr1 Zone 1: Robot is stationary
2025-10-21 05:42:18,317 - device_data_handler - INFO - device_data_handler.py:282 - Device rr1 Zone 1: Robot is stationary
2025-10-21 05:42:18,340 - device_data_handler - INFO - device_data_handler.py:376 - Device rr1 Zone 1: Robot is stationary
2025-10-21 05:42:19,313 - device_data_handler - INFO - device_data_handler.py:282 - Device rr1 Zone 1: Robot is stationary
2025-10-21 05:42:19,337 - device_data_handler - INFO - device_data_handler.py:376 - Device rr1 Zone 1: Robot is stationary
2025-10-21 05:42:20,323 - device_data_handler - INFO - device_data_handler.py:282 - Device rr1 Zone 1: Robot is stationary
2025-10-21 05:42:20,346 - device_data_handler - INFO - device_data_handler.py:376 - Device rr1 Zone 1: Robot is stationary
2025-10-21 05:42:21,319 - device_data_handler - INFO - device_data_handler.py:282 - Device rr1 Zone 1: Robot is stationary
2025-10-21 05:42:21,343 - device_data_handler - INFO - device_data_handler.py:376 - Device rr1 Zone 1: Robot is stationary
2025-10-21 05:42:22,232 - device_data_handler - INFO - device_data_handler.py:376 - Device rr1 Zone 1: Robot is stationary
2025-10-21 05:42:22,274 - device_data_handler - INFO - device_data_handler.py:282 - Device rr1 Zone 1: Robot is stationary
2025-10-21 05:42:22,296 - device_data_handler - INFO - device_data_handler.py:376 - Device rr1 Zone 1: Robot is stationary
2025-10-21 05:42:22,336 - device_data_handler - INFO - device_data_handler.py:282 - Device rr1 Zone 1: Robot is stationary
2025-10-21 05:42:22,358 - device_data_handler - INFO - device_data_handler.py:376 - Device rr1 Zone 1: Robot is stationary
2025-10-21 05:42:23,312 - device_data_handler - INFO - device_data_handler.py:282 - Device rr1 Zone 1: Robot is stationary
2025-10-21 05:42:23,336 - device_data_handler - INFO - device_data_handler.py:376 - Device rr1 Zone 1: Robot is stationary
2025-10-21 05:42:24,319 - device_data_handler - INFO - device_data_handler.py:282 - Device rr1 Zone 1: Robot is stationary
2025-10-21 05:42:24,342 - device_data_handler - INFO - device_data_handler.py:376 - Device rr1 Zone 1: Robot is stationary
2025-10-21 05:42:25,336 - device_data_handler - INFO - device_data_handler.py:282 - Device rr1 Zone 1: Robot is stationary
2025-10-21 05:42:25,358 - device_data_handler - INFO - device_data_handler.py:376 - Device rr1 Zone 1: Robot is stationary
2025-10-21 05:42:26,328 - device_data_handler - INFO - device_data_handler.py:282 - Device rr1 Zone 1: Robot is stationary
2025-10-21 05:42:26,350 - device_data_handler - INFO - device_data_handler.py:376 - Device rr1 Zone 1: Robot is stationary
2025-10-21 05:42:27,230 - device_data_handler - INFO - device_data_handler.py:376 - Device rr1 Zone 1: Robot is stationary
2025-10-21 05:42:27,273 - device_data_handler - INFO - device_data_handler.py:282 - Device rr1 Zone 1: Robot is stationary
2025-10-21 05:42:27,296 - device_data_handler - INFO - device_data_handler.py:376 - Device rr1 Zone 1: Robot is stationary
2025-10-21 05:42:27,346 - device_data_handler - INFO - device_data_handler.py:282 - Device rr1 Zone 1: Robot is stationary
2025-10-21 05:42:27,369 - device_data_handler - INFO - device_data_handler.py:376 - Device rr1 Zone 1: Robot is stationary
2025-10-21 05:42:28,337 - device_data_handler - INFO - device_data_handler.py:282 - Device rr1 Zone 1: Robot is stationary
2025-10-21 05:42:28,360 - device_data_handler - INFO - device_data_handler.py:376 - Device rr1 Zone 1: Robot is stationary
2025-10-21 05:42:29,334 - device_data_handler - INFO - device_data_handler.py:282 - Device rr1 Zone 1: Robot is stationary
2025-10-21 05:42:29,357 - device_data_handler - INFO - device_data_handler.py:376 - Device rr1 Zone 1: Robot is stationary
2025-10-21 05:42:30,328 - device_data_handler - INFO - device_data_handler.py:282 - Device rr1 Zone 1: Robot is stationary
2025-10-21 05:42:30,351 - device_data_handler - INFO - device_data_handler.py:376 - Device rr1 Zone 1: Robot is stationary
2025-10-21 05:42:30,934 - device_list - INFO - device_list.py:316 - Refreshing device data...
2025-10-21 05:42:30,969 - device_list - INFO - device_list.py:336 - Loaded 4 devices from CSV
2025-10-21 05:42:31,330 - device_data_handler - INFO - device_data_handler.py:282 - Device rr1 Zone 1: Robot is stationary
2025-10-21 05:42:31,351 - device_data_handler - INFO - device_data_handler.py:376 - Device rr1 Zone 1: Robot is stationary
2025-10-21 05:42:32,067 - device_location_syncer - INFO - sync_device_locations.py:250 - Sync completed. No location updates needed.
2025-10-21 05:42:32,235 - device_data_handler - INFO - device_data_handler.py:376 - Device rr1 Zone 1: Robot is stationary
2025-10-21 05:42:32,276 - device_data_handler - INFO - device_data_handler.py:282 - Device rr1 Zone 1: Robot is stationary
2025-10-21 05:42:32,298 - device_data_handler - INFO - device_data_handler.py:376 - Device rr1 Zone 1: Robot is stationary
2025-10-21 05:42:32,339 - device_data_handler - INFO - device_data_handler.py:282 - Device rr1 Zone 1: Robot is stationary
2025-10-21 05:42:32,363 - device_data_handler - INFO - device_data_handler.py:376 - Device rr1 Zone 1: Robot is stationary
2025-10-21 05:42:33,335 - device_data_handler - INFO - device_data_handler.py:282 - Device rr1 Zone 1: Robot is stationary
2025-10-21 05:42:33,358 - device_data_handler - INFO - device_data_handler.py:376 - Device rr1 Zone 1: Robot is stationary
2025-10-21 05:42:34,331 - device_data_handler - INFO - device_data_handler.py:282 - Device rr1 Zone 1: Robot is stationary
2025-10-21 05:42:34,354 - device_data_handler - INFO - device_data_handler.py:376 - Device rr1 Zone 1: Robot is stationary
2025-10-21 05:42:35,339 - device_data_handler - INFO - device_data_handler.py:282 - Device rr1 Zone 1: Robot is stationary
2025-10-21 05:42:35,364 - device_data_handler - INFO - device_data_handler.py:376 - Device rr1 Zone 1: Robot is stationary
2025-10-21 05:42:36,336 - device_data_handler - INFO - device_data_handler.py:282 - Device rr1 Zone 1: Robot is stationary
2025-10-21 05:42:36,359 - device_data_handler - INFO - device_data_handler.py:376 - Device rr1 Zone 1: Robot is stationary
2025-10-21 05:42:37,237 - device_data_handler - INFO - device_data_handler.py:376 - Device rr1 Zone 1: Robot is stationary
2025-10-21 05:42:37,275 - device_data_handler - INFO - device_data_handler.py:282 - Device rr1 Zone 1: Robot is stationary
2025-10-21 05:42:37,297 - device_data_handler - INFO - device_data_handler.py:376 - Device rr1 Zone 1: Robot is stationary
2025-10-21 05:42:37,338 - device_data_handler - INFO - device_data_handler.py:282 - Device rr1 Zone 1: Robot is stationary
2025-10-21 05:42:37,365 - device_data_handler - INFO - device_data_handler.py:376 - Device rr1 Zone 1: Robot is stationary
2025-10-21 05:42:38,331 - device_data_handler - INFO - device_data_handler.py:282 - Device rr1 Zone 1: Robot is stationary
2025-10-21 05:42:38,353 - device_data_handler - INFO - device_data_handler.py:376 - Device rr1 Zone 1: Robot is stationary
2025-10-21 05:42:39,333 - device_data_handler - INFO - device_data_handler.py:282 - Device rr1 Zone 1: Robot is stationary
2025-10-21 05:42:39,356 - device_data_handler - INFO - device_data_handler.py:376 - Device rr1 Zone 1: Robot is stationary
2025-10-21 05:42:40,339 - device_data_handler - INFO - device_data_handler.py:282 - Device rr1 Zone 1: Robot is stationary
2025-10-21 05:42:40,362 - device_data_handler - INFO - device_data_handler.py:376 - Device rr1 Zone 1: Robot is stationary
2025-10-21 05:42:41,328 - device_data_handler - INFO - device_data_handler.py:282 - Device rr1 Zone 1: Robot is stationary
2025-10-21 05:42:41,351 - device_data_handler - INFO - device_data_handler.py:376 - Device rr1 Zone 1: Robot is stationary
2025-10-21 05:42:42,236 - device_data_handler - INFO - device_data_handler.py:376 - Device rr1 Zone 1: Robot is stationary
2025-10-21 05:42:42,281 - device_data_handler - INFO - device_data_handler.py:282 - Device rr1 Zone 1: Robot is stationary
2025-10-21 05:42:42,303 - device_data_handler - INFO - device_data_handler.py:376 - Device rr1 Zone 1: Robot is stationary
2025-10-21 05:42:42,344 - device_data_handler - INFO - device_data_handler.py:282 - Device rr1 Zone 1: Robot is stationary
2025-10-21 05:42:42,367 - device_data_handler - INFO - device_data_handler.py:376 - Device rr1 Zone 1: Robot is stationary
2025-10-21 05:42:43,337 - device_data_handler - INFO - device_data_handler.py:282 - Device rr1 Zone 1: Robot is stationary
2025-10-21 05:42:43,361 - device_data_handler - INFO - device_data_handler.py:376 - Device rr1 Zone 1: Robot is stationary
2025-10-21 05:42:44,341 - device_data_handler - INFO - device_data_handler.py:282 - Device rr1 Zone 1: Robot is stationary
2025-10-21 05:42:44,369 - device_data_handler - INFO - device_data_handler.py:376 - Device rr1 Zone 1: Robot is stationary
2025-10-21 05:42:45,330 - device_data_handler - INFO - device_data_handler.py:282 - Device rr1 Zone 1: Robot is stationary
2025-10-21 05:42:45,352 - device_data_handler - INFO - device_data_handler.py:376 - Device rr1 Zone 1: Robot is stationary
2025-10-21 05:42:46,335 - device_data_handler - INFO - device_data_handler.py:282 - Device rr1 Zone 1: Robot is stationary
2025-10-21 05:42:46,359 - device_data_handler - INFO - device_data_handler.py:376 - Device rr1 Zone 1: Robot is stationary
2025-10-21 05:42:47,234 - device_data_handler - INFO - device_data_handler.py:376 - Device rr1 Zone 1: Robot is stationary
2025-10-21 05:42:47,275 - device_data_handler - INFO - device_data_handler.py:282 - Device rr1 Zone 1: Robot is stationary
2025-10-21 05:42:47,298 - device_data_handler - INFO - device_data_handler.py:376 - Device rr1 Zone 1: Robot is stationary
2025-10-21 05:42:47,341 - device_data_handler - INFO - device_data_handler.py:282 - Device rr1 Zone 1: Robot is stationary
2025-10-21 05:42:47,365 - device_data_handler - INFO - device_data_handler.py:376 - Device rr1 Zone 1: Robot is stationary
2025-10-21 05:42:48,332 - device_data_handler - INFO - device_data_handler.py:282 - Device rr1 Zone 1: Robot is stationary
2025-10-21 05:42:48,355 - device_data_handler - INFO - device_data_handler.py:376 - Device rr1 Zone 1: Robot is stationary
2025-10-21 05:42:49,330 - device_data_handler - INFO - device_data_handler.py:282 - Device rr1 Zone 1: Robot is stationary
2025-10-21 05:42:49,357 - device_data_handler - INFO - device_data_handler.py:376 - Device rr1 Zone 1: Robot is stationary
2025-10-21 05:42:50,331 - device_data_handler - INFO - device_data_handler.py:282 - Device rr1 Zone 1: Robot is stationary
2025-10-21 05:42:50,358 - device_data_handler - INFO - device_data_handler.py:376 - Device rr1 Zone 1: Robot is stationary
2025-10-21 05:42:51,330 - device_data_handler - INFO - device_data_handler.py:282 - Device rr1 Zone 1: Robot is stationary
2025-10-21 05:42:51,352 - device_data_handler - INFO - device_data_handler.py:376 - Device rr1 Zone 1: Robot is stationary
2025-10-21 05:42:52,239 - device_data_handler - INFO - device_data_handler.py:376 - Device rr1 Zone 1: Robot is stationary
2025-10-21 05:42:52,282 - device_data_handler - INFO - device_data_handler.py:282 - Device rr1 Zone 1: Robot is stationary
2025-10-21 05:42:52,306 - device_data_handler - INFO - device_data_handler.py:376 - Device rr1 Zone 1: Robot is stationary
2025-10-21 05:42:52,346 - device_data_handler - INFO - device_data_handler.py:282 - Device rr1 Zone 1: Robot is stationary
2025-10-21 05:42:52,369 - device_data_handler - INFO - device_data_handler.py:376 - Device rr1 Zone 1: Robot is stationary
2025-10-21 05:42:53,345 - device_data_handler - INFO - device_data_handler.py:282 - Device rr1 Zone 1: Robot is stationary
2025-10-21 05:42:53,367 - device_data_handler - INFO - device_data_handler.py:376 - Device rr1 Zone 1: Robot is stationary
2025-10-21 05:42:54,337 - device_data_handler - INFO - device_data_handler.py:282 - Device rr1 Zone 1: Robot is stationary
2025-10-21 05:42:54,358 - device_data_handler - INFO - device_data_handler.py:376 - Device rr1 Zone 1: Robot is stationary
2025-10-21 05:42:55,328 - device_data_handler - INFO - device_data_handler.py:282 - Device rr1 Zone 1: Robot is stationary
2025-10-21 05:42:55,351 - device_data_handler - INFO - device_data_handler.py:376 - Device rr1 Zone 1: Robot is stationary
2025-10-21 05:42:56,337 - device_data_handler - INFO - device_data_handler.py:282 - Device rr1 Zone 1: Robot is stationary
2025-10-21 05:42:56,359 - device_data_handler - INFO - device_data_handler.py:376 - Device rr1 Zone 1: Robot is stationary
2025-10-21 05:42:57,239 - device_data_handler - INFO - device_data_handler.py:376 - Device rr1 Zone 1: Robot is stationary
2025-10-21 05:42:57,281 - device_data_handler - INFO - device_data_handler.py:282 - Device rr1 Zone 1: Robot is stationary
2025-10-21 05:42:57,304 - device_data_handler - INFO - device_data_handler.py:376 - Device rr1 Zone 1: Robot is stationary
2025-10-21 05:42:57,344 - device_data_handler - INFO - device_data_handler.py:282 - Device rr1 Zone 1: Robot is stationary
2025-10-21 05:42:57,366 - device_data_handler - INFO - device_data_handler.py:376 - Device rr1 Zone 1: Robot is stationary
2025-10-21 05:42:58,331 - device_data_handler - INFO - device_data_handler.py:282 - Device rr1 Zone 1: Robot is stationary
2025-10-21 05:42:58,353 - device_data_handler - INFO - device_data_handler.py:376 - Device rr1 Zone 1: Robot is stationary
2025-10-21 05:42:59,337 - device_data_handler - INFO - device_data_handler.py:282 - Device rr1 Zone 1: Robot is stationary
2025-10-21 05:42:59,360 - device_data_handler - INFO - device_data_handler.py:376 - Device rr1 Zone 1: Robot is stationary
2025-10-21 05:43:00,339 - device_data_handler - INFO - device_data_handler.py:282 - Device rr1 Zone 1: Robot is stationary
2025-10-21 05:43:00,362 - device_data_handler - INFO - device_data_handler.py:376 - Device rr1 Zone 1: Robot is stationary
2025-10-21 05:43:00,930 - device_list - INFO - device_list.py:316 - Refreshing device data...
2025-10-21 05:43:00,963 - device_list - INFO - device_list.py:336 - Loaded 4 devices from CSV
2025-10-21 05:43:01,327 - device_data_handler - INFO - device_data_handler.py:282 - Device rr1 Zone 1: Robot is stationary
2025-10-21 05:43:01,349 - device_data_handler - INFO - device_data_handler.py:376 - Device rr1 Zone 1: Robot is stationary
2025-10-21 05:43:04,126 - api_client - WARNING - client.py:80 - Request attempt 1 failed: HTTPConnectionPool(host='127.0.0.1', port=8000): Max retries exceeded with url: /api/ (Caused by NewConnectionError('<urllib3.connection.HTTPConnection object at 0x000001C784A4EF10>: Failed to establish a new connection: [WinError 10061] No connection could be made because the target machine actively refused it'))
2025-10-21 05:43:06,157 - api_client - WARNING - client.py:80 - Request attempt 2 failed: HTTPConnectionPool(host='127.0.0.1', port=8000): Max retries exceeded with url: /api/ (Caused by NewConnectionError('<urllib3.connection.HTTPConnection object at 0x000001C784A4CAF0>: Failed to establish a new connection: [WinError 10061] No connection could be made because the target machine actively refused it'))
2025-10-21 05:43:08,199 - api_client - WARNING - client.py:80 - Request attempt 3 failed: HTTPConnectionPool(host='127.0.0.1', port=8000): Max retries exceeded with url: /api/ (Caused by NewConnectionError('<urllib3.connection.HTTPConnection object at 0x000001C784A4E8B0>: Failed to establish a new connection: [WinError 10061] No connection could be made because the target machine actively refused it'))
2025-10-21 05:43:08,205 - device_location_syncer - INFO - sync_device_locations.py:250 - Sync completed. No location updates needed.
2025-10-21 05:43:08,228 - device_data_handler - INFO - device_data_handler.py:376 - Device rr1 Zone 1: Robot is stationary
2025-10-21 05:43:08,274 - device_data_handler - INFO - device_data_handler.py:282 - Device rr1 Zone 1: Robot is stationary
2025-10-21 05:43:08,298 - device_data_handler - INFO - device_data_handler.py:376 - Device rr1 Zone 1: Robot is stationary
2025-10-21 05:43:08,338 - device_data_handler - INFO - device_data_handler.py:282 - Device rr1 Zone 1: Robot is stationary
2025-10-21 05:43:08,360 - device_data_handler - INFO - device_data_handler.py:376 - Device rr1 Zone 1: Robot is stationary
2025-10-21 05:43:09,348 - device_data_handler - INFO - device_data_handler.py:282 - Device rr1 Zone 1: Robot is stationary
2025-10-21 05:43:09,371 - device_data_handler - INFO - device_data_handler.py:376 - Device rr1 Zone 1: Robot is stationary
2025-10-21 05:43:10,338 - device_data_handler - INFO - device_data_handler.py:282 - Device rr1 Zone 1: Robot is stationary
2025-10-21 05:43:10,360 - device_data_handler - INFO - device_data_handler.py:376 - Device rr1 Zone 1: Robot is stationary
2025-10-21 05:43:11,329 - device_data_handler - INFO - device_data_handler.py:282 - Device rr1 Zone 1: Robot is stationary
2025-10-21 05:43:11,352 - device_data_handler - INFO - device_data_handler.py:376 - Device rr1 Zone 1: Robot is stationary
2025-10-21 05:43:12,234 - device_data_handler - INFO - device_data_handler.py:376 - Device rr1 Zone 1: Robot is stationary
2025-10-21 05:43:12,275 - device_data_handler - INFO - device_data_handler.py:282 - Device rr1 Zone 1: Robot is stationary
2025-10-21 05:43:12,300 - device_data_handler - INFO - device_data_handler.py:376 - Device rr1 Zone 1: Robot is stationary
2025-10-21 05:43:12,340 - device_data_handler - INFO - device_data_handler.py:282 - Device rr1 Zone 1: Robot is stationary
2025-10-21 05:43:12,401 - device_data_handler - INFO - device_data_handler.py:376 - Device rr1 Zone 1: Robot is stationary
2025-10-21 05:43:13,336 - device_data_handler - INFO - device_data_handler.py:282 - Device rr1 Zone 1: Robot is stationary
2025-10-21 05:43:13,358 - device_data_handler - INFO - device_data_handler.py:376 - Device rr1 Zone 1: Robot is stationary
2025-10-21 05:43:14,330 - device_data_handler - INFO - device_data_handler.py:282 - Device rr1 Zone 1: Robot is stationary
2025-10-21 05:43:14,352 - device_data_handler - INFO - device_data_handler.py:376 - Device rr1 Zone 1: Robot is stationary
2025-10-21 05:43:15,340 - device_data_handler - INFO - device_data_handler.py:282 - Device rr1 Zone 1: Robot is stationary
2025-10-21 05:43:15,363 - device_data_handler - INFO - device_data_handler.py:376 - Device rr1 Zone 1: Robot is stationary
2025-10-21 05:43:16,330 - device_data_handler - INFO - device_data_handler.py:282 - Device rr1 Zone 1: Robot is stationary
2025-10-21 05:43:16,355 - device_data_handler - INFO - device_data_handler.py:376 - Device rr1 Zone 1: Robot is stationary
2025-10-21 05:43:17,233 - device_data_handler - INFO - device_data_handler.py:376 - Device rr1 Zone 1: Robot is stationary
2025-10-21 05:43:17,272 - device_data_handler - INFO - device_data_handler.py:282 - Device rr1 Zone 1: Robot is stationary
2025-10-21 05:43:17,295 - device_data_handler - INFO - device_data_handler.py:376 - Device rr1 Zone 1: Robot is stationary
2025-10-21 05:43:17,346 - device_data_handler - INFO - device_data_handler.py:282 - Device rr1 Zone 1: Robot is stationary
2025-10-21 05:43:17,371 - device_data_handler - INFO - device_data_handler.py:376 - Device rr1 Zone 1: Robot is stationary
2025-10-21 05:43:18,329 - device_data_handler - INFO - device_data_handler.py:282 - Device rr1 Zone 1: Robot is stationary
2025-10-21 05:43:18,353 - device_data_handler - INFO - device_data_handler.py:376 - Device rr1 Zone 1: Robot is stationary
2025-10-21 05:43:19,326 - device_data_handler - INFO - device_data_handler.py:282 - Device rr1 Zone 1: Robot is stationary
2025-10-21 05:43:19,349 - device_data_handler - INFO - device_data_handler.py:376 - Device rr1 Zone 1: Robot is stationary
2025-10-21 05:43:20,335 - device_data_handler - INFO - device_data_handler.py:282 - Device rr1 Zone 1: Robot is stationary
2025-10-21 05:43:20,361 - device_data_handler - INFO - device_data_handler.py:376 - Device rr1 Zone 1: Robot is stationary
2025-10-21 05:43:21,336 - device_data_handler - INFO - device_data_handler.py:282 - Device rr1 Zone 1: Robot is stationary
2025-10-21 05:43:21,358 - device_data_handler - INFO - device_data_handler.py:376 - Device rr1 Zone 1: Robot is stationary
2025-10-21 05:43:22,228 - device_data_handler - INFO - device_data_handler.py:376 - Device rr1 Zone 1: Robot is stationary
2025-10-21 05:43:22,272 - device_data_handler - INFO - device_data_handler.py:282 - Device rr1 Zone 1: Robot is stationary
2025-10-21 05:43:22,294 - device_data_handler - INFO - device_data_handler.py:376 - Device rr1 Zone 1: Robot is stationary
2025-10-21 05:43:22,358 - device_data_handler - INFO - device_data_handler.py:282 - Device rr1 Zone 1: Robot is stationary
2025-10-21 05:43:22,389 - device_data_handler - INFO - device_data_handler.py:376 - Device rr1 Zone 1: Robot is stationary
2025-10-21 05:43:23,341 - device_data_handler - INFO - device_data_handler.py:282 - Device rr1 Zone 1: Robot is stationary
2025-10-21 05:43:23,365 - device_data_handler - INFO - device_data_handler.py:376 - Device rr1 Zone 1: Robot is stationary
2025-10-21 05:43:24,329 - device_data_handler - INFO - device_data_handler.py:282 - Device rr1 Zone 1: Robot is stationary
2025-10-21 05:43:24,352 - device_data_handler - INFO - device_data_handler.py:376 - Device rr1 Zone 1: Robot is stationary
2025-10-21 05:43:25,334 - device_data_handler - INFO - device_data_handler.py:282 - Device rr1 Zone 1: Robot is stationary
2025-10-21 05:43:25,357 - device_data_handler - INFO - device_data_handler.py:376 - Device rr1 Zone 1: Robot is stationary
2025-10-21 05:43:26,329 - device_data_handler - INFO - device_data_handler.py:282 - Device rr1 Zone 1: Robot is stationary
2025-10-21 05:43:26,351 - device_data_handler - INFO - device_data_handler.py:376 - Device rr1 Zone 1: Robot is stationary
2025-10-21 05:43:27,227 - device_data_handler - INFO - device_data_handler.py:376 - Device rr1 Zone 1: Robot is stationary
2025-10-21 05:43:27,266 - device_data_handler - INFO - device_data_handler.py:282 - Device rr1 Zone 1: Robot is stationary
2025-10-21 05:43:27,290 - device_data_handler - INFO - device_data_handler.py:376 - Device rr1 Zone 1: Robot is stationary
2025-10-21 05:43:27,341 - device_data_handler - INFO - device_data_handler.py:282 - Device rr1 Zone 1: Robot is stationary
2025-10-21 05:43:27,366 - device_data_handler - INFO - device_data_handler.py:376 - Device rr1 Zone 1: Robot is stationary
2025-10-21 05:43:28,331 - device_data_handler - INFO - device_data_handler.py:282 - Device rr1 Zone 1: Robot is stationary
2025-10-21 05:43:28,354 - device_data_handler - INFO - device_data_handler.py:376 - Device rr1 Zone 1: Robot is stationary
2025-10-21 05:43:29,330 - device_data_handler - INFO - device_data_handler.py:282 - Device rr1 Zone 1: Robot is stationary
2025-10-21 05:43:29,354 - device_data_handler - INFO - device_data_handler.py:376 - Device rr1 Zone 1: Robot is stationary
2025-10-21 05:43:30,340 - device_data_handler - INFO - device_data_handler.py:282 - Device rr1 Zone 1: Robot is stationary
2025-10-21 05:43:30,363 - device_data_handler - INFO - device_data_handler.py:376 - Device rr1 Zone 1: Robot is stationary
2025-10-21 05:43:30,937 - device_list - INFO - device_list.py:316 - Refreshing device data...
2025-10-21 05:43:30,971 - device_list - INFO - device_list.py:336 - Loaded 4 devices from CSV
2025-10-21 05:43:31,334 - device_data_handler - INFO - device_data_handler.py:282 - Device rr1 Zone 1: Robot is stationary
2025-10-21 05:43:31,358 - device_data_handler - INFO - device_data_handler.py:376 - Device rr1 Zone 1: Robot is stationary
2025-10-21 05:43:32,068 - device_location_syncer - INFO - sync_device_locations.py:250 - Sync completed. No location updates needed.
2025-10-21 05:43:32,229 - device_data_handler - INFO - device_data_handler.py:376 - Device rr1 Zone 1: Robot is stationary
2025-10-21 05:43:32,269 - device_data_handler - INFO - device_data_handler.py:282 - Device rr1 Zone 1: Robot is stationary
2025-10-21 05:43:32,292 - device_data_handler - INFO - device_data_handler.py:376 - Device rr1 Zone 1: Robot is stationary
2025-10-21 05:43:32,334 - device_data_handler - INFO - device_data_handler.py:282 - Device rr1 Zone 1: Robot is stationary
2025-10-21 05:43:32,358 - device_data_handler - INFO - device_data_handler.py:376 - Device rr1 Zone 1: Robot is stationary
2025-10-21 05:43:33,332 - device_data_handler - INFO - device_data_handler.py:282 - Device rr1 Zone 1: Robot is stationary
2025-10-21 05:43:33,356 - device_data_handler - INFO - device_data_handler.py:376 - Device rr1 Zone 1: Robot is stationary
2025-10-21 05:43:34,329 - device_data_handler - INFO - device_data_handler.py:282 - Device rr1 Zone 1: Robot is stationary
2025-10-21 05:43:34,352 - device_data_handler - INFO - device_data_handler.py:376 - Device rr1 Zone 1: Robot is stationary
2025-10-21 05:43:35,357 - device_data_handler - INFO - device_data_handler.py:282 - Device rr1 Zone 1: Robot is stationary
2025-10-21 05:43:35,381 - device_data_handler - INFO - device_data_handler.py:376 - Device rr1 Zone 1: Robot is stationary
2025-10-21 05:43:36,345 - device_data_handler - INFO - device_data_handler.py:282 - Device rr1 Zone 1: Robot is stationary
2025-10-21 05:43:36,367 - device_data_handler - INFO - device_data_handler.py:376 - Device rr1 Zone 1: Robot is stationary
2025-10-21 05:43:37,229 - device_data_handler - INFO - device_data_handler.py:376 - Device rr1 Zone 1: Robot is stationary
2025-10-21 05:43:37,270 - device_data_handler - INFO - device_data_handler.py:282 - Device rr1 Zone 1: Robot is stationary
2025-10-21 05:43:37,293 - device_data_handler - INFO - device_data_handler.py:376 - Device rr1 Zone 1: Robot is stationary
2025-10-21 05:43:37,348 - device_data_handler - INFO - device_data_handler.py:282 - Device rr1 Zone 1: Robot is stationary
2025-10-21 05:43:37,372 - device_data_handler - INFO - device_data_handler.py:376 - Device rr1 Zone 1: Robot is stationary
2025-10-21 05:43:38,356 - device_data_handler - INFO - device_data_handler.py:282 - Device rr1 Zone 1: Robot is stationary
2025-10-21 05:43:38,380 - device_data_handler - INFO - device_data_handler.py:376 - Device rr1 Zone 1: Robot is stationary
2025-10-21 05:43:39,348 - device_data_handler - INFO - device_data_handler.py:282 - Device rr1 Zone 1: Robot is stationary
2025-10-21 05:43:39,592 - device_data_handler - INFO - device_data_handler.py:376 - Device rr1 Zone 1: Robot is stationary
2025-10-21 05:43:40,345 - device_data_handler - INFO - device_data_handler.py:282 - Device rr1 Zone 1: Robot is stationary
2025-10-21 05:43:40,370 - device_data_handler - INFO - device_data_handler.py:376 - Device rr1 Zone 1: Robot is stationary
2025-10-21 05:43:41,360 - device_data_handler - INFO - device_data_handler.py:282 - Device rr1 Zone 1: Robot is stationary
2025-10-21 05:43:41,382 - device_data_handler - INFO - device_data_handler.py:376 - Device rr1 Zone 1: Robot is stationary
2025-10-21 05:43:42,260 - device_data_handler - INFO - device_data_handler.py:376 - Device rr1 Zone 1: Robot is stationary
2025-10-21 05:43:42,303 - device_data_handler - INFO - device_data_handler.py:282 - Device rr1 Zone 1: Robot is stationary
2025-10-21 05:43:42,325 - device_data_handler - INFO - device_data_handler.py:376 - Device rr1 Zone 1: Robot is stationary
2025-10-21 05:43:42,363 - device_data_handler - INFO - device_data_handler.py:282 - Device rr1 Zone 1: Robot is stationary
2025-10-21 05:43:42,388 - device_data_handler - INFO - device_data_handler.py:376 - Device rr1 Zone 1: Robot is stationary
2025-10-21 05:43:43,347 - device_data_handler - INFO - device_data_handler.py:282 - Device rr1 Zone 1: Robot is stationary
2025-10-21 05:43:43,371 - device_data_handler - INFO - device_data_handler.py:376 - Device rr1 Zone 1: Robot is stationary
2025-10-21 05:43:44,350 - device_data_handler - INFO - device_data_handler.py:282 - Device rr1 Zone 1: Robot is stationary
2025-10-21 05:43:44,373 - device_data_handler - INFO - device_data_handler.py:376 - Device rr1 Zone 1: Robot is stationary
2025-10-21 05:43:45,344 - device_data_handler - INFO - device_data_handler.py:282 - Device rr1 Zone 1: Robot is stationary
2025-10-21 05:43:45,366 - device_data_handler - INFO - device_data_handler.py:376 - Device rr1 Zone 1: Robot is stationary
2025-10-21 05:43:46,344 - device_data_handler - INFO - device_data_handler.py:282 - Device rr1 Zone 1: Robot is stationary
2025-10-21 05:43:46,369 - device_data_handler - INFO - device_data_handler.py:376 - Device rr1 Zone 1: Robot is stationary
2025-10-21 05:43:47,234 - device_data_handler - INFO - device_data_handler.py:376 - Device rr1 Zone 1: Robot is stationary
2025-10-21 05:43:47,277 - device_data_handler - INFO - device_data_handler.py:282 - Device rr1 Zone 1: Robot is stationary
2025-10-21 05:43:47,300 - device_data_handler - INFO - device_data_handler.py:376 - Device rr1 Zone 1: Robot is stationary
2025-10-21 05:43:47,358 - device_data_handler - INFO - device_data_handler.py:282 - Device rr1 Zone 1: Robot is stationary
2025-10-21 05:43:47,381 - device_data_handler - INFO - device_data_handler.py:376 - Device rr1 Zone 1: Robot is stationary
2025-10-21 05:43:48,349 - device_data_handler - INFO - device_data_handler.py:282 - Device rr1 Zone 1: Robot is stationary
2025-10-21 05:43:48,377 - device_data_handler - INFO - device_data_handler.py:376 - Device rr1 Zone 1: Robot is stationary
2025-10-21 05:43:49,346 - device_data_handler - INFO - device_data_handler.py:282 - Device rr1 Zone 1: Robot is stationary
2025-10-21 05:43:49,374 - device_data_handler - INFO - device_data_handler.py:376 - Device rr1 Zone 1: Robot is stationary
2025-10-21 05:43:50,352 - device_data_handler - INFO - device_data_handler.py:282 - Device rr1 Zone 1: Robot is stationary
2025-10-21 05:43:50,375 - device_data_handler - INFO - device_data_handler.py:376 - Device rr1 Zone 1: Robot is stationary
2025-10-21 05:43:51,373 - device_data_handler - INFO - device_data_handler.py:282 - Device rr1 Zone 1: Robot is stationary
2025-10-21 05:43:51,402 - device_data_handler - INFO - device_data_handler.py:376 - Device rr1 Zone 1: Robot is stationary
2025-10-21 05:43:52,233 - device_data_handler - INFO - device_data_handler.py:376 - Device rr1 Zone 1: Robot is stationary
2025-10-21 05:43:52,275 - device_data_handler - INFO - device_data_handler.py:282 - Device rr1 Zone 1: Robot is stationary
2025-10-21 05:43:52,296 - device_data_handler - INFO - device_data_handler.py:376 - Device rr1 Zone 1: Robot is stationary
2025-10-21 05:43:52,351 - device_data_handler - INFO - device_data_handler.py:282 - Device rr1 Zone 1: Robot is stationary
2025-10-21 05:43:52,374 - device_data_handler - INFO - device_data_handler.py:376 - Device rr1 Zone 1: Robot is stationary
2025-10-21 05:43:53,361 - device_data_handler - INFO - device_data_handler.py:282 - Device rr1 Zone 1: Robot is stationary
2025-10-21 05:43:53,388 - device_data_handler - INFO - device_data_handler.py:376 - Device rr1 Zone 1: Robot is stationary
2025-10-21 05:43:54,354 - device_data_handler - INFO - device_data_handler.py:282 - Device rr1 Zone 1: Robot is stationary
2025-10-21 05:43:54,378 - device_data_handler - INFO - device_data_handler.py:376 - Device rr1 Zone 1: Robot is stationary
2025-10-21 05:43:55,352 - device_data_handler - INFO - device_data_handler.py:282 - Device rr1 Zone 1: Robot is stationary
2025-10-21 05:43:55,374 - device_data_handler - INFO - device_data_handler.py:376 - Device rr1 Zone 1: Robot is stationary
2025-10-21 05:43:56,351 - device_data_handler - INFO - device_data_handler.py:282 - Device rr1 Zone 1: Robot is stationary
2025-10-21 05:43:56,374 - device_data_handler - INFO - device_data_handler.py:376 - Device rr1 Zone 1: Robot is stationary
2025-10-21 05:43:57,230 - device_data_handler - INFO - device_data_handler.py:376 - Device rr1 Zone 1: Robot is stationary
2025-10-21 05:43:57,275 - device_data_handler - INFO - device_data_handler.py:282 - Device rr1 Zone 1: Robot is stationary
2025-10-21 05:43:57,297 - device_data_handler - INFO - device_data_handler.py:376 - Device rr1 Zone 1: Robot is stationary
2025-10-21 05:43:57,351 - device_data_handler - INFO - device_data_handler.py:282 - Device rr1 Zone 1: Robot is stationary
2025-10-21 05:43:57,373 - device_data_handler - INFO - device_data_handler.py:376 - Device rr1 Zone 1: Robot is stationary
2025-10-21 05:43:58,351 - device_data_handler - INFO - device_data_handler.py:282 - Device rr1 Zone 1: Robot is stationary
2025-10-21 05:43:58,373 - device_data_handler - INFO - device_data_handler.py:376 - Device rr1 Zone 1: Robot is stationary
2025-10-21 05:43:59,350 - device_data_handler - INFO - device_data_handler.py:282 - Device rr1 Zone 1: Robot is stationary
2025-10-21 05:43:59,373 - device_data_handler - INFO - device_data_handler.py:376 - Device rr1 Zone 1: Robot is stationary
2025-10-21 05:44:00,352 - device_data_handler - INFO - device_data_handler.py:282 - Device rr1 Zone 1: Robot is stationary
2025-10-21 05:44:00,373 - device_data_handler - INFO - device_data_handler.py:376 - Device rr1 Zone 1: Robot is stationary
2025-10-21 05:44:00,932 - device_list - INFO - device_list.py:316 - Refreshing device data...
2025-10-21 05:44:00,964 - device_list - INFO - device_list.py:336 - Loaded 4 devices from CSV
2025-10-21 05:44:01,344 - device_data_handler - INFO - device_data_handler.py:282 - Device rr1 Zone 1: Robot is stationary
2025-10-21 05:44:01,366 - device_data_handler - INFO - device_data_handler.py:376 - Device rr1 Zone 1: Robot is stationary
2025-10-21 05:44:04,119 - api_client - WARNING - client.py:80 - Request attempt 1 failed: HTTPConnectionPool(host='127.0.0.1', port=8000): Max retries exceeded with url: /api/ (Caused by NewConnectionError('<urllib3.connection.HTTPConnection object at 0x000001C784A4E580>: Failed to establish a new connection: [WinError 10061] No connection could be made because the target machine actively refused it'))
2025-10-21 05:44:06,161 - api_client - WARNING - client.py:80 - Request attempt 2 failed: HTTPConnectionPool(host='127.0.0.1', port=8000): Max retries exceeded with url: /api/ (Caused by NewConnectionError('<urllib3.connection.HTTPConnection object at 0x000001C784A4CAF0>: Failed to establish a new connection: [WinError 10061] No connection could be made because the target machine actively refused it'))
2025-10-21 05:44:08,199 - api_client - WARNING - client.py:80 - Request attempt 3 failed: HTTPConnectionPool(host='127.0.0.1', port=8000): Max retries exceeded with url: /api/ (Caused by NewConnectionError('<urllib3.connection.HTTPConnection object at 0x000001C784A4EF10>: Failed to establish a new connection: [WinError 10061] No connection could be made because the target machine actively refused it'))
2025-10-21 05:44:08,207 - device_location_syncer - INFO - sync_device_locations.py:250 - Sync completed. No location updates needed.
2025-10-21 05:44:08,232 - device_data_handler - INFO - device_data_handler.py:376 - Device rr1 Zone 1: Robot is stationary
2025-10-21 05:44:08,280 - device_data_handler - INFO - device_data_handler.py:282 - Device rr1 Zone 1: Robot is stationary
2025-10-21 05:44:08,305 - device_data_handler - INFO - device_data_handler.py:376 - Device rr1 Zone 1: Robot is stationary
2025-10-21 05:44:08,345 - device_data_handler - INFO - device_data_handler.py:282 - Device rr1 Zone 1: Robot is stationary
2025-10-21 05:44:08,367 - device_data_handler - INFO - device_data_handler.py:376 - Device rr1 Zone 1: Robot is stationary
2025-10-21 05:44:09,344 - device_data_handler - INFO - device_data_handler.py:282 - Device rr1 Zone 1: Robot is stationary
2025-10-21 05:44:09,369 - device_data_handler - INFO - device_data_handler.py:376 - Device rr1 Zone 1: Robot is stationary
2025-10-21 05:44:10,353 - device_data_handler - INFO - device_data_handler.py:282 - Device rr1 Zone 1: Robot is stationary
2025-10-21 05:44:10,376 - device_data_handler - INFO - device_data_handler.py:376 - Device rr1 Zone 1: Robot is stationary
2025-10-21 05:44:11,357 - device_data_handler - INFO - device_data_handler.py:282 - Device rr1 Zone 1: Robot is stationary
2025-10-21 05:44:11,381 - device_data_handler - INFO - device_data_handler.py:376 - Device rr1 Zone 1: Robot is stationary
2025-10-21 05:44:12,228 - device_data_handler - INFO - device_data_handler.py:376 - Device rr1 Zone 1: Robot is stationary
2025-10-21 05:44:12,268 - device_data_handler - INFO - device_data_handler.py:282 - Device rr1 Zone 1: Robot is stationary
2025-10-21 05:44:12,290 - device_data_handler - INFO - device_data_handler.py:376 - Device rr1 Zone 1: Robot is stationary
2025-10-21 05:44:12,353 - device_data_handler - INFO - device_data_handler.py:282 - Device rr1 Zone 1: Robot is stationary
2025-10-21 05:44:12,375 - device_data_handler - INFO - device_data_handler.py:376 - Device rr1 Zone 1: Robot is stationary
2025-10-21 05:44:13,347 - device_data_handler - INFO - device_data_handler.py:282 - Device rr1 Zone 1: Robot is stationary
2025-10-21 05:44:13,371 - device_data_handler - INFO - device_data_handler.py:376 - Device rr1 Zone 1: Robot is stationary
2025-10-21 05:44:14,350 - device_data_handler - INFO - device_data_handler.py:282 - Device rr1 Zone 1: Robot is stationary
2025-10-21 05:44:14,373 - device_data_handler - INFO - device_data_handler.py:376 - Device rr1 Zone 1: Robot is stationary
2025-10-21 05:44:15,352 - device_data_handler - INFO - device_data_handler.py:282 - Device rr1 Zone 1: Robot is stationary
2025-10-21 05:44:15,375 - device_data_handler - INFO - device_data_handler.py:376 - Device rr1 Zone 1: Robot is stationary
2025-10-21 05:44:16,359 - device_data_handler - INFO - device_data_handler.py:282 - Device rr1 Zone 1: Robot is stationary
2025-10-21 05:44:16,389 - device_data_handler - INFO - device_data_handler.py:376 - Device rr1 Zone 1: Robot is stationary
2025-10-21 05:44:17,226 - device_data_handler - INFO - device_data_handler.py:376 - Device rr1 Zone 1: Robot is stationary
2025-10-21 05:44:17,264 - device_data_handler - INFO - device_data_handler.py:282 - Device rr1 Zone 1: Robot is stationary
2025-10-21 05:44:17,286 - device_data_handler - INFO - device_data_handler.py:376 - Device rr1 Zone 1: Robot is stationary
2025-10-21 05:44:17,349 - device_data_handler - INFO - device_data_handler.py:282 - Device rr1 Zone 1: Robot is stationary
2025-10-21 05:44:17,372 - device_data_handler - INFO - device_data_handler.py:376 - Device rr1 Zone 1: Robot is stationary
2025-10-21 05:44:18,380 - device_data_handler - INFO - device_data_handler.py:282 - Device rr1 Zone 1: Robot is stationary
2025-10-21 05:44:18,404 - device_data_handler - INFO - device_data_handler.py:376 - Device rr1 Zone 1: Robot is stationary
2025-10-21 05:44:19,344 - device_data_handler - INFO - device_data_handler.py:282 - Device rr1 Zone 1: Robot is stationary
2025-10-21 05:44:19,367 - device_data_handler - INFO - device_data_handler.py:376 - Device rr1 Zone 1: Robot is stationary
2025-10-21 05:44:20,345 - device_data_handler - INFO - device_data_handler.py:282 - Device rr1 Zone 1: Robot is stationary
2025-10-21 05:44:20,368 - device_data_handler - INFO - device_data_handler.py:376 - Device rr1 Zone 1: Robot is stationary
2025-10-21 05:44:21,345 - device_data_handler - INFO - device_data_handler.py:282 - Device rr1 Zone 1: Robot is stationary
2025-10-21 05:44:21,368 - device_data_handler - INFO - device_data_handler.py:376 - Device rr1 Zone 1: Robot is stationary
2025-10-21 05:44:22,246 - device_data_handler - INFO - device_data_handler.py:376 - Device rr1 Zone 1: Robot is stationary
2025-10-21 05:44:22,286 - device_data_handler - INFO - device_data_handler.py:282 - Device rr1 Zone 1: Robot is stationary
2025-10-21 05:44:22,309 - device_data_handler - INFO - device_data_handler.py:376 - Device rr1 Zone 1: Robot is stationary
2025-10-21 05:44:22,348 - device_data_handler - INFO - device_data_handler.py:282 - Device rr1 Zone 1: Robot is stationary
2025-10-21 05:44:22,371 - device_data_handler - INFO - device_data_handler.py:376 - Device rr1 Zone 1: Robot is stationary
2025-10-21 05:44:23,345 - device_data_handler - INFO - device_data_handler.py:282 - Device rr1 Zone 1: Robot is stationary
2025-10-21 05:44:23,369 - device_data_handler - INFO - device_data_handler.py:376 - Device rr1 Zone 1: Robot is stationary
2025-10-21 05:44:24,347 - device_data_handler - INFO - device_data_handler.py:282 - Device rr1 Zone 1: Robot is stationary
2025-10-21 05:44:24,371 - device_data_handler - INFO - device_data_handler.py:376 - Device rr1 Zone 1: Robot is stationary
2025-10-21 05:44:25,342 - device_data_handler - INFO - device_data_handler.py:282 - Device rr1 Zone 1: Robot is stationary
2025-10-21 05:44:25,365 - device_data_handler - INFO - device_data_handler.py:376 - Device rr1 Zone 1: Robot is stationary
2025-10-21 05:44:26,343 - device_data_handler - INFO - device_data_handler.py:282 - Device rr1 Zone 1: Robot is stationary
2025-10-21 05:44:26,366 - device_data_handler - INFO - device_data_handler.py:376 - Device rr1 Zone 1: Robot is stationary
2025-10-21 05:44:27,258 - device_data_handler - INFO - device_data_handler.py:376 - Device rr1 Zone 1: Robot is stationary
2025-10-21 05:44:27,305 - device_data_handler - INFO - device_data_handler.py:282 - Device rr1 Zone 1: Robot is stationary
2025-10-21 05:44:27,329 - device_data_handler - INFO - device_data_handler.py:376 - Device rr1 Zone 1: Robot is stationary
2025-10-21 05:44:27,368 - device_data_handler - INFO - device_data_handler.py:282 - Device rr1 Zone 1: Robot is stationary
2025-10-21 05:44:27,390 - device_data_handler - INFO - device_data_handler.py:376 - Device rr1 Zone 1: Robot is stationary
2025-10-21 05:44:28,341 - device_data_handler - INFO - device_data_handler.py:282 - Device rr1 Zone 1: Robot is stationary
2025-10-21 05:44:28,365 - device_data_handler - INFO - device_data_handler.py:376 - Device rr1 Zone 1: Robot is stationary
2025-10-21 05:44:29,351 - device_data_handler - INFO - device_data_handler.py:282 - Device rr1 Zone 1: Robot is stationary
2025-10-21 05:44:29,373 - device_data_handler - INFO - device_data_handler.py:376 - Device rr1 Zone 1: Robot is stationary
2025-10-21 05:44:30,344 - device_data_handler - INFO - device_data_handler.py:282 - Device rr1 Zone 1: Robot is stationary
2025-10-21 05:44:30,379 - device_data_handler - INFO - device_data_handler.py:376 - Device rr1 Zone 1: Robot is stationary
2025-10-21 05:44:30,928 - device_list - INFO - device_list.py:316 - Refreshing device data...
2025-10-21 05:44:30,965 - device_list - INFO - device_list.py:336 - Loaded 4 devices from CSV
2025-10-21 05:44:31,350 - device_data_handler - INFO - device_data_handler.py:282 - Device rr1 Zone 1: Robot is stationary
2025-10-21 05:44:31,373 - device_data_handler - INFO - device_data_handler.py:376 - Device rr1 Zone 1: Robot is stationary
2025-10-21 05:44:32,084 - device_location_syncer - INFO - sync_device_locations.py:250 - Sync completed. No location updates needed.
2025-10-21 05:44:32,252 - device_data_handler - INFO - device_data_handler.py:376 - Device rr1 Zone 1: Robot is stationary
2025-10-21 05:44:32,292 - device_data_handler - INFO - device_data_handler.py:282 - Device rr1 Zone 1: Robot is stationary
2025-10-21 05:44:32,316 - device_data_handler - INFO - device_data_handler.py:376 - Device rr1 Zone 1: Robot is stationary
2025-10-21 05:44:32,355 - device_data_handler - INFO - device_data_handler.py:282 - Device rr1 Zone 1: Robot is stationary
2025-10-21 05:44:32,378 - device_data_handler - INFO - device_data_handler.py:376 - Device rr1 Zone 1: Robot is stationary
2025-10-21 05:44:33,346 - device_data_handler - INFO - device_data_handler.py:282 - Device rr1 Zone 1: Robot is stationary
2025-10-21 05:44:33,368 - device_data_handler - INFO - device_data_handler.py:376 - Device rr1 Zone 1: Robot is stationary
2025-10-21 05:44:34,347 - device_data_handler - INFO - device_data_handler.py:282 - Device rr1 Zone 1: Robot is stationary
2025-10-21 05:44:34,372 - device_data_handler - INFO - device_data_handler.py:376 - Device rr1 Zone 1: Robot is stationary
2025-10-21 05:44:35,343 - device_data_handler - INFO - device_data_handler.py:282 - Device rr1 Zone 1: Robot is stationary
2025-10-21 05:44:35,365 - device_data_handler - INFO - device_data_handler.py:376 - Device rr1 Zone 1: Robot is stationary
2025-10-21 05:44:36,349 - device_data_handler - INFO - device_data_handler.py:282 - Device rr1 Zone 1: Robot is stationary
2025-10-21 05:44:36,372 - device_data_handler - INFO - device_data_handler.py:376 - Device rr1 Zone 1: Robot is stationary
2025-10-21 05:44:37,254 - device_data_handler - INFO - device_data_handler.py:376 - Device rr1 Zone 1: Robot is stationary
2025-10-21 05:44:37,305 - device_data_handler - INFO - device_data_handler.py:282 - Device rr1 Zone 1: Robot is stationary
2025-10-21 05:44:37,338 - device_data_handler - INFO - device_data_handler.py:376 - Device rr1 Zone 1: Robot is stationary
2025-10-21 05:44:37,378 - device_data_handler - INFO - device_data_handler.py:282 - Device rr1 Zone 1: Robot is stationary
2025-10-21 05:44:37,412 - device_data_handler - INFO - device_data_handler.py:376 - Device rr1 Zone 1: Robot is stationary
2025-10-21 05:44:38,345 - device_data_handler - INFO - device_data_handler.py:282 - Device rr1 Zone 1: Robot is stationary
2025-10-21 05:44:38,367 - device_data_handler - INFO - device_data_handler.py:376 - Device rr1 Zone 1: Robot is stationary
2025-10-21 05:44:39,351 - device_data_handler - INFO - device_data_handler.py:282 - Device rr1 Zone 1: Robot is stationary
2025-10-21 05:44:39,383 - device_data_handler - INFO - device_data_handler.py:376 - Device rr1 Zone 1: Robot is stationary
2025-10-21 05:44:40,344 - device_data_handler - INFO - device_data_handler.py:282 - Device rr1 Zone 1: Robot is stationary
2025-10-21 05:44:40,366 - device_data_handler - INFO - device_data_handler.py:376 - Device rr1 Zone 1: Robot is stationary
2025-10-21 05:44:41,352 - device_data_handler - INFO - device_data_handler.py:282 - Device rr1 Zone 1: Robot is stationary
2025-10-21 05:44:41,374 - device_data_handler - INFO - device_data_handler.py:376 - Device rr1 Zone 1: Robot is stationary
2025-10-21 05:44:42,245 - device_data_handler - INFO - device_data_handler.py:376 - Device rr1 Zone 1: Robot is stationary
2025-10-21 05:44:42,288 - device_data_handler - INFO - device_data_handler.py:282 - Device rr1 Zone 1: Robot is stationary
2025-10-21 05:44:42,311 - device_data_handler - INFO - device_data_handler.py:376 - Device rr1 Zone 1: Robot is stationary
2025-10-21 05:44:42,351 - device_data_handler - INFO - device_data_handler.py:282 - Device rr1 Zone 1: Robot is stationary
2025-10-21 05:44:42,387 - device_data_handler - INFO - device_data_handler.py:376 - Device rr1 Zone 1: Robot is stationary
2025-10-21 05:44:43,348 - device_data_handler - INFO - device_data_handler.py:282 - Device rr1 Zone 1: Robot is stationary
2025-10-21 05:44:43,372 - device_data_handler - INFO - device_data_handler.py:376 - Device rr1 Zone 1: Robot is stationary
2025-10-21 05:44:44,356 - device_data_handler - INFO - device_data_handler.py:282 - Device rr1 Zone 1: Robot is stationary
2025-10-21 05:44:44,380 - device_data_handler - INFO - device_data_handler.py:376 - Device rr1 Zone 1: Robot is stationary
2025-10-21 05:44:45,352 - device_data_handler - INFO - device_data_handler.py:282 - Device rr1 Zone 1: Robot is stationary
2025-10-21 05:44:45,373 - device_data_handler - INFO - device_data_handler.py:376 - Device rr1 Zone 1: Robot is stationary
2025-10-21 05:44:46,353 - device_data_handler - INFO - device_data_handler.py:282 - Device rr1 Zone 1: Robot is stationary
2025-10-21 05:44:46,376 - device_data_handler - INFO - device_data_handler.py:376 - Device rr1 Zone 1: Robot is stationary
2025-10-21 05:44:47,243 - device_data_handler - INFO - device_data_handler.py:376 - Device rr1 Zone 1: Robot is stationary
2025-10-21 05:44:47,342 - device_data_handler - INFO - device_data_handler.py:282 - Device rr1 Zone 1: Robot is stationary
2025-10-21 05:44:47,372 - device_data_handler - INFO - device_data_handler.py:376 - Device rr1 Zone 1: Robot is stationary
2025-10-21 05:44:47,412 - device_data_handler - INFO - device_data_handler.py:282 - Device rr1 Zone 1: Robot is stationary
2025-10-21 05:44:47,434 - device_data_handler - INFO - device_data_handler.py:376 - Device rr1 Zone 1: Robot is stationary
2025-10-21 05:44:48,344 - device_data_handler - INFO - device_data_handler.py:282 - Device rr1 Zone 1: Robot is stationary
2025-10-21 05:44:48,367 - device_data_handler - INFO - device_data_handler.py:376 - Device rr1 Zone 1: Robot is stationary
2025-10-21 05:44:49,343 - device_data_handler - INFO - device_data_handler.py:282 - Device rr1 Zone 1: Robot is stationary
2025-10-21 05:44:49,367 - device_data_handler - INFO - device_data_handler.py:376 - Device rr1 Zone 1: Robot is stationary
2025-10-21 05:44:50,344 - device_data_handler - INFO - device_data_handler.py:282 - Device rr1 Zone 1: Robot is stationary
2025-10-21 05:44:50,367 - device_data_handler - INFO - device_data_handler.py:376 - Device rr1 Zone 1: Robot is stationary
2025-10-21 05:44:51,346 - device_data_handler - INFO - device_data_handler.py:282 - Device rr1 Zone 1: Robot is stationary
2025-10-21 05:44:51,371 - device_data_handler - INFO - device_data_handler.py:376 - Device rr1 Zone 1: Robot is stationary
2025-10-21 05:44:52,250 - device_data_handler - INFO - device_data_handler.py:376 - Device rr1 Zone 1: Robot is stationary
2025-10-21 05:44:52,290 - device_data_handler - INFO - device_data_handler.py:282 - Device rr1 Zone 1: Robot is stationary
2025-10-21 05:44:52,313 - device_data_handler - INFO - device_data_handler.py:376 - Device rr1 Zone 1: Robot is stationary
2025-10-21 05:44:52,355 - device_data_handler - INFO - device_data_handler.py:282 - Device rr1 Zone 1: Robot is stationary
2025-10-21 05:44:52,378 - device_data_handler - INFO - device_data_handler.py:376 - Device rr1 Zone 1: Robot is stationary
2025-10-21 05:44:53,353 - device_data_handler - INFO - device_data_handler.py:282 - Device rr1 Zone 1: Robot is stationary
2025-10-21 05:44:53,375 - device_data_handler - INFO - device_data_handler.py:376 - Device rr1 Zone 1: Robot is stationary
2025-10-21 05:44:54,355 - device_data_handler - INFO - device_data_handler.py:282 - Device rr1 Zone 1: Robot is stationary
2025-10-21 05:44:54,377 - device_data_handler - INFO - device_data_handler.py:376 - Device rr1 Zone 1: Robot is stationary
2025-10-21 05:44:55,345 - device_data_handler - INFO - device_data_handler.py:282 - Device rr1 Zone 1: Robot is stationary
2025-10-21 05:44:55,367 - device_data_handler - INFO - device_data_handler.py:376 - Device rr1 Zone 1: Robot is stationary
2025-10-21 05:44:56,344 - device_data_handler - INFO - device_data_handler.py:282 - Device rr1 Zone 1: Robot is stationary
2025-10-21 05:44:56,365 - device_data_handler - INFO - device_data_handler.py:376 - Device rr1 Zone 1: Robot is stationary
2025-10-21 05:44:57,247 - device_data_handler - INFO - device_data_handler.py:376 - Device rr1 Zone 1: Robot is stationary
2025-10-21 05:44:57,294 - device_data_handler - INFO - device_data_handler.py:282 - Device rr1 Zone 1: Robot is stationary
2025-10-21 05:44:57,317 - device_data_handler - INFO - device_data_handler.py:376 - Device rr1 Zone 1: Robot is stationary
2025-10-21 05:44:57,357 - device_data_handler - INFO - device_data_handler.py:282 - Device rr1 Zone 1: Robot is stationary
2025-10-21 05:44:57,381 - device_data_handler - INFO - device_data_handler.py:376 - Device rr1 Zone 1: Robot is stationary
2025-10-21 05:44:58,344 - device_data_handler - INFO - device_data_handler.py:282 - Device rr1 Zone 1: Robot is stationary
2025-10-21 05:44:58,366 - device_data_handler - INFO - device_data_handler.py:376 - Device rr1 Zone 1: Robot is stationary
2025-10-21 05:44:59,351 - device_data_handler - INFO - device_data_handler.py:282 - Device rr1 Zone 1: Robot is stationary
2025-10-21 05:44:59,375 - device_data_handler - INFO - device_data_handler.py:376 - Device rr1 Zone 1: Robot is stationary
2025-10-21 05:45:00,346 - device_data_handler - INFO - device_data_handler.py:282 - Device rr1 Zone 1: Robot is stationary
2025-10-21 05:45:00,369 - device_data_handler - INFO - device_data_handler.py:376 - Device rr1 Zone 1: Robot is stationary
2025-10-21 05:45:00,929 - device_list - INFO - device_list.py:316 - Refreshing device data...
2025-10-21 05:45:00,966 - device_list - INFO - device_list.py:336 - Loaded 4 devices from CSV
2025-10-21 05:45:01,341 - device_data_handler - INFO - device_data_handler.py:282 - Device rr1 Zone 1: Robot is stationary
2025-10-21 05:45:01,374 - device_data_handler - INFO - device_data_handler.py:376 - Device rr1 Zone 1: Robot is stationary
2025-10-21 05:45:04,120 - api_client - WARNING - client.py:80 - Request attempt 1 failed: HTTPConnectionPool(host='127.0.0.1', port=8000): Max retries exceeded with url: /api/ (Caused by NewConnectionError('<urllib3.connection.HTTPConnection object at 0x000001C784A4E7A0>: Failed to establish a new connection: [WinError 10061] No connection could be made because the target machine actively refused it'))
2025-10-21 05:45:06,164 - api_client - WARNING - client.py:80 - Request attempt 2 failed: HTTPConnectionPool(host='127.0.0.1', port=8000): Max retries exceeded with url: /api/ (Caused by NewConnectionError('<urllib3.connection.HTTPConnection object at 0x000001C784A4CAF0>: Failed to establish a new connection: [WinError 10061] No connection could be made because the target machine actively refused it'))
2025-10-21 05:45:08,197 - api_client - WARNING - client.py:80 - Request attempt 3 failed: HTTPConnectionPool(host='127.0.0.1', port=8000): Max retries exceeded with url: /api/ (Caused by NewConnectionError('<urllib3.connection.HTTPConnection object at 0x000001C784A4E580>: Failed to establish a new connection: [WinError 10061] No connection could be made because the target machine actively refused it'))
2025-10-21 05:45:08,205 - device_location_syncer - INFO - sync_device_locations.py:250 - Sync completed. No location updates needed.
2025-10-21 05:45:08,228 - device_data_handler - INFO - device_data_handler.py:376 - Device rr1 Zone 1: Robot is stationary
2025-10-21 05:45:08,276 - device_data_handler - INFO - device_data_handler.py:282 - Device rr1 Zone 1: Robot is stationary
2025-10-21 05:45:08,308 - device_data_handler - INFO - device_data_handler.py:376 - Device rr1 Zone 1: Robot is stationary
2025-10-21 05:45:08,348 - device_data_handler - INFO - device_data_handler.py:282 - Device rr1 Zone 1: Robot is stationary
2025-10-21 05:45:08,372 - device_data_handler - INFO - device_data_handler.py:376 - Device rr1 Zone 1: Robot is stationary
2025-10-21 05:45:09,345 - device_data_handler - INFO - device_data_handler.py:282 - Device rr1 Zone 1: Robot is stationary
2025-10-21 05:45:09,368 - device_data_handler - INFO - device_data_handler.py:376 - Device rr1 Zone 1: Robot is stationary
2025-10-21 05:45:10,354 - device_data_handler - INFO - device_data_handler.py:282 - Device rr1 Zone 1: Robot is stationary
2025-10-21 05:45:10,380 - device_data_handler - INFO - device_data_handler.py:376 - Device rr1 Zone 1: Robot is stationary
2025-10-21 05:45:11,346 - device_data_handler - INFO - device_data_handler.py:282 - Device rr1 Zone 1: Robot is stationary
2025-10-21 05:45:11,368 - device_data_handler - INFO - device_data_handler.py:376 - Device rr1 Zone 1: Robot is stationary
2025-10-21 05:45:12,255 - device_data_handler - INFO - device_data_handler.py:376 - Device rr1 Zone 1: Robot is stationary
2025-10-21 05:45:12,294 - device_data_handler - INFO - device_data_handler.py:282 - Device rr1 Zone 1: Robot is stationary
2025-10-21 05:45:12,318 - device_data_handler - INFO - device_data_handler.py:376 - Device rr1 Zone 1: Robot is stationary
2025-10-21 05:45:12,358 - device_data_handler - INFO - device_data_handler.py:282 - Device rr1 Zone 1: Robot is stationary
2025-10-21 05:45:12,380 - device_data_handler - INFO - device_data_handler.py:376 - Device rr1 Zone 1: Robot is stationary
2025-10-21 05:45:13,354 - device_data_handler - INFO - device_data_handler.py:282 - Device rr1 Zone 1: Robot is stationary
2025-10-21 05:45:13,377 - device_data_handler - INFO - device_data_handler.py:376 - Device rr1 Zone 1: Robot is stationary
2025-10-21 05:45:14,344 - device_data_handler - INFO - device_data_handler.py:282 - Device rr1 Zone 1: Robot is stationary
2025-10-21 05:45:14,367 - device_data_handler - INFO - device_data_handler.py:376 - Device rr1 Zone 1: Robot is stationary
2025-10-21 05:45:15,347 - device_data_handler - INFO - device_data_handler.py:282 - Device rr1 Zone 1: Robot is stationary
2025-10-21 05:45:15,369 - device_data_handler - INFO - device_data_handler.py:376 - Device rr1 Zone 1: Robot is stationary
2025-10-21 05:45:16,409 - device_data_handler - INFO - device_data_handler.py:282 - Device rr1 Zone 1: Robot is stationary
2025-10-21 05:45:16,432 - device_data_handler - INFO - device_data_handler.py:376 - Device rr1 Zone 1: Robot is stationary
2025-10-21 05:45:17,250 - device_data_handler - INFO - device_data_handler.py:376 - Device rr1 Zone 1: Robot is stationary
2025-10-21 05:45:17,290 - device_data_handler - INFO - device_data_handler.py:282 - Device rr1 Zone 1: Robot is stationary
2025-10-21 05:45:17,312 - device_data_handler - INFO - device_data_handler.py:376 - Device rr1 Zone 1: Robot is stationary
2025-10-21 05:45:17,356 - device_data_handler - INFO - device_data_handler.py:282 - Device rr1 Zone 1: Robot is stationary
2025-10-21 05:45:17,379 - device_data_handler - INFO - device_data_handler.py:376 - Device rr1 Zone 1: Robot is stationary
2025-10-21 05:45:18,380 - device_data_handler - INFO - device_data_handler.py:282 - Device rr1 Zone 1: Robot is stationary
2025-10-21 05:45:18,402 - device_data_handler - INFO - device_data_handler.py:376 - Device rr1 Zone 1: Robot is stationary
2025-10-21 05:45:19,381 - device_data_handler - INFO - device_data_handler.py:282 - Device rr1 Zone 1: Robot is stationary
2025-10-21 05:45:19,404 - device_data_handler - INFO - device_data_handler.py:376 - Device rr1 Zone 1: Robot is stationary
2025-10-21 05:45:20,394 - device_data_handler - INFO - device_data_handler.py:282 - Device rr1 Zone 1: Robot is stationary
2025-10-21 05:45:20,418 - device_data_handler - INFO - device_data_handler.py:376 - Device rr1 Zone 1: Robot is stationary
2025-10-21 05:45:21,378 - device_data_handler - INFO - device_data_handler.py:282 - Device rr1 Zone 1: Robot is stationary
2025-10-21 05:45:21,400 - device_data_handler - INFO - device_data_handler.py:376 - Device rr1 Zone 1: Robot is stationary
2025-10-21 05:45:22,259 - device_data_handler - INFO - device_data_handler.py:376 - Device rr1 Zone 1: Robot is stationary
2025-10-21 05:45:22,302 - device_data_handler - INFO - device_data_handler.py:282 - Device rr1 Zone 1: Robot is stationary
2025-10-21 05:45:22,323 - device_data_handler - INFO - device_data_handler.py:376 - Device rr1 Zone 1: Robot is stationary
2025-10-21 05:45:22,387 - device_data_handler - INFO - device_data_handler.py:282 - Device rr1 Zone 1: Robot is stationary
2025-10-21 05:45:22,410 - device_data_handler - INFO - device_data_handler.py:376 - Device rr1 Zone 1: Robot is stationary
2025-10-21 05:45:23,386 - device_data_handler - INFO - device_data_handler.py:282 - Device rr1 Zone 1: Robot is stationary
2025-10-21 05:45:23,413 - device_data_handler - INFO - device_data_handler.py:376 - Device rr1 Zone 1: Robot is stationary
2025-10-21 05:45:24,375 - device_data_handler - INFO - device_data_handler.py:282 - Device rr1 Zone 1: Robot is stationary
2025-10-21 05:45:24,399 - device_data_handler - INFO - device_data_handler.py:376 - Device rr1 Zone 1: Robot is stationary
2025-10-21 05:45:25,375 - device_data_handler - INFO - device_data_handler.py:282 - Device rr1 Zone 1: Robot is stationary
2025-10-21 05:45:25,398 - device_data_handler - INFO - device_data_handler.py:376 - Device rr1 Zone 1: Robot is stationary
2025-10-21 05:45:26,376 - device_data_handler - INFO - device_data_handler.py:282 - Device rr1 Zone 1: Robot is stationary
2025-10-21 05:45:26,400 - device_data_handler - INFO - device_data_handler.py:376 - Device rr1 Zone 1: Robot is stationary
2025-10-21 05:45:27,243 - device_data_handler - INFO - device_data_handler.py:376 - Device rr1 Zone 1: Robot is stationary
2025-10-21 05:45:27,285 - device_data_handler - INFO - device_data_handler.py:282 - Device rr1 Zone 1: Robot is stationary
2025-10-21 05:45:27,309 - device_data_handler - INFO - device_data_handler.py:376 - Device rr1 Zone 1: Robot is stationary
2025-10-21 05:45:27,373 - device_data_handler - INFO - device_data_handler.py:282 - Device rr1 Zone 1: Robot is stationary
2025-10-21 05:45:27,396 - device_data_handler - INFO - device_data_handler.py:376 - Device rr1 Zone 1: Robot is stationary
2025-10-21 05:45:28,374 - device_data_handler - INFO - device_data_handler.py:282 - Device rr1 Zone 1: Robot is stationary
2025-10-21 05:45:28,396 - device_data_handler - INFO - device_data_handler.py:376 - Device rr1 Zone 1: Robot is stationary
2025-10-21 05:45:29,434 - device_data_handler - INFO - device_data_handler.py:282 - Device rr1 Zone 1: Robot is stationary
2025-10-21 05:45:29,461 - device_data_handler - INFO - device_data_handler.py:376 - Device rr1 Zone 1: Robot is stationary
2025-10-21 05:45:30,376 - device_data_handler - INFO - device_data_handler.py:282 - Device rr1 Zone 1: Robot is stationary
2025-10-21 05:45:30,400 - device_data_handler - INFO - device_data_handler.py:376 - Device rr1 Zone 1: Robot is stationary
2025-10-21 05:45:30,930 - device_list - INFO - device_list.py:316 - Refreshing device data...
2025-10-21 05:45:30,969 - device_list - INFO - device_list.py:336 - Loaded 4 devices from CSV
2025-10-21 05:45:31,387 - device_data_handler - INFO - device_data_handler.py:282 - Device rr1 Zone 1: Robot is stationary
2025-10-21 05:45:31,412 - device_data_handler - INFO - device_data_handler.py:376 - Device rr1 Zone 1: Robot is stationary
2025-10-21 05:45:32,084 - device_location_syncer - INFO - sync_device_locations.py:250 - Sync completed. No location updates needed.
2025-10-21 05:45:32,242 - device_data_handler - INFO - device_data_handler.py:376 - Device rr1 Zone 1: Robot is stationary
2025-10-21 05:45:32,282 - device_data_handler - INFO - device_data_handler.py:282 - Device rr1 Zone 1: Robot is stationary
2025-10-21 05:45:32,305 - device_data_handler - INFO - device_data_handler.py:376 - Device rr1 Zone 1: Robot is stationary
2025-10-21 05:45:32,389 - device_data_handler - INFO - device_data_handler.py:282 - Device rr1 Zone 1: Robot is stationary
2025-10-21 05:45:32,412 - device_data_handler - INFO - device_data_handler.py:376 - Device rr1 Zone 1: Robot is stationary
2025-10-21 05:45:33,378 - device_data_handler - INFO - device_data_handler.py:282 - Device rr1 Zone 1: Robot is stationary
2025-10-21 05:45:33,401 - device_data_handler - INFO - device_data_handler.py:376 - Device rr1 Zone 1: Robot is stationary
2025-10-21 05:45:34,382 - device_data_handler - INFO - device_data_handler.py:282 - Device rr1 Zone 1: Robot is stationary
2025-10-21 05:45:34,406 - device_data_handler - INFO - device_data_handler.py:376 - Device rr1 Zone 1: Robot is stationary
2025-10-21 05:45:35,378 - device_data_handler - INFO - device_data_handler.py:282 - Device rr1 Zone 1: Robot is stationary
2025-10-21 05:45:35,403 - device_data_handler - INFO - device_data_handler.py:376 - Device rr1 Zone 1: Robot is stationary
2025-10-21 05:45:36,376 - device_data_handler - INFO - device_data_handler.py:282 - Device rr1 Zone 1: Robot is stationary
2025-10-21 05:45:36,404 - device_data_handler - INFO - device_data_handler.py:376 - Device rr1 Zone 1: Robot is stationary
2025-10-21 05:45:37,251 - device_data_handler - INFO - device_data_handler.py:376 - Device rr1 Zone 1: Robot is stationary
2025-10-21 05:45:37,293 - device_data_handler - INFO - device_data_handler.py:282 - Device rr1 Zone 1: Robot is stationary
2025-10-21 05:45:37,319 - device_data_handler - INFO - device_data_handler.py:376 - Device rr1 Zone 1: Robot is stationary
2025-10-21 05:45:37,379 - device_data_handler - INFO - device_data_handler.py:282 - Device rr1 Zone 1: Robot is stationary
2025-10-21 05:45:37,410 - device_data_handler - INFO - device_data_handler.py:376 - Device rr1 Zone 1: Robot is stationary
2025-10-21 05:45:38,380 - device_data_handler - INFO - device_data_handler.py:282 - Device rr1 Zone 1: Robot is stationary
2025-10-21 05:45:38,403 - device_data_handler - INFO - device_data_handler.py:376 - Device rr1 Zone 1: Robot is stationary
2025-10-21 05:45:39,382 - device_data_handler - INFO - device_data_handler.py:282 - Device rr1 Zone 1: Robot is stationary
2025-10-21 05:45:39,403 - device_data_handler - INFO - device_data_handler.py:376 - Device rr1 Zone 1: Robot is stationary
2025-10-21 05:45:40,388 - device_data_handler - INFO - device_data_handler.py:282 - Device rr1 Zone 1: Robot is stationary
2025-10-21 05:45:40,412 - device_data_handler - INFO - device_data_handler.py:376 - Device rr1 Zone 1: Robot is stationary
2025-10-21 05:45:41,380 - device_data_handler - INFO - device_data_handler.py:282 - Device rr1 Zone 1: Robot is stationary
2025-10-21 05:45:41,403 - device_data_handler - INFO - device_data_handler.py:376 - Device rr1 Zone 1: Robot is stationary
2025-10-21 05:45:42,247 - device_data_handler - INFO - device_data_handler.py:376 - Device rr1 Zone 1: Robot is stationary
2025-10-21 05:45:42,285 - device_data_handler - INFO - device_data_handler.py:282 - Device rr1 Zone 1: Robot is stationary
2025-10-21 05:45:42,311 - device_data_handler - INFO - device_data_handler.py:376 - Device rr1 Zone 1: Robot is stationary
2025-10-21 05:45:42,375 - device_data_handler - INFO - device_data_handler.py:282 - Device rr1 Zone 1: Robot is stationary
2025-10-21 05:45:42,452 - device_data_handler - INFO - device_data_handler.py:376 - Device rr1 Zone 1: Robot is stationary
2025-10-21 05:45:43,383 - device_data_handler - INFO - device_data_handler.py:282 - Device rr1 Zone 1: Robot is stationary
2025-10-21 05:45:43,405 - device_data_handler - INFO - device_data_handler.py:376 - Device rr1 Zone 1: Robot is stationary
2025-10-21 05:45:44,375 - device_data_handler - INFO - device_data_handler.py:282 - Device rr1 Zone 1: Robot is stationary
2025-10-21 05:45:44,398 - device_data_handler - INFO - device_data_handler.py:376 - Device rr1 Zone 1: Robot is stationary
2025-10-21 05:45:45,373 - device_data_handler - INFO - device_data_handler.py:282 - Device rr1 Zone 1: Robot is stationary
2025-10-21 05:45:45,395 - device_data_handler - INFO - device_data_handler.py:376 - Device rr1 Zone 1: Robot is stationary
2025-10-21 05:45:46,386 - device_data_handler - INFO - device_data_handler.py:282 - Device rr1 Zone 1: Robot is stationary
2025-10-21 05:45:46,409 - device_data_handler - INFO - device_data_handler.py:376 - Device rr1 Zone 1: Robot is stationary
2025-10-21 05:45:47,257 - device_data_handler - INFO - device_data_handler.py:376 - Device rr1 Zone 1: Robot is stationary
2025-10-21 05:45:47,346 - device_data_handler - INFO - device_data_handler.py:282 - Device rr1 Zone 1: Robot is stationary
2025-10-21 05:45:47,379 - device_data_handler - INFO - device_data_handler.py:376 - Device rr1 Zone 1: Robot is stationary
2025-10-21 05:45:47,417 - device_data_handler - INFO - device_data_handler.py:282 - Device rr1 Zone 1: Robot is stationary
2025-10-21 05:45:47,442 - device_data_handler - INFO - device_data_handler.py:376 - Device rr1 Zone 1: Robot is stationary
2025-10-21 05:45:48,387 - device_data_handler - INFO - device_data_handler.py:282 - Device rr1 Zone 1: Robot is stationary
2025-10-21 05:45:48,409 - device_data_handler - INFO - device_data_handler.py:376 - Device rr1 Zone 1: Robot is stationary
2025-10-21 05:45:49,372 - device_data_handler - INFO - device_data_handler.py:282 - Device rr1 Zone 1: Robot is stationary
2025-10-21 05:45:49,395 - device_data_handler - INFO - device_data_handler.py:376 - Device rr1 Zone 1: Robot is stationary
2025-10-21 05:45:50,386 - device_data_handler - INFO - device_data_handler.py:282 - Device rr1 Zone 1: Robot is stationary
2025-10-21 05:45:50,409 - device_data_handler - INFO - device_data_handler.py:376 - Device rr1 Zone 1: Robot is stationary
2025-10-21 05:45:51,388 - device_data_handler - INFO - device_data_handler.py:282 - Device rr1 Zone 1: Robot is stationary
2025-10-21 05:45:51,410 - device_data_handler - INFO - device_data_handler.py:376 - Device rr1 Zone 1: Robot is stationary
2025-10-21 05:45:52,265 - device_data_handler - INFO - device_data_handler.py:376 - Device rr1 Zone 1: Robot is stationary
2025-10-21 05:45:52,333 - device_data_handler - INFO - device_data_handler.py:282 - Device rr1 Zone 1: Robot is stationary
2025-10-21 05:45:52,373 - device_data_handler - INFO - device_data_handler.py:376 - Device rr1 Zone 1: Robot is stationary
2025-10-21 05:45:52,433 - device_data_handler - INFO - device_data_handler.py:282 - Device rr1 Zone 1: Robot is stationary
2025-10-21 05:45:52,466 - device_data_handler - INFO - device_data_handler.py:376 - Device rr1 Zone 1: Robot is stationary
2025-10-21 05:45:53,421 - device_data_handler - INFO - device_data_handler.py:282 - Device rr1 Zone 1: Robot is stationary
2025-10-21 05:45:53,487 - device_data_handler - INFO - device_data_handler.py:376 - Device rr1 Zone 1: Robot is stationary
2025-10-21 05:45:54,435 - device_data_handler - INFO - device_data_handler.py:282 - Device rr1 Zone 1: Robot is stationary
2025-10-21 05:45:54,530 - device_data_handler - INFO - device_data_handler.py:376 - Device rr1 Zone 1: Robot is stationary
2025-10-21 05:45:55,435 - device_data_handler - INFO - device_data_handler.py:282 - Device rr1 Zone 1: Robot is stationary
2025-10-21 05:45:55,479 - device_data_handler - INFO - device_data_handler.py:376 - Device rr1 Zone 1: Robot is stationary
2025-10-21 05:45:56,422 - device_data_handler - INFO - device_data_handler.py:282 - Device rr1 Zone 1: Robot is stationary
2025-10-21 05:45:56,464 - device_data_handler - INFO - device_data_handler.py:376 - Device rr1 Zone 1: Robot is stationary
2025-10-21 05:45:57,256 - device_data_handler - INFO - device_data_handler.py:376 - Device rr1 Zone 1: Robot is stationary
2025-10-21 05:45:57,320 - device_data_handler - INFO - device_data_handler.py:282 - Device rr1 Zone 1: Robot is stationary
2025-10-21 05:45:57,358 - device_data_handler - INFO - device_data_handler.py:376 - Device rr1 Zone 1: Robot is stationary
2025-10-21 05:45:57,428 - device_data_handler - INFO - device_data_handler.py:282 - Device rr1 Zone 1: Robot is stationary
2025-10-21 05:45:57,464 - device_data_handler - INFO - device_data_handler.py:376 - Device rr1 Zone 1: Robot is stationary
2025-10-21 05:45:58,430 - device_data_handler - INFO - device_data_handler.py:282 - Device rr1 Zone 1: Robot is stationary
2025-10-21 05:45:58,468 - device_data_handler - INFO - device_data_handler.py:376 - Device rr1 Zone 1: Robot is stationary
2025-10-21 05:45:59,462 - device_data_handler - INFO - device_data_handler.py:282 - Device rr1 Zone 1: Robot is stationary
2025-10-21 05:45:59,495 - device_data_handler - INFO - device_data_handler.py:376 - Device rr1 Zone 1: Robot is stationary
2025-10-21 05:46:00,427 - device_data_handler - INFO - device_data_handler.py:282 - Device rr1 Zone 1: Robot is stationary
2025-10-21 05:46:00,459 - device_data_handler - INFO - device_data_handler.py:376 - Device rr1 Zone 1: Robot is stationary
2025-10-21 05:46:00,929 - device_list - INFO - device_list.py:316 - Refreshing device data...
2025-10-21 05:46:00,980 - device_list - INFO - device_list.py:336 - Loaded 4 devices from CSV
2025-10-21 05:46:01,418 - device_data_handler - INFO - device_data_handler.py:282 - Device rr1 Zone 1: Robot is stationary
2025-10-21 05:46:01,444 - device_data_handler - INFO - device_data_handler.py:376 - Device rr1 Zone 1: Robot is stationary
2025-10-21 05:46:04,130 - api_client - WARNING - client.py:80 - Request attempt 1 failed: HTTPConnectionPool(host='127.0.0.1', port=8000): Max retries exceeded with url: /api/ (Caused by NewConnectionError('<urllib3.connection.HTTPConnection object at 0x000001C784A4E8B0>: Failed to establish a new connection: [WinError 10061] No connection could be made because the target machine actively refused it'))
2025-10-21 05:46:06,170 - api_client - WARNING - client.py:80 - Request attempt 2 failed: HTTPConnectionPool(host='127.0.0.1', port=8000): Max retries exceeded with url: /api/ (Caused by NewConnectionError('<urllib3.connection.HTTPConnection object at 0x000001C784A4CAF0>: Failed to establish a new connection: [WinError 10061] No connection could be made because the target machine actively refused it'))
2025-10-21 05:46:08,212 - api_client - WARNING - client.py:80 - Request attempt 3 failed: HTTPConnectionPool(host='127.0.0.1', port=8000): Max retries exceeded with url: /api/ (Caused by NewConnectionError('<urllib3.connection.HTTPConnection object at 0x000001C784A4E7A0>: Failed to establish a new connection: [WinError 10061] No connection could be made because the target machine actively refused it'))
2025-10-21 05:46:08,214 - device_location_syncer - INFO - sync_device_locations.py:250 - Sync completed. No location updates needed.
2025-10-21 05:46:08,236 - device_data_handler - INFO - device_data_handler.py:376 - Device rr1 Zone 1: Robot is stationary
2025-10-21 05:46:08,283 - device_data_handler - INFO - device_data_handler.py:282 - Device rr1 Zone 1: Robot is stationary
2025-10-21 05:46:08,307 - device_data_handler - INFO - device_data_handler.py:376 - Device rr1 Zone 1: Robot is stationary
2025-10-21 05:46:08,356 - device_data_handler - INFO - device_data_handler.py:282 - Device rr1 Zone 1: Robot is stationary
2025-10-21 05:46:08,437 - device_data_handler - INFO - device_data_handler.py:376 - Device rr1 Zone 1: Robot is stationary
2025-10-21 05:46:09,409 - device_data_handler - INFO - device_data_handler.py:282 - Device rr1 Zone 1: Robot is stationary
2025-10-21 05:46:09,434 - device_data_handler - INFO - device_data_handler.py:376 - Device rr1 Zone 1: Robot is stationary
2025-10-21 05:46:10,416 - device_data_handler - INFO - device_data_handler.py:282 - Device rr1 Zone 1: Robot is stationary
2025-10-21 05:46:10,440 - device_data_handler - INFO - device_data_handler.py:376 - Device rr1 Zone 1: Robot is stationary
2025-10-21 05:46:11,410 - device_data_handler - INFO - device_data_handler.py:282 - Device rr1 Zone 1: Robot is stationary
2025-10-21 05:46:11,434 - device_data_handler - INFO - device_data_handler.py:376 - Device rr1 Zone 1: Robot is stationary
2025-10-21 05:46:12,253 - device_data_handler - INFO - device_data_handler.py:376 - Device rr1 Zone 1: Robot is stationary
2025-10-21 05:46:12,312 - device_data_handler - INFO - device_data_handler.py:282 - Device rr1 Zone 1: Robot is stationary
2025-10-21 05:46:12,346 - device_data_handler - INFO - device_data_handler.py:376 - Device rr1 Zone 1: Robot is stationary
2025-10-21 05:46:12,432 - device_data_handler - INFO - device_data_handler.py:282 - Device rr1 Zone 1: Robot is stationary
2025-10-21 05:46:12,466 - device_data_handler - INFO - device_data_handler.py:376 - Device rr1 Zone 1: Robot is stationary
2025-10-21 05:46:13,464 - device_data_handler - INFO - device_data_handler.py:282 - Device rr1 Zone 1: Robot is stationary
2025-10-21 05:46:13,604 - device_data_handler - INFO - device_data_handler.py:376 - Device rr1 Zone 1: Robot is stationary
2025-10-21 05:46:14,428 - device_data_handler - INFO - device_data_handler.py:282 - Device rr1 Zone 1: Robot is stationary
2025-10-21 05:46:14,452 - device_data_handler - INFO - device_data_handler.py:376 - Device rr1 Zone 1: Robot is stationary
2025-10-21 05:46:15,423 - device_data_handler - INFO - device_data_handler.py:282 - Device rr1 Zone 1: Robot is stationary
2025-10-21 05:46:15,448 - device_data_handler - INFO - device_data_handler.py:376 - Device rr1 Zone 1: Robot is stationary
2025-10-21 05:46:16,440 - device_data_handler - INFO - device_data_handler.py:282 - Device rr1 Zone 1: Robot is stationary
2025-10-21 05:46:16,467 - device_data_handler - INFO - device_data_handler.py:376 - Device rr1 Zone 1: Robot is stationary
2025-10-21 05:46:17,252 - device_data_handler - INFO - device_data_handler.py:376 - Device rr1 Zone 1: Robot is stationary
2025-10-21 05:46:17,295 - device_data_handler - INFO - device_data_handler.py:282 - Device rr1 Zone 1: Robot is stationary
2025-10-21 05:46:17,318 - device_data_handler - INFO - device_data_handler.py:376 - Device rr1 Zone 1: Robot is stationary
2025-10-21 05:46:17,424 - device_data_handler - INFO - device_data_handler.py:282 - Device rr1 Zone 1: Robot is stationary
2025-10-21 05:46:17,447 - device_data_handler - INFO - device_data_handler.py:376 - Device rr1 Zone 1: Robot is stationary
2025-10-21 05:46:18,432 - device_data_handler - INFO - device_data_handler.py:282 - Device rr1 Zone 1: Robot is stationary
2025-10-21 05:46:18,457 - device_data_handler - INFO - device_data_handler.py:376 - Device rr1 Zone 1: Robot is stationary
2025-10-21 05:46:19,431 - device_data_handler - INFO - device_data_handler.py:282 - Device rr1 Zone 1: Robot is stationary
2025-10-21 05:46:19,455 - device_data_handler - INFO - device_data_handler.py:376 - Device rr1 Zone 1: Robot is stationary
2025-10-21 05:46:20,437 - device_data_handler - INFO - device_data_handler.py:282 - Device rr1 Zone 1: Robot is stationary
2025-10-21 05:46:20,459 - device_data_handler - INFO - device_data_handler.py:376 - Device rr1 Zone 1: Robot is stationary
2025-10-21 05:46:21,423 - device_data_handler - INFO - device_data_handler.py:282 - Device rr1 Zone 1: Robot is stationary
2025-10-21 05:46:21,447 - device_data_handler - INFO - device_data_handler.py:376 - Device rr1 Zone 1: Robot is stationary
2025-10-21 05:46:22,254 - device_data_handler - INFO - device_data_handler.py:376 - Device rr1 Zone 1: Robot is stationary
2025-10-21 05:46:22,297 - device_data_handler - INFO - device_data_handler.py:282 - Device rr1 Zone 1: Robot is stationary
2025-10-21 05:46:22,318 - device_data_handler - INFO - device_data_handler.py:376 - Device rr1 Zone 1: Robot is stationary
2025-10-21 05:46:22,437 - device_data_handler - INFO - device_data_handler.py:282 - Device rr1 Zone 1: Robot is stationary
2025-10-21 05:46:22,461 - device_data_handler - INFO - device_data_handler.py:376 - Device rr1 Zone 1: Robot is stationary
2025-10-21 05:46:23,425 - device_data_handler - INFO - device_data_handler.py:282 - Device rr1 Zone 1: Robot is stationary
2025-10-21 05:46:23,449 - device_data_handler - INFO - device_data_handler.py:376 - Device rr1 Zone 1: Robot is stationary
2025-10-21 05:46:24,423 - device_data_handler - INFO - device_data_handler.py:282 - Device rr1 Zone 1: Robot is stationary
2025-10-21 05:46:24,445 - device_data_handler - INFO - device_data_handler.py:376 - Device rr1 Zone 1: Robot is stationary
2025-10-21 05:46:25,425 - device_data_handler - INFO - device_data_handler.py:282 - Device rr1 Zone 1: Robot is stationary
2025-10-21 05:46:25,447 - device_data_handler - INFO - device_data_handler.py:376 - Device rr1 Zone 1: Robot is stationary
2025-10-21 05:46:26,428 - device_data_handler - INFO - device_data_handler.py:282 - Device rr1 Zone 1: Robot is stationary
2025-10-21 05:46:26,451 - device_data_handler - INFO - device_data_handler.py:376 - Device rr1 Zone 1: Robot is stationary
2025-10-21 05:46:27,258 - device_data_handler - INFO - device_data_handler.py:376 - Device rr1 Zone 1: Robot is stationary
2025-10-21 05:46:27,306 - device_data_handler - INFO - device_data_handler.py:282 - Device rr1 Zone 1: Robot is stationary
2025-10-21 05:46:27,327 - device_data_handler - INFO - device_data_handler.py:376 - Device rr1 Zone 1: Robot is stationary
2025-10-21 05:46:27,419 - device_data_handler - INFO - device_data_handler.py:282 - Device rr1 Zone 1: Robot is stationary
2025-10-21 05:46:27,443 - device_data_handler - INFO - device_data_handler.py:376 - Device rr1 Zone 1: Robot is stationary
2025-10-21 05:46:28,430 - device_data_handler - INFO - device_data_handler.py:282 - Device rr1 Zone 1: Robot is stationary
2025-10-21 05:46:28,453 - device_data_handler - INFO - device_data_handler.py:376 - Device rr1 Zone 1: Robot is stationary
2025-10-21 05:46:29,427 - device_data_handler - INFO - device_data_handler.py:282 - Device rr1 Zone 1: Robot is stationary
2025-10-21 05:46:29,449 - device_data_handler - INFO - device_data_handler.py:376 - Device rr1 Zone 1: Robot is stationary
2025-10-21 05:46:30,427 - device_data_handler - INFO - device_data_handler.py:282 - Device rr1 Zone 1: Robot is stationary
2025-10-21 05:46:30,451 - device_data_handler - INFO - device_data_handler.py:376 - Device rr1 Zone 1: Robot is stationary
2025-10-21 05:46:30,939 - device_list - INFO - device_list.py:316 - Refreshing device data...
2025-10-21 05:46:30,997 - device_list - INFO - device_list.py:336 - Loaded 4 devices from CSV
2025-10-21 05:46:31,430 - device_data_handler - INFO - device_data_handler.py:282 - Device rr1 Zone 1: Robot is stationary
2025-10-21 05:46:31,453 - device_data_handler - INFO - device_data_handler.py:376 - Device rr1 Zone 1: Robot is stationary
2025-10-21 05:46:32,091 - device_location_syncer - INFO - sync_device_locations.py:250 - Sync completed. No location updates needed.
2025-10-21 05:46:32,252 - device_data_handler - INFO - device_data_handler.py:376 - Device rr1 Zone 1: Robot is stationary
2025-10-21 05:46:32,293 - device_data_handler - INFO - device_data_handler.py:282 - Device rr1 Zone 1: Robot is stationary
2025-10-21 05:46:32,314 - device_data_handler - INFO - device_data_handler.py:376 - Device rr1 Zone 1: Robot is stationary
2025-10-21 05:46:32,446 - device_data_handler - INFO - device_data_handler.py:282 - Device rr1 Zone 1: Robot is stationary
2025-10-21 05:46:32,468 - device_data_handler - INFO - device_data_handler.py:376 - Device rr1 Zone 1: Robot is stationary
2025-10-21 05:46:33,424 - device_data_handler - INFO - device_data_handler.py:282 - Device rr1 Zone 1: Robot is stationary
2025-10-21 05:46:33,446 - device_data_handler - INFO - device_data_handler.py:376 - Device rr1 Zone 1: Robot is stationary
2025-10-21 05:46:34,423 - device_data_handler - INFO - device_data_handler.py:282 - Device rr1 Zone 1: Robot is stationary
2025-10-21 05:46:34,445 - device_data_handler - INFO - device_data_handler.py:376 - Device rr1 Zone 1: Robot is stationary
2025-10-21 05:46:35,438 - device_data_handler - INFO - device_data_handler.py:282 - Device rr1 Zone 1: Robot is stationary
2025-10-21 05:46:35,460 - device_data_handler - INFO - device_data_handler.py:376 - Device rr1 Zone 1: Robot is stationary
2025-10-21 05:46:36,430 - device_data_handler - INFO - device_data_handler.py:282 - Device rr1 Zone 1: Robot is stationary
2025-10-21 05:46:36,453 - device_data_handler - INFO - device_data_handler.py:376 - Device rr1 Zone 1: Robot is stationary
2025-10-21 05:46:37,266 - device_data_handler - INFO - device_data_handler.py:376 - Device rr1 Zone 1: Robot is stationary
2025-10-21 05:46:37,327 - device_data_handler - INFO - device_data_handler.py:282 - Device rr1 Zone 1: Robot is stationary
2025-10-21 05:46:37,365 - device_data_handler - INFO - device_data_handler.py:376 - Device rr1 Zone 1: Robot is stationary
2025-10-21 05:46:37,435 - device_data_handler - INFO - device_data_handler.py:282 - Device rr1 Zone 1: Robot is stationary
2025-10-21 05:46:37,472 - device_data_handler - INFO - device_data_handler.py:376 - Device rr1 Zone 1: Robot is stationary
2025-10-21 05:46:38,427 - device_data_handler - INFO - device_data_handler.py:282 - Device rr1 Zone 1: Robot is stationary
2025-10-21 05:46:38,450 - device_data_handler - INFO - device_data_handler.py:376 - Device rr1 Zone 1: Robot is stationary
2025-10-21 05:46:39,437 - device_data_handler - INFO - device_data_handler.py:282 - Device rr1 Zone 1: Robot is stationary
2025-10-21 05:46:39,470 - device_data_handler - INFO - device_data_handler.py:376 - Device rr1 Zone 1: Robot is stationary
2025-10-21 05:46:40,465 - device_data_handler - INFO - device_data_handler.py:282 - Device rr1 Zone 1: Robot is stationary
2025-10-21 05:46:40,499 - device_data_handler - INFO - device_data_handler.py:376 - Device rr1 Zone 1: Robot is stationary
2025-10-21 05:46:41,425 - device_data_handler - INFO - device_data_handler.py:282 - Device rr1 Zone 1: Robot is stationary
2025-10-21 05:46:41,452 - device_data_handler - INFO - device_data_handler.py:376 - Device rr1 Zone 1: Robot is stationary
2025-10-21 05:46:42,263 - device_data_handler - INFO - device_data_handler.py:376 - Device rr1 Zone 1: Robot is stationary
2025-10-21 05:46:42,313 - device_data_handler - INFO - device_data_handler.py:282 - Device rr1 Zone 1: Robot is stationary
2025-10-21 05:46:42,336 - device_data_handler - INFO - device_data_handler.py:376 - Device rr1 Zone 1: Robot is stationary
2025-10-21 05:46:42,432 - device_data_handler - INFO - device_data_handler.py:282 - Device rr1 Zone 1: Robot is stationary
2025-10-21 05:46:42,456 - device_data_handler - INFO - device_data_handler.py:376 - Device rr1 Zone 1: Robot is stationary
2025-10-21 05:46:43,424 - device_data_handler - INFO - device_data_handler.py:282 - Device rr1 Zone 1: Robot is stationary
2025-10-21 05:46:43,449 - device_data_handler - INFO - device_data_handler.py:376 - Device rr1 Zone 1: Robot is stationary
2025-10-21 05:46:44,434 - device_data_handler - INFO - device_data_handler.py:282 - Device rr1 Zone 1: Robot is stationary
2025-10-21 05:46:44,458 - device_data_handler - INFO - device_data_handler.py:376 - Device rr1 Zone 1: Robot is stationary
2025-10-21 05:46:45,426 - device_data_handler - INFO - device_data_handler.py:282 - Device rr1 Zone 1: Robot is stationary
2025-10-21 05:46:45,463 - device_data_handler - INFO - device_data_handler.py:376 - Device rr1 Zone 1: Robot is stationary
2025-10-21 05:46:46,422 - device_data_handler - INFO - device_data_handler.py:282 - Device rr1 Zone 1: Robot is stationary
2025-10-21 05:46:46,444 - device_data_handler - INFO - device_data_handler.py:376 - Device rr1 Zone 1: Robot is stationary
2025-10-21 05:46:47,285 - device_data_handler - INFO - device_data_handler.py:376 - Device rr1 Zone 1: Robot is stationary
2025-10-21 05:46:47,334 - device_data_handler - INFO - device_data_handler.py:282 - Device rr1 Zone 1: Robot is stationary
2025-10-21 05:46:47,360 - device_data_handler - INFO - device_data_handler.py:376 - Device rr1 Zone 1: Robot is stationary
2025-10-21 05:46:47,452 - device_data_handler - INFO - device_data_handler.py:282 - Device rr1 Zone 1: Robot is stationary
2025-10-21 05:46:47,474 - device_data_handler - INFO - device_data_handler.py:376 - Device rr1 Zone 1: Robot is stationary
2025-10-21 05:46:48,453 - device_data_handler - INFO - device_data_handler.py:282 - Device rr1 Zone 1: Robot is stationary
2025-10-21 05:46:48,478 - device_data_handler - INFO - device_data_handler.py:376 - Device rr1 Zone 1: Robot is stationary
2025-10-21 05:46:49,438 - device_data_handler - INFO - device_data_handler.py:282 - Device rr1 Zone 1: Robot is stationary
2025-10-21 05:46:49,462 - device_data_handler - INFO - device_data_handler.py:376 - Device rr1 Zone 1: Robot is stationary
2025-10-21 05:46:50,439 - device_data_handler - INFO - device_data_handler.py:282 - Device rr1 Zone 1: Robot is stationary
2025-10-21 05:46:50,462 - device_data_handler - INFO - device_data_handler.py:376 - Device rr1 Zone 1: Robot is stationary
2025-10-21 05:46:51,446 - device_data_handler - INFO - device_data_handler.py:282 - Device rr1 Zone 1: Robot is stationary
2025-10-21 05:46:51,478 - device_data_handler - INFO - device_data_handler.py:376 - Device rr1 Zone 1: Robot is stationary
2025-10-21 05:46:52,245 - device_data_handler - INFO - device_data_handler.py:376 - Device rr1 Zone 1: Robot is stationary
2025-10-21 05:46:52,288 - device_data_handler - INFO - device_data_handler.py:282 - Device rr1 Zone 1: Robot is stationary
2025-10-21 05:46:52,312 - device_data_handler - INFO - device_data_handler.py:376 - Device rr1 Zone 1: Robot is stationary
2025-10-21 05:46:52,438 - device_data_handler - INFO - device_data_handler.py:282 - Device rr1 Zone 1: Robot is stationary
2025-10-21 05:46:52,460 - device_data_handler - INFO - device_data_handler.py:376 - Device rr1 Zone 1: Robot is stationary
2025-10-21 05:46:53,460 - device_data_handler - INFO - device_data_handler.py:282 - Device rr1 Zone 1: Robot is stationary
2025-10-21 05:46:53,484 - device_data_handler - INFO - device_data_handler.py:376 - Device rr1 Zone 1: Robot is stationary
2025-10-21 05:46:54,462 - device_data_handler - INFO - device_data_handler.py:282 - Device rr1 Zone 1: Robot is stationary
2025-10-21 05:46:54,486 - device_data_handler - INFO - device_data_handler.py:376 - Device rr1 Zone 1: Robot is stationary
2025-10-21 05:46:55,519 - device_data_handler - INFO - device_data_handler.py:282 - Device rr1 Zone 1: Robot is stationary
2025-10-21 05:46:55,555 - device_data_handler - INFO - device_data_handler.py:376 - Device rr1 Zone 1: Robot is stationary
2025-10-21 05:46:56,513 - device_data_handler - INFO - device_data_handler.py:282 - Device rr1 Zone 1: Robot is stationary
2025-10-21 05:46:56,547 - device_data_handler - INFO - device_data_handler.py:376 - Device rr1 Zone 1: Robot is stationary
2025-10-21 05:46:57,289 - device_data_handler - INFO - device_data_handler.py:376 - Device rr1 Zone 1: Robot is stationary
2025-10-21 05:46:57,364 - device_data_handler - INFO - device_data_handler.py:282 - Device rr1 Zone 1: Robot is stationary
2025-10-21 05:46:57,402 - device_data_handler - INFO - device_data_handler.py:376 - Device rr1 Zone 1: Robot is stationary
2025-10-21 05:46:57,501 - device_data_handler - INFO - device_data_handler.py:282 - Device rr1 Zone 1: Robot is stationary
2025-10-21 05:46:57,527 - device_data_handler - INFO - device_data_handler.py:376 - Device rr1 Zone 1: Robot is stationary
2025-10-21 05:46:58,488 - device_data_handler - INFO - device_data_handler.py:282 - Device rr1 Zone 1: Robot is stationary
2025-10-21 05:46:58,527 - device_data_handler - INFO - device_data_handler.py:376 - Device rr1 Zone 1: Robot is stationary
2025-10-21 05:46:59,484 - device_data_handler - INFO - device_data_handler.py:282 - Device rr1 Zone 1: Robot is stationary
2025-10-21 05:46:59,524 - device_data_handler - INFO - device_data_handler.py:376 - Device rr1 Zone 1: Robot is stationary
2025-10-21 05:47:00,485 - device_data_handler - INFO - device_data_handler.py:282 - Device rr1 Zone 1: Robot is stationary
2025-10-21 05:47:00,511 - device_data_handler - INFO - device_data_handler.py:376 - Device rr1 Zone 1: Robot is stationary
2025-10-21 05:47:00,936 - device_list - INFO - device_list.py:316 - Refreshing device data...
2025-10-21 05:47:00,991 - device_list - INFO - device_list.py:336 - Loaded 4 devices from CSV
2025-10-21 05:47:01,507 - device_data_handler - INFO - device_data_handler.py:282 - Device rr1 Zone 1: Robot is stationary
2025-10-21 05:47:01,541 - device_data_handler - INFO - device_data_handler.py:376 - Device rr1 Zone 1: Robot is stationary
2025-10-21 05:47:04,118 - api_client - WARNING - client.py:80 - Request attempt 1 failed: HTTPConnectionPool(host='127.0.0.1', port=8000): Max retries exceeded with url: /api/ (Caused by NewConnectionError('<urllib3.connection.HTTPConnection object at 0x000001C784A4EF10>: Failed to establish a new connection: [WinError 10061] No connection could be made because the target machine actively refused it'))
2025-10-21 05:47:06,160 - api_client - WARNING - client.py:80 - Request attempt 2 failed: HTTPConnectionPool(host='127.0.0.1', port=8000): Max retries exceeded with url: /api/ (Caused by NewConnectionError('<urllib3.connection.HTTPConnection object at 0x000001C784A4CAF0>: Failed to establish a new connection: [WinError 10061] No connection could be made because the target machine actively refused it'))
2025-10-21 05:47:08,188 - api_client - WARNING - client.py:80 - Request attempt 3 failed: HTTPConnectionPool(host='127.0.0.1', port=8000): Max retries exceeded with url: /api/ (Caused by NewConnectionError('<urllib3.connection.HTTPConnection object at 0x000001C784A4E8B0>: Failed to establish a new connection: [WinError 10061] No connection could be made because the target machine actively refused it'))
2025-10-21 05:47:08,194 - device_location_syncer - INFO - sync_device_locations.py:250 - Sync completed. No location updates needed.
2025-10-21 05:47:08,221 - device_data_handler - INFO - device_data_handler.py:376 - Device rr1 Zone 1: Robot is stationary
2025-10-21 05:47:08,278 - device_data_handler - INFO - device_data_handler.py:282 - Device rr1 Zone 1: Robot is stationary
2025-10-21 05:47:08,304 - device_data_handler - INFO - device_data_handler.py:376 - Device rr1 Zone 1: Robot is stationary
2025-10-21 05:47:08,344 - device_data_handler - INFO - device_data_handler.py:282 - Device rr1 Zone 1: Robot is stationary
2025-10-21 05:47:08,366 - device_data_handler - INFO - device_data_handler.py:376 - Device rr1 Zone 1: Robot is stationary
2025-10-21 05:47:08,469 - device_data_handler - INFO - device_data_handler.py:282 - Device rr1 Zone 1: Robot is stationary
2025-10-21 05:47:08,492 - device_data_handler - INFO - device_data_handler.py:376 - Device rr1 Zone 1: Robot is stationary
2025-10-21 05:47:09,474 - device_data_handler - INFO - device_data_handler.py:282 - Device rr1 Zone 1: Robot is stationary
2025-10-21 05:47:09,500 - device_data_handler - INFO - device_data_handler.py:376 - Device rr1 Zone 1: Robot is stationary
2025-10-21 05:47:10,491 - device_data_handler - INFO - device_data_handler.py:282 - Device rr1 Zone 1: Robot is stationary
2025-10-21 05:47:10,522 - device_data_handler - INFO - device_data_handler.py:376 - Device rr1 Zone 1: Robot is stationary
2025-10-21 05:47:11,484 - device_data_handler - INFO - device_data_handler.py:282 - Device rr1 Zone 1: Robot is stationary
2025-10-21 05:47:11,514 - device_data_handler - INFO - device_data_handler.py:376 - Device rr1 Zone 1: Robot is stationary
2025-10-21 05:47:12,266 - device_data_handler - INFO - device_data_handler.py:376 - Device rr1 Zone 1: Robot is stationary
2025-10-21 05:47:12,336 - device_data_handler - INFO - device_data_handler.py:282 - Device rr1 Zone 1: Robot is stationary
2025-10-21 05:47:12,359 - device_data_handler - INFO - device_data_handler.py:376 - Device rr1 Zone 1: Robot is stationary
2025-10-21 05:47:12,470 - device_data_handler - INFO - device_data_handler.py:282 - Device rr1 Zone 1: Robot is stationary
2025-10-21 05:47:12,500 - device_data_handler - INFO - device_data_handler.py:376 - Device rr1 Zone 1: Robot is stationary
2025-10-21 05:47:13,480 - device_data_handler - INFO - device_data_handler.py:282 - Device rr1 Zone 1: Robot is stationary
2025-10-21 05:47:13,512 - device_data_handler - INFO - device_data_handler.py:376 - Device rr1 Zone 1: Robot is stationary
2025-10-21 05:47:14,474 - device_data_handler - INFO - device_data_handler.py:282 - Device rr1 Zone 1: Robot is stationary
2025-10-21 05:47:14,497 - device_data_handler - INFO - device_data_handler.py:376 - Device rr1 Zone 1: Robot is stationary
2025-10-21 05:47:15,480 - device_data_handler - INFO - device_data_handler.py:282 - Device rr1 Zone 1: Robot is stationary
2025-10-21 05:47:15,503 - device_data_handler - INFO - device_data_handler.py:376 - Device rr1 Zone 1: Robot is stationary
2025-10-21 05:47:16,468 - device_data_handler - INFO - device_data_handler.py:282 - Device rr1 Zone 1: Robot is stationary
2025-10-21 05:47:16,492 - device_data_handler - INFO - device_data_handler.py:376 - Device rr1 Zone 1: Robot is stationary
2025-10-21 05:47:17,265 - device_data_handler - INFO - device_data_handler.py:376 - Device rr1 Zone 1: Robot is stationary
2025-10-21 05:47:17,309 - device_data_handler - INFO - device_data_handler.py:282 - Device rr1 Zone 1: Robot is stationary
2025-10-21 05:47:17,333 - device_data_handler - INFO - device_data_handler.py:376 - Device rr1 Zone 1: Robot is stationary
2025-10-21 05:47:17,470 - device_data_handler - INFO - device_data_handler.py:282 - Device rr1 Zone 1: Robot is stationary
2025-10-21 05:47:17,495 - device_data_handler - INFO - device_data_handler.py:376 - Device rr1 Zone 1: Robot is stationary
2025-10-21 05:47:18,470 - device_data_handler - INFO - device_data_handler.py:282 - Device rr1 Zone 1: Robot is stationary
2025-10-21 05:47:18,493 - device_data_handler - INFO - device_data_handler.py:376 - Device rr1 Zone 1: Robot is stationary
2025-10-21 05:47:19,516 - device_data_handler - INFO - device_data_handler.py:282 - Device rr1 Zone 1: Robot is stationary
2025-10-21 05:47:19,559 - device_data_handler - INFO - device_data_handler.py:376 - Device rr1 Zone 1: Robot is stationary
2025-10-21 05:47:20,481 - device_data_handler - INFO - device_data_handler.py:282 - Device rr1 Zone 1: Robot is stationary
2025-10-21 05:47:20,518 - device_data_handler - INFO - device_data_handler.py:376 - Device rr1 Zone 1: Robot is stationary
2025-10-21 05:47:21,475 - device_data_handler - INFO - device_data_handler.py:282 - Device rr1 Zone 1: Robot is stationary
2025-10-21 05:47:21,498 - device_data_handler - INFO - device_data_handler.py:376 - Device rr1 Zone 1: Robot is stationary
2025-10-21 05:47:22,280 - device_data_handler - INFO - device_data_handler.py:376 - Device rr1 Zone 1: Robot is stationary
2025-10-21 05:47:22,341 - device_data_handler - INFO - device_data_handler.py:282 - Device rr1 Zone 1: Robot is stationary
2025-10-21 05:47:22,365 - device_data_handler - INFO - device_data_handler.py:376 - Device rr1 Zone 1: Robot is stationary
2025-10-21 05:47:22,545 - device_data_handler - INFO - device_data_handler.py:282 - Device rr1 Zone 1: Robot is stationary
2025-10-21 05:47:22,610 - device_data_handler - INFO - device_data_handler.py:376 - Device rr1 Zone 1: Robot is stationary
2025-10-21 05:47:23,515 - device_data_handler - INFO - device_data_handler.py:282 - Device rr1 Zone 1: Robot is stationary
2025-10-21 05:47:23,557 - device_data_handler - INFO - device_data_handler.py:376 - Device rr1 Zone 1: Robot is stationary
2025-10-21 05:47:24,666 - device_data_handler - INFO - device_data_handler.py:282 - Device rr1 Zone 1: Robot is stationary
2025-10-21 05:47:24,688 - device_data_handler - INFO - device_data_handler.py:376 - Device rr1 Zone 1: Robot is stationary
2025-10-21 05:47:25,494 - device_data_handler - INFO - device_data_handler.py:282 - Device rr1 Zone 1: Robot is stationary
2025-10-21 05:47:25,518 - device_data_handler - INFO - device_data_handler.py:376 - Device rr1 Zone 1: Robot is stationary
2025-10-21 05:47:26,511 - device_data_handler - INFO - device_data_handler.py:282 - Device rr1 Zone 1: Robot is stationary
2025-10-21 05:47:26,535 - device_data_handler - INFO - device_data_handler.py:376 - Device rr1 Zone 1: Robot is stationary
2025-10-21 05:47:27,267 - device_data_handler - INFO - device_data_handler.py:376 - Device rr1 Zone 1: Robot is stationary
2025-10-21 05:47:27,312 - device_data_handler - INFO - device_data_handler.py:282 - Device rr1 Zone 1: Robot is stationary
2025-10-21 05:47:27,337 - device_data_handler - INFO - device_data_handler.py:376 - Device rr1 Zone 1: Robot is stationary
2025-10-21 05:47:27,477 - device_data_handler - INFO - device_data_handler.py:282 - Device rr1 Zone 1: Robot is stationary
2025-10-21 05:47:27,504 - device_data_handler - INFO - device_data_handler.py:376 - Device rr1 Zone 1: Robot is stationary
2025-10-21 05:47:28,476 - device_data_handler - INFO - device_data_handler.py:282 - Device rr1 Zone 1: Robot is stationary
2025-10-21 05:47:28,500 - device_data_handler - INFO - device_data_handler.py:376 - Device rr1 Zone 1: Robot is stationary
2025-10-21 05:47:29,485 - device_data_handler - INFO - device_data_handler.py:282 - Device rr1 Zone 1: Robot is stationary
2025-10-21 05:47:29,507 - device_data_handler - INFO - device_data_handler.py:376 - Device rr1 Zone 1: Robot is stationary
2025-10-21 05:47:30,471 - device_data_handler - INFO - device_data_handler.py:282 - Device rr1 Zone 1: Robot is stationary
2025-10-21 05:47:30,494 - device_data_handler - INFO - device_data_handler.py:376 - Device rr1 Zone 1: Robot is stationary
2025-10-21 05:47:30,932 - device_list - INFO - device_list.py:316 - Refreshing device data...
2025-10-21 05:47:30,971 - device_list - INFO - device_list.py:336 - Loaded 4 devices from CSV
2025-10-21 05:47:31,487 - device_data_handler - INFO - device_data_handler.py:282 - Device rr1 Zone 1: Robot is stationary
2025-10-21 05:47:31,520 - device_data_handler - INFO - device_data_handler.py:376 - Device rr1 Zone 1: Robot is stationary
2025-10-21 05:47:32,101 - device_location_syncer - INFO - sync_device_locations.py:250 - Sync completed. No location updates needed.
2025-10-21 05:47:32,275 - device_data_handler - INFO - device_data_handler.py:376 - Device rr1 Zone 1: Robot is stationary
2025-10-21 05:47:32,333 - device_data_handler - INFO - device_data_handler.py:282 - Device rr1 Zone 1: Robot is stationary
2025-10-21 05:47:32,367 - device_data_handler - INFO - device_data_handler.py:376 - Device rr1 Zone 1: Robot is stationary
2025-10-21 05:47:32,512 - device_data_handler - INFO - device_data_handler.py:282 - Device rr1 Zone 1: Robot is stationary
2025-10-21 05:47:32,558 - device_data_handler - INFO - device_data_handler.py:376 - Device rr1 Zone 1: Robot is stationary
2025-10-21 05:47:33,559 - device_data_handler - INFO - device_data_handler.py:282 - Device rr1 Zone 1: Robot is stationary
2025-10-21 05:47:33,612 - device_data_handler - INFO - device_data_handler.py:376 - Device rr1 Zone 1: Robot is stationary
2025-10-21 05:47:34,485 - device_data_handler - INFO - device_data_handler.py:282 - Device rr1 Zone 1: Robot is stationary
2025-10-21 05:47:34,524 - device_data_handler - INFO - device_data_handler.py:376 - Device rr1 Zone 1: Robot is stationary
2025-10-21 05:47:35,488 - device_data_handler - INFO - device_data_handler.py:282 - Device rr1 Zone 1: Robot is stationary
2025-10-21 05:47:35,515 - device_data_handler - INFO - device_data_handler.py:376 - Device rr1 Zone 1: Robot is stationary
2025-10-21 05:47:36,481 - device_data_handler - INFO - device_data_handler.py:282 - Device rr1 Zone 1: Robot is stationary
2025-10-21 05:47:36,517 - device_data_handler - INFO - device_data_handler.py:376 - Device rr1 Zone 1: Robot is stationary
2025-10-21 05:47:37,271 - device_data_handler - INFO - device_data_handler.py:376 - Device rr1 Zone 1: Robot is stationary
2025-10-21 05:47:37,374 - device_data_handler - INFO - device_data_handler.py:282 - Device rr1 Zone 1: Robot is stationary
2025-10-21 05:47:37,402 - device_data_handler - INFO - device_data_handler.py:376 - Device rr1 Zone 1: Robot is stationary
2025-10-21 05:47:37,466 - device_data_handler - INFO - device_data_handler.py:282 - Device rr1 Zone 1: Robot is stationary
2025-10-21 05:47:37,488 - device_data_handler - INFO - device_data_handler.py:376 - Device rr1 Zone 1: Robot is stationary
2025-10-21 05:47:38,478 - device_data_handler - INFO - device_data_handler.py:282 - Device rr1 Zone 1: Robot is stationary
2025-10-21 05:47:38,610 - device_data_handler - INFO - device_data_handler.py:376 - Device rr1 Zone 1: Robot is stationary
2025-10-21 05:47:39,475 - device_data_handler - INFO - device_data_handler.py:282 - Device rr1 Zone 1: Robot is stationary
2025-10-21 05:47:39,499 - device_data_handler - INFO - device_data_handler.py:376 - Device rr1 Zone 1: Robot is stationary
2025-10-21 05:47:40,521 - device_data_handler - INFO - device_data_handler.py:282 - Device rr1 Zone 1: Robot is stationary
2025-10-21 05:47:40,562 - device_data_handler - INFO - device_data_handler.py:376 - Device rr1 Zone 1: Robot is stationary
2025-10-21 05:47:41,502 - device_data_handler - INFO - device_data_handler.py:282 - Device rr1 Zone 1: Robot is stationary
2025-10-21 05:47:41,525 - device_data_handler - INFO - device_data_handler.py:376 - Device rr1 Zone 1: Robot is stationary
2025-10-21 05:47:42,268 - device_data_handler - INFO - device_data_handler.py:376 - Device rr1 Zone 1: Robot is stationary
2025-10-21 05:47:42,311 - device_data_handler - INFO - device_data_handler.py:282 - Device rr1 Zone 1: Robot is stationary
2025-10-21 05:47:42,334 - device_data_handler - INFO - device_data_handler.py:376 - Device rr1 Zone 1: Robot is stationary
2025-10-21 05:47:42,505 - device_data_handler - INFO - device_data_handler.py:282 - Device rr1 Zone 1: Robot is stationary
2025-10-21 05:47:42,531 - device_data_handler - INFO - device_data_handler.py:376 - Device rr1 Zone 1: Robot is stationary
2025-10-21 05:47:43,519 - device_data_handler - INFO - device_data_handler.py:282 - Device rr1 Zone 1: Robot is stationary
2025-10-21 05:47:43,544 - device_data_handler - INFO - device_data_handler.py:376 - Device rr1 Zone 1: Robot is stationary
2025-10-21 05:47:44,517 - device_data_handler - INFO - device_data_handler.py:282 - Device rr1 Zone 1: Robot is stationary
2025-10-21 05:47:44,555 - device_data_handler - INFO - device_data_handler.py:376 - Device rr1 Zone 1: Robot is stationary
2025-10-21 05:47:45,520 - device_data_handler - INFO - device_data_handler.py:282 - Device rr1 Zone 1: Robot is stationary
2025-10-21 05:47:45,548 - device_data_handler - INFO - device_data_handler.py:376 - Device rr1 Zone 1: Robot is stationary
2025-10-21 05:47:46,506 - device_data_handler - INFO - device_data_handler.py:282 - Device rr1 Zone 1: Robot is stationary
2025-10-21 05:47:46,529 - device_data_handler - INFO - device_data_handler.py:376 - Device rr1 Zone 1: Robot is stationary
2025-10-21 05:47:47,280 - device_data_handler - INFO - device_data_handler.py:376 - Device rr1 Zone 1: Robot is stationary
2025-10-21 05:47:47,347 - device_data_handler - INFO - device_data_handler.py:282 - Device rr1 Zone 1: Robot is stationary
2025-10-21 05:47:47,384 - device_data_handler - INFO - device_data_handler.py:376 - Device rr1 Zone 1: Robot is stationary
2025-10-21 05:47:47,506 - device_data_handler - INFO - device_data_handler.py:282 - Device rr1 Zone 1: Robot is stationary
2025-10-21 05:47:47,530 - device_data_handler - INFO - device_data_handler.py:376 - Device rr1 Zone 1: Robot is stationary
2025-10-21 05:47:48,508 - device_data_handler - INFO - device_data_handler.py:282 - Device rr1 Zone 1: Robot is stationary
2025-10-21 05:47:48,532 - device_data_handler - INFO - device_data_handler.py:376 - Device rr1 Zone 1: Robot is stationary
2025-10-21 05:47:49,511 - device_data_handler - INFO - device_data_handler.py:282 - Device rr1 Zone 1: Robot is stationary
2025-10-21 05:47:49,543 - device_data_handler - INFO - device_data_handler.py:376 - Device rr1 Zone 1: Robot is stationary
2025-10-21 05:47:50,512 - device_data_handler - INFO - device_data_handler.py:282 - Device rr1 Zone 1: Robot is stationary
2025-10-21 05:47:50,535 - device_data_handler - INFO - device_data_handler.py:376 - Device rr1 Zone 1: Robot is stationary
2025-10-21 05:47:51,509 - device_data_handler - INFO - device_data_handler.py:282 - Device rr1 Zone 1: Robot is stationary
2025-10-21 05:47:51,537 - device_data_handler - INFO - device_data_handler.py:376 - Device rr1 Zone 1: Robot is stationary
2025-10-21 05:47:52,284 - device_data_handler - INFO - device_data_handler.py:376 - Device rr1 Zone 1: Robot is stationary
2025-10-21 05:47:52,349 - device_data_handler - INFO - device_data_handler.py:282 - Device rr1 Zone 1: Robot is stationary
2025-10-21 05:47:52,384 - device_data_handler - INFO - device_data_handler.py:376 - Device rr1 Zone 1: Robot is stationary
2025-10-21 05:47:52,532 - device_data_handler - INFO - device_data_handler.py:282 - Device rr1 Zone 1: Robot is stationary
2025-10-21 05:47:52,559 - device_data_handler - INFO - device_data_handler.py:376 - Device rr1 Zone 1: Robot is stationary
2025-10-21 05:47:53,543 - device_data_handler - INFO - device_data_handler.py:282 - Device rr1 Zone 1: Robot is stationary
2025-10-21 05:47:53,575 - device_data_handler - INFO - device_data_handler.py:376 - Device rr1 Zone 1: Robot is stationary
2025-10-21 05:47:54,547 - device_data_handler - INFO - device_data_handler.py:282 - Device rr1 Zone 1: Robot is stationary
2025-10-21 05:47:54,573 - device_data_handler - INFO - device_data_handler.py:376 - Device rr1 Zone 1: Robot is stationary
2025-10-21 05:47:55,533 - device_data_handler - INFO - device_data_handler.py:282 - Device rr1 Zone 1: Robot is stationary
2025-10-21 05:47:55,556 - device_data_handler - INFO - device_data_handler.py:376 - Device rr1 Zone 1: Robot is stationary
2025-10-21 05:47:56,536 - device_data_handler - INFO - device_data_handler.py:282 - Device rr1 Zone 1: Robot is stationary
2025-10-21 05:47:56,564 - device_data_handler - INFO - device_data_handler.py:376 - Device rr1 Zone 1: Robot is stationary
2025-10-21 05:47:57,267 - device_data_handler - INFO - device_data_handler.py:376 - Device rr1 Zone 1: Robot is stationary
2025-10-21 05:47:57,317 - device_data_handler - INFO - device_data_handler.py:282 - Device rr1 Zone 1: Robot is stationary
2025-10-21 05:47:57,340 - device_data_handler - INFO - device_data_handler.py:376 - Device rr1 Zone 1: Robot is stationary
2025-10-21 05:47:57,547 - device_data_handler - INFO - device_data_handler.py:282 - Device rr1 Zone 1: Robot is stationary
2025-10-21 05:47:57,572 - device_data_handler - INFO - device_data_handler.py:376 - Device rr1 Zone 1: Robot is stationary
2025-10-21 05:47:58,535 - device_data_handler - INFO - device_data_handler.py:282 - Device rr1 Zone 1: Robot is stationary
2025-10-21 05:47:58,557 - device_data_handler - INFO - device_data_handler.py:376 - Device rr1 Zone 1: Robot is stationary
2025-10-21 05:47:59,541 - device_data_handler - INFO - device_data_handler.py:282 - Device rr1 Zone 1: Robot is stationary
2025-10-21 05:47:59,566 - device_data_handler - INFO - device_data_handler.py:376 - Device rr1 Zone 1: Robot is stationary
2025-10-21 05:48:00,537 - device_data_handler - INFO - device_data_handler.py:282 - Device rr1 Zone 1: Robot is stationary
2025-10-21 05:48:00,561 - device_data_handler - INFO - device_data_handler.py:376 - Device rr1 Zone 1: Robot is stationary
2025-10-21 05:48:00,931 - device_list - INFO - device_list.py:316 - Refreshing device data...
2025-10-21 05:48:00,967 - device_list - INFO - device_list.py:336 - Loaded 4 devices from CSV
2025-10-21 05:48:01,615 - device_data_handler - INFO - device_data_handler.py:282 - Device rr1 Zone 1: Robot is stationary
2025-10-21 05:48:01,644 - device_data_handler - INFO - device_data_handler.py:376 - Device rr1 Zone 1: Robot is stationary
2025-10-21 05:48:04,149 - api_client - WARNING - client.py:80 - Request attempt 1 failed: HTTPConnectionPool(host='127.0.0.1', port=8000): Max retries exceeded with url: /api/ (Caused by NewConnectionError('<urllib3.connection.HTTPConnection object at 0x000001C784A4E580>: Failed to establish a new connection: [WinError 10061] No connection could be made because the target machine actively refused it'))
2025-10-21 05:48:06,183 - api_client - WARNING - client.py:80 - Request attempt 2 failed: HTTPConnectionPool(host='127.0.0.1', port=8000): Max retries exceeded with url: /api/ (Caused by NewConnectionError('<urllib3.connection.HTTPConnection object at 0x000001C784A4CAF0>: Failed to establish a new connection: [WinError 10061] No connection could be made because the target machine actively refused it'))
2025-10-21 05:48:08,213 - api_client - WARNING - client.py:80 - Request attempt 3 failed: HTTPConnectionPool(host='127.0.0.1', port=8000): Max retries exceeded with url: /api/ (Caused by NewConnectionError('<urllib3.connection.HTTPConnection object at 0x000001C784A4EF10>: Failed to establish a new connection: [WinError 10061] No connection could be made because the target machine actively refused it'))
2025-10-21 05:48:08,215 - device_location_syncer - INFO - sync_device_locations.py:250 - Sync completed. No location updates needed.
2025-10-21 05:48:08,238 - device_data_handler - INFO - device_data_handler.py:376 - Device rr1 Zone 1: Robot is stationary
2025-10-21 05:48:08,282 - device_data_handler - INFO - device_data_handler.py:282 - Device rr1 Zone 1: Robot is stationary
2025-10-21 05:48:08,307 - device_data_handler - INFO - device_data_handler.py:376 - Device rr1 Zone 1: Robot is stationary
2025-10-21 05:48:08,351 - device_data_handler - INFO - device_data_handler.py:282 - Device rr1 Zone 1: Robot is stationary
2025-10-21 05:48:08,376 - device_data_handler - INFO - device_data_handler.py:376 - Device rr1 Zone 1: Robot is stationary
2025-10-21 05:48:08,541 - device_data_handler - INFO - device_data_handler.py:282 - Device rr1 Zone 1: Robot is stationary
2025-10-21 05:48:08,579 - device_data_handler - INFO - device_data_handler.py:376 - Device rr1 Zone 1: Robot is stationary
2025-10-21 05:48:09,556 - device_data_handler - INFO - device_data_handler.py:282 - Device rr1 Zone 1: Robot is stationary
2025-10-21 05:48:09,595 - device_data_handler - INFO - device_data_handler.py:376 - Device rr1 Zone 1: Robot is stationary
2025-10-21 05:48:10,575 - device_data_handler - INFO - device_data_handler.py:282 - Device rr1 Zone 1: Robot is stationary
2025-10-21 05:48:10,613 - device_data_handler - INFO - device_data_handler.py:376 - Device rr1 Zone 1: Robot is stationary
2025-10-21 05:48:11,559 - device_data_handler - INFO - device_data_handler.py:282 - Device rr1 Zone 1: Robot is stationary
2025-10-21 05:48:11,605 - device_data_handler - INFO - device_data_handler.py:376 - Device rr1 Zone 1: Robot is stationary
2025-10-21 05:48:12,278 - device_data_handler - INFO - device_data_handler.py:376 - Device rr1 Zone 1: Robot is stationary
2025-10-21 05:48:12,348 - device_data_handler - INFO - device_data_handler.py:282 - Device rr1 Zone 1: Robot is stationary
2025-10-21 05:48:12,382 - device_data_handler - INFO - device_data_handler.py:376 - Device rr1 Zone 1: Robot is stationary
2025-10-21 05:48:12,572 - device_data_handler - INFO - device_data_handler.py:282 - Device rr1 Zone 1: Robot is stationary
2025-10-21 05:48:12,634 - device_data_handler - INFO - device_data_handler.py:376 - Device rr1 Zone 1: Robot is stationary
2025-10-21 05:48:13,687 - device_data_handler - INFO - device_data_handler.py:282 - Device rr1 Zone 1: Robot is stationary
2025-10-21 05:48:13,716 - device_data_handler - INFO - device_data_handler.py:376 - Device rr1 Zone 1: Robot is stationary
2025-10-21 05:48:14,585 - device_data_handler - INFO - device_data_handler.py:282 - Device rr1 Zone 1: Robot is stationary
2025-10-21 05:48:14,621 - device_data_handler - INFO - device_data_handler.py:376 - Device rr1 Zone 1: Robot is stationary
2025-10-21 05:48:15,570 - device_data_handler - INFO - device_data_handler.py:282 - Device rr1 Zone 1: Robot is stationary
2025-10-21 05:48:15,595 - device_data_handler - INFO - device_data_handler.py:376 - Device rr1 Zone 1: Robot is stationary
2025-10-21 05:48:16,617 - device_data_handler - INFO - device_data_handler.py:282 - Device rr1 Zone 1: Robot is stationary
2025-10-21 05:48:16,666 - device_data_handler - INFO - device_data_handler.py:376 - Device rr1 Zone 1: Robot is stationary
2025-10-21 05:48:17,280 - device_data_handler - INFO - device_data_handler.py:376 - Device rr1 Zone 1: Robot is stationary
2025-10-21 05:48:17,327 - device_data_handler - INFO - device_data_handler.py:282 - Device rr1 Zone 1: Robot is stationary
2025-10-21 05:48:17,350 - device_data_handler - INFO - device_data_handler.py:376 - Device rr1 Zone 1: Robot is stationary
2025-10-21 05:48:17,658 - device_data_handler - INFO - device_data_handler.py:282 - Device rr1 Zone 1: Robot is stationary
2025-10-21 05:48:17,707 - device_data_handler - INFO - device_data_handler.py:376 - Device rr1 Zone 1: Robot is stationary
2025-10-21 05:48:18,583 - device_data_handler - INFO - device_data_handler.py:282 - Device rr1 Zone 1: Robot is stationary
2025-10-21 05:48:18,607 - device_data_handler - INFO - device_data_handler.py:376 - Device rr1 Zone 1: Robot is stationary
2025-10-21 05:48:19,627 - device_data_handler - INFO - device_data_handler.py:282 - Device rr1 Zone 1: Robot is stationary
2025-10-21 05:48:19,668 - device_data_handler - INFO - device_data_handler.py:376 - Device rr1 Zone 1: Robot is stationary
2025-10-21 05:48:20,596 - device_data_handler - INFO - device_data_handler.py:282 - Device rr1 Zone 1: Robot is stationary
2025-10-21 05:48:20,714 - device_data_handler - INFO - device_data_handler.py:376 - Device rr1 Zone 1: Robot is stationary
2025-10-21 05:48:21,587 - device_data_handler - INFO - device_data_handler.py:282 - Device rr1 Zone 1: Robot is stationary
2025-10-21 05:48:21,625 - device_data_handler - INFO - device_data_handler.py:376 - Device rr1 Zone 1: Robot is stationary
2025-10-21 05:48:22,273 - device_data_handler - INFO - device_data_handler.py:376 - Device rr1 Zone 1: Robot is stationary
2025-10-21 05:48:22,324 - device_data_handler - INFO - device_data_handler.py:282 - Device rr1 Zone 1: Robot is stationary
2025-10-21 05:48:22,348 - device_data_handler - INFO - device_data_handler.py:376 - Device rr1 Zone 1: Robot is stationary
2025-10-21 05:48:22,589 - device_data_handler - INFO - device_data_handler.py:282 - Device rr1 Zone 1: Robot is stationary
2025-10-21 05:48:22,613 - device_data_handler - INFO - device_data_handler.py:376 - Device rr1 Zone 1: Robot is stationary
2025-10-21 05:48:23,600 - device_data_handler - INFO - device_data_handler.py:282 - Device rr1 Zone 1: Robot is stationary
2025-10-21 05:48:23,631 - device_data_handler - INFO - device_data_handler.py:376 - Device rr1 Zone 1: Robot is stationary
2025-10-21 05:48:24,598 - device_data_handler - INFO - device_data_handler.py:282 - Device rr1 Zone 1: Robot is stationary
2025-10-21 05:48:24,633 - device_data_handler - INFO - device_data_handler.py:376 - Device rr1 Zone 1: Robot is stationary
2025-10-21 05:48:25,596 - device_data_handler - INFO - device_data_handler.py:282 - Device rr1 Zone 1: Robot is stationary
2025-10-21 05:48:25,627 - device_data_handler - INFO - device_data_handler.py:376 - Device rr1 Zone 1: Robot is stationary
2025-10-21 05:48:27,135 - device_data_handler - INFO - device_data_handler.py:282 - Device rr1 Zone 1: Robot is stationary
2025-10-21 05:48:27,168 - device_data_handler - INFO - device_data_handler.py:376 - Device rr1 Zone 1: Robot is stationary
2025-10-21 05:48:27,277 - device_data_handler - INFO - device_data_handler.py:376 - Device rr1 Zone 1: Robot is stationary
2025-10-21 05:48:27,333 - device_data_handler - INFO - device_data_handler.py:282 - Device rr1 Zone 1: Robot is stationary
2025-10-21 05:48:27,364 - device_data_handler - INFO - device_data_handler.py:376 - Device rr1 Zone 1: Robot is stationary
2025-10-21 05:48:27,585 - device_data_handler - INFO - device_data_handler.py:282 - Device rr1 Zone 1: Robot is stationary
2025-10-21 05:48:27,611 - device_data_handler - INFO - device_data_handler.py:376 - Device rr1 Zone 1: Robot is stationary
2025-10-21 05:48:28,589 - device_data_handler - INFO - device_data_handler.py:282 - Device rr1 Zone 1: Robot is stationary
2025-10-21 05:48:28,615 - device_data_handler - INFO - device_data_handler.py:376 - Device rr1 Zone 1: Robot is stationary
2025-10-21 05:48:29,580 - device_data_handler - INFO - device_data_handler.py:282 - Device rr1 Zone 1: Robot is stationary
2025-10-21 05:48:29,608 - device_data_handler - INFO - device_data_handler.py:376 - Device rr1 Zone 1: Robot is stationary
2025-10-21 05:48:30,587 - device_data_handler - INFO - device_data_handler.py:282 - Device rr1 Zone 1: Robot is stationary
2025-10-21 05:48:30,613 - device_data_handler - INFO - device_data_handler.py:376 - Device rr1 Zone 1: Robot is stationary
2025-10-21 05:48:30,926 - device_list - INFO - device_list.py:316 - Refreshing device data...
2025-10-21 05:48:30,967 - device_list - INFO - device_list.py:336 - Loaded 4 devices from CSV
2025-10-21 05:48:31,586 - device_data_handler - INFO - device_data_handler.py:282 - Device rr1 Zone 1: Robot is stationary
2025-10-21 05:48:31,611 - device_data_handler - INFO - device_data_handler.py:376 - Device rr1 Zone 1: Robot is stationary
2025-10-21 05:48:32,092 - device_location_syncer - INFO - sync_device_locations.py:250 - Sync completed. No location updates needed.
2025-10-21 05:48:32,261 - device_data_handler - INFO - device_data_handler.py:376 - Device rr1 Zone 1: Robot is stationary
2025-10-21 05:48:32,305 - device_data_handler - INFO - device_data_handler.py:282 - Device rr1 Zone 1: Robot is stationary
2025-10-21 05:48:32,328 - device_data_handler - INFO - device_data_handler.py:376 - Device rr1 Zone 1: Robot is stationary
2025-10-21 05:48:32,578 - device_data_handler - INFO - device_data_handler.py:282 - Device rr1 Zone 1: Robot is stationary
2025-10-21 05:48:32,602 - device_data_handler - INFO - device_data_handler.py:376 - Device rr1 Zone 1: Robot is stationary
2025-10-21 05:48:33,580 - device_data_handler - INFO - device_data_handler.py:282 - Device rr1 Zone 1: Robot is stationary
2025-10-21 05:48:33,604 - device_data_handler - INFO - device_data_handler.py:376 - Device rr1 Zone 1: Robot is stationary
2025-10-21 05:48:34,588 - device_data_handler - INFO - device_data_handler.py:282 - Device rr1 Zone 1: Robot is stationary
2025-10-21 05:48:34,612 - device_data_handler - INFO - device_data_handler.py:376 - Device rr1 Zone 1: Robot is stationary
2025-10-21 05:48:35,585 - device_data_handler - INFO - device_data_handler.py:282 - Device rr1 Zone 1: Robot is stationary
2025-10-21 05:48:35,608 - device_data_handler - INFO - device_data_handler.py:376 - Device rr1 Zone 1: Robot is stationary
2025-10-21 05:48:36,611 - device_data_handler - INFO - device_data_handler.py:282 - Device rr1 Zone 1: Robot is stationary
2025-10-21 05:48:36,643 - device_data_handler - INFO - device_data_handler.py:376 - Device rr1 Zone 1: Robot is stationary
2025-10-21 05:48:37,273 - device_data_handler - INFO - device_data_handler.py:376 - Device rr1 Zone 1: Robot is stationary
2025-10-21 05:48:37,328 - device_data_handler - INFO - device_data_handler.py:282 - Device rr1 Zone 1: Robot is stationary
2025-10-21 05:48:37,365 - device_data_handler - INFO - device_data_handler.py:376 - Device rr1 Zone 1: Robot is stationary
2025-10-21 05:48:37,588 - device_data_handler - INFO - device_data_handler.py:282 - Device rr1 Zone 1: Robot is stationary
2025-10-21 05:48:37,614 - device_data_handler - INFO - device_data_handler.py:376 - Device rr1 Zone 1: Robot is stationary
2025-10-21 05:48:38,652 - device_data_handler - INFO - device_data_handler.py:282 - Device rr1 Zone 1: Robot is stationary
2025-10-21 05:48:38,688 - device_data_handler - INFO - device_data_handler.py:376 - Device rr1 Zone 1: Robot is stationary
2025-10-21 05:48:39,608 - device_data_handler - INFO - device_data_handler.py:282 - Device rr1 Zone 1: Robot is stationary
2025-10-21 05:48:39,634 - device_data_handler - INFO - device_data_handler.py:376 - Device rr1 Zone 1: Robot is stationary
2025-10-21 05:48:40,602 - device_data_handler - INFO - device_data_handler.py:282 - Device rr1 Zone 1: Robot is stationary
2025-10-21 05:48:40,634 - device_data_handler - INFO - device_data_handler.py:376 - Device rr1 Zone 1: Robot is stationary
2025-10-21 05:48:41,601 - device_data_handler - INFO - device_data_handler.py:282 - Device rr1 Zone 1: Robot is stationary
2025-10-21 05:48:41,635 - device_data_handler - INFO - device_data_handler.py:376 - Device rr1 Zone 1: Robot is stationary
2025-10-21 05:48:42,270 - device_data_handler - INFO - device_data_handler.py:376 - Device rr1 Zone 1: Robot is stationary
2025-10-21 05:48:42,315 - device_data_handler - INFO - device_data_handler.py:282 - Device rr1 Zone 1: Robot is stationary
2025-10-21 05:48:42,337 - device_data_handler - INFO - device_data_handler.py:376 - Device rr1 Zone 1: Robot is stationary
2025-10-21 05:48:42,651 - device_data_handler - INFO - device_data_handler.py:282 - Device rr1 Zone 1: Robot is stationary
2025-10-21 05:48:42,718 - device_data_handler - INFO - device_data_handler.py:376 - Device rr1 Zone 1: Robot is stationary
2025-10-21 05:48:43,687 - device_data_handler - INFO - device_data_handler.py:282 - Device rr1 Zone 1: Robot is stationary
2025-10-21 05:48:43,766 - device_data_handler - INFO - device_data_handler.py:376 - Device rr1 Zone 1: Robot is stationary
2025-10-21 05:48:44,642 - device_data_handler - INFO - device_data_handler.py:282 - Device rr1 Zone 1: Robot is stationary
2025-10-21 05:48:44,679 - device_data_handler - INFO - device_data_handler.py:376 - Device rr1 Zone 1: Robot is stationary
2025-10-21 05:48:45,648 - device_data_handler - INFO - device_data_handler.py:282 - Device rr1 Zone 1: Robot is stationary
2025-10-21 05:48:45,671 - device_data_handler - INFO - device_data_handler.py:376 - Device rr1 Zone 1: Robot is stationary
2025-10-21 05:48:46,631 - device_data_handler - INFO - device_data_handler.py:282 - Device rr1 Zone 1: Robot is stationary
2025-10-21 05:48:46,656 - device_data_handler - INFO - device_data_handler.py:376 - Device rr1 Zone 1: Robot is stationary
2025-10-21 05:48:47,272 - device_data_handler - INFO - device_data_handler.py:376 - Device rr1 Zone 1: Robot is stationary
2025-10-21 05:48:47,322 - device_data_handler - INFO - device_data_handler.py:282 - Device rr1 Zone 1: Robot is stationary
2025-10-21 05:48:47,347 - device_data_handler - INFO - device_data_handler.py:376 - Device rr1 Zone 1: Robot is stationary
2025-10-21 05:48:47,653 - device_data_handler - INFO - device_data_handler.py:282 - Device rr1 Zone 1: Robot is stationary
2025-10-21 05:48:47,678 - device_data_handler - INFO - device_data_handler.py:376 - Device rr1 Zone 1: Robot is stationary
2025-10-21 05:48:48,630 - device_data_handler - INFO - device_data_handler.py:282 - Device rr1 Zone 1: Robot is stationary
2025-10-21 05:48:48,655 - device_data_handler - INFO - device_data_handler.py:376 - Device rr1 Zone 1: Robot is stationary
2025-10-21 05:48:49,642 - device_data_handler - INFO - device_data_handler.py:282 - Device rr1 Zone 1: Robot is stationary
2025-10-21 05:48:49,667 - device_data_handler - INFO - device_data_handler.py:376 - Device rr1 Zone 1: Robot is stationary
2025-10-21 05:48:50,635 - device_data_handler - INFO - device_data_handler.py:282 - Device rr1 Zone 1: Robot is stationary
2025-10-21 05:48:50,660 - device_data_handler - INFO - device_data_handler.py:376 - Device rr1 Zone 1: Robot is stationary
2025-10-21 05:48:51,629 - device_data_handler - INFO - device_data_handler.py:282 - Device rr1 Zone 1: Robot is stationary
2025-10-21 05:48:51,653 - device_data_handler - INFO - device_data_handler.py:376 - Device rr1 Zone 1: Robot is stationary
2025-10-21 05:48:52,266 - device_data_handler - INFO - device_data_handler.py:376 - Device rr1 Zone 1: Robot is stationary
2025-10-21 05:48:52,322 - device_data_handler - INFO - device_data_handler.py:282 - Device rr1 Zone 1: Robot is stationary
2025-10-21 05:48:52,347 - device_data_handler - INFO - device_data_handler.py:376 - Device rr1 Zone 1: Robot is stationary
2025-10-21 05:48:52,660 - device_data_handler - INFO - device_data_handler.py:282 - Device rr1 Zone 1: Robot is stationary
2025-10-21 05:48:52,696 - device_data_handler - INFO - device_data_handler.py:376 - Device rr1 Zone 1: Robot is stationary
2025-10-21 05:48:53,650 - device_data_handler - INFO - device_data_handler.py:282 - Device rr1 Zone 1: Robot is stationary
2025-10-21 05:48:53,677 - device_data_handler - INFO - device_data_handler.py:376 - Device rr1 Zone 1: Robot is stationary
2025-10-21 05:48:54,658 - device_data_handler - INFO - device_data_handler.py:282 - Device rr1 Zone 1: Robot is stationary
2025-10-21 05:48:54,697 - device_data_handler - INFO - device_data_handler.py:376 - Device rr1 Zone 1: Robot is stationary
2025-10-21 05:48:55,696 - device_data_handler - INFO - device_data_handler.py:282 - Device rr1 Zone 1: Robot is stationary
2025-10-21 05:48:55,735 - device_data_handler - INFO - device_data_handler.py:376 - Device rr1 Zone 1: Robot is stationary
2025-10-21 05:48:56,656 - device_data_handler - INFO - device_data_handler.py:282 - Device rr1 Zone 1: Robot is stationary
2025-10-21 05:48:56,703 - device_data_handler - INFO - device_data_handler.py:376 - Device rr1 Zone 1: Robot is stationary
2025-10-21 05:48:57,281 - device_data_handler - INFO - device_data_handler.py:376 - Device rr1 Zone 1: Robot is stationary
2025-10-21 05:48:57,368 - device_data_handler - INFO - device_data_handler.py:282 - Device rr1 Zone 1: Robot is stationary
2025-10-21 05:48:57,406 - device_data_handler - INFO - device_data_handler.py:376 - Device rr1 Zone 1: Robot is stationary
2025-10-21 05:48:57,674 - device_data_handler - INFO - device_data_handler.py:282 - Device rr1 Zone 1: Robot is stationary
2025-10-21 05:48:57,721 - device_data_handler - INFO - device_data_handler.py:376 - Device rr1 Zone 1: Robot is stationary
2025-10-21 05:48:58,714 - device_data_handler - INFO - device_data_handler.py:282 - Device rr1 Zone 1: Robot is stationary
2025-10-21 05:48:58,753 - device_data_handler - INFO - device_data_handler.py:376 - Device rr1 Zone 1: Robot is stationary
2025-10-21 05:48:59,676 - device_data_handler - INFO - device_data_handler.py:282 - Device rr1 Zone 1: Robot is stationary
2025-10-21 05:48:59,708 - device_data_handler - INFO - device_data_handler.py:376 - Device rr1 Zone 1: Robot is stationary
2025-10-21 05:49:00,671 - device_data_handler - INFO - device_data_handler.py:282 - Device rr1 Zone 1: Robot is stationary
2025-10-21 05:49:00,697 - device_data_handler - INFO - device_data_handler.py:376 - Device rr1 Zone 1: Robot is stationary
2025-10-21 05:49:00,927 - device_list - INFO - device_list.py:316 - Refreshing device data...
2025-10-21 05:49:00,967 - device_list - INFO - device_list.py:336 - Loaded 4 devices from CSV
2025-10-21 05:49:01,751 - device_data_handler - INFO - device_data_handler.py:282 - Device rr1 Zone 1: Robot is stationary
2025-10-21 05:49:01,806 - device_data_handler - INFO - device_data_handler.py:376 - Device rr1 Zone 1: Robot is stationary
2025-10-21 05:49:04,190 - api_client - WARNING - client.py:80 - Request attempt 1 failed: HTTPConnectionPool(host='127.0.0.1', port=8000): Max retries exceeded with url: /api/ (Caused by NewConnectionError('<urllib3.connection.HTTPConnection object at 0x000001C784A4E7A0>: Failed to establish a new connection: [WinError 10061] No connection could be made because the target machine actively refused it'))
2025-10-21 05:49:06,229 - api_client - WARNING - client.py:80 - Request attempt 2 failed: HTTPConnectionPool(host='127.0.0.1', port=8000): Max retries exceeded with url: /api/ (Caused by NewConnectionError('<urllib3.connection.HTTPConnection object at 0x000001C784A4CAF0>: Failed to establish a new connection: [WinError 10061] No connection could be made because the target machine actively refused it'))
2025-10-21 05:49:08,260 - api_client - WARNING - client.py:80 - Request attempt 3 failed: HTTPConnectionPool(host='127.0.0.1', port=8000): Max retries exceeded with url: /api/ (Caused by NewConnectionError('<urllib3.connection.HTTPConnection object at 0x000001C784A4E7A0>: Failed to establish a new connection: [WinError 10061] No connection could be made because the target machine actively refused it'))
2025-10-21 05:49:08,262 - device_location_syncer - INFO - sync_device_locations.py:250 - Sync completed. No location updates needed.
2025-10-21 05:49:08,309 - device_data_handler - INFO - device_data_handler.py:376 - Device rr1 Zone 1: Robot is stationary
2025-10-21 05:49:08,355 - device_data_handler - INFO - device_data_handler.py:282 - Device rr1 Zone 1: Robot is stationary
2025-10-21 05:49:08,391 - device_data_handler - INFO - device_data_handler.py:376 - Device rr1 Zone 1: Robot is stationary
2025-10-21 05:49:08,432 - device_data_handler - INFO - device_data_handler.py:282 - Device rr1 Zone 1: Robot is stationary
2025-10-21 05:49:08,456 - device_data_handler - INFO - device_data_handler.py:376 - Device rr1 Zone 1: Robot is stationary
2025-10-21 05:49:08,675 - device_data_handler - INFO - device_data_handler.py:282 - Device rr1 Zone 1: Robot is stationary
2025-10-21 05:49:08,701 - device_data_handler - INFO - device_data_handler.py:376 - Device rr1 Zone 1: Robot is stationary
2025-10-21 05:49:09,686 - device_data_handler - INFO - device_data_handler.py:282 - Device rr1 Zone 1: Robot is stationary
2025-10-21 05:49:09,718 - device_data_handler - INFO - device_data_handler.py:376 - Device rr1 Zone 1: Robot is stationary
2025-10-21 05:49:10,685 - device_data_handler - INFO - device_data_handler.py:282 - Device rr1 Zone 1: Robot is stationary
2025-10-21 05:49:10,709 - device_data_handler - INFO - device_data_handler.py:376 - Device rr1 Zone 1: Robot is stationary
2025-10-21 05:49:11,685 - device_data_handler - INFO - device_data_handler.py:282 - Device rr1 Zone 1: Robot is stationary
2025-10-21 05:49:11,721 - device_data_handler - INFO - device_data_handler.py:376 - Device rr1 Zone 1: Robot is stationary
2025-10-21 05:49:12,271 - device_data_handler - INFO - device_data_handler.py:376 - Device rr1 Zone 1: Robot is stationary
2025-10-21 05:49:12,340 - device_data_handler - INFO - device_data_handler.py:282 - Device rr1 Zone 1: Robot is stationary
2025-10-21 05:49:12,363 - device_data_handler - INFO - device_data_handler.py:376 - Device rr1 Zone 1: Robot is stationary
2025-10-21 05:49:12,696 - device_data_handler - INFO - device_data_handler.py:282 - Device rr1 Zone 1: Robot is stationary
2025-10-21 05:49:12,748 - device_data_handler - INFO - device_data_handler.py:376 - Device rr1 Zone 1: Robot is stationary
2025-10-21 05:49:13,685 - device_data_handler - INFO - device_data_handler.py:282 - Device rr1 Zone 1: Robot is stationary
2025-10-21 05:49:13,711 - device_data_handler - INFO - device_data_handler.py:376 - Device rr1 Zone 1: Robot is stationary
2025-10-21 05:49:14,679 - device_data_handler - INFO - device_data_handler.py:282 - Device rr1 Zone 1: Robot is stationary
2025-10-21 05:49:14,709 - device_data_handler - INFO - device_data_handler.py:376 - Device rr1 Zone 1: Robot is stationary
2025-10-21 05:49:15,675 - device_data_handler - INFO - device_data_handler.py:282 - Device rr1 Zone 1: Robot is stationary
2025-10-21 05:49:15,701 - device_data_handler - INFO - device_data_handler.py:376 - Device rr1 Zone 1: Robot is stationary
2025-10-21 05:49:16,677 - device_data_handler - INFO - device_data_handler.py:282 - Device rr1 Zone 1: Robot is stationary
2025-10-21 05:49:16,701 - device_data_handler - INFO - device_data_handler.py:376 - Device rr1 Zone 1: Robot is stationary
2025-10-21 05:49:17,320 - device_data_handler - INFO - device_data_handler.py:376 - Device rr1 Zone 1: Robot is stationary
2025-10-21 05:49:17,395 - device_data_handler - INFO - device_data_handler.py:282 - Device rr1 Zone 1: Robot is stationary
2025-10-21 05:49:17,431 - device_data_handler - INFO - device_data_handler.py:376 - Device rr1 Zone 1: Robot is stationary
2025-10-21 05:49:17,681 - device_data_handler - INFO - device_data_handler.py:282 - Device rr1 Zone 1: Robot is stationary
2025-10-21 05:49:17,715 - device_data_handler - INFO - device_data_handler.py:376 - Device rr1 Zone 1: Robot is stationary
2025-10-21 05:49:18,676 - device_data_handler - INFO - device_data_handler.py:282 - Device rr1 Zone 1: Robot is stationary
2025-10-21 05:49:18,702 - device_data_handler - INFO - device_data_handler.py:376 - Device rr1 Zone 1: Robot is stationary
2025-10-21 05:49:19,690 - device_data_handler - INFO - device_data_handler.py:282 - Device rr1 Zone 1: Robot is stationary
2025-10-21 05:49:19,720 - device_data_handler - INFO - device_data_handler.py:376 - Device rr1 Zone 1: Robot is stationary
2025-10-21 05:49:20,682 - device_data_handler - INFO - device_data_handler.py:282 - Device rr1 Zone 1: Robot is stationary
2025-10-21 05:49:20,754 - device_data_handler - INFO - device_data_handler.py:376 - Device rr1 Zone 1: Robot is stationary
2025-10-21 05:49:21,679 - device_data_handler - INFO - device_data_handler.py:282 - Device rr1 Zone 1: Robot is stationary
2025-10-21 05:49:21,702 - device_data_handler - INFO - device_data_handler.py:376 - Device rr1 Zone 1: Robot is stationary
2025-10-21 05:49:22,424 - device_data_handler - INFO - device_data_handler.py:376 - Device rr1 Zone 1: Robot is stationary
2025-10-21 05:49:22,468 - device_data_handler - INFO - device_data_handler.py:282 - Device rr1 Zone 1: Robot is stationary
2025-10-21 05:49:22,491 - device_data_handler - INFO - device_data_handler.py:376 - Device rr1 Zone 1: Robot is stationary
2025-10-21 05:49:22,679 - device_data_handler - INFO - device_data_handler.py:282 - Device rr1 Zone 1: Robot is stationary
2025-10-21 05:49:22,704 - device_data_handler - INFO - device_data_handler.py:376 - Device rr1 Zone 1: Robot is stationary
2025-10-21 05:49:23,907 - device_data_handler - INFO - device_data_handler.py:282 - Device rr1 Zone 1: Robot is stationary
2025-10-21 05:49:23,933 - device_data_handler - INFO - device_data_handler.py:376 - Device rr1 Zone 1: Robot is stationary
2025-10-21 05:49:24,692 - device_data_handler - INFO - device_data_handler.py:282 - Device rr1 Zone 1: Robot is stationary
2025-10-21 05:49:24,721 - device_data_handler - INFO - device_data_handler.py:376 - Device rr1 Zone 1: Robot is stationary
2025-10-21 05:49:25,683 - device_data_handler - INFO - device_data_handler.py:282 - Device rr1 Zone 1: Robot is stationary
2025-10-21 05:49:25,707 - device_data_handler - INFO - device_data_handler.py:376 - Device rr1 Zone 1: Robot is stationary
2025-10-21 05:49:26,698 - device_data_handler - INFO - device_data_handler.py:282 - Device rr1 Zone 1: Robot is stationary
2025-10-21 05:49:26,734 - device_data_handler - INFO - device_data_handler.py:376 - Device rr1 Zone 1: Robot is stationary
2025-10-21 05:49:27,293 - device_data_handler - INFO - device_data_handler.py:376 - Device rr1 Zone 1: Robot is stationary
2025-10-21 05:49:27,372 - device_data_handler - INFO - device_data_handler.py:282 - Device rr1 Zone 1: Robot is stationary
2025-10-21 05:49:27,410 - device_data_handler - INFO - device_data_handler.py:376 - Device rr1 Zone 1: Robot is stationary
2025-10-21 05:49:27,693 - device_data_handler - INFO - device_data_handler.py:282 - Device rr1 Zone 1: Robot is stationary
2025-10-21 05:49:27,731 - device_data_handler - INFO - device_data_handler.py:376 - Device rr1 Zone 1: Robot is stationary
2025-10-21 05:49:28,679 - device_data_handler - INFO - device_data_handler.py:282 - Device rr1 Zone 1: Robot is stationary
2025-10-21 05:49:28,704 - device_data_handler - INFO - device_data_handler.py:376 - Device rr1 Zone 1: Robot is stationary
2025-10-21 05:49:29,699 - device_data_handler - INFO - device_data_handler.py:282 - Device rr1 Zone 1: Robot is stationary
2025-10-21 05:49:29,739 - device_data_handler - INFO - device_data_handler.py:376 - Device rr1 Zone 1: Robot is stationary
2025-10-21 05:49:30,759 - device_data_handler - INFO - device_data_handler.py:282 - Device rr1 Zone 1: Robot is stationary
2025-10-21 05:49:30,799 - device_data_handler - INFO - device_data_handler.py:376 - Device rr1 Zone 1: Robot is stationary
2025-10-21 05:49:30,936 - device_list - INFO - device_list.py:316 - Refreshing device data...
2025-10-21 05:49:30,985 - device_list - INFO - device_list.py:336 - Loaded 4 devices from CSV
2025-10-21 05:49:31,694 - device_data_handler - INFO - device_data_handler.py:282 - Device rr1 Zone 1: Robot is stationary
2025-10-21 05:49:31,729 - device_data_handler - INFO - device_data_handler.py:376 - Device rr1 Zone 1: Robot is stationary
2025-10-21 05:49:32,108 - device_location_syncer - INFO - sync_device_locations.py:250 - Sync completed. No location updates needed.
2025-10-21 05:49:32,282 - device_data_handler - INFO - device_data_handler.py:376 - Device rr1 Zone 1: Robot is stationary
2025-10-21 05:49:32,372 - device_data_handler - INFO - device_data_handler.py:282 - Device rr1 Zone 1: Robot is stationary
2025-10-21 05:49:32,426 - device_data_handler - INFO - device_data_handler.py:376 - Device rr1 Zone 1: Robot is stationary
2025-10-21 05:49:32,704 - device_data_handler - INFO - device_data_handler.py:282 - Device rr1 Zone 1: Robot is stationary
2025-10-21 05:49:32,743 - device_data_handler - INFO - device_data_handler.py:376 - Device rr1 Zone 1: Robot is stationary
2025-10-21 05:49:33,685 - device_data_handler - INFO - device_data_handler.py:282 - Device rr1 Zone 1: Robot is stationary
2025-10-21 05:49:33,708 - device_data_handler - INFO - device_data_handler.py:376 - Device rr1 Zone 1: Robot is stationary
2025-10-21 05:49:34,677 - device_data_handler - INFO - device_data_handler.py:282 - Device rr1 Zone 1: Robot is stationary
2025-10-21 05:49:34,703 - device_data_handler - INFO - device_data_handler.py:376 - Device rr1 Zone 1: Robot is stationary
2025-10-21 05:49:35,718 - device_data_handler - INFO - device_data_handler.py:282 - Device rr1 Zone 1: Robot is stationary
2025-10-21 05:49:35,758 - device_data_handler - INFO - device_data_handler.py:376 - Device rr1 Zone 1: Robot is stationary
2025-10-21 05:49:36,674 - device_data_handler - INFO - device_data_handler.py:282 - Device rr1 Zone 1: Robot is stationary
2025-10-21 05:49:36,704 - device_data_handler - INFO - device_data_handler.py:376 - Device rr1 Zone 1: Robot is stationary
2025-10-21 05:49:37,279 - device_data_handler - INFO - device_data_handler.py:376 - Device rr1 Zone 1: Robot is stationary
2025-10-21 05:49:37,337 - device_data_handler - INFO - device_data_handler.py:282 - Device rr1 Zone 1: Robot is stationary
2025-10-21 05:49:37,364 - device_data_handler - INFO - device_data_handler.py:376 - Device rr1 Zone 1: Robot is stationary
2025-10-21 05:49:37,682 - device_data_handler - INFO - device_data_handler.py:282 - Device rr1 Zone 1: Robot is stationary
2025-10-21 05:49:37,705 - device_data_handler - INFO - device_data_handler.py:376 - Device rr1 Zone 1: Robot is stationary
2025-10-21 05:49:38,788 - device_data_handler - INFO - device_data_handler.py:282 - Device rr1 Zone 1: Robot is stationary
2025-10-21 05:49:38,887 - device_data_handler - INFO - device_data_handler.py:376 - Device rr1 Zone 1: Robot is stationary
2025-10-21 05:49:39,678 - device_data_handler - INFO - device_data_handler.py:282 - Device rr1 Zone 1: Robot is stationary
2025-10-21 05:49:39,705 - device_data_handler - INFO - device_data_handler.py:376 - Device rr1 Zone 1: Robot is stationary
2025-10-21 05:49:40,674 - device_data_handler - INFO - device_data_handler.py:282 - Device rr1 Zone 1: Robot is stationary
2025-10-21 05:49:40,702 - device_data_handler - INFO - device_data_handler.py:376 - Device rr1 Zone 1: Robot is stationary
2025-10-21 05:49:41,699 - device_data_handler - INFO - device_data_handler.py:282 - Device rr1 Zone 1: Robot is stationary
2025-10-21 05:49:41,727 - device_data_handler - INFO - device_data_handler.py:376 - Device rr1 Zone 1: Robot is stationary
2025-10-21 05:49:42,300 - device_data_handler - INFO - device_data_handler.py:376 - Device rr1 Zone 1: Robot is stationary
2025-10-21 05:49:42,344 - device_data_handler - INFO - device_data_handler.py:282 - Device rr1 Zone 1: Robot is stationary
2025-10-21 05:49:42,365 - device_data_handler - INFO - device_data_handler.py:376 - Device rr1 Zone 1: Robot is stationary
2025-10-21 05:49:42,703 - device_data_handler - INFO - device_data_handler.py:282 - Device rr1 Zone 1: Robot is stationary
2025-10-21 05:49:42,728 - device_data_handler - INFO - device_data_handler.py:376 - Device rr1 Zone 1: Robot is stationary
2025-10-21 05:49:43,703 - device_data_handler - INFO - device_data_handler.py:282 - Device rr1 Zone 1: Robot is stationary
2025-10-21 05:49:43,732 - device_data_handler - INFO - device_data_handler.py:376 - Device rr1 Zone 1: Robot is stationary
2025-10-21 05:49:44,696 - device_data_handler - INFO - device_data_handler.py:282 - Device rr1 Zone 1: Robot is stationary
2025-10-21 05:49:44,718 - device_data_handler - INFO - device_data_handler.py:376 - Device rr1 Zone 1: Robot is stationary
2025-10-21 05:49:45,726 - device_data_handler - INFO - device_data_handler.py:282 - Device rr1 Zone 1: Robot is stationary
2025-10-21 05:49:45,762 - device_data_handler - INFO - device_data_handler.py:376 - Device rr1 Zone 1: Robot is stationary
2025-10-21 05:49:46,761 - device_data_handler - INFO - device_data_handler.py:282 - Device rr1 Zone 1: Robot is stationary
2025-10-21 05:49:46,788 - device_data_handler - INFO - device_data_handler.py:376 - Device rr1 Zone 1: Robot is stationary
2025-10-21 05:49:47,298 - device_data_handler - INFO - device_data_handler.py:376 - Device rr1 Zone 1: Robot is stationary
2025-10-21 05:49:47,347 - device_data_handler - INFO - device_data_handler.py:282 - Device rr1 Zone 1: Robot is stationary
2025-10-21 05:49:47,372 - device_data_handler - INFO - device_data_handler.py:376 - Device rr1 Zone 1: Robot is stationary
2025-10-21 05:49:47,731 - device_data_handler - INFO - device_data_handler.py:282 - Device rr1 Zone 1: Robot is stationary
2025-10-21 05:49:47,759 - device_data_handler - INFO - device_data_handler.py:376 - Device rr1 Zone 1: Robot is stationary
2025-10-21 05:49:48,773 - device_data_handler - INFO - device_data_handler.py:282 - Device rr1 Zone 1: Robot is stationary
2025-10-21 05:49:48,841 - device_data_handler - INFO - device_data_handler.py:376 - Device rr1 Zone 1: Robot is stationary
2025-10-21 05:49:49,726 - device_data_handler - INFO - device_data_handler.py:282 - Device rr1 Zone 1: Robot is stationary
2025-10-21 05:49:49,755 - device_data_handler - INFO - device_data_handler.py:376 - Device rr1 Zone 1: Robot is stationary
2025-10-21 05:49:50,740 - device_data_handler - INFO - device_data_handler.py:282 - Device rr1 Zone 1: Robot is stationary
2025-10-21 05:49:50,772 - device_data_handler - INFO - device_data_handler.py:376 - Device rr1 Zone 1: Robot is stationary
2025-10-21 05:49:51,729 - device_data_handler - INFO - device_data_handler.py:282 - Device rr1 Zone 1: Robot is stationary
2025-10-21 05:49:51,759 - device_data_handler - INFO - device_data_handler.py:376 - Device rr1 Zone 1: Robot is stationary
2025-10-21 05:49:52,311 - device_data_handler - INFO - device_data_handler.py:376 - Device rr1 Zone 1: Robot is stationary
2025-10-21 05:49:52,392 - device_data_handler - INFO - device_data_handler.py:282 - Device rr1 Zone 1: Robot is stationary
2025-10-21 05:49:52,424 - device_data_handler - INFO - device_data_handler.py:376 - Device rr1 Zone 1: Robot is stationary
2025-10-21 05:49:52,732 - device_data_handler - INFO - device_data_handler.py:282 - Device rr1 Zone 1: Robot is stationary
2025-10-21 05:49:52,761 - device_data_handler - INFO - device_data_handler.py:376 - Device rr1 Zone 1: Robot is stationary
2025-10-21 05:49:53,721 - device_data_handler - INFO - device_data_handler.py:282 - Device rr1 Zone 1: Robot is stationary
2025-10-21 05:49:53,745 - device_data_handler - INFO - device_data_handler.py:376 - Device rr1 Zone 1: Robot is stationary
2025-10-21 05:49:54,775 - device_data_handler - INFO - device_data_handler.py:282 - Device rr1 Zone 1: Robot is stationary
2025-10-21 05:49:54,815 - device_data_handler - INFO - device_data_handler.py:376 - Device rr1 Zone 1: Robot is stationary
2025-10-21 05:49:55,728 - device_data_handler - INFO - device_data_handler.py:282 - Device rr1 Zone 1: Robot is stationary
2025-10-21 05:49:55,759 - device_data_handler - INFO - device_data_handler.py:376 - Device rr1 Zone 1: Robot is stationary
2025-10-21 05:49:56,717 - device_data_handler - INFO - device_data_handler.py:282 - Device rr1 Zone 1: Robot is stationary
2025-10-21 05:49:56,740 - device_data_handler - INFO - device_data_handler.py:376 - Device rr1 Zone 1: Robot is stationary
2025-10-21 05:49:57,294 - device_data_handler - INFO - device_data_handler.py:376 - Device rr1 Zone 1: Robot is stationary
2025-10-21 05:49:57,334 - device_data_handler - INFO - device_data_handler.py:282 - Device rr1 Zone 1: Robot is stationary
2025-10-21 05:49:57,357 - device_data_handler - INFO - device_data_handler.py:376 - Device rr1 Zone 1: Robot is stationary
2025-10-21 05:49:57,747 - device_data_handler - INFO - device_data_handler.py:282 - Device rr1 Zone 1: Robot is stationary
2025-10-21 05:49:57,788 - device_data_handler - INFO - device_data_handler.py:376 - Device rr1 Zone 1: Robot is stationary
2025-10-21 05:49:58,754 - device_data_handler - INFO - device_data_handler.py:282 - Device rr1 Zone 1: Robot is stationary
2025-10-21 05:49:58,794 - device_data_handler - INFO - device_data_handler.py:376 - Device rr1 Zone 1: Robot is stationary
2025-10-21 05:49:59,760 - device_data_handler - INFO - device_data_handler.py:282 - Device rr1 Zone 1: Robot is stationary
2025-10-21 05:49:59,794 - device_data_handler - INFO - device_data_handler.py:376 - Device rr1 Zone 1: Robot is stationary
2025-10-21 05:50:00,758 - device_data_handler - INFO - device_data_handler.py:282 - Device rr1 Zone 1: Robot is stationary
2025-10-21 05:50:00,793 - device_data_handler - INFO - device_data_handler.py:376 - Device rr1 Zone 1: Robot is stationary
2025-10-21 05:50:00,934 - device_list - INFO - device_list.py:316 - Refreshing device data...
2025-10-21 05:50:00,977 - device_list - INFO - device_list.py:336 - Loaded 4 devices from CSV
2025-10-21 05:50:01,789 - device_data_handler - INFO - device_data_handler.py:282 - Device rr1 Zone 1: Robot is stationary
2025-10-21 05:50:01,824 - device_data_handler - INFO - device_data_handler.py:376 - Device rr1 Zone 1: Robot is stationary
2025-10-21 05:50:04,139 - api_client - WARNING - client.py:80 - Request attempt 1 failed: HTTPConnectionPool(host='127.0.0.1', port=8000): Max retries exceeded with url: /api/ (Caused by NewConnectionError('<urllib3.connection.HTTPConnection object at 0x000001C784A4EF10>: Failed to establish a new connection: [WinError 10061] No connection could be made because the target machine actively refused it'))
2025-10-21 05:50:06,169 - api_client - WARNING - client.py:80 - Request attempt 2 failed: HTTPConnectionPool(host='127.0.0.1', port=8000): Max retries exceeded with url: /api/ (Caused by NewConnectionError('<urllib3.connection.HTTPConnection object at 0x000001C784A4E690>: Failed to establish a new connection: [WinError 10061] No connection could be made because the target machine actively refused it'))
2025-10-21 05:50:08,195 - api_client - WARNING - client.py:80 - Request attempt 3 failed: HTTPConnectionPool(host='127.0.0.1', port=8000): Max retries exceeded with url: /api/ (Caused by NewConnectionError('<urllib3.connection.HTTPConnection object at 0x000001C784A4EF10>: Failed to establish a new connection: [WinError 10061] No connection could be made because the target machine actively refused it'))
2025-10-21 05:50:08,201 - device_location_syncer - INFO - sync_device_locations.py:250 - Sync completed. No location updates needed.
2025-10-21 05:50:08,252 - device_data_handler - INFO - device_data_handler.py:376 - Device rr1 Zone 1: Robot is stationary
2025-10-21 05:50:08,302 - device_data_handler - INFO - device_data_handler.py:282 - Device rr1 Zone 1: Robot is stationary
2025-10-21 05:50:08,325 - device_data_handler - INFO - device_data_handler.py:376 - Device rr1 Zone 1: Robot is stationary
2025-10-21 05:50:08,368 - device_data_handler - INFO - device_data_handler.py:282 - Device rr1 Zone 1: Robot is stationary
2025-10-21 05:50:08,391 - device_data_handler - INFO - device_data_handler.py:376 - Device rr1 Zone 1: Robot is stationary
2025-10-21 05:50:08,772 - device_data_handler - INFO - device_data_handler.py:282 - Device rr1 Zone 1: Robot is stationary
2025-10-21 05:50:08,797 - device_data_handler - INFO - device_data_handler.py:376 - Device rr1 Zone 1: Robot is stationary
2025-10-21 05:50:09,774 - device_data_handler - INFO - device_data_handler.py:282 - Device rr1 Zone 1: Robot is stationary
2025-10-21 05:50:09,796 - device_data_handler - INFO - device_data_handler.py:376 - Device rr1 Zone 1: Robot is stationary
2025-10-21 05:50:10,770 - device_data_handler - INFO - device_data_handler.py:282 - Device rr1 Zone 1: Robot is stationary
2025-10-21 05:50:10,795 - device_data_handler - INFO - device_data_handler.py:376 - Device rr1 Zone 1: Robot is stationary
2025-10-21 05:50:11,774 - device_data_handler - INFO - device_data_handler.py:282 - Device rr1 Zone 1: Robot is stationary
2025-10-21 05:50:11,798 - device_data_handler - INFO - device_data_handler.py:376 - Device rr1 Zone 1: Robot is stationary
2025-10-21 05:50:12,291 - device_data_handler - INFO - device_data_handler.py:376 - Device rr1 Zone 1: Robot is stationary
2025-10-21 05:50:12,331 - device_data_handler - INFO - device_data_handler.py:282 - Device rr1 Zone 1: Robot is stationary
2025-10-21 05:50:12,356 - device_data_handler - INFO - device_data_handler.py:376 - Device rr1 Zone 1: Robot is stationary
2025-10-21 05:50:12,804 - device_data_handler - INFO - device_data_handler.py:282 - Device rr1 Zone 1: Robot is stationary
2025-10-21 05:50:12,839 - device_data_handler - INFO - device_data_handler.py:376 - Device rr1 Zone 1: Robot is stationary
2025-10-21 05:50:13,769 - device_data_handler - INFO - device_data_handler.py:282 - Device rr1 Zone 1: Robot is stationary
2025-10-21 05:50:13,793 - device_data_handler - INFO - device_data_handler.py:376 - Device rr1 Zone 1: Robot is stationary
2025-10-21 05:50:14,799 - device_data_handler - INFO - device_data_handler.py:282 - Device rr1 Zone 1: Robot is stationary
2025-10-21 05:50:14,833 - device_data_handler - INFO - device_data_handler.py:376 - Device rr1 Zone 1: Robot is stationary
2025-10-21 05:50:15,781 - device_data_handler - INFO - device_data_handler.py:282 - Device rr1 Zone 1: Robot is stationary
2025-10-21 05:50:15,809 - device_data_handler - INFO - device_data_handler.py:376 - Device rr1 Zone 1: Robot is stationary
2025-10-21 05:50:16,782 - device_data_handler - INFO - device_data_handler.py:282 - Device rr1 Zone 1: Robot is stationary
2025-10-21 05:50:16,813 - device_data_handler - INFO - device_data_handler.py:376 - Device rr1 Zone 1: Robot is stationary
2025-10-21 05:50:17,296 - device_data_handler - INFO - device_data_handler.py:376 - Device rr1 Zone 1: Robot is stationary
2025-10-21 05:50:17,340 - device_data_handler - INFO - device_data_handler.py:282 - Device rr1 Zone 1: Robot is stationary
2025-10-21 05:50:17,377 - device_data_handler - INFO - device_data_handler.py:376 - Device rr1 Zone 1: Robot is stationary
2025-10-21 05:50:17,773 - device_data_handler - INFO - device_data_handler.py:282 - Device rr1 Zone 1: Robot is stationary
2025-10-21 05:50:17,800 - device_data_handler - INFO - device_data_handler.py:376 - Device rr1 Zone 1: Robot is stationary
2025-10-21 05:50:18,772 - device_data_handler - INFO - device_data_handler.py:282 - Device rr1 Zone 1: Robot is stationary
2025-10-21 05:50:18,840 - device_data_handler - INFO - device_data_handler.py:376 - Device rr1 Zone 1: Robot is stationary
2025-10-21 05:50:19,790 - device_data_handler - INFO - device_data_handler.py:282 - Device rr1 Zone 1: Robot is stationary
2025-10-21 05:50:19,817 - device_data_handler - INFO - device_data_handler.py:376 - Device rr1 Zone 1: Robot is stationary
2025-10-21 05:50:20,795 - device_data_handler - INFO - device_data_handler.py:282 - Device rr1 Zone 1: Robot is stationary
2025-10-21 05:50:20,821 - device_data_handler - INFO - device_data_handler.py:376 - Device rr1 Zone 1: Robot is stationary
2025-10-21 05:50:21,795 - device_data_handler - INFO - device_data_handler.py:282 - Device rr1 Zone 1: Robot is stationary
2025-10-21 05:50:21,824 - device_data_handler - INFO - device_data_handler.py:376 - Device rr1 Zone 1: Robot is stationary
2025-10-21 05:50:22,293 - device_data_handler - INFO - device_data_handler.py:376 - Device rr1 Zone 1: Robot is stationary
2025-10-21 05:50:22,338 - device_data_handler - INFO - device_data_handler.py:282 - Device rr1 Zone 1: Robot is stationary
2025-10-21 05:50:22,363 - device_data_handler - INFO - device_data_handler.py:376 - Device rr1 Zone 1: Robot is stationary
2025-10-21 05:50:22,793 - device_data_handler - INFO - device_data_handler.py:282 - Device rr1 Zone 1: Robot is stationary
2025-10-21 05:50:22,822 - device_data_handler - INFO - device_data_handler.py:376 - Device rr1 Zone 1: Robot is stationary
2025-10-21 05:50:23,796 - device_data_handler - INFO - device_data_handler.py:282 - Device rr1 Zone 1: Robot is stationary
2025-10-21 05:50:23,823 - device_data_handler - INFO - device_data_handler.py:376 - Device rr1 Zone 1: Robot is stationary
2025-10-21 05:50:24,792 - device_data_handler - INFO - device_data_handler.py:282 - Device rr1 Zone 1: Robot is stationary
2025-10-21 05:50:24,826 - device_data_handler - INFO - device_data_handler.py:376 - Device rr1 Zone 1: Robot is stationary
2025-10-21 05:50:25,841 - device_data_handler - INFO - device_data_handler.py:282 - Device rr1 Zone 1: Robot is stationary
2025-10-21 05:50:25,879 - device_data_handler - INFO - device_data_handler.py:376 - Device rr1 Zone 1: Robot is stationary
2025-10-21 05:50:26,805 - device_data_handler - INFO - device_data_handler.py:282 - Device rr1 Zone 1: Robot is stationary
2025-10-21 05:50:26,835 - device_data_handler - INFO - device_data_handler.py:376 - Device rr1 Zone 1: Robot is stationary
2025-10-21 05:50:27,332 - device_data_handler - INFO - device_data_handler.py:376 - Device rr1 Zone 1: Robot is stationary
2025-10-21 05:50:27,405 - device_data_handler - INFO - device_data_handler.py:282 - Device rr1 Zone 1: Robot is stationary
2025-10-21 05:50:27,434 - device_data_handler - INFO - device_data_handler.py:376 - Device rr1 Zone 1: Robot is stationary
2025-10-21 05:50:27,806 - device_data_handler - INFO - device_data_handler.py:282 - Device rr1 Zone 1: Robot is stationary
2025-10-21 05:50:27,838 - device_data_handler - INFO - device_data_handler.py:376 - Device rr1 Zone 1: Robot is stationary
2025-10-21 05:50:28,823 - device_data_handler - INFO - device_data_handler.py:282 - Device rr1 Zone 1: Robot is stationary
2025-10-21 05:50:28,857 - device_data_handler - INFO - device_data_handler.py:376 - Device rr1 Zone 1: Robot is stationary
2025-10-21 05:50:29,811 - device_data_handler - INFO - device_data_handler.py:282 - Device rr1 Zone 1: Robot is stationary
2025-10-21 05:50:29,844 - device_data_handler - INFO - device_data_handler.py:376 - Device rr1 Zone 1: Robot is stationary
2025-10-21 05:50:30,807 - device_data_handler - INFO - device_data_handler.py:282 - Device rr1 Zone 1: Robot is stationary
2025-10-21 05:50:30,829 - device_data_handler - INFO - device_data_handler.py:376 - Device rr1 Zone 1: Robot is stationary
2025-10-21 05:50:30,930 - device_list - INFO - device_list.py:316 - Refreshing device data...
2025-10-21 05:50:30,969 - device_list - INFO - device_list.py:336 - Loaded 4 devices from CSV
2025-10-21 05:50:31,836 - device_data_handler - INFO - device_data_handler.py:282 - Device rr1 Zone 1: Robot is stationary
2025-10-21 05:50:31,861 - device_data_handler - INFO - device_data_handler.py:376 - Device rr1 Zone 1: Robot is stationary
2025-10-21 05:50:32,114 - device_location_syncer - INFO - sync_device_locations.py:250 - Sync completed. No location updates needed.
2025-10-21 05:50:32,297 - device_data_handler - INFO - device_data_handler.py:376 - Device rr1 Zone 1: Robot is stationary
2025-10-21 05:50:32,339 - device_data_handler - INFO - device_data_handler.py:282 - Device rr1 Zone 1: Robot is stationary
2025-10-21 05:50:32,365 - device_data_handler - INFO - device_data_handler.py:376 - Device rr1 Zone 1: Robot is stationary
2025-10-21 05:50:32,810 - device_data_handler - INFO - device_data_handler.py:282 - Device rr1 Zone 1: Robot is stationary
2025-10-21 05:50:32,837 - device_data_handler - INFO - device_data_handler.py:376 - Device rr1 Zone 1: Robot is stationary
2025-10-21 05:50:33,803 - device_data_handler - INFO - device_data_handler.py:282 - Device rr1 Zone 1: Robot is stationary
2025-10-21 05:50:33,826 - device_data_handler - INFO - device_data_handler.py:376 - Device rr1 Zone 1: Robot is stationary
2025-10-21 05:50:34,809 - device_data_handler - INFO - device_data_handler.py:282 - Device rr1 Zone 1: Robot is stationary
2025-10-21 05:50:34,832 - device_data_handler - INFO - device_data_handler.py:376 - Device rr1 Zone 1: Robot is stationary
2025-10-21 05:50:35,808 - device_data_handler - INFO - device_data_handler.py:282 - Device rr1 Zone 1: Robot is stationary
2025-10-21 05:50:35,840 - device_data_handler - INFO - device_data_handler.py:376 - Device rr1 Zone 1: Robot is stationary
2025-10-21 05:50:36,808 - device_data_handler - INFO - device_data_handler.py:282 - Device rr1 Zone 1: Robot is stationary
2025-10-21 05:50:36,833 - device_data_handler - INFO - device_data_handler.py:376 - Device rr1 Zone 1: Robot is stationary
2025-10-21 05:50:37,309 - device_data_handler - INFO - device_data_handler.py:376 - Device rr1 Zone 1: Robot is stationary
2025-10-21 05:50:37,373 - device_data_handler - INFO - device_data_handler.py:282 - Device rr1 Zone 1: Robot is stationary
2025-10-21 05:50:37,401 - device_data_handler - INFO - device_data_handler.py:376 - Device rr1 Zone 1: Robot is stationary
2025-10-21 05:50:37,832 - device_data_handler - INFO - device_data_handler.py:282 - Device rr1 Zone 1: Robot is stationary
2025-10-21 05:50:37,858 - device_data_handler - INFO - device_data_handler.py:376 - Device rr1 Zone 1: Robot is stationary
2025-10-21 05:50:38,823 - device_data_handler - INFO - device_data_handler.py:282 - Device rr1 Zone 1: Robot is stationary
2025-10-21 05:50:38,858 - device_data_handler - INFO - device_data_handler.py:376 - Device rr1 Zone 1: Robot is stationary
2025-10-21 05:50:39,798 - device_data_handler - INFO - device_data_handler.py:282 - Device rr1 Zone 1: Robot is stationary
2025-10-21 05:50:39,821 - device_data_handler - INFO - device_data_handler.py:376 - Device rr1 Zone 1: Robot is stationary
2025-10-21 05:50:40,804 - device_data_handler - INFO - device_data_handler.py:282 - Device rr1 Zone 1: Robot is stationary
2025-10-21 05:50:40,830 - device_data_handler - INFO - device_data_handler.py:376 - Device rr1 Zone 1: Robot is stationary
2025-10-21 05:50:41,805 - device_data_handler - INFO - device_data_handler.py:282 - Device rr1 Zone 1: Robot is stationary
2025-10-21 05:50:41,828 - device_data_handler - INFO - device_data_handler.py:376 - Device rr1 Zone 1: Robot is stationary
2025-10-21 05:50:42,301 - device_data_handler - INFO - device_data_handler.py:376 - Device rr1 Zone 1: Robot is stationary
2025-10-21 05:50:42,342 - device_data_handler - INFO - device_data_handler.py:282 - Device rr1 Zone 1: Robot is stationary
2025-10-21 05:50:42,364 - device_data_handler - INFO - device_data_handler.py:376 - Device rr1 Zone 1: Robot is stationary
2025-10-21 05:50:42,803 - device_data_handler - INFO - device_data_handler.py:282 - Device rr1 Zone 1: Robot is stationary
2025-10-21 05:50:42,828 - device_data_handler - INFO - device_data_handler.py:376 - Device rr1 Zone 1: Robot is stationary
2025-10-21 05:50:43,811 - device_data_handler - INFO - device_data_handler.py:282 - Device rr1 Zone 1: Robot is stationary
2025-10-21 05:50:43,836 - device_data_handler - INFO - device_data_handler.py:376 - Device rr1 Zone 1: Robot is stationary
2025-10-21 05:50:44,807 - device_data_handler - INFO - device_data_handler.py:282 - Device rr1 Zone 1: Robot is stationary
2025-10-21 05:50:44,844 - device_data_handler - INFO - device_data_handler.py:376 - Device rr1 Zone 1: Robot is stationary
2025-10-21 05:50:45,809 - device_data_handler - INFO - device_data_handler.py:282 - Device rr1 Zone 1: Robot is stationary
2025-10-21 05:50:45,835 - device_data_handler - INFO - device_data_handler.py:376 - Device rr1 Zone 1: Robot is stationary
2025-10-21 05:50:46,803 - device_data_handler - INFO - device_data_handler.py:282 - Device rr1 Zone 1: Robot is stationary
2025-10-21 05:50:46,826 - device_data_handler - INFO - device_data_handler.py:376 - Device rr1 Zone 1: Robot is stationary
2025-10-21 05:50:47,330 - device_data_handler - INFO - device_data_handler.py:376 - Device rr1 Zone 1: Robot is stationary
2025-10-21 05:50:47,374 - device_data_handler - INFO - device_data_handler.py:282 - Device rr1 Zone 1: Robot is stationary
2025-10-21 05:50:47,413 - device_data_handler - INFO - device_data_handler.py:376 - Device rr1 Zone 1: Robot is stationary
2025-10-21 05:50:47,807 - device_data_handler - INFO - device_data_handler.py:282 - Device rr1 Zone 1: Robot is stationary
2025-10-21 05:50:47,834 - device_data_handler - INFO - device_data_handler.py:376 - Device rr1 Zone 1: Robot is stationary
2025-10-21 05:50:48,815 - device_data_handler - INFO - device_data_handler.py:282 - Device rr1 Zone 1: Robot is stationary
2025-10-21 05:50:48,843 - device_data_handler - INFO - device_data_handler.py:376 - Device rr1 Zone 1: Robot is stationary
2025-10-21 05:50:49,800 - device_data_handler - INFO - device_data_handler.py:282 - Device rr1 Zone 1: Robot is stationary
2025-10-21 05:50:49,823 - device_data_handler - INFO - device_data_handler.py:376 - Device rr1 Zone 1: Robot is stationary
2025-10-21 05:50:50,806 - device_data_handler - INFO - device_data_handler.py:282 - Device rr1 Zone 1: Robot is stationary
2025-10-21 05:50:50,831 - device_data_handler - INFO - device_data_handler.py:376 - Device rr1 Zone 1: Robot is stationary
2025-10-21 05:50:51,805 - device_data_handler - INFO - device_data_handler.py:282 - Device rr1 Zone 1: Robot is stationary
2025-10-21 05:50:51,830 - device_data_handler - INFO - device_data_handler.py:376 - Device rr1 Zone 1: Robot is stationary
2025-10-21 05:50:52,310 - device_data_handler - INFO - device_data_handler.py:376 - Device rr1 Zone 1: Robot is stationary
2025-10-21 05:50:52,350 - device_data_handler - INFO - device_data_handler.py:282 - Device rr1 Zone 1: Robot is stationary
2025-10-21 05:50:52,372 - device_data_handler - INFO - device_data_handler.py:376 - Device rr1 Zone 1: Robot is stationary
2025-10-21 05:50:52,820 - device_data_handler - INFO - device_data_handler.py:282 - Device rr1 Zone 1: Robot is stationary
2025-10-21 05:50:52,847 - device_data_handler - INFO - device_data_handler.py:376 - Device rr1 Zone 1: Robot is stationary
2025-10-21 05:50:53,800 - device_data_handler - INFO - device_data_handler.py:282 - Device rr1 Zone 1: Robot is stationary
2025-10-21 05:50:53,823 - device_data_handler - INFO - device_data_handler.py:376 - Device rr1 Zone 1: Robot is stationary
2025-10-21 05:50:54,875 - device_data_handler - INFO - device_data_handler.py:282 - Device rr1 Zone 1: Robot is stationary
2025-10-21 05:50:54,912 - device_data_handler - INFO - device_data_handler.py:376 - Device rr1 Zone 1: Robot is stationary
2025-10-21 05:50:55,817 - device_data_handler - INFO - device_data_handler.py:282 - Device rr1 Zone 1: Robot is stationary
2025-10-21 05:50:55,841 - device_data_handler - INFO - device_data_handler.py:376 - Device rr1 Zone 1: Robot is stationary
2025-10-21 05:50:56,802 - device_data_handler - INFO - device_data_handler.py:282 - Device rr1 Zone 1: Robot is stationary
2025-10-21 05:50:56,836 - device_data_handler - INFO - device_data_handler.py:376 - Device rr1 Zone 1: Robot is stationary
2025-10-21 05:50:57,315 - device_data_handler - INFO - device_data_handler.py:376 - Device rr1 Zone 1: Robot is stationary
2025-10-21 05:50:57,597 - device_data_handler - INFO - device_data_handler.py:282 - Device rr1 Zone 1: Robot is stationary
2025-10-21 05:50:57,621 - device_data_handler - INFO - device_data_handler.py:376 - Device rr1 Zone 1: Robot is stationary
2025-10-21 05:50:57,815 - device_data_handler - INFO - device_data_handler.py:282 - Device rr1 Zone 1: Robot is stationary
2025-10-21 05:50:57,850 - device_data_handler - INFO - device_data_handler.py:376 - Device rr1 Zone 1: Robot is stationary
2025-10-21 05:50:58,797 - device_data_handler - INFO - device_data_handler.py:282 - Device rr1 Zone 1: Robot is stationary
2025-10-21 05:50:58,823 - device_data_handler - INFO - device_data_handler.py:376 - Device rr1 Zone 1: Robot is stationary
2025-10-21 05:50:59,809 - device_data_handler - INFO - device_data_handler.py:282 - Device rr1 Zone 1: Robot is stationary
2025-10-21 05:50:59,832 - device_data_handler - INFO - device_data_handler.py:376 - Device rr1 Zone 1: Robot is stationary
2025-10-21 05:51:00,806 - device_data_handler - INFO - device_data_handler.py:282 - Device rr1 Zone 1: Robot is stationary
2025-10-21 05:51:00,829 - device_data_handler - INFO - device_data_handler.py:376 - Device rr1 Zone 1: Robot is stationary
2025-10-21 05:51:00,930 - device_list - INFO - device_list.py:316 - Refreshing device data...
2025-10-21 05:51:00,966 - device_list - INFO - device_list.py:336 - Loaded 4 devices from CSV
2025-10-21 05:51:01,801 - device_data_handler - INFO - device_data_handler.py:282 - Device rr1 Zone 1: Robot is stationary
2025-10-21 05:51:01,828 - device_data_handler - INFO - device_data_handler.py:376 - Device rr1 Zone 1: Robot is stationary
2025-10-21 05:51:04,135 - api_client - WARNING - client.py:80 - Request attempt 1 failed: HTTPConnectionPool(host='127.0.0.1', port=8000): Max retries exceeded with url: /api/ (Caused by NewConnectionError('<urllib3.connection.HTTPConnection object at 0x000001C784A4E580>: Failed to establish a new connection: [WinError 10061] No connection could be made because the target machine actively refused it'))
2025-10-21 05:51:06,169 - api_client - WARNING - client.py:80 - Request attempt 2 failed: HTTPConnectionPool(host='127.0.0.1', port=8000): Max retries exceeded with url: /api/ (Caused by NewConnectionError('<urllib3.connection.HTTPConnection object at 0x000001C784A4F240>: Failed to establish a new connection: [WinError 10061] No connection could be made because the target machine actively refused it'))
2025-10-21 05:51:08,204 - api_client - WARNING - client.py:80 - Request attempt 3 failed: HTTPConnectionPool(host='127.0.0.1', port=8000): Max retries exceeded with url: /api/ (Caused by NewConnectionError('<urllib3.connection.HTTPConnection object at 0x000001C784A4E580>: Failed to establish a new connection: [WinError 10061] No connection could be made because the target machine actively refused it'))
2025-10-21 05:51:08,213 - device_location_syncer - INFO - sync_device_locations.py:250 - Sync completed. No location updates needed.
2025-10-21 05:51:08,276 - device_data_handler - INFO - device_data_handler.py:376 - Device rr1 Zone 1: Robot is stationary
2025-10-21 05:51:08,337 - device_data_handler - INFO - device_data_handler.py:282 - Device rr1 Zone 1: Robot is stationary
2025-10-21 05:51:08,365 - device_data_handler - INFO - device_data_handler.py:376 - Device rr1 Zone 1: Robot is stationary
2025-10-21 05:51:08,417 - device_data_handler - INFO - device_data_handler.py:282 - Device rr1 Zone 1: Robot is stationary
2025-10-21 05:51:08,445 - device_data_handler - INFO - device_data_handler.py:376 - Device rr1 Zone 1: Robot is stationary
2025-10-21 05:51:08,821 - device_data_handler - INFO - device_data_handler.py:282 - Device rr1 Zone 1: Robot is stationary
2025-10-21 05:51:08,876 - device_data_handler - INFO - device_data_handler.py:376 - Device rr1 Zone 1: Robot is stationary
2025-10-21 05:51:09,811 - device_data_handler - INFO - device_data_handler.py:282 - Device rr1 Zone 1: Robot is stationary
2025-10-21 05:51:09,855 - device_data_handler - INFO - device_data_handler.py:376 - Device rr1 Zone 1: Robot is stationary
2025-10-21 05:51:10,803 - device_data_handler - INFO - device_data_handler.py:282 - Device rr1 Zone 1: Robot is stationary
2025-10-21 05:51:10,827 - device_data_handler - INFO - device_data_handler.py:376 - Device rr1 Zone 1: Robot is stationary
2025-10-21 05:51:11,799 - device_data_handler - INFO - device_data_handler.py:282 - Device rr1 Zone 1: Robot is stationary
2025-10-21 05:51:11,825 - device_data_handler - INFO - device_data_handler.py:376 - Device rr1 Zone 1: Robot is stationary
2025-10-21 05:51:12,310 - device_data_handler - INFO - device_data_handler.py:376 - Device rr1 Zone 1: Robot is stationary
2025-10-21 05:51:12,351 - device_data_handler - INFO - device_data_handler.py:282 - Device rr1 Zone 1: Robot is stationary
2025-10-21 05:51:12,373 - device_data_handler - INFO - device_data_handler.py:376 - Device rr1 Zone 1: Robot is stationary
2025-10-21 05:51:12,798 - device_data_handler - INFO - device_data_handler.py:282 - Device rr1 Zone 1: Robot is stationary
2025-10-21 05:51:12,823 - device_data_handler - INFO - device_data_handler.py:376 - Device rr1 Zone 1: Robot is stationary
2025-10-21 05:51:13,803 - device_data_handler - INFO - device_data_handler.py:282 - Device rr1 Zone 1: Robot is stationary
2025-10-21 05:51:13,829 - device_data_handler - INFO - device_data_handler.py:376 - Device rr1 Zone 1: Robot is stationary
2025-10-21 05:51:14,804 - device_data_handler - INFO - device_data_handler.py:282 - Device rr1 Zone 1: Robot is stationary
2025-10-21 05:51:14,829 - device_data_handler - INFO - device_data_handler.py:376 - Device rr1 Zone 1: Robot is stationary
2025-10-21 05:51:15,802 - device_data_handler - INFO - device_data_handler.py:282 - Device rr1 Zone 1: Robot is stationary
2025-10-21 05:51:15,825 - device_data_handler - INFO - device_data_handler.py:376 - Device rr1 Zone 1: Robot is stationary
2025-10-21 05:51:16,797 - device_data_handler - INFO - device_data_handler.py:282 - Device rr1 Zone 1: Robot is stationary
2025-10-21 05:51:16,824 - device_data_handler - INFO - device_data_handler.py:376 - Device rr1 Zone 1: Robot is stationary
2025-10-21 05:51:17,304 - device_data_handler - INFO - device_data_handler.py:376 - Device rr1 Zone 1: Robot is stationary
2025-10-21 05:51:17,356 - device_data_handler - INFO - device_data_handler.py:282 - Device rr1 Zone 1: Robot is stationary
2025-10-21 05:51:17,385 - device_data_handler - INFO - device_data_handler.py:376 - Device rr1 Zone 1: Robot is stationary
2025-10-21 05:51:17,809 - device_data_handler - INFO - device_data_handler.py:282 - Device rr1 Zone 1: Robot is stationary
2025-10-21 05:51:17,839 - device_data_handler - INFO - device_data_handler.py:376 - Device rr1 Zone 1: Robot is stationary
2025-10-21 05:51:18,801 - device_data_handler - INFO - device_data_handler.py:282 - Device rr1 Zone 1: Robot is stationary
2025-10-21 05:51:18,824 - device_data_handler - INFO - device_data_handler.py:376 - Device rr1 Zone 1: Robot is stationary
2025-10-21 05:51:19,806 - device_data_handler - INFO - device_data_handler.py:282 - Device rr1 Zone 1: Robot is stationary
2025-10-21 05:51:19,831 - device_data_handler - INFO - device_data_handler.py:376 - Device rr1 Zone 1: Robot is stationary
2025-10-21 05:51:20,803 - device_data_handler - INFO - device_data_handler.py:282 - Device rr1 Zone 1: Robot is stationary
2025-10-21 05:51:20,829 - device_data_handler - INFO - device_data_handler.py:376 - Device rr1 Zone 1: Robot is stationary
2025-10-21 05:51:21,797 - device_data_handler - INFO - device_data_handler.py:282 - Device rr1 Zone 1: Robot is stationary
2025-10-21 05:51:21,822 - device_data_handler - INFO - device_data_handler.py:376 - Device rr1 Zone 1: Robot is stationary
2025-10-21 05:51:22,297 - device_data_handler - INFO - device_data_handler.py:376 - Device rr1 Zone 1: Robot is stationary
2025-10-21 05:51:22,339 - device_data_handler - INFO - device_data_handler.py:282 - Device rr1 Zone 1: Robot is stationary
2025-10-21 05:51:22,362 - device_data_handler - INFO - device_data_handler.py:376 - Device rr1 Zone 1: Robot is stationary
2025-10-21 05:51:22,824 - device_data_handler - INFO - device_data_handler.py:282 - Device rr1 Zone 1: Robot is stationary
2025-10-21 05:51:22,859 - device_data_handler - INFO - device_data_handler.py:376 - Device rr1 Zone 1: Robot is stationary
2025-10-21 05:51:23,822 - device_data_handler - INFO - device_data_handler.py:282 - Device rr1 Zone 1: Robot is stationary
2025-10-21 05:51:23,870 - device_data_handler - INFO - device_data_handler.py:376 - Device rr1 Zone 1: Robot is stationary
2025-10-21 05:51:24,816 - device_data_handler - INFO - device_data_handler.py:282 - Device rr1 Zone 1: Robot is stationary
2025-10-21 05:51:24,843 - device_data_handler - INFO - device_data_handler.py:376 - Device rr1 Zone 1: Robot is stationary
2025-10-21 05:51:25,804 - device_data_handler - INFO - device_data_handler.py:282 - Device rr1 Zone 1: Robot is stationary
2025-10-21 05:51:25,832 - device_data_handler - INFO - device_data_handler.py:376 - Device rr1 Zone 1: Robot is stationary
2025-10-21 05:51:26,804 - device_data_handler - INFO - device_data_handler.py:282 - Device rr1 Zone 1: Robot is stationary
2025-10-21 05:51:26,830 - device_data_handler - INFO - device_data_handler.py:376 - Device rr1 Zone 1: Robot is stationary
2025-10-21 05:51:27,314 - device_data_handler - INFO - device_data_handler.py:376 - Device rr1 Zone 1: Robot is stationary
2025-10-21 05:51:27,355 - device_data_handler - INFO - device_data_handler.py:282 - Device rr1 Zone 1: Robot is stationary
2025-10-21 05:51:27,377 - device_data_handler - INFO - device_data_handler.py:376 - Device rr1 Zone 1: Robot is stationary
2025-10-21 05:51:27,805 - device_data_handler - INFO - device_data_handler.py:282 - Device rr1 Zone 1: Robot is stationary
2025-10-21 05:51:27,829 - device_data_handler - INFO - device_data_handler.py:376 - Device rr1 Zone 1: Robot is stationary
2025-10-21 05:51:28,803 - device_data_handler - INFO - device_data_handler.py:282 - Device rr1 Zone 1: Robot is stationary
2025-10-21 05:51:28,830 - device_data_handler - INFO - device_data_handler.py:376 - Device rr1 Zone 1: Robot is stationary
2025-10-21 05:51:29,811 - device_data_handler - INFO - device_data_handler.py:282 - Device rr1 Zone 1: Robot is stationary
2025-10-21 05:51:29,835 - device_data_handler - INFO - device_data_handler.py:376 - Device rr1 Zone 1: Robot is stationary
2025-10-21 05:51:30,802 - device_data_handler - INFO - device_data_handler.py:282 - Device rr1 Zone 1: Robot is stationary
2025-10-21 05:51:30,826 - device_data_handler - INFO - device_data_handler.py:376 - Device rr1 Zone 1: Robot is stationary
2025-10-21 05:51:30,934 - device_list - INFO - device_list.py:316 - Refreshing device data...
2025-10-21 05:51:30,973 - device_list - INFO - device_list.py:336 - Loaded 4 devices from CSV
2025-10-21 05:51:31,804 - device_data_handler - INFO - device_data_handler.py:282 - Device rr1 Zone 1: Robot is stationary
2025-10-21 05:51:31,828 - device_data_handler - INFO - device_data_handler.py:376 - Device rr1 Zone 1: Robot is stationary
2025-10-21 05:51:32,101 - device_location_syncer - INFO - sync_device_locations.py:250 - Sync completed. No location updates needed.
2025-10-21 05:51:32,312 - device_data_handler - INFO - device_data_handler.py:376 - Device rr1 Zone 1: Robot is stationary
2025-10-21 05:51:32,388 - device_data_handler - INFO - device_data_handler.py:282 - Device rr1 Zone 1: Robot is stationary
2025-10-21 05:51:32,425 - device_data_handler - INFO - device_data_handler.py:376 - Device rr1 Zone 1: Robot is stationary
2025-10-21 05:51:32,818 - device_data_handler - INFO - device_data_handler.py:282 - Device rr1 Zone 1: Robot is stationary
2025-10-21 05:51:32,854 - device_data_handler - INFO - device_data_handler.py:376 - Device rr1 Zone 1: Robot is stationary
2025-10-21 05:51:33,810 - device_data_handler - INFO - device_data_handler.py:282 - Device rr1 Zone 1: Robot is stationary
2025-10-21 05:51:33,832 - device_data_handler - INFO - device_data_handler.py:376 - Device rr1 Zone 1: Robot is stationary
2025-10-21 05:51:34,809 - device_data_handler - INFO - device_data_handler.py:282 - Device rr1 Zone 1: Robot is stationary
2025-10-21 05:51:34,898 - device_data_handler - INFO - device_data_handler.py:376 - Device rr1 Zone 1: Robot is stationary
2025-10-21 05:51:35,824 - device_data_handler - INFO - device_data_handler.py:282 - Device rr1 Zone 1: Robot is stationary
2025-10-21 05:51:35,848 - device_data_handler - INFO - device_data_handler.py:376 - Device rr1 Zone 1: Robot is stationary
2025-10-21 05:51:36,821 - device_data_handler - INFO - device_data_handler.py:282 - Device rr1 Zone 1: Robot is stationary
2025-10-21 05:51:36,857 - device_data_handler - INFO - device_data_handler.py:376 - Device rr1 Zone 1: Robot is stationary
2025-10-21 05:51:37,324 - device_data_handler - INFO - device_data_handler.py:376 - Device rr1 Zone 1: Robot is stationary
2025-10-21 05:51:37,381 - device_data_handler - INFO - device_data_handler.py:282 - Device rr1 Zone 1: Robot is stationary
2025-10-21 05:51:37,421 - device_data_handler - INFO - device_data_handler.py:376 - Device rr1 Zone 1: Robot is stationary
2025-10-21 05:51:37,828 - device_data_handler - INFO - device_data_handler.py:282 - Device rr1 Zone 1: Robot is stationary
2025-10-21 05:51:37,855 - device_data_handler - INFO - device_data_handler.py:376 - Device rr1 Zone 1: Robot is stationary
2025-10-21 05:51:38,840 - device_data_handler - INFO - device_data_handler.py:282 - Device rr1 Zone 1: Robot is stationary
2025-10-21 05:51:38,879 - device_data_handler - INFO - device_data_handler.py:376 - Device rr1 Zone 1: Robot is stationary
2025-10-21 05:51:39,824 - device_data_handler - INFO - device_data_handler.py:282 - Device rr1 Zone 1: Robot is stationary
2025-10-21 05:51:39,852 - device_data_handler - INFO - device_data_handler.py:376 - Device rr1 Zone 1: Robot is stationary
2025-10-21 05:51:40,826 - device_data_handler - INFO - device_data_handler.py:282 - Device rr1 Zone 1: Robot is stationary
2025-10-21 05:51:40,873 - device_data_handler - INFO - device_data_handler.py:376 - Device rr1 Zone 1: Robot is stationary
2025-10-21 05:51:41,830 - device_data_handler - INFO - device_data_handler.py:282 - Device rr1 Zone 1: Robot is stationary
2025-10-21 05:51:41,854 - device_data_handler - INFO - device_data_handler.py:376 - Device rr1 Zone 1: Robot is stationary
2025-10-21 05:51:42,305 - device_data_handler - INFO - device_data_handler.py:376 - Device rr1 Zone 1: Robot is stationary
2025-10-21 05:51:42,363 - device_data_handler - INFO - device_data_handler.py:282 - Device rr1 Zone 1: Robot is stationary
2025-10-21 05:51:42,396 - device_data_handler - INFO - device_data_handler.py:376 - Device rr1 Zone 1: Robot is stationary
2025-10-21 05:51:42,819 - device_data_handler - INFO - device_data_handler.py:282 - Device rr1 Zone 1: Robot is stationary
2025-10-21 05:51:42,851 - device_data_handler - INFO - device_data_handler.py:376 - Device rr1 Zone 1: Robot is stationary
2025-10-21 05:51:43,833 - device_data_handler - INFO - device_data_handler.py:282 - Device rr1 Zone 1: Robot is stationary
2025-10-21 05:51:43,860 - device_data_handler - INFO - device_data_handler.py:376 - Device rr1 Zone 1: Robot is stationary
2025-10-21 05:51:44,816 - device_data_handler - INFO - device_data_handler.py:282 - Device rr1 Zone 1: Robot is stationary
2025-10-21 05:51:44,841 - device_data_handler - INFO - device_data_handler.py:376 - Device rr1 Zone 1: Robot is stationary
2025-10-21 05:51:45,829 - device_data_handler - INFO - device_data_handler.py:282 - Device rr1 Zone 1: Robot is stationary
2025-10-21 05:51:45,861 - device_data_handler - INFO - device_data_handler.py:376 - Device rr1 Zone 1: Robot is stationary
2025-10-21 05:51:46,821 - device_data_handler - INFO - device_data_handler.py:282 - Device rr1 Zone 1: Robot is stationary
2025-10-21 05:51:46,846 - device_data_handler - INFO - device_data_handler.py:376 - Device rr1 Zone 1: Robot is stationary
2025-10-21 05:51:47,325 - device_data_handler - INFO - device_data_handler.py:376 - Device rr1 Zone 1: Robot is stationary
2025-10-21 05:51:47,478 - device_data_handler - INFO - device_data_handler.py:282 - Device rr1 Zone 1: Robot is stationary
2025-10-21 05:51:47,508 - device_data_handler - INFO - device_data_handler.py:376 - Device rr1 Zone 1: Robot is stationary
2025-10-21 05:51:47,823 - device_data_handler - INFO - device_data_handler.py:282 - Device rr1 Zone 1: Robot is stationary
2025-10-21 05:51:47,850 - device_data_handler - INFO - device_data_handler.py:376 - Device rr1 Zone 1: Robot is stationary
2025-10-21 05:51:48,835 - device_data_handler - INFO - device_data_handler.py:282 - Device rr1 Zone 1: Robot is stationary
2025-10-21 05:51:48,877 - device_data_handler - INFO - device_data_handler.py:376 - Device rr1 Zone 1: Robot is stationary
2025-10-21 05:51:49,821 - device_data_handler - INFO - device_data_handler.py:282 - Device rr1 Zone 1: Robot is stationary
2025-10-21 05:51:49,847 - device_data_handler - INFO - device_data_handler.py:376 - Device rr1 Zone 1: Robot is stationary
2025-10-21 05:51:50,823 - device_data_handler - INFO - device_data_handler.py:282 - Device rr1 Zone 1: Robot is stationary
2025-10-21 05:51:50,864 - device_data_handler - INFO - device_data_handler.py:376 - Device rr1 Zone 1: Robot is stationary
2025-10-21 05:51:51,825 - device_data_handler - INFO - device_data_handler.py:282 - Device rr1 Zone 1: Robot is stationary
2025-10-21 05:51:51,855 - device_data_handler - INFO - device_data_handler.py:376 - Device rr1 Zone 1: Robot is stationary
2025-10-21 05:51:52,305 - device_data_handler - INFO - device_data_handler.py:376 - Device rr1 Zone 1: Robot is stationary
2025-10-21 05:51:52,380 - device_data_handler - INFO - device_data_handler.py:282 - Device rr1 Zone 1: Robot is stationary
2025-10-21 05:51:52,416 - device_data_handler - INFO - device_data_handler.py:376 - Device rr1 Zone 1: Robot is stationary
2025-10-21 05:51:52,832 - device_data_handler - INFO - device_data_handler.py:282 - Device rr1 Zone 1: Robot is stationary
2025-10-21 05:51:53,002 - device_data_handler - INFO - device_data_handler.py:376 - Device rr1 Zone 1: Robot is stationary
2025-10-21 05:51:53,824 - device_data_handler - INFO - device_data_handler.py:282 - Device rr1 Zone 1: Robot is stationary
2025-10-21 05:51:53,864 - device_data_handler - INFO - device_data_handler.py:376 - Device rr1 Zone 1: Robot is stationary
2025-10-21 05:51:54,826 - device_data_handler - INFO - device_data_handler.py:282 - Device rr1 Zone 1: Robot is stationary
2025-10-21 05:51:54,864 - device_data_handler - INFO - device_data_handler.py:376 - Device rr1 Zone 1: Robot is stationary
2025-10-21 05:51:55,816 - device_data_handler - INFO - device_data_handler.py:282 - Device rr1 Zone 1: Robot is stationary
2025-10-21 05:51:55,845 - device_data_handler - INFO - device_data_handler.py:376 - Device rr1 Zone 1: Robot is stationary
2025-10-21 05:51:56,818 - device_data_handler - INFO - device_data_handler.py:282 - Device rr1 Zone 1: Robot is stationary
2025-10-21 05:51:56,843 - device_data_handler - INFO - device_data_handler.py:376 - Device rr1 Zone 1: Robot is stationary
2025-10-21 05:51:57,310 - device_data_handler - INFO - device_data_handler.py:376 - Device rr1 Zone 1: Robot is stationary
2025-10-21 05:51:57,366 - device_data_handler - INFO - device_data_handler.py:282 - Device rr1 Zone 1: Robot is stationary
2025-10-21 05:51:57,400 - device_data_handler - INFO - device_data_handler.py:376 - Device rr1 Zone 1: Robot is stationary
2025-10-21 05:51:57,826 - device_data_handler - INFO - device_data_handler.py:282 - Device rr1 Zone 1: Robot is stationary
2025-10-21 05:51:57,861 - device_data_handler - INFO - device_data_handler.py:376 - Device rr1 Zone 1: Robot is stationary
2025-10-21 05:51:58,815 - device_data_handler - INFO - device_data_handler.py:282 - Device rr1 Zone 1: Robot is stationary
2025-10-21 05:51:58,838 - device_data_handler - INFO - device_data_handler.py:376 - Device rr1 Zone 1: Robot is stationary
2025-10-21 05:51:59,817 - device_data_handler - INFO - device_data_handler.py:282 - Device rr1 Zone 1: Robot is stationary
2025-10-21 05:51:59,839 - device_data_handler - INFO - device_data_handler.py:376 - Device rr1 Zone 1: Robot is stationary
2025-10-21 05:52:00,822 - device_data_handler - INFO - device_data_handler.py:282 - Device rr1 Zone 1: Robot is stationary
2025-10-21 05:52:00,844 - device_data_handler - INFO - device_data_handler.py:376 - Device rr1 Zone 1: Robot is stationary
2025-10-21 05:52:00,935 - device_list - INFO - device_list.py:316 - Refreshing device data...
2025-10-21 05:52:00,972 - device_list - INFO - device_list.py:336 - Loaded 4 devices from CSV
2025-10-21 05:52:01,831 - device_data_handler - INFO - device_data_handler.py:282 - Device rr1 Zone 1: Robot is stationary
2025-10-21 05:52:01,865 - device_data_handler - INFO - device_data_handler.py:376 - Device rr1 Zone 1: Robot is stationary
2025-10-21 05:52:04,139 - api_client - WARNING - client.py:80 - Request attempt 1 failed: HTTPConnectionPool(host='127.0.0.1', port=8000): Max retries exceeded with url: /api/ (Caused by NewConnectionError('<urllib3.connection.HTTPConnection object at 0x000001C784A4F130>: Failed to establish a new connection: [WinError 10061] No connection could be made because the target machine actively refused it'))
2025-10-21 05:52:06,174 - api_client - WARNING - client.py:80 - Request attempt 2 failed: HTTPConnectionPool(host='127.0.0.1', port=8000): Max retries exceeded with url: /api/ (Caused by NewConnectionError('<urllib3.connection.HTTPConnection object at 0x000001C784A4E8B0>: Failed to establish a new connection: [WinError 10061] No connection could be made because the target machine actively refused it'))
2025-10-21 05:52:08,208 - api_client - WARNING - client.py:80 - Request attempt 3 failed: HTTPConnectionPool(host='127.0.0.1', port=8000): Max retries exceeded with url: /api/ (Caused by NewConnectionError('<urllib3.connection.HTTPConnection object at 0x000001C784A4E7A0>: Failed to establish a new connection: [WinError 10061] No connection could be made because the target machine actively refused it'))
2025-10-21 05:52:08,210 - device_location_syncer - INFO - sync_device_locations.py:250 - Sync completed. No location updates needed.
2025-10-21 05:52:08,243 - device_data_handler - INFO - device_data_handler.py:376 - Device rr1 Zone 1: Robot is stationary
2025-10-21 05:52:08,331 - device_data_handler - INFO - device_data_handler.py:282 - Device rr1 Zone 1: Robot is stationary
2025-10-21 05:52:08,392 - device_data_handler - INFO - device_data_handler.py:376 - Device rr1 Zone 1: Robot is stationary
2025-10-21 05:52:08,522 - device_data_handler - INFO - device_data_handler.py:282 - Device rr1 Zone 1: Robot is stationary
2025-10-21 05:52:08,562 - device_data_handler - INFO - device_data_handler.py:376 - Device rr1 Zone 1: Robot is stationary
2025-10-21 05:52:08,832 - device_data_handler - INFO - device_data_handler.py:282 - Device rr1 Zone 1: Robot is stationary
2025-10-21 05:52:08,863 - device_data_handler - INFO - device_data_handler.py:376 - Device rr1 Zone 1: Robot is stationary
2025-10-21 05:52:09,846 - device_data_handler - INFO - device_data_handler.py:282 - Device rr1 Zone 1: Robot is stationary
2025-10-21 05:52:09,896 - device_data_handler - INFO - device_data_handler.py:376 - Device rr1 Zone 1: Robot is stationary
2025-10-21 05:52:10,837 - device_data_handler - INFO - device_data_handler.py:282 - Device rr1 Zone 1: Robot is stationary
2025-10-21 05:52:10,863 - device_data_handler - INFO - device_data_handler.py:376 - Device rr1 Zone 1: Robot is stationary
2025-10-21 05:52:11,831 - device_data_handler - INFO - device_data_handler.py:282 - Device rr1 Zone 1: Robot is stationary
2025-10-21 05:52:11,860 - device_data_handler - INFO - device_data_handler.py:376 - Device rr1 Zone 1: Robot is stationary
2025-10-21 05:52:12,294 - device_data_handler - INFO - device_data_handler.py:376 - Device rr1 Zone 1: Robot is stationary
2025-10-21 05:52:12,337 - device_data_handler - INFO - device_data_handler.py:282 - Device rr1 Zone 1: Robot is stationary
2025-10-21 05:52:12,361 - device_data_handler - INFO - device_data_handler.py:376 - Device rr1 Zone 1: Robot is stationary
2025-10-21 05:52:12,847 - device_data_handler - INFO - device_data_handler.py:282 - Device rr1 Zone 1: Robot is stationary
2025-10-21 05:52:12,880 - device_data_handler - INFO - device_data_handler.py:376 - Device rr1 Zone 1: Robot is stationary
2025-10-21 05:52:13,834 - device_data_handler - INFO - device_data_handler.py:282 - Device rr1 Zone 1: Robot is stationary
2025-10-21 05:52:13,858 - device_data_handler - INFO - device_data_handler.py:376 - Device rr1 Zone 1: Robot is stationary
2025-10-21 05:52:14,831 - device_data_handler - INFO - device_data_handler.py:282 - Device rr1 Zone 1: Robot is stationary
2025-10-21 05:52:14,860 - device_data_handler - INFO - device_data_handler.py:376 - Device rr1 Zone 1: Robot is stationary
2025-10-21 05:52:15,846 - device_data_handler - INFO - device_data_handler.py:282 - Device rr1 Zone 1: Robot is stationary
2025-10-21 05:52:15,874 - device_data_handler - INFO - device_data_handler.py:376 - Device rr1 Zone 1: Robot is stationary
2025-10-21 05:52:16,845 - device_data_handler - INFO - device_data_handler.py:282 - Device rr1 Zone 1: Robot is stationary
2025-10-21 05:52:16,873 - device_data_handler - INFO - device_data_handler.py:376 - Device rr1 Zone 1: Robot is stationary
2025-10-21 05:52:17,337 - device_data_handler - INFO - device_data_handler.py:376 - Device rr1 Zone 1: Robot is stationary
2025-10-21 05:52:17,481 - device_data_handler - INFO - device_data_handler.py:282 - Device rr1 Zone 1: Robot is stationary
2025-10-21 05:52:17,525 - device_data_handler - INFO - device_data_handler.py:376 - Device rr1 Zone 1: Robot is stationary
2025-10-21 05:52:17,838 - device_data_handler - INFO - device_data_handler.py:282 - Device rr1 Zone 1: Robot is stationary
2025-10-21 05:52:17,861 - device_data_handler - INFO - device_data_handler.py:376 - Device rr1 Zone 1: Robot is stationary
2025-10-21 05:52:18,864 - device_data_handler - INFO - device_data_handler.py:282 - Device rr1 Zone 1: Robot is stationary
2025-10-21 05:52:18,896 - device_data_handler - INFO - device_data_handler.py:376 - Device rr1 Zone 1: Robot is stationary
2025-10-21 05:52:19,941 - device_data_handler - INFO - device_data_handler.py:282 - Device rr1 Zone 1: Robot is stationary
2025-10-21 05:52:19,976 - device_data_handler - INFO - device_data_handler.py:376 - Device rr1 Zone 1: Robot is stationary
2025-10-21 05:52:20,852 - device_data_handler - INFO - device_data_handler.py:282 - Device rr1 Zone 1: Robot is stationary
2025-10-21 05:52:20,881 - device_data_handler - INFO - device_data_handler.py:376 - Device rr1 Zone 1: Robot is stationary
2025-10-21 05:52:21,853 - device_data_handler - INFO - device_data_handler.py:282 - Device rr1 Zone 1: Robot is stationary
2025-10-21 05:52:21,885 - device_data_handler - INFO - device_data_handler.py:376 - Device rr1 Zone 1: Robot is stationary
2025-10-21 05:52:22,307 - device_data_handler - INFO - device_data_handler.py:376 - Device rr1 Zone 1: Robot is stationary
2025-10-21 05:52:22,367 - device_data_handler - INFO - device_data_handler.py:282 - Device rr1 Zone 1: Robot is stationary
2025-10-21 05:52:22,401 - device_data_handler - INFO - device_data_handler.py:376 - Device rr1 Zone 1: Robot is stationary
2025-10-21 05:52:22,871 - device_data_handler - INFO - device_data_handler.py:282 - Device rr1 Zone 1: Robot is stationary
2025-10-21 05:52:22,909 - device_data_handler - INFO - device_data_handler.py:376 - Device rr1 Zone 1: Robot is stationary
2025-10-21 05:52:23,844 - device_data_handler - INFO - device_data_handler.py:282 - Device rr1 Zone 1: Robot is stationary
2025-10-21 05:52:23,866 - device_data_handler - INFO - device_data_handler.py:376 - Device rr1 Zone 1: Robot is stationary
2025-10-21 05:52:24,852 - device_data_handler - INFO - device_data_handler.py:282 - Device rr1 Zone 1: Robot is stationary
2025-10-21 05:52:24,877 - device_data_handler - INFO - device_data_handler.py:376 - Device rr1 Zone 1: Robot is stationary
2025-10-21 05:52:25,867 - device_data_handler - INFO - device_data_handler.py:282 - Device rr1 Zone 1: Robot is stationary
2025-10-21 05:52:25,899 - device_data_handler - INFO - device_data_handler.py:376 - Device rr1 Zone 1: Robot is stationary
2025-10-21 05:52:26,860 - device_data_handler - INFO - device_data_handler.py:282 - Device rr1 Zone 1: Robot is stationary
2025-10-21 05:52:26,894 - device_data_handler - INFO - device_data_handler.py:376 - Device rr1 Zone 1: Robot is stationary
2025-10-21 05:52:27,295 - device_data_handler - INFO - device_data_handler.py:376 - Device rr1 Zone 1: Robot is stationary
2025-10-21 05:52:27,374 - device_data_handler - INFO - device_data_handler.py:282 - Device rr1 Zone 1: Robot is stationary
2025-10-21 05:52:27,411 - device_data_handler - INFO - device_data_handler.py:376 - Device rr1 Zone 1: Robot is stationary
2025-10-21 05:52:27,880 - device_data_handler - INFO - device_data_handler.py:282 - Device rr1 Zone 1: Robot is stationary
2025-10-21 05:52:27,914 - device_data_handler - INFO - device_data_handler.py:376 - Device rr1 Zone 1: Robot is stationary
2025-10-21 05:52:28,871 - device_data_handler - INFO - device_data_handler.py:282 - Device rr1 Zone 1: Robot is stationary
2025-10-21 05:52:28,911 - device_data_handler - INFO - device_data_handler.py:376 - Device rr1 Zone 1: Robot is stationary
2025-10-21 05:52:29,923 - device_data_handler - INFO - device_data_handler.py:282 - Device rr1 Zone 1: Robot is stationary
2025-10-21 05:52:29,955 - device_data_handler - INFO - device_data_handler.py:376 - Device rr1 Zone 1: Robot is stationary
2025-10-21 05:52:30,854 - device_data_handler - INFO - device_data_handler.py:282 - Device rr1 Zone 1: Robot is stationary
2025-10-21 05:52:30,879 - device_data_handler - INFO - device_data_handler.py:376 - Device rr1 Zone 1: Robot is stationary
2025-10-21 05:52:30,941 - device_list - INFO - device_list.py:316 - Refreshing device data...
2025-10-21 05:52:30,979 - device_list - INFO - device_list.py:336 - Loaded 4 devices from CSV
2025-10-21 05:52:31,847 - device_data_handler - INFO - device_data_handler.py:282 - Device rr1 Zone 1: Robot is stationary
2025-10-21 05:52:31,875 - device_data_handler - INFO - device_data_handler.py:376 - Device rr1 Zone 1: Robot is stationary
2025-10-21 05:52:32,121 - device_location_syncer - INFO - sync_device_locations.py:250 - Sync completed. No location updates needed.
2025-10-21 05:52:32,291 - device_data_handler - INFO - device_data_handler.py:376 - Device rr1 Zone 1: Robot is stationary
2025-10-21 05:52:32,337 - device_data_handler - INFO - device_data_handler.py:282 - Device rr1 Zone 1: Robot is stationary
2025-10-21 05:52:32,359 - device_data_handler - INFO - device_data_handler.py:376 - Device rr1 Zone 1: Robot is stationary
2025-10-21 05:52:32,843 - device_data_handler - INFO - device_data_handler.py:282 - Device rr1 Zone 1: Robot is stationary
2025-10-21 05:52:32,866 - device_data_handler - INFO - device_data_handler.py:376 - Device rr1 Zone 1: Robot is stationary
2025-10-21 05:52:33,898 - device_data_handler - INFO - device_data_handler.py:282 - Device rr1 Zone 1: Robot is stationary
2025-10-21 05:52:33,921 - device_data_handler - INFO - device_data_handler.py:376 - Device rr1 Zone 1: Robot is stationary
2025-10-21 05:52:34,870 - device_data_handler - INFO - device_data_handler.py:282 - Device rr1 Zone 1: Robot is stationary
2025-10-21 05:52:34,902 - device_data_handler - INFO - device_data_handler.py:376 - Device rr1 Zone 1: Robot is stationary
2025-10-21 05:52:35,898 - device_data_handler - INFO - device_data_handler.py:282 - Device rr1 Zone 1: Robot is stationary
2025-10-21 05:52:35,931 - device_data_handler - INFO - device_data_handler.py:376 - Device rr1 Zone 1: Robot is stationary
2025-10-21 05:52:36,866 - device_data_handler - INFO - device_data_handler.py:282 - Device rr1 Zone 1: Robot is stationary
2025-10-21 05:52:36,894 - device_data_handler - INFO - device_data_handler.py:376 - Device rr1 Zone 1: Robot is stationary
2025-10-21 05:52:37,314 - device_data_handler - INFO - device_data_handler.py:376 - Device rr1 Zone 1: Robot is stationary
2025-10-21 05:52:37,364 - device_data_handler - INFO - device_data_handler.py:282 - Device rr1 Zone 1: Robot is stationary
2025-10-21 05:52:37,387 - device_data_handler - INFO - device_data_handler.py:376 - Device rr1 Zone 1: Robot is stationary
2025-10-21 05:52:37,880 - device_data_handler - INFO - device_data_handler.py:282 - Device rr1 Zone 1: Robot is stationary
2025-10-21 05:52:37,907 - device_data_handler - INFO - device_data_handler.py:376 - Device rr1 Zone 1: Robot is stationary
2025-10-21 05:52:38,916 - device_data_handler - INFO - device_data_handler.py:282 - Device rr1 Zone 1: Robot is stationary
2025-10-21 05:52:38,951 - device_data_handler - INFO - device_data_handler.py:376 - Device rr1 Zone 1: Robot is stationary
2025-10-21 05:52:39,918 - device_data_handler - INFO - device_data_handler.py:282 - Device rr1 Zone 1: Robot is stationary
2025-10-21 05:52:39,951 - device_data_handler - INFO - device_data_handler.py:376 - Device rr1 Zone 1: Robot is stationary
2025-10-21 05:52:40,898 - device_data_handler - INFO - device_data_handler.py:282 - Device rr1 Zone 1: Robot is stationary
2025-10-21 05:52:40,927 - device_data_handler - INFO - device_data_handler.py:376 - Device rr1 Zone 1: Robot is stationary
2025-10-21 05:52:41,901 - device_data_handler - INFO - device_data_handler.py:282 - Device rr1 Zone 1: Robot is stationary
2025-10-21 05:52:41,997 - device_data_handler - INFO - device_data_handler.py:376 - Device rr1 Zone 1: Robot is stationary
2025-10-21 05:52:42,297 - device_data_handler - INFO - device_data_handler.py:376 - Device rr1 Zone 1: Robot is stationary
2025-10-21 05:52:42,348 - device_data_handler - INFO - device_data_handler.py:282 - Device rr1 Zone 1: Robot is stationary
2025-10-21 05:52:42,371 - device_data_handler - INFO - device_data_handler.py:376 - Device rr1 Zone 1: Robot is stationary
2025-10-21 05:52:42,909 - device_data_handler - INFO - device_data_handler.py:282 - Device rr1 Zone 1: Robot is stationary
2025-10-21 05:52:42,943 - device_data_handler - INFO - device_data_handler.py:376 - Device rr1 Zone 1: Robot is stationary
2025-10-21 05:52:43,912 - device_data_handler - INFO - device_data_handler.py:282 - Device rr1 Zone 1: Robot is stationary
2025-10-21 05:52:43,955 - device_data_handler - INFO - device_data_handler.py:376 - Device rr1 Zone 1: Robot is stationary
2025-10-21 05:52:44,906 - device_data_handler - INFO - device_data_handler.py:282 - Device rr1 Zone 1: Robot is stationary
2025-10-21 05:52:44,939 - device_data_handler - INFO - device_data_handler.py:376 - Device rr1 Zone 1: Robot is stationary
2025-10-21 05:52:45,909 - device_data_handler - INFO - device_data_handler.py:282 - Device rr1 Zone 1: Robot is stationary
2025-10-21 05:52:45,944 - device_data_handler - INFO - device_data_handler.py:376 - Device rr1 Zone 1: Robot is stationary
2025-10-21 05:52:46,930 - device_data_handler - INFO - device_data_handler.py:282 - Device rr1 Zone 1: Robot is stationary
2025-10-21 05:52:46,964 - device_data_handler - INFO - device_data_handler.py:376 - Device rr1 Zone 1: Robot is stationary
2025-10-21 05:52:47,337 - device_data_handler - INFO - device_data_handler.py:376 - Device rr1 Zone 1: Robot is stationary
2025-10-21 05:52:47,400 - device_data_handler - INFO - device_data_handler.py:282 - Device rr1 Zone 1: Robot is stationary
2025-10-21 05:52:47,440 - device_data_handler - INFO - device_data_handler.py:376 - Device rr1 Zone 1: Robot is stationary
2025-10-21 05:52:47,895 - device_data_handler - INFO - device_data_handler.py:282 - Device rr1 Zone 1: Robot is stationary
2025-10-21 05:52:47,922 - device_data_handler - INFO - device_data_handler.py:376 - Device rr1 Zone 1: Robot is stationary
2025-10-21 05:52:48,910 - device_data_handler - INFO - device_data_handler.py:282 - Device rr1 Zone 1: Robot is stationary
2025-10-21 05:52:48,944 - device_data_handler - INFO - device_data_handler.py:376 - Device rr1 Zone 1: Robot is stationary
2025-10-21 05:52:49,905 - device_data_handler - INFO - device_data_handler.py:282 - Device rr1 Zone 1: Robot is stationary
2025-10-21 05:52:49,932 - device_data_handler - INFO - device_data_handler.py:376 - Device rr1 Zone 1: Robot is stationary
2025-10-21 05:52:50,908 - device_data_handler - INFO - device_data_handler.py:282 - Device rr1 Zone 1: Robot is stationary
2025-10-21 05:52:50,948 - device_data_handler - INFO - device_data_handler.py:376 - Device rr1 Zone 1: Robot is stationary
2025-10-21 05:52:51,896 - device_data_handler - INFO - device_data_handler.py:282 - Device rr1 Zone 1: Robot is stationary
2025-10-21 05:52:51,975 - device_data_handler - INFO - device_data_handler.py:376 - Device rr1 Zone 1: Robot is stationary
2025-10-21 05:52:52,298 - device_data_handler - INFO - device_data_handler.py:376 - Device rr1 Zone 1: Robot is stationary
2025-10-21 05:52:52,340 - device_data_handler - INFO - device_data_handler.py:282 - Device rr1 Zone 1: Robot is stationary
2025-10-21 05:52:52,367 - device_data_handler - INFO - device_data_handler.py:376 - Device rr1 Zone 1: Robot is stationary
2025-10-21 05:52:52,899 - device_data_handler - INFO - device_data_handler.py:282 - Device rr1 Zone 1: Robot is stationary
2025-10-21 05:52:52,922 - device_data_handler - INFO - device_data_handler.py:376 - Device rr1 Zone 1: Robot is stationary
2025-10-21 05:52:53,895 - device_data_handler - INFO - device_data_handler.py:282 - Device rr1 Zone 1: Robot is stationary
2025-10-21 05:52:53,919 - device_data_handler - INFO - device_data_handler.py:376 - Device rr1 Zone 1: Robot is stationary
2025-10-21 05:52:54,895 - device_data_handler - INFO - device_data_handler.py:282 - Device rr1 Zone 1: Robot is stationary
2025-10-21 05:52:54,918 - device_data_handler - INFO - device_data_handler.py:376 - Device rr1 Zone 1: Robot is stationary
2025-10-21 05:52:55,897 - device_data_handler - INFO - device_data_handler.py:282 - Device rr1 Zone 1: Robot is stationary
2025-10-21 05:52:55,922 - device_data_handler - INFO - device_data_handler.py:376 - Device rr1 Zone 1: Robot is stationary
2025-10-21 05:52:56,899 - device_data_handler - INFO - device_data_handler.py:282 - Device rr1 Zone 1: Robot is stationary
2025-10-21 05:52:57,060 - device_data_handler - INFO - device_data_handler.py:376 - Device rr1 Zone 1: Robot is stationary
2025-10-21 05:52:57,291 - device_data_handler - INFO - device_data_handler.py:376 - Device rr1 Zone 1: Robot is stationary
2025-10-21 05:52:57,335 - device_data_handler - INFO - device_data_handler.py:282 - Device rr1 Zone 1: Robot is stationary
2025-10-21 05:52:57,364 - device_data_handler - INFO - device_data_handler.py:376 - Device rr1 Zone 1: Robot is stationary
2025-10-21 05:52:57,907 - device_data_handler - INFO - device_data_handler.py:282 - Device rr1 Zone 1: Robot is stationary
2025-10-21 05:52:57,941 - device_data_handler - INFO - device_data_handler.py:376 - Device rr1 Zone 1: Robot is stationary
2025-10-21 05:52:58,899 - device_data_handler - INFO - device_data_handler.py:282 - Device rr1 Zone 1: Robot is stationary
2025-10-21 05:52:58,923 - device_data_handler - INFO - device_data_handler.py:376 - Device rr1 Zone 1: Robot is stationary
2025-10-21 05:52:59,896 - device_data_handler - INFO - device_data_handler.py:282 - Device rr1 Zone 1: Robot is stationary
2025-10-21 05:52:59,922 - device_data_handler - INFO - device_data_handler.py:376 - Device rr1 Zone 1: Robot is stationary
2025-10-21 05:53:00,905 - device_data_handler - INFO - device_data_handler.py:282 - Device rr1 Zone 1: Robot is stationary
2025-10-21 05:53:00,934 - device_data_handler - INFO - device_data_handler.py:376 - Device rr1 Zone 1: Robot is stationary
2025-10-21 05:53:00,950 - device_list - INFO - device_list.py:316 - Refreshing device data...
2025-10-21 05:53:00,985 - device_list - INFO - device_list.py:336 - Loaded 4 devices from CSV
2025-10-21 05:53:01,903 - device_data_handler - INFO - device_data_handler.py:282 - Device rr1 Zone 1: Robot is stationary
2025-10-21 05:53:01,930 - device_data_handler - INFO - device_data_handler.py:376 - Device rr1 Zone 1: Robot is stationary
2025-10-21 05:53:04,134 - api_client - WARNING - client.py:80 - Request attempt 1 failed: HTTPConnectionPool(host='127.0.0.1', port=8000): Max retries exceeded with url: /api/ (Caused by NewConnectionError('<urllib3.connection.HTTPConnection object at 0x000001C784A4E9C0>: Failed to establish a new connection: [WinError 10061] No connection could be made because the target machine actively refused it'))
2025-10-21 05:53:06,176 - api_client - WARNING - client.py:80 - Request attempt 2 failed: HTTPConnectionPool(host='127.0.0.1', port=8000): Max retries exceeded with url: /api/ (Caused by NewConnectionError('<urllib3.connection.HTTPConnection object at 0x000001C784A4E8B0>: Failed to establish a new connection: [WinError 10061] No connection could be made because the target machine actively refused it'))
2025-10-21 05:53:08,222 - api_client - WARNING - client.py:80 - Request attempt 3 failed: HTTPConnectionPool(host='127.0.0.1', port=8000): Max retries exceeded with url: /api/ (Caused by NewConnectionError('<urllib3.connection.HTTPConnection object at 0x000001C784A4F130>: Failed to establish a new connection: [WinError 10061] No connection could be made because the target machine actively refused it'))
2025-10-21 05:53:08,225 - device_location_syncer - INFO - sync_device_locations.py:250 - Sync completed. No location updates needed.
2025-10-21 05:53:08,250 - device_data_handler - INFO - device_data_handler.py:376 - Device rr1 Zone 1: Robot is stationary
2025-10-21 05:53:08,298 - device_data_handler - INFO - device_data_handler.py:282 - Device rr1 Zone 1: Robot is stationary
2025-10-21 05:53:08,330 - device_data_handler - INFO - device_data_handler.py:376 - Device rr1 Zone 1: Robot is stationary
2025-10-21 05:53:08,440 - device_data_handler - INFO - device_data_handler.py:282 - Device rr1 Zone 1: Robot is stationary
2025-10-21 05:53:08,476 - device_data_handler - INFO - device_data_handler.py:376 - Device rr1 Zone 1: Robot is stationary
2025-10-21 05:53:08,899 - device_data_handler - INFO - device_data_handler.py:282 - Device rr1 Zone 1: Robot is stationary
2025-10-21 05:53:08,925 - device_data_handler - INFO - device_data_handler.py:376 - Device rr1 Zone 1: Robot is stationary
2025-10-21 05:53:09,913 - device_data_handler - INFO - device_data_handler.py:282 - Device rr1 Zone 1: Robot is stationary
2025-10-21 05:53:09,953 - device_data_handler - INFO - device_data_handler.py:376 - Device rr1 Zone 1: Robot is stationary
2025-10-21 05:53:10,907 - device_data_handler - INFO - device_data_handler.py:282 - Device rr1 Zone 1: Robot is stationary
2025-10-21 05:53:10,938 - device_data_handler - INFO - device_data_handler.py:376 - Device rr1 Zone 1: Robot is stationary
2025-10-21 05:53:11,939 - device_data_handler - INFO - device_data_handler.py:282 - Device rr1 Zone 1: Robot is stationary
2025-10-21 05:53:11,988 - device_data_handler - INFO - device_data_handler.py:376 - Device rr1 Zone 1: Robot is stationary
2025-10-21 05:53:12,311 - device_data_handler - INFO - device_data_handler.py:376 - Device rr1 Zone 1: Robot is stationary
2025-10-21 05:53:12,368 - device_data_handler - INFO - device_data_handler.py:282 - Device rr1 Zone 1: Robot is stationary
2025-10-21 05:53:12,397 - device_data_handler - INFO - device_data_handler.py:376 - Device rr1 Zone 1: Robot is stationary
2025-10-21 05:53:12,979 - device_data_handler - INFO - device_data_handler.py:282 - Device rr1 Zone 1: Robot is stationary
2025-10-21 05:53:13,020 - device_data_handler - INFO - device_data_handler.py:376 - Device rr1 Zone 1: Robot is stationary
2025-10-21 05:53:13,925 - device_data_handler - INFO - device_data_handler.py:282 - Device rr1 Zone 1: Robot is stationary
2025-10-21 05:53:13,948 - device_data_handler - INFO - device_data_handler.py:376 - Device rr1 Zone 1: Robot is stationary
2025-10-21 05:53:14,925 - device_data_handler - INFO - device_data_handler.py:282 - Device rr1 Zone 1: Robot is stationary
2025-10-21 05:53:14,964 - device_data_handler - INFO - device_data_handler.py:376 - Device rr1 Zone 1: Robot is stationary
2025-10-21 05:53:15,932 - device_data_handler - INFO - device_data_handler.py:282 - Device rr1 Zone 1: Robot is stationary
2025-10-21 05:53:15,962 - device_data_handler - INFO - device_data_handler.py:376 - Device rr1 Zone 1: Robot is stationary
2025-10-21 05:53:16,925 - device_data_handler - INFO - device_data_handler.py:282 - Device rr1 Zone 1: Robot is stationary
2025-10-21 05:53:16,953 - device_data_handler - INFO - device_data_handler.py:376 - Device rr1 Zone 1: Robot is stationary
2025-10-21 05:53:17,299 - device_data_handler - INFO - device_data_handler.py:376 - Device rr1 Zone 1: Robot is stationary
2025-10-21 05:53:17,345 - device_data_handler - INFO - device_data_handler.py:282 - Device rr1 Zone 1: Robot is stationary
2025-10-21 05:53:17,368 - device_data_handler - INFO - device_data_handler.py:376 - Device rr1 Zone 1: Robot is stationary
2025-10-21 05:53:17,937 - device_data_handler - INFO - device_data_handler.py:282 - Device rr1 Zone 1: Robot is stationary
2025-10-21 05:53:17,970 - device_data_handler - INFO - device_data_handler.py:376 - Device rr1 Zone 1: Robot is stationary
2025-10-21 05:53:18,937 - device_data_handler - INFO - device_data_handler.py:282 - Device rr1 Zone 1: Robot is stationary
2025-10-21 05:53:18,965 - device_data_handler - INFO - device_data_handler.py:376 - Device rr1 Zone 1: Robot is stationary
2025-10-21 05:53:19,966 - device_data_handler - INFO - device_data_handler.py:282 - Device rr1 Zone 1: Robot is stationary
2025-10-21 05:53:20,040 - device_data_handler - INFO - device_data_handler.py:376 - Device rr1 Zone 1: Robot is stationary
2025-10-21 05:53:20,963 - device_data_handler - INFO - device_data_handler.py:282 - Device rr1 Zone 1: Robot is stationary
2025-10-21 05:53:21,011 - device_data_handler - INFO - device_data_handler.py:376 - Device rr1 Zone 1: Robot is stationary
2025-10-21 05:53:21,929 - device_data_handler - INFO - device_data_handler.py:282 - Device rr1 Zone 1: Robot is stationary
2025-10-21 05:53:21,953 - device_data_handler - INFO - device_data_handler.py:376 - Device rr1 Zone 1: Robot is stationary
2025-10-21 05:53:22,294 - device_data_handler - INFO - device_data_handler.py:376 - Device rr1 Zone 1: Robot is stationary
2025-10-21 05:53:22,338 - device_data_handler - INFO - device_data_handler.py:282 - Device rr1 Zone 1: Robot is stationary
2025-10-21 05:53:22,362 - device_data_handler - INFO - device_data_handler.py:376 - Device rr1 Zone 1: Robot is stationary
2025-10-21 05:53:22,955 - device_data_handler - INFO - device_data_handler.py:282 - Device rr1 Zone 1: Robot is stationary
2025-10-21 05:53:22,992 - device_data_handler - INFO - device_data_handler.py:376 - Device rr1 Zone 1: Robot is stationary
2025-10-21 05:53:23,942 - device_data_handler - INFO - device_data_handler.py:282 - Device rr1 Zone 1: Robot is stationary
2025-10-21 05:53:23,987 - device_data_handler - INFO - device_data_handler.py:376 - Device rr1 Zone 1: Robot is stationary
2025-10-21 05:53:24,924 - device_data_handler - INFO - device_data_handler.py:282 - Device rr1 Zone 1: Robot is stationary
2025-10-21 05:53:24,950 - device_data_handler - INFO - device_data_handler.py:376 - Device rr1 Zone 1: Robot is stationary
2025-10-21 05:53:25,943 - device_data_handler - INFO - device_data_handler.py:282 - Device rr1 Zone 1: Robot is stationary
2025-10-21 05:53:25,982 - device_data_handler - INFO - device_data_handler.py:376 - Device rr1 Zone 1: Robot is stationary
2025-10-21 05:53:26,942 - device_data_handler - INFO - device_data_handler.py:282 - Device rr1 Zone 1: Robot is stationary
2025-10-21 05:53:26,969 - device_data_handler - INFO - device_data_handler.py:376 - Device rr1 Zone 1: Robot is stationary
2025-10-21 05:53:27,295 - device_data_handler - INFO - device_data_handler.py:376 - Device rr1 Zone 1: Robot is stationary
2025-10-21 05:53:27,339 - device_data_handler - INFO - device_data_handler.py:282 - Device rr1 Zone 1: Robot is stationary
2025-10-21 05:53:27,360 - device_data_handler - INFO - device_data_handler.py:376 - Device rr1 Zone 1: Robot is stationary
2025-10-21 05:53:27,929 - device_data_handler - INFO - device_data_handler.py:282 - Device rr1 Zone 1: Robot is stationary
2025-10-21 05:53:27,951 - device_data_handler - INFO - device_data_handler.py:376 - Device rr1 Zone 1: Robot is stationary
2025-10-21 05:53:28,936 - device_data_handler - INFO - device_data_handler.py:282 - Device rr1 Zone 1: Robot is stationary
2025-10-21 05:53:28,961 - device_data_handler - INFO - device_data_handler.py:376 - Device rr1 Zone 1: Robot is stationary
2025-10-21 05:53:29,930 - device_data_handler - INFO - device_data_handler.py:282 - Device rr1 Zone 1: Robot is stationary
2025-10-21 05:53:29,951 - device_data_handler - INFO - device_data_handler.py:376 - Device rr1 Zone 1: Robot is stationary
2025-10-21 05:53:30,932 - device_data_handler - INFO - device_data_handler.py:282 - Device rr1 Zone 1: Robot is stationary
2025-10-21 05:53:30,957 - device_data_handler - INFO - device_data_handler.py:376 - Device rr1 Zone 1: Robot is stationary
2025-10-21 05:53:30,972 - device_list - INFO - device_list.py:316 - Refreshing device data...
2025-10-21 05:53:31,007 - device_list - INFO - device_list.py:336 - Loaded 4 devices from CSV
2025-10-21 05:53:31,950 - device_data_handler - INFO - device_data_handler.py:282 - Device rr1 Zone 1: Robot is stationary
2025-10-21 05:53:31,972 - device_data_handler - INFO - device_data_handler.py:376 - Device rr1 Zone 1: Robot is stationary
2025-10-21 05:53:32,135 - device_location_syncer - INFO - sync_device_locations.py:250 - Sync completed. No location updates needed.
2025-10-21 05:53:32,317 - device_data_handler - INFO - device_data_handler.py:376 - Device rr1 Zone 1: Robot is stationary
2025-10-21 05:53:32,388 - device_data_handler - INFO - device_data_handler.py:282 - Device rr1 Zone 1: Robot is stationary
2025-10-21 05:53:32,421 - device_data_handler - INFO - device_data_handler.py:376 - Device rr1 Zone 1: Robot is stationary
2025-10-21 05:53:32,929 - device_data_handler - INFO - device_data_handler.py:282 - Device rr1 Zone 1: Robot is stationary
2025-10-21 05:53:32,958 - device_data_handler - INFO - device_data_handler.py:376 - Device rr1 Zone 1: Robot is stationary
2025-10-21 05:53:34,021 - device_data_handler - INFO - device_data_handler.py:282 - Device rr1 Zone 1: Robot is stationary
2025-10-21 05:53:34,133 - device_data_handler - INFO - device_data_handler.py:376 - Device rr1 Zone 1: Robot is stationary
2025-10-21 05:53:34,923 - device_data_handler - INFO - device_data_handler.py:282 - Device rr1 Zone 1: Robot is stationary
2025-10-21 05:53:34,949 - device_data_handler - INFO - device_data_handler.py:376 - Device rr1 Zone 1: Robot is stationary
2025-10-21 05:53:35,935 - device_data_handler - INFO - device_data_handler.py:282 - Device rr1 Zone 1: Robot is stationary
2025-10-21 05:53:35,958 - device_data_handler - INFO - device_data_handler.py:376 - Device rr1 Zone 1: Robot is stationary
2025-10-21 05:53:36,924 - device_data_handler - INFO - device_data_handler.py:282 - Device rr1 Zone 1: Robot is stationary
2025-10-21 05:53:36,948 - device_data_handler - INFO - device_data_handler.py:376 - Device rr1 Zone 1: Robot is stationary
2025-10-21 05:53:37,303 - device_data_handler - INFO - device_data_handler.py:376 - Device rr1 Zone 1: Robot is stationary
2025-10-21 05:53:37,353 - device_data_handler - INFO - device_data_handler.py:282 - Device rr1 Zone 1: Robot is stationary
2025-10-21 05:53:37,377 - device_data_handler - INFO - device_data_handler.py:376 - Device rr1 Zone 1: Robot is stationary
2025-10-21 05:53:37,950 - device_data_handler - INFO - device_data_handler.py:282 - Device rr1 Zone 1: Robot is stationary
2025-10-21 05:53:37,983 - device_data_handler - INFO - device_data_handler.py:376 - Device rr1 Zone 1: Robot is stationary
2025-10-21 05:53:38,943 - device_data_handler - INFO - device_data_handler.py:282 - Device rr1 Zone 1: Robot is stationary
2025-10-21 05:53:38,969 - device_data_handler - INFO - device_data_handler.py:376 - Device rr1 Zone 1: Robot is stationary
2025-10-21 05:53:39,938 - device_data_handler - INFO - device_data_handler.py:282 - Device rr1 Zone 1: Robot is stationary
2025-10-21 05:53:39,963 - device_data_handler - INFO - device_data_handler.py:376 - Device rr1 Zone 1: Robot is stationary
2025-10-21 05:53:40,962 - device_data_handler - INFO - device_data_handler.py:282 - Device rr1 Zone 1: Robot is stationary
2025-10-21 05:53:41,006 - device_data_handler - INFO - device_data_handler.py:376 - Device rr1 Zone 1: Robot is stationary
2025-10-21 05:53:41,935 - device_data_handler - INFO - device_data_handler.py:282 - Device rr1 Zone 1: Robot is stationary
2025-10-21 05:53:41,969 - device_data_handler - INFO - device_data_handler.py:376 - Device rr1 Zone 1: Robot is stationary
2025-10-21 05:53:42,313 - device_data_handler - INFO - device_data_handler.py:376 - Device rr1 Zone 1: Robot is stationary
2025-10-21 05:53:42,391 - device_data_handler - INFO - device_data_handler.py:282 - Device rr1 Zone 1: Robot is stationary
2025-10-21 05:53:42,431 - device_data_handler - INFO - device_data_handler.py:376 - Device rr1 Zone 1: Robot is stationary
2025-10-21 05:53:43,016 - device_data_handler - INFO - device_data_handler.py:282 - Device rr1 Zone 1: Robot is stationary
2025-10-21 05:53:43,055 - device_data_handler - INFO - device_data_handler.py:376 - Device rr1 Zone 1: Robot is stationary
2025-10-21 05:53:43,954 - device_data_handler - INFO - device_data_handler.py:282 - Device rr1 Zone 1: Robot is stationary
2025-10-21 05:53:43,993 - device_data_handler - INFO - device_data_handler.py:376 - Device rr1 Zone 1: Robot is stationary
2025-10-21 05:53:44,922 - device_data_handler - INFO - device_data_handler.py:282 - Device rr1 Zone 1: Robot is stationary
2025-10-21 05:53:44,953 - device_data_handler - INFO - device_data_handler.py:376 - Device rr1 Zone 1: Robot is stationary
2025-10-21 05:53:45,925 - device_data_handler - INFO - device_data_handler.py:282 - Device rr1 Zone 1: Robot is stationary
2025-10-21 05:53:45,950 - device_data_handler - INFO - device_data_handler.py:376 - Device rr1 Zone 1: Robot is stationary
2025-10-21 05:53:46,950 - device_data_handler - INFO - device_data_handler.py:282 - Device rr1 Zone 1: Robot is stationary
2025-10-21 05:53:46,988 - device_data_handler - INFO - device_data_handler.py:376 - Device rr1 Zone 1: Robot is stationary
2025-10-21 05:53:47,305 - device_data_handler - INFO - device_data_handler.py:376 - Device rr1 Zone 1: Robot is stationary
2025-10-21 05:53:47,363 - device_data_handler - INFO - device_data_handler.py:282 - Device rr1 Zone 1: Robot is stationary
2025-10-21 05:53:47,392 - device_data_handler - INFO - device_data_handler.py:376 - Device rr1 Zone 1: Robot is stationary
2025-10-21 05:53:47,939 - device_data_handler - INFO - device_data_handler.py:282 - Device rr1 Zone 1: Robot is stationary
2025-10-21 05:53:47,983 - device_data_handler - INFO - device_data_handler.py:376 - Device rr1 Zone 1: Robot is stationary
2025-10-21 05:53:48,993 - device_data_handler - INFO - device_data_handler.py:282 - Device rr1 Zone 1: Robot is stationary
2025-10-21 05:53:49,039 - device_data_handler - INFO - device_data_handler.py:376 - Device rr1 Zone 1: Robot is stationary
2025-10-21 05:53:49,961 - device_data_handler - INFO - device_data_handler.py:282 - Device rr1 Zone 1: Robot is stationary
2025-10-21 05:53:50,005 - device_data_handler - INFO - device_data_handler.py:376 - Device rr1 Zone 1: Robot is stationary
2025-10-21 05:53:50,927 - device_data_handler - INFO - device_data_handler.py:282 - Device rr1 Zone 1: Robot is stationary
2025-10-21 05:53:50,964 - device_data_handler - INFO - device_data_handler.py:376 - Device rr1 Zone 1: Robot is stationary
2025-10-21 05:53:51,934 - device_data_handler - INFO - device_data_handler.py:282 - Device rr1 Zone 1: Robot is stationary
2025-10-21 05:53:51,959 - device_data_handler - INFO - device_data_handler.py:376 - Device rr1 Zone 1: Robot is stationary
2025-10-21 05:53:52,295 - device_data_handler - INFO - device_data_handler.py:376 - Device rr1 Zone 1: Robot is stationary
2025-10-21 05:53:52,339 - device_data_handler - INFO - device_data_handler.py:282 - Device rr1 Zone 1: Robot is stationary
2025-10-21 05:53:52,362 - device_data_handler - INFO - device_data_handler.py:376 - Device rr1 Zone 1: Robot is stationary
2025-10-21 05:53:52,949 - device_data_handler - INFO - device_data_handler.py:282 - Device rr1 Zone 1: Robot is stationary
2025-10-21 05:53:52,997 - device_data_handler - INFO - device_data_handler.py:376 - Device rr1 Zone 1: Robot is stationary
2025-10-21 05:53:54,113 - device_data_handler - INFO - device_data_handler.py:282 - Device rr1 Zone 1: Robot is stationary
2025-10-21 05:53:54,161 - device_data_handler - INFO - device_data_handler.py:376 - Device rr1 Zone 1: Robot is stationary
2025-10-21 05:53:54,937 - device_data_handler - INFO - device_data_handler.py:282 - Device rr1 Zone 1: Robot is stationary
2025-10-21 05:53:54,964 - device_data_handler - INFO - device_data_handler.py:376 - Device rr1 Zone 1: Robot is stationary
2025-10-21 05:53:55,936 - device_data_handler - INFO - device_data_handler.py:282 - Device rr1 Zone 1: Robot is stationary
2025-10-21 05:53:55,967 - device_data_handler - INFO - device_data_handler.py:376 - Device rr1 Zone 1: Robot is stationary
2025-10-21 05:53:56,996 - device_data_handler - INFO - device_data_handler.py:282 - Device rr1 Zone 1: Robot is stationary
2025-10-21 05:53:57,060 - device_data_handler - INFO - device_data_handler.py:376 - Device rr1 Zone 1: Robot is stationary
2025-10-21 05:53:57,312 - device_data_handler - INFO - device_data_handler.py:376 - Device rr1 Zone 1: Robot is stationary
2025-10-21 05:53:57,577 - device_data_handler - INFO - device_data_handler.py:282 - Device rr1 Zone 1: Robot is stationary
2025-10-21 05:53:57,653 - device_data_handler - INFO - device_data_handler.py:376 - Device rr1 Zone 1: Robot is stationary
2025-10-21 05:53:57,951 - device_data_handler - INFO - device_data_handler.py:282 - Device rr1 Zone 1: Robot is stationary
2025-10-21 05:53:57,989 - device_data_handler - INFO - device_data_handler.py:376 - Device rr1 Zone 1: Robot is stationary
2025-10-21 05:53:58,943 - device_data_handler - INFO - device_data_handler.py:282 - Device rr1 Zone 1: Robot is stationary
2025-10-21 05:53:58,977 - device_data_handler - INFO - device_data_handler.py:376 - Device rr1 Zone 1: Robot is stationary
2025-10-21 05:53:59,943 - device_data_handler - INFO - device_data_handler.py:282 - Device rr1 Zone 1: Robot is stationary
2025-10-21 05:53:59,969 - device_data_handler - INFO - device_data_handler.py:376 - Device rr1 Zone 1: Robot is stationary
2025-10-21 05:54:00,928 - device_data_handler - INFO - device_data_handler.py:282 - Device rr1 Zone 1: Robot is stationary
2025-10-21 05:54:00,958 - device_data_handler - INFO - device_data_handler.py:376 - Device rr1 Zone 1: Robot is stationary
2025-10-21 05:54:00,974 - device_list - INFO - device_list.py:316 - Refreshing device data...
2025-10-21 05:54:01,006 - device_list - INFO - device_list.py:336 - Loaded 4 devices from CSV
2025-10-21 05:54:01,930 - device_data_handler - INFO - device_data_handler.py:282 - Device rr1 Zone 1: Robot is stationary
2025-10-21 05:54:01,954 - device_data_handler - INFO - device_data_handler.py:376 - Device rr1 Zone 1: Robot is stationary
2025-10-21 05:54:04,149 - api_client - WARNING - client.py:80 - Request attempt 1 failed: HTTPConnectionPool(host='127.0.0.1', port=8000): Max retries exceeded with url: /api/ (Caused by NewConnectionError('<urllib3.connection.HTTPConnection object at 0x000001C784A4CAF0>: Failed to establish a new connection: [WinError 10061] No connection could be made because the target machine actively refused it'))
2025-10-21 05:54:06,195 - api_client - WARNING - client.py:80 - Request attempt 2 failed: HTTPConnectionPool(host='127.0.0.1', port=8000): Max retries exceeded with url: /api/ (Caused by NewConnectionError('<urllib3.connection.HTTPConnection object at 0x000001C784A4E8B0>: Failed to establish a new connection: [WinError 10061] No connection could be made because the target machine actively refused it'))
2025-10-21 05:54:08,225 - api_client - WARNING - client.py:80 - Request attempt 3 failed: HTTPConnectionPool(host='127.0.0.1', port=8000): Max retries exceeded with url: /api/ (Caused by NewConnectionError('<urllib3.connection.HTTPConnection object at 0x000001C784A4E9C0>: Failed to establish a new connection: [WinError 10061] No connection could be made because the target machine actively refused it'))
2025-10-21 05:54:08,228 - device_location_syncer - INFO - sync_device_locations.py:250 - Sync completed. No location updates needed.
2025-10-21 05:54:08,248 - device_data_handler - INFO - device_data_handler.py:376 - Device rr1 Zone 1: Robot is stationary
2025-10-21 05:54:08,292 - device_data_handler - INFO - device_data_handler.py:282 - Device rr1 Zone 1: Robot is stationary
2025-10-21 05:54:08,317 - device_data_handler - INFO - device_data_handler.py:376 - Device rr1 Zone 1: Robot is stationary
2025-10-21 05:54:08,397 - device_data_handler - INFO - device_data_handler.py:282 - Device rr1 Zone 1: Robot is stationary
2025-10-21 05:54:08,425 - device_data_handler - INFO - device_data_handler.py:376 - Device rr1 Zone 1: Robot is stationary
2025-10-21 05:54:09,007 - device_data_handler - INFO - device_data_handler.py:282 - Device rr1 Zone 1: Robot is stationary
2025-10-21 05:54:09,086 - device_data_handler - INFO - device_data_handler.py:376 - Device rr1 Zone 1: Robot is stationary
2025-10-21 05:54:09,962 - device_data_handler - INFO - device_data_handler.py:282 - Device rr1 Zone 1: Robot is stationary
2025-10-21 05:54:09,987 - device_data_handler - INFO - device_data_handler.py:376 - Device rr1 Zone 1: Robot is stationary
2025-10-21 05:54:10,957 - device_data_handler - INFO - device_data_handler.py:282 - Device rr1 Zone 1: Robot is stationary
2025-10-21 05:54:11,004 - device_data_handler - INFO - device_data_handler.py:376 - Device rr1 Zone 1: Robot is stationary
2025-10-21 05:54:11,934 - device_data_handler - INFO - device_data_handler.py:282 - Device rr1 Zone 1: Robot is stationary
2025-10-21 05:54:11,959 - device_data_handler - INFO - device_data_handler.py:376 - Device rr1 Zone 1: Robot is stationary
2025-10-21 05:54:12,299 - device_data_handler - INFO - device_data_handler.py:376 - Device rr1 Zone 1: Robot is stationary
2025-10-21 05:54:12,340 - device_data_handler - INFO - device_data_handler.py:282 - Device rr1 Zone 1: Robot is stationary
2025-10-21 05:54:12,362 - device_data_handler - INFO - device_data_handler.py:376 - Device rr1 Zone 1: Robot is stationary
2025-10-21 05:54:12,945 - device_data_handler - INFO - device_data_handler.py:282 - Device rr1 Zone 1: Robot is stationary
2025-10-21 05:54:12,975 - device_data_handler - INFO - device_data_handler.py:376 - Device rr1 Zone 1: Robot is stationary
2025-10-21 05:54:13,948 - device_data_handler - INFO - device_data_handler.py:282 - Device rr1 Zone 1: Robot is stationary
2025-10-21 05:54:13,981 - device_data_handler - INFO - device_data_handler.py:376 - Device rr1 Zone 1: Robot is stationary
2025-10-21 05:54:14,924 - device_data_handler - INFO - device_data_handler.py:282 - Device rr1 Zone 1: Robot is stationary
2025-10-21 05:54:14,960 - device_data_handler - INFO - device_data_handler.py:376 - Device rr1 Zone 1: Robot is stationary
2025-10-21 05:54:15,937 - device_data_handler - INFO - device_data_handler.py:282 - Device rr1 Zone 1: Robot is stationary
2025-10-21 05:54:15,965 - device_data_handler - INFO - device_data_handler.py:376 - Device rr1 Zone 1: Robot is stationary
2025-10-21 05:54:16,923 - device_data_handler - INFO - device_data_handler.py:282 - Device rr1 Zone 1: Robot is stationary
2025-10-21 05:54:16,948 - device_data_handler - INFO - device_data_handler.py:376 - Device rr1 Zone 1: Robot is stationary
2025-10-21 05:54:17,319 - device_data_handler - INFO - device_data_handler.py:376 - Device rr1 Zone 1: Robot is stationary
2025-10-21 05:54:17,385 - device_data_handler - INFO - device_data_handler.py:282 - Device rr1 Zone 1: Robot is stationary
2025-10-21 05:54:17,417 - device_data_handler - INFO - device_data_handler.py:376 - Device rr1 Zone 1: Robot is stationary
2025-10-21 05:54:17,943 - device_data_handler - INFO - device_data_handler.py:282 - Device rr1 Zone 1: Robot is stationary
2025-10-21 05:54:17,983 - device_data_handler - INFO - device_data_handler.py:376 - Device rr1 Zone 1: Robot is stationary
2025-10-21 05:54:18,958 - device_data_handler - INFO - device_data_handler.py:282 - Device rr1 Zone 1: Robot is stationary
2025-10-21 05:54:19,005 - device_data_handler - INFO - device_data_handler.py:376 - Device rr1 Zone 1: Robot is stationary
2025-10-21 05:54:20,002 - device_data_handler - INFO - device_data_handler.py:282 - Device rr1 Zone 1: Robot is stationary
2025-10-21 05:54:20,051 - device_data_handler - INFO - device_data_handler.py:376 - Device rr1 Zone 1: Robot is stationary
2025-10-21 05:54:21,003 - device_data_handler - INFO - device_data_handler.py:282 - Device rr1 Zone 1: Robot is stationary
2025-10-21 05:54:21,037 - device_data_handler - INFO - device_data_handler.py:376 - Device rr1 Zone 1: Robot is stationary
2025-10-21 05:54:21,926 - device_data_handler - INFO - device_data_handler.py:282 - Device rr1 Zone 1: Robot is stationary
2025-10-21 05:54:21,950 - device_data_handler - INFO - device_data_handler.py:376 - Device rr1 Zone 1: Robot is stationary
2025-10-21 05:54:22,314 - device_data_handler - INFO - device_data_handler.py:376 - Device rr1 Zone 1: Robot is stationary
2025-10-21 05:54:22,379 - device_data_handler - INFO - device_data_handler.py:282 - Device rr1 Zone 1: Robot is stationary
2025-10-21 05:54:22,427 - device_data_handler - INFO - device_data_handler.py:376 - Device rr1 Zone 1: Robot is stationary
2025-10-21 05:54:22,934 - device_data_handler - INFO - device_data_handler.py:282 - Device rr1 Zone 1: Robot is stationary
2025-10-21 05:54:22,988 - device_data_handler - INFO - device_data_handler.py:376 - Device rr1 Zone 1: Robot is stationary
2025-10-21 05:54:23,930 - device_data_handler - INFO - device_data_handler.py:282 - Device rr1 Zone 1: Robot is stationary
2025-10-21 05:54:23,955 - device_data_handler - INFO - device_data_handler.py:376 - Device rr1 Zone 1: Robot is stationary
2025-10-21 05:54:24,944 - device_data_handler - INFO - device_data_handler.py:282 - Device rr1 Zone 1: Robot is stationary
2025-10-21 05:54:24,982 - device_data_handler - INFO - device_data_handler.py:376 - Device rr1 Zone 1: Robot is stationary
2025-10-21 05:54:25,924 - device_data_handler - INFO - device_data_handler.py:282 - Device rr1 Zone 1: Robot is stationary
2025-10-21 05:54:25,947 - device_data_handler - INFO - device_data_handler.py:376 - Device rr1 Zone 1: Robot is stationary
2025-10-21 05:54:26,940 - device_data_handler - INFO - device_data_handler.py:282 - Device rr1 Zone 1: Robot is stationary
2025-10-21 05:54:26,972 - device_data_handler - INFO - device_data_handler.py:376 - Device rr1 Zone 1: Robot is stationary
2025-10-21 05:54:27,299 - device_data_handler - INFO - device_data_handler.py:376 - Device rr1 Zone 1: Robot is stationary
2025-10-21 05:54:27,348 - device_data_handler - INFO - device_data_handler.py:282 - Device rr1 Zone 1: Robot is stationary
2025-10-21 05:54:27,374 - device_data_handler - INFO - device_data_handler.py:376 - Device rr1 Zone 1: Robot is stationary
2025-10-21 05:54:27,922 - device_data_handler - INFO - device_data_handler.py:282 - Device rr1 Zone 1: Robot is stationary
2025-10-21 05:54:27,944 - device_data_handler - INFO - device_data_handler.py:376 - Device rr1 Zone 1: Robot is stationary
2025-10-21 05:54:28,931 - device_data_handler - INFO - device_data_handler.py:282 - Device rr1 Zone 1: Robot is stationary
2025-10-21 05:54:28,967 - device_data_handler - INFO - device_data_handler.py:376 - Device rr1 Zone 1: Robot is stationary
2025-10-21 05:54:29,928 - device_data_handler - INFO - device_data_handler.py:282 - Device rr1 Zone 1: Robot is stationary
2025-10-21 05:54:29,950 - device_data_handler - INFO - device_data_handler.py:376 - Device rr1 Zone 1: Robot is stationary
2025-10-21 05:54:30,925 - device_data_handler - INFO - device_data_handler.py:282 - Device rr1 Zone 1: Robot is stationary
2025-10-21 05:54:30,949 - device_data_handler - INFO - device_data_handler.py:376 - Device rr1 Zone 1: Robot is stationary
2025-10-21 05:54:30,964 - device_list - INFO - device_list.py:316 - Refreshing device data...
2025-10-21 05:54:30,997 - device_list - INFO - device_list.py:336 - Loaded 4 devices from CSV
2025-10-21 05:54:31,950 - device_data_handler - INFO - device_data_handler.py:282 - Device rr1 Zone 1: Robot is stationary
2025-10-21 05:54:31,978 - device_data_handler - INFO - device_data_handler.py:376 - Device rr1 Zone 1: Robot is stationary
2025-10-21 05:54:32,138 - device_location_syncer - INFO - sync_device_locations.py:250 - Sync completed. No location updates needed.
2025-10-21 05:54:32,324 - device_data_handler - INFO - device_data_handler.py:376 - Device rr1 Zone 1: Robot is stationary
2025-10-21 05:54:32,386 - device_data_handler - INFO - device_data_handler.py:282 - Device rr1 Zone 1: Robot is stationary
2025-10-21 05:54:32,413 - device_data_handler - INFO - device_data_handler.py:376 - Device rr1 Zone 1: Robot is stationary
2025-10-21 05:54:32,923 - device_data_handler - INFO - device_data_handler.py:282 - Device rr1 Zone 1: Robot is stationary
2025-10-21 05:54:32,948 - device_data_handler - INFO - device_data_handler.py:376 - Device rr1 Zone 1: Robot is stationary
2025-10-21 05:54:33,925 - device_data_handler - INFO - device_data_handler.py:282 - Device rr1 Zone 1: Robot is stationary
2025-10-21 05:54:33,949 - device_data_handler - INFO - device_data_handler.py:376 - Device rr1 Zone 1: Robot is stationary
2025-10-21 05:54:34,955 - device_data_handler - INFO - device_data_handler.py:282 - Device rr1 Zone 1: Robot is stationary
2025-10-21 05:54:34,994 - device_data_handler - INFO - device_data_handler.py:376 - Device rr1 Zone 1: Robot is stationary
2025-10-21 05:54:35,930 - device_data_handler - INFO - device_data_handler.py:282 - Device rr1 Zone 1: Robot is stationary
2025-10-21 05:54:35,956 - device_data_handler - INFO - device_data_handler.py:376 - Device rr1 Zone 1: Robot is stationary
2025-10-21 05:54:36,943 - device_data_handler - INFO - device_data_handler.py:282 - Device rr1 Zone 1: Robot is stationary
2025-10-21 05:54:36,970 - device_data_handler - INFO - device_data_handler.py:376 - Device rr1 Zone 1: Robot is stationary
2025-10-21 05:54:37,313 - device_data_handler - INFO - device_data_handler.py:376 - Device rr1 Zone 1: Robot is stationary
2025-10-21 05:54:37,357 - device_data_handler - INFO - device_data_handler.py:282 - Device rr1 Zone 1: Robot is stationary
2025-10-21 05:54:37,380 - device_data_handler - INFO - device_data_handler.py:376 - Device rr1 Zone 1: Robot is stationary
2025-10-21 05:54:37,969 - device_data_handler - INFO - device_data_handler.py:282 - Device rr1 Zone 1: Robot is stationary
2025-10-21 05:54:37,995 - device_data_handler - INFO - device_data_handler.py:376 - Device rr1 Zone 1: Robot is stationary
2025-10-21 05:54:38,965 - device_data_handler - INFO - device_data_handler.py:282 - Device rr1 Zone 1: Robot is stationary
2025-10-21 05:54:38,994 - device_data_handler - INFO - device_data_handler.py:376 - Device rr1 Zone 1: Robot is stationary
2025-10-21 05:54:39,934 - device_data_handler - INFO - device_data_handler.py:282 - Device rr1 Zone 1: Robot is stationary
2025-10-21 05:54:39,979 - device_data_handler - INFO - device_data_handler.py:376 - Device rr1 Zone 1: Robot is stationary
2025-10-21 05:54:40,931 - device_data_handler - INFO - device_data_handler.py:282 - Device rr1 Zone 1: Robot is stationary
2025-10-21 05:54:40,960 - device_data_handler - INFO - device_data_handler.py:376 - Device rr1 Zone 1: Robot is stationary
2025-10-21 05:54:41,936 - device_data_handler - INFO - device_data_handler.py:282 - Device rr1 Zone 1: Robot is stationary
2025-10-21 05:54:41,964 - device_data_handler - INFO - device_data_handler.py:376 - Device rr1 Zone 1: Robot is stationary
2025-10-21 05:54:42,328 - device_data_handler - INFO - device_data_handler.py:376 - Device rr1 Zone 1: Robot is stationary
2025-10-21 05:54:42,376 - device_data_handler - INFO - device_data_handler.py:282 - Device rr1 Zone 1: Robot is stationary
2025-10-21 05:54:42,419 - device_data_handler - INFO - device_data_handler.py:376 - Device rr1 Zone 1: Robot is stationary
2025-10-21 05:54:42,964 - device_data_handler - INFO - device_data_handler.py:282 - Device rr1 Zone 1: Robot is stationary
2025-10-21 05:54:43,027 - device_data_handler - INFO - device_data_handler.py:376 - Device rr1 Zone 1: Robot is stationary
2025-10-21 05:54:43,942 - device_data_handler - INFO - device_data_handler.py:282 - Device rr1 Zone 1: Robot is stationary
2025-10-21 05:54:44,018 - device_data_handler - INFO - device_data_handler.py:376 - Device rr1 Zone 1: Robot is stationary
2025-10-21 05:54:44,936 - device_data_handler - INFO - device_data_handler.py:282 - Device rr1 Zone 1: Robot is stationary
2025-10-21 05:54:44,991 - device_data_handler - INFO - device_data_handler.py:376 - Device rr1 Zone 1: Robot is stationary
2025-10-21 05:54:46,055 - device_data_handler - INFO - device_data_handler.py:282 - Device rr1 Zone 1: Robot is stationary
2025-10-21 05:54:46,082 - device_data_handler - INFO - device_data_handler.py:376 - Device rr1 Zone 1: Robot is stationary
2025-10-21 05:54:46,944 - device_data_handler - INFO - device_data_handler.py:282 - Device rr1 Zone 1: Robot is stationary
2025-10-21 05:54:46,976 - device_data_handler - INFO - device_data_handler.py:376 - Device rr1 Zone 1: Robot is stationary
2025-10-21 05:54:47,327 - device_data_handler - INFO - device_data_handler.py:376 - Device rr1 Zone 1: Robot is stationary
2025-10-21 05:54:47,376 - device_data_handler - INFO - device_data_handler.py:282 - Device rr1 Zone 1: Robot is stationary
2025-10-21 05:54:47,399 - device_data_handler - INFO - device_data_handler.py:376 - Device rr1 Zone 1: Robot is stationary
2025-10-21 05:54:47,929 - device_data_handler - INFO - device_data_handler.py:282 - Device rr1 Zone 1: Robot is stationary
2025-10-21 05:54:47,955 - device_data_handler - INFO - device_data_handler.py:376 - Device rr1 Zone 1: Robot is stationary
2025-10-21 05:54:48,932 - device_data_handler - INFO - device_data_handler.py:282 - Device rr1 Zone 1: Robot is stationary
2025-10-21 05:54:48,955 - device_data_handler - INFO - device_data_handler.py:376 - Device rr1 Zone 1: Robot is stationary
2025-10-21 05:54:49,923 - device_data_handler - INFO - device_data_handler.py:282 - Device rr1 Zone 1: Robot is stationary
2025-10-21 05:54:49,948 - device_data_handler - INFO - device_data_handler.py:376 - Device rr1 Zone 1: Robot is stationary
2025-10-21 05:54:50,927 - device_data_handler - INFO - device_data_handler.py:282 - Device rr1 Zone 1: Robot is stationary
2025-10-21 05:54:50,951 - device_data_handler - INFO - device_data_handler.py:376 - Device rr1 Zone 1: Robot is stationary
2025-10-21 05:54:51,954 - device_data_handler - INFO - device_data_handler.py:282 - Device rr1 Zone 1: Robot is stationary
2025-10-21 05:54:51,990 - device_data_handler - INFO - device_data_handler.py:376 - Device rr1 Zone 1: Robot is stationary
2025-10-21 05:54:52,321 - device_data_handler - INFO - device_data_handler.py:376 - Device rr1 Zone 1: Robot is stationary
2025-10-21 05:54:52,367 - device_data_handler - INFO - device_data_handler.py:282 - Device rr1 Zone 1: Robot is stationary
2025-10-21 05:54:52,393 - device_data_handler - INFO - device_data_handler.py:376 - Device rr1 Zone 1: Robot is stationary
2025-10-21 05:54:52,928 - device_data_handler - INFO - device_data_handler.py:282 - Device rr1 Zone 1: Robot is stationary
2025-10-21 05:54:52,951 - device_data_handler - INFO - device_data_handler.py:376 - Device rr1 Zone 1: Robot is stationary
2025-10-21 05:54:53,928 - device_data_handler - INFO - device_data_handler.py:282 - Device rr1 Zone 1: Robot is stationary
2025-10-21 05:54:53,952 - device_data_handler - INFO - device_data_handler.py:376 - Device rr1 Zone 1: Robot is stationary
2025-10-21 05:54:54,930 - device_data_handler - INFO - device_data_handler.py:282 - Device rr1 Zone 1: Robot is stationary
2025-10-21 05:54:54,953 - device_data_handler - INFO - device_data_handler.py:376 - Device rr1 Zone 1: Robot is stationary
2025-10-21 05:54:55,929 - device_data_handler - INFO - device_data_handler.py:282 - Device rr1 Zone 1: Robot is stationary
2025-10-21 05:54:55,951 - device_data_handler - INFO - device_data_handler.py:376 - Device rr1 Zone 1: Robot is stationary
2025-10-21 05:54:56,939 - device_data_handler - INFO - device_data_handler.py:282 - Device rr1 Zone 1: Robot is stationary
2025-10-21 05:54:56,966 - device_data_handler - INFO - device_data_handler.py:376 - Device rr1 Zone 1: Robot is stationary
2025-10-21 05:54:57,316 - device_data_handler - INFO - device_data_handler.py:376 - Device rr1 Zone 1: Robot is stationary
2025-10-21 05:54:57,362 - device_data_handler - INFO - device_data_handler.py:282 - Device rr1 Zone 1: Robot is stationary
2025-10-21 05:54:57,384 - device_data_handler - INFO - device_data_handler.py:376 - Device rr1 Zone 1: Robot is stationary
2025-10-21 05:54:57,932 - device_data_handler - INFO - device_data_handler.py:282 - Device rr1 Zone 1: Robot is stationary
2025-10-21 05:54:57,954 - device_data_handler - INFO - device_data_handler.py:376 - Device rr1 Zone 1: Robot is stationary
2025-10-21 05:54:58,932 - device_data_handler - INFO - device_data_handler.py:282 - Device rr1 Zone 1: Robot is stationary
2025-10-21 05:54:58,957 - device_data_handler - INFO - device_data_handler.py:376 - Device rr1 Zone 1: Robot is stationary
2025-10-21 05:54:59,936 - device_data_handler - INFO - device_data_handler.py:282 - Device rr1 Zone 1: Robot is stationary
2025-10-21 05:54:59,967 - device_data_handler - INFO - device_data_handler.py:376 - Device rr1 Zone 1: Robot is stationary
2025-10-21 05:55:00,942 - device_data_handler - INFO - device_data_handler.py:282 - Device rr1 Zone 1: Robot is stationary
2025-10-21 05:55:00,975 - device_data_handler - INFO - device_data_handler.py:376 - Device rr1 Zone 1: Robot is stationary
2025-10-21 05:55:00,994 - device_list - INFO - device_list.py:316 - Refreshing device data...
2025-10-21 05:55:01,030 - device_list - INFO - device_list.py:336 - Loaded 4 devices from CSV
2025-10-21 05:55:01,931 - device_data_handler - INFO - device_data_handler.py:282 - Device rr1 Zone 1: Robot is stationary
2025-10-21 05:55:01,954 - device_data_handler - INFO - device_data_handler.py:376 - Device rr1 Zone 1: Robot is stationary
2025-10-21 05:55:04,128 - api_client - WARNING - client.py:80 - Request attempt 1 failed: HTTPConnectionPool(host='127.0.0.1', port=8000): Max retries exceeded with url: /api/ (Caused by NewConnectionError('<urllib3.connection.HTTPConnection object at 0x000001C784A4E7A0>: Failed to establish a new connection: [WinError 10061] No connection could be made because the target machine actively refused it'))
2025-10-21 05:55:06,162 - api_client - WARNING - client.py:80 - Request attempt 2 failed: HTTPConnectionPool(host='127.0.0.1', port=8000): Max retries exceeded with url: /api/ (Caused by NewConnectionError('<urllib3.connection.HTTPConnection object at 0x000001C784A4E8B0>: Failed to establish a new connection: [WinError 10061] No connection could be made because the target machine actively refused it'))
2025-10-21 05:55:08,193 - api_client - WARNING - client.py:80 - Request attempt 3 failed: HTTPConnectionPool(host='127.0.0.1', port=8000): Max retries exceeded with url: /api/ (Caused by NewConnectionError('<urllib3.connection.HTTPConnection object at 0x000001C784A4CAF0>: Failed to establish a new connection: [WinError 10061] No connection could be made because the target machine actively refused it'))
2025-10-21 05:55:08,199 - device_location_syncer - INFO - sync_device_locations.py:250 - Sync completed. No location updates needed.
2025-10-21 05:55:08,223 - device_data_handler - INFO - device_data_handler.py:376 - Device rr1 Zone 1: Robot is stationary
2025-10-21 05:55:08,369 - device_data_handler - INFO - device_data_handler.py:282 - Device rr1 Zone 1: Robot is stationary
2025-10-21 05:55:08,396 - device_data_handler - INFO - device_data_handler.py:376 - Device rr1 Zone 1: Robot is stationary
2025-10-21 05:55:08,467 - device_data_handler - INFO - device_data_handler.py:282 - Device rr1 Zone 1: Robot is stationary
2025-10-21 05:55:08,491 - device_data_handler - INFO - device_data_handler.py:376 - Device rr1 Zone 1: Robot is stationary
2025-10-21 05:55:08,998 - device_data_handler - INFO - device_data_handler.py:282 - Device rr1 Zone 1: Robot is stationary
2025-10-21 05:55:09,064 - device_data_handler - INFO - device_data_handler.py:376 - Device rr1 Zone 1: Robot is stationary
2025-10-21 05:55:09,935 - device_data_handler - INFO - device_data_handler.py:282 - Device rr1 Zone 1: Robot is stationary
2025-10-21 05:55:09,971 - device_data_handler - INFO - device_data_handler.py:376 - Device rr1 Zone 1: Robot is stationary
2025-10-21 05:55:10,928 - device_data_handler - INFO - device_data_handler.py:282 - Device rr1 Zone 1: Robot is stationary
2025-10-21 05:55:10,953 - device_data_handler - INFO - device_data_handler.py:376 - Device rr1 Zone 1: Robot is stationary
2025-10-21 05:55:11,932 - device_data_handler - INFO - device_data_handler.py:282 - Device rr1 Zone 1: Robot is stationary
2025-10-21 05:55:11,965 - device_data_handler - INFO - device_data_handler.py:376 - Device rr1 Zone 1: Robot is stationary
2025-10-21 05:55:12,327 - device_data_handler - INFO - device_data_handler.py:376 - Device rr1 Zone 1: Robot is stationary
2025-10-21 05:55:12,388 - device_data_handler - INFO - device_data_handler.py:282 - Device rr1 Zone 1: Robot is stationary
2025-10-21 05:55:12,424 - device_data_handler - INFO - device_data_handler.py:376 - Device rr1 Zone 1: Robot is stationary
2025-10-21 05:55:12,933 - device_data_handler - INFO - device_data_handler.py:282 - Device rr1 Zone 1: Robot is stationary
2025-10-21 05:55:12,959 - device_data_handler - INFO - device_data_handler.py:376 - Device rr1 Zone 1: Robot is stationary
2025-10-21 05:55:14,011 - device_data_handler - INFO - device_data_handler.py:282 - Device rr1 Zone 1: Robot is stationary
2025-10-21 05:55:14,073 - device_data_handler - INFO - device_data_handler.py:376 - Device rr1 Zone 1: Robot is stationary
2025-10-21 05:55:14,932 - device_data_handler - INFO - device_data_handler.py:282 - Device rr1 Zone 1: Robot is stationary
2025-10-21 05:55:14,957 - device_data_handler - INFO - device_data_handler.py:376 - Device rr1 Zone 1: Robot is stationary
2025-10-21 05:55:15,936 - device_data_handler - INFO - device_data_handler.py:282 - Device rr1 Zone 1: Robot is stationary
2025-10-21 05:55:15,967 - device_data_handler - INFO - device_data_handler.py:376 - Device rr1 Zone 1: Robot is stationary
2025-10-21 05:55:16,965 - device_data_handler - INFO - device_data_handler.py:282 - Device rr1 Zone 1: Robot is stationary
2025-10-21 05:55:17,005 - device_data_handler - INFO - device_data_handler.py:376 - Device rr1 Zone 1: Robot is stationary
2025-10-21 05:55:17,354 - device_data_handler - INFO - device_data_handler.py:376 - Device rr1 Zone 1: Robot is stationary
2025-10-21 05:55:17,446 - device_data_handler - INFO - device_data_handler.py:282 - Device rr1 Zone 1: Robot is stationary
2025-10-21 05:55:17,494 - device_data_handler - INFO - device_data_handler.py:376 - Device rr1 Zone 1: Robot is stationary
2025-10-21 05:55:17,966 - device_data_handler - INFO - device_data_handler.py:282 - Device rr1 Zone 1: Robot is stationary
2025-10-21 05:55:18,005 - device_data_handler - INFO - device_data_handler.py:376 - Device rr1 Zone 1: Robot is stationary
2025-10-21 05:55:18,931 - device_data_handler - INFO - device_data_handler.py:282 - Device rr1 Zone 1: Robot is stationary
2025-10-21 05:55:18,968 - device_data_handler - INFO - device_data_handler.py:376 - Device rr1 Zone 1: Robot is stationary
2025-10-21 05:55:19,936 - device_data_handler - INFO - device_data_handler.py:282 - Device rr1 Zone 1: Robot is stationary
2025-10-21 05:55:19,963 - device_data_handler - INFO - device_data_handler.py:376 - Device rr1 Zone 1: Robot is stationary
2025-10-21 05:55:20,967 - device_data_handler - INFO - device_data_handler.py:282 - Device rr1 Zone 1: Robot is stationary
2025-10-21 05:55:21,012 - device_data_handler - INFO - device_data_handler.py:376 - Device rr1 Zone 1: Robot is stationary
2025-10-21 05:55:21,952 - device_data_handler - INFO - device_data_handler.py:282 - Device rr1 Zone 1: Robot is stationary
2025-10-21 05:55:21,981 - device_data_handler - INFO - device_data_handler.py:376 - Device rr1 Zone 1: Robot is stationary
2025-10-21 05:55:22,347 - device_data_handler - INFO - device_data_handler.py:376 - Device rr1 Zone 1: Robot is stationary
2025-10-21 05:55:22,412 - device_data_handler - INFO - device_data_handler.py:282 - Device rr1 Zone 1: Robot is stationary
2025-10-21 05:55:22,446 - device_data_handler - INFO - device_data_handler.py:376 - Device rr1 Zone 1: Robot is stationary
2025-10-21 05:55:22,958 - device_data_handler - INFO - device_data_handler.py:282 - Device rr1 Zone 1: Robot is stationary
2025-10-21 05:55:23,005 - device_data_handler - INFO - device_data_handler.py:376 - Device rr1 Zone 1: Robot is stationary
2025-10-21 05:55:23,981 - device_data_handler - INFO - device_data_handler.py:282 - Device rr1 Zone 1: Robot is stationary
2025-10-21 05:55:24,015 - device_data_handler - INFO - device_data_handler.py:376 - Device rr1 Zone 1: Robot is stationary
2025-10-21 05:55:24,963 - device_data_handler - INFO - device_data_handler.py:282 - Device rr1 Zone 1: Robot is stationary
2025-10-21 05:55:24,990 - device_data_handler - INFO - device_data_handler.py:376 - Device rr1 Zone 1: Robot is stationary
2025-10-21 05:55:25,971 - device_data_handler - INFO - device_data_handler.py:282 - Device rr1 Zone 1: Robot is stationary
2025-10-21 05:55:26,000 - device_data_handler - INFO - device_data_handler.py:376 - Device rr1 Zone 1: Robot is stationary
2025-10-21 05:55:27,020 - device_data_handler - INFO - device_data_handler.py:282 - Device rr1 Zone 1: Robot is stationary
2025-10-21 05:55:27,046 - device_data_handler - INFO - device_data_handler.py:376 - Device rr1 Zone 1: Robot is stationary
2025-10-21 05:55:27,345 - device_data_handler - INFO - device_data_handler.py:376 - Device rr1 Zone 1: Robot is stationary
2025-10-21 05:55:27,388 - device_data_handler - INFO - device_data_handler.py:282 - Device rr1 Zone 1: Robot is stationary
2025-10-21 05:55:27,410 - device_data_handler - INFO - device_data_handler.py:376 - Device rr1 Zone 1: Robot is stationary
2025-10-21 05:55:27,980 - device_data_handler - INFO - device_data_handler.py:282 - Device rr1 Zone 1: Robot is stationary
2025-10-21 05:55:28,009 - device_data_handler - INFO - device_data_handler.py:376 - Device rr1 Zone 1: Robot is stationary
2025-10-21 05:55:28,978 - device_data_handler - INFO - device_data_handler.py:282 - Device rr1 Zone 1: Robot is stationary
2025-10-21 05:55:29,002 - device_data_handler - INFO - device_data_handler.py:376 - Device rr1 Zone 1: Robot is stationary
2025-10-21 05:55:29,974 - device_data_handler - INFO - device_data_handler.py:282 - Device rr1 Zone 1: Robot is stationary
2025-10-21 05:55:30,002 - device_data_handler - INFO - device_data_handler.py:376 - Device rr1 Zone 1: Robot is stationary
2025-10-21 05:55:30,931 - device_list - INFO - device_list.py:316 - Refreshing device data...
2025-10-21 05:55:30,989 - device_list - INFO - device_list.py:336 - Loaded 4 devices from CSV
2025-10-21 05:55:31,031 - device_data_handler - INFO - device_data_handler.py:282 - Device rr1 Zone 1: Robot is stationary
2025-10-21 05:55:31,063 - device_data_handler - INFO - device_data_handler.py:376 - Device rr1 Zone 1: Robot is stationary
2025-10-21 05:55:31,970 - device_data_handler - INFO - device_data_handler.py:282 - Device rr1 Zone 1: Robot is stationary
2025-10-21 05:55:31,994 - device_data_handler - INFO - device_data_handler.py:376 - Device rr1 Zone 1: Robot is stationary
2025-10-21 05:55:32,142 - device_location_syncer - INFO - sync_device_locations.py:250 - Sync completed. No location updates needed.
2025-10-21 05:55:32,343 - device_data_handler - INFO - device_data_handler.py:376 - Device rr1 Zone 1: Robot is stationary
2025-10-21 05:55:32,384 - device_data_handler - INFO - device_data_handler.py:282 - Device rr1 Zone 1: Robot is stationary
2025-10-21 05:55:32,407 - device_data_handler - INFO - device_data_handler.py:376 - Device rr1 Zone 1: Robot is stationary
2025-10-21 05:55:33,009 - device_data_handler - INFO - device_data_handler.py:282 - Device rr1 Zone 1: Robot is stationary
2025-10-21 05:55:33,054 - device_data_handler - INFO - device_data_handler.py:376 - Device rr1 Zone 1: Robot is stationary
2025-10-21 05:55:33,974 - device_data_handler - INFO - device_data_handler.py:282 - Device rr1 Zone 1: Robot is stationary
2025-10-21 05:55:33,999 - device_data_handler - INFO - device_data_handler.py:376 - Device rr1 Zone 1: Robot is stationary
2025-10-21 05:55:35,021 - device_data_handler - INFO - device_data_handler.py:282 - Device rr1 Zone 1: Robot is stationary
2025-10-21 05:55:35,056 - device_data_handler - INFO - device_data_handler.py:376 - Device rr1 Zone 1: Robot is stationary
2025-10-21 05:55:35,983 - device_data_handler - INFO - device_data_handler.py:282 - Device rr1 Zone 1: Robot is stationary
2025-10-21 05:55:36,012 - device_data_handler - INFO - device_data_handler.py:376 - Device rr1 Zone 1: Robot is stationary
2025-10-21 05:55:37,021 - device_data_handler - INFO - device_data_handler.py:282 - Device rr1 Zone 1: Robot is stationary
2025-10-21 05:55:37,189 - device_data_handler - INFO - device_data_handler.py:376 - Device rr1 Zone 1: Robot is stationary
2025-10-21 05:55:37,354 - device_data_handler - INFO - device_data_handler.py:376 - Device rr1 Zone 1: Robot is stationary
2025-10-21 05:55:37,422 - device_data_handler - INFO - device_data_handler.py:282 - Device rr1 Zone 1: Robot is stationary
2025-10-21 05:55:37,460 - device_data_handler - INFO - device_data_handler.py:376 - Device rr1 Zone 1: Robot is stationary
2025-10-21 05:55:37,988 - device_data_handler - INFO - device_data_handler.py:282 - Device rr1 Zone 1: Robot is stationary
2025-10-21 05:55:38,023 - device_data_handler - INFO - device_data_handler.py:376 - Device rr1 Zone 1: Robot is stationary
2025-10-21 05:55:38,987 - device_data_handler - INFO - device_data_handler.py:282 - Device rr1 Zone 1: Robot is stationary
2025-10-21 05:55:39,032 - device_data_handler - INFO - device_data_handler.py:376 - Device rr1 Zone 1: Robot is stationary
2025-10-21 05:55:39,981 - device_data_handler - INFO - device_data_handler.py:282 - Device rr1 Zone 1: Robot is stationary
2025-10-21 05:55:40,007 - device_data_handler - INFO - device_data_handler.py:376 - Device rr1 Zone 1: Robot is stationary
2025-10-21 05:55:40,992 - device_data_handler - INFO - device_data_handler.py:282 - Device rr1 Zone 1: Robot is stationary
2025-10-21 05:55:41,028 - device_data_handler - INFO - device_data_handler.py:376 - Device rr1 Zone 1: Robot is stationary
2025-10-21 05:55:41,979 - device_data_handler - INFO - device_data_handler.py:282 - Device rr1 Zone 1: Robot is stationary
2025-10-21 05:55:42,014 - device_data_handler - INFO - device_data_handler.py:376 - Device rr1 Zone 1: Robot is stationary
2025-10-21 05:55:42,359 - device_data_handler - INFO - device_data_handler.py:376 - Device rr1 Zone 1: Robot is stationary
2025-10-21 05:55:42,430 - device_data_handler - INFO - device_data_handler.py:282 - Device rr1 Zone 1: Robot is stationary
2025-10-21 05:55:42,480 - device_data_handler - INFO - device_data_handler.py:376 - Device rr1 Zone 1: Robot is stationary
2025-10-21 05:55:43,045 - device_data_handler - INFO - device_data_handler.py:282 - Device rr1 Zone 1: Robot is stationary
2025-10-21 05:55:43,081 - device_data_handler - INFO - device_data_handler.py:376 - Device rr1 Zone 1: Robot is stationary
2025-10-21 05:55:43,973 - device_data_handler - INFO - device_data_handler.py:282 - Device rr1 Zone 1: Robot is stationary
2025-10-21 05:55:43,996 - device_data_handler - INFO - device_data_handler.py:376 - Device rr1 Zone 1: Robot is stationary
2025-10-21 05:55:44,971 - device_data_handler - INFO - device_data_handler.py:282 - Device rr1 Zone 1: Robot is stationary
2025-10-21 05:55:45,000 - device_data_handler - INFO - device_data_handler.py:376 - Device rr1 Zone 1: Robot is stationary
2025-10-21 05:55:46,082 - device_data_handler - INFO - device_data_handler.py:282 - Device rr1 Zone 1: Robot is stationary
2025-10-21 05:55:46,167 - device_data_handler - INFO - device_data_handler.py:376 - Device rr1 Zone 1: Robot is stationary
2025-10-21 05:55:47,008 - device_data_handler - INFO - device_data_handler.py:282 - Device rr1 Zone 1: Robot is stationary
2025-10-21 05:55:47,056 - device_data_handler - INFO - device_data_handler.py:376 - Device rr1 Zone 1: Robot is stationary
2025-10-21 05:55:47,377 - device_data_handler - INFO - device_data_handler.py:376 - Device rr1 Zone 1: Robot is stationary
2025-10-21 05:55:47,437 - device_data_handler - INFO - device_data_handler.py:282 - Device rr1 Zone 1: Robot is stationary
2025-10-21 05:55:47,472 - device_data_handler - INFO - device_data_handler.py:376 - Device rr1 Zone 1: Robot is stationary
2025-10-21 05:55:48,004 - device_data_handler - INFO - device_data_handler.py:282 - Device rr1 Zone 1: Robot is stationary
2025-10-21 05:55:48,049 - device_data_handler - INFO - device_data_handler.py:376 - Device rr1 Zone 1: Robot is stationary
2025-10-21 05:55:48,985 - device_data_handler - INFO - device_data_handler.py:282 - Device rr1 Zone 1: Robot is stationary
2025-10-21 05:55:49,008 - device_data_handler - INFO - device_data_handler.py:376 - Device rr1 Zone 1: Robot is stationary
2025-10-21 05:55:50,084 - device_data_handler - INFO - device_data_handler.py:282 - Device rr1 Zone 1: Robot is stationary
2025-10-21 05:55:50,144 - device_data_handler - INFO - device_data_handler.py:376 - Device rr1 Zone 1: Robot is stationary
2025-10-21 05:55:51,000 - device_data_handler - INFO - device_data_handler.py:282 - Device rr1 Zone 1: Robot is stationary
2025-10-21 05:55:51,037 - device_data_handler - INFO - device_data_handler.py:376 - Device rr1 Zone 1: Robot is stationary
2025-10-21 05:55:51,981 - device_data_handler - INFO - device_data_handler.py:282 - Device rr1 Zone 1: Robot is stationary
2025-10-21 05:55:52,012 - device_data_handler - INFO - device_data_handler.py:376 - Device rr1 Zone 1: Robot is stationary
2025-10-21 05:55:52,342 - device_data_handler - INFO - device_data_handler.py:376 - Device rr1 Zone 1: Robot is stationary
2025-10-21 05:55:52,382 - device_data_handler - INFO - device_data_handler.py:282 - Device rr1 Zone 1: Robot is stationary
2025-10-21 05:55:52,404 - device_data_handler - INFO - device_data_handler.py:376 - Device rr1 Zone 1: Robot is stationary
2025-10-21 05:55:52,980 - device_data_handler - INFO - device_data_handler.py:282 - Device rr1 Zone 1: Robot is stationary
2025-10-21 05:55:53,003 - device_data_handler - INFO - device_data_handler.py:376 - Device rr1 Zone 1: Robot is stationary
2025-10-21 05:55:53,974 - device_data_handler - INFO - device_data_handler.py:282 - Device rr1 Zone 1: Robot is stationary
2025-10-21 05:55:53,995 - device_data_handler - INFO - device_data_handler.py:376 - Device rr1 Zone 1: Robot is stationary
2025-10-21 05:55:54,975 - device_data_handler - INFO - device_data_handler.py:282 - Device rr1 Zone 1: Robot is stationary
2025-10-21 05:55:55,000 - device_data_handler - INFO - device_data_handler.py:376 - Device rr1 Zone 1: Robot is stationary
2025-10-21 05:55:55,988 - device_data_handler - INFO - device_data_handler.py:282 - Device rr1 Zone 1: Robot is stationary
2025-10-21 05:55:56,029 - device_data_handler - INFO - device_data_handler.py:376 - Device rr1 Zone 1: Robot is stationary
2025-10-21 05:55:56,974 - device_data_handler - INFO - device_data_handler.py:282 - Device rr1 Zone 1: Robot is stationary
2025-10-21 05:55:57,003 - device_data_handler - INFO - device_data_handler.py:376 - Device rr1 Zone 1: Robot is stationary
2025-10-21 05:55:57,357 - device_data_handler - INFO - device_data_handler.py:376 - Device rr1 Zone 1: Robot is stationary
2025-10-21 05:55:57,409 - device_data_handler - INFO - device_data_handler.py:282 - Device rr1 Zone 1: Robot is stationary
2025-10-21 05:55:57,453 - device_data_handler - INFO - device_data_handler.py:376 - Device rr1 Zone 1: Robot is stationary
2025-10-21 05:55:58,026 - device_data_handler - INFO - device_data_handler.py:282 - Device rr1 Zone 1: Robot is stationary
2025-10-21 05:55:58,053 - device_data_handler - INFO - device_data_handler.py:376 - Device rr1 Zone 1: Robot is stationary
2025-10-21 05:55:59,093 - device_data_handler - INFO - device_data_handler.py:282 - Device rr1 Zone 1: Robot is stationary
2025-10-21 05:55:59,133 - device_data_handler - INFO - device_data_handler.py:376 - Device rr1 Zone 1: Robot is stationary
2025-10-21 05:55:59,989 - device_data_handler - INFO - device_data_handler.py:282 - Device rr1 Zone 1: Robot is stationary
2025-10-21 05:56:00,016 - device_data_handler - INFO - device_data_handler.py:376 - Device rr1 Zone 1: Robot is stationary
2025-10-21 05:56:00,932 - device_list - INFO - device_list.py:316 - Refreshing device data...
2025-10-21 05:56:00,969 - device_list - INFO - device_list.py:336 - Loaded 4 devices from CSV
2025-10-21 05:56:00,994 - device_data_handler - INFO - device_data_handler.py:282 - Device rr1 Zone 1: Robot is stationary
2025-10-21 05:56:01,016 - device_data_handler - INFO - device_data_handler.py:376 - Device rr1 Zone 1: Robot is stationary
2025-10-21 05:56:02,005 - device_data_handler - INFO - device_data_handler.py:282 - Device rr1 Zone 1: Robot is stationary
2025-10-21 05:56:02,031 - device_data_handler - INFO - device_data_handler.py:376 - Device rr1 Zone 1: Robot is stationary
2025-10-21 05:56:04,157 - api_client - WARNING - client.py:80 - Request attempt 1 failed: HTTPConnectionPool(host='127.0.0.1', port=8000): Max retries exceeded with url: /api/ (Caused by NewConnectionError('<urllib3.connection.HTTPConnection object at 0x000001C784A4F130>: Failed to establish a new connection: [WinError 10061] No connection could be made because the target machine actively refused it'))
2025-10-21 05:56:06,191 - api_client - WARNING - client.py:80 - Request attempt 2 failed: HTTPConnectionPool(host='127.0.0.1', port=8000): Max retries exceeded with url: /api/ (Caused by NewConnectionError('<urllib3.connection.HTTPConnection object at 0x000001C784A4E8B0>: Failed to establish a new connection: [WinError 10061] No connection could be made because the target machine actively refused it'))
2025-10-21 05:56:08,222 - api_client - WARNING - client.py:80 - Request attempt 3 failed: HTTPConnectionPool(host='127.0.0.1', port=8000): Max retries exceeded with url: /api/ (Caused by NewConnectionError('<urllib3.connection.HTTPConnection object at 0x000001C784A4E7A0>: Failed to establish a new connection: [WinError 10061] No connection could be made because the target machine actively refused it'))
2025-10-21 05:56:08,223 - device_location_syncer - INFO - sync_device_locations.py:250 - Sync completed. No location updates needed.
2025-10-21 05:56:08,241 - device_data_handler - INFO - device_data_handler.py:376 - Device rr1 Zone 1: Robot is stationary
2025-10-21 05:56:08,292 - device_data_handler - INFO - device_data_handler.py:282 - Device rr1 Zone 1: Robot is stationary
2025-10-21 05:56:08,315 - device_data_handler - INFO - device_data_handler.py:376 - Device rr1 Zone 1: Robot is stationary
2025-10-21 05:56:08,389 - device_data_handler - INFO - device_data_handler.py:282 - Device rr1 Zone 1: Robot is stationary
2025-10-21 05:56:08,416 - device_data_handler - INFO - device_data_handler.py:376 - Device rr1 Zone 1: Robot is stationary
2025-10-21 05:56:08,992 - device_data_handler - INFO - device_data_handler.py:282 - Device rr1 Zone 1: Robot is stationary
2025-10-21 05:56:09,020 - device_data_handler - INFO - device_data_handler.py:376 - Device rr1 Zone 1: Robot is stationary
2025-10-21 05:56:09,988 - device_data_handler - INFO - device_data_handler.py:282 - Device rr1 Zone 1: Robot is stationary
2025-10-21 05:56:10,014 - device_data_handler - INFO - device_data_handler.py:376 - Device rr1 Zone 1: Robot is stationary
2025-10-21 05:56:10,989 - device_data_handler - INFO - device_data_handler.py:282 - Device rr1 Zone 1: Robot is stationary
2025-10-21 05:56:11,016 - device_data_handler - INFO - device_data_handler.py:376 - Device rr1 Zone 1: Robot is stationary
2025-10-21 05:56:11,994 - device_data_handler - INFO - device_data_handler.py:282 - Device rr1 Zone 1: Robot is stationary
2025-10-21 05:56:12,020 - device_data_handler - INFO - device_data_handler.py:376 - Device rr1 Zone 1: Robot is stationary
2025-10-21 05:56:12,368 - device_data_handler - INFO - device_data_handler.py:376 - Device rr1 Zone 1: Robot is stationary
2025-10-21 05:56:12,431 - device_data_handler - INFO - device_data_handler.py:282 - Device rr1 Zone 1: Robot is stationary
2025-10-21 05:56:12,468 - device_data_handler - INFO - device_data_handler.py:376 - Device rr1 Zone 1: Robot is stationary
2025-10-21 05:56:13,032 - device_data_handler - INFO - device_data_handler.py:282 - Device rr1 Zone 1: Robot is stationary
2025-10-21 05:56:13,097 - device_data_handler - INFO - device_data_handler.py:376 - Device rr1 Zone 1: Robot is stationary
2025-10-21 05:56:13,995 - device_data_handler - INFO - device_data_handler.py:282 - Device rr1 Zone 1: Robot is stationary
2025-10-21 05:56:14,021 - device_data_handler - INFO - device_data_handler.py:376 - Device rr1 Zone 1: Robot is stationary
2025-10-21 05:56:14,999 - device_data_handler - INFO - device_data_handler.py:282 - Device rr1 Zone 1: Robot is stationary
2025-10-21 05:56:15,030 - device_data_handler - INFO - device_data_handler.py:376 - Device rr1 Zone 1: Robot is stationary
2025-10-21 05:56:16,009 - device_data_handler - INFO - device_data_handler.py:282 - Device rr1 Zone 1: Robot is stationary
2025-10-21 05:56:16,048 - device_data_handler - INFO - device_data_handler.py:376 - Device rr1 Zone 1: Robot is stationary
2025-10-21 05:56:17,042 - device_data_handler - INFO - device_data_handler.py:282 - Device rr1 Zone 1: Robot is stationary
2025-10-21 05:56:17,092 - device_data_handler - INFO - device_data_handler.py:376 - Device rr1 Zone 1: Robot is stationary
2025-10-21 05:56:17,486 - device_data_handler - INFO - device_data_handler.py:376 - Device rr1 Zone 1: Robot is stationary
2025-10-21 05:56:17,561 - device_data_handler - INFO - device_data_handler.py:282 - Device rr1 Zone 1: Robot is stationary
2025-10-21 05:56:17,600 - device_data_handler - INFO - device_data_handler.py:376 - Device rr1 Zone 1: Robot is stationary
2025-10-21 05:56:18,009 - device_data_handler - INFO - device_data_handler.py:282 - Device rr1 Zone 1: Robot is stationary
2025-10-21 05:56:18,054 - device_data_handler - INFO - device_data_handler.py:376 - Device rr1 Zone 1: Robot is stationary
2025-10-21 05:56:19,031 - device_data_handler - INFO - device_data_handler.py:282 - Device rr1 Zone 1: Robot is stationary
2025-10-21 05:56:19,065 - device_data_handler - INFO - device_data_handler.py:376 - Device rr1 Zone 1: Robot is stationary
2025-10-21 05:56:20,004 - device_data_handler - INFO - device_data_handler.py:282 - Device rr1 Zone 1: Robot is stationary
2025-10-21 05:56:20,035 - device_data_handler - INFO - device_data_handler.py:376 - Device rr1 Zone 1: Robot is stationary
2025-10-21 05:56:21,004 - device_data_handler - INFO - device_data_handler.py:282 - Device rr1 Zone 1: Robot is stationary
2025-10-21 05:56:21,027 - device_data_handler - INFO - device_data_handler.py:376 - Device rr1 Zone 1: Robot is stationary
2025-10-21 05:56:22,006 - device_data_handler - INFO - device_data_handler.py:282 - Device rr1 Zone 1: Robot is stationary
2025-10-21 05:56:22,035 - device_data_handler - INFO - device_data_handler.py:376 - Device rr1 Zone 1: Robot is stationary
2025-10-21 05:56:22,376 - device_data_handler - INFO - device_data_handler.py:376 - Device rr1 Zone 1: Robot is stationary
2025-10-21 05:56:22,437 - device_data_handler - INFO - device_data_handler.py:282 - Device rr1 Zone 1: Robot is stationary
2025-10-21 05:56:22,476 - device_data_handler - INFO - device_data_handler.py:376 - Device rr1 Zone 1: Robot is stationary
2025-10-21 05:56:23,015 - device_data_handler - INFO - device_data_handler.py:282 - Device rr1 Zone 1: Robot is stationary
2025-10-21 05:56:23,039 - device_data_handler - INFO - device_data_handler.py:376 - Device rr1 Zone 1: Robot is stationary
2025-10-21 05:56:24,013 - device_data_handler - INFO - device_data_handler.py:282 - Device rr1 Zone 1: Robot is stationary
2025-10-21 05:56:24,035 - device_data_handler - INFO - device_data_handler.py:376 - Device rr1 Zone 1: Robot is stationary
2025-10-21 05:56:25,014 - device_data_handler - INFO - device_data_handler.py:282 - Device rr1 Zone 1: Robot is stationary
2025-10-21 05:56:25,039 - device_data_handler - INFO - device_data_handler.py:376 - Device rr1 Zone 1: Robot is stationary
2025-10-21 05:56:26,007 - device_data_handler - INFO - device_data_handler.py:282 - Device rr1 Zone 1: Robot is stationary
2025-10-21 05:56:26,038 - device_data_handler - INFO - device_data_handler.py:376 - Device rr1 Zone 1: Robot is stationary
2025-10-21 05:56:27,002 - device_data_handler - INFO - device_data_handler.py:282 - Device rr1 Zone 1: Robot is stationary
2025-10-21 05:56:27,027 - device_data_handler - INFO - device_data_handler.py:376 - Device rr1 Zone 1: Robot is stationary
2025-10-21 05:56:27,397 - device_data_handler - INFO - device_data_handler.py:376 - Device rr1 Zone 1: Robot is stationary
2025-10-21 05:56:27,440 - device_data_handler - INFO - device_data_handler.py:282 - Device rr1 Zone 1: Robot is stationary
2025-10-21 05:56:27,471 - device_data_handler - INFO - device_data_handler.py:376 - Device rr1 Zone 1: Robot is stationary
2025-10-21 05:56:28,046 - device_data_handler - INFO - device_data_handler.py:282 - Device rr1 Zone 1: Robot is stationary
2025-10-21 05:56:28,069 - device_data_handler - INFO - device_data_handler.py:376 - Device rr1 Zone 1: Robot is stationary
2025-10-21 05:56:29,038 - device_data_handler - INFO - device_data_handler.py:282 - Device rr1 Zone 1: Robot is stationary
2025-10-21 05:56:29,067 - device_data_handler - INFO - device_data_handler.py:376 - Device rr1 Zone 1: Robot is stationary
2025-10-21 05:56:30,054 - device_data_handler - INFO - device_data_handler.py:282 - Device rr1 Zone 1: Robot is stationary
2025-10-21 05:56:30,091 - device_data_handler - INFO - device_data_handler.py:376 - Device rr1 Zone 1: Robot is stationary
2025-10-21 05:56:30,954 - device_list - INFO - device_list.py:316 - Refreshing device data...
2025-10-21 05:56:31,007 - device_list - INFO - device_list.py:336 - Loaded 4 devices from CSV
2025-10-21 05:56:31,037 - device_data_handler - INFO - device_data_handler.py:282 - Device rr1 Zone 1: Robot is stationary
2025-10-21 05:56:31,067 - device_data_handler - INFO - device_data_handler.py:376 - Device rr1 Zone 1: Robot is stationary
2025-10-21 05:56:32,002 - device_data_handler - INFO - device_data_handler.py:282 - Device rr1 Zone 1: Robot is stationary
2025-10-21 05:56:32,028 - device_data_handler - INFO - device_data_handler.py:376 - Device rr1 Zone 1: Robot is stationary
2025-10-21 05:56:32,132 - device_location_syncer - INFO - sync_device_locations.py:250 - Sync completed. No location updates needed.
2025-10-21 05:56:32,501 - device_data_handler - INFO - device_data_handler.py:376 - Device rr1 Zone 1: Robot is stationary
2025-10-21 05:56:32,602 - device_data_handler - INFO - device_data_handler.py:282 - Device rr1 Zone 1: Robot is stationary
2025-10-21 05:56:32,656 - device_data_handler - INFO - device_data_handler.py:376 - Device rr1 Zone 1: Robot is stationary
2025-10-21 05:56:33,044 - device_data_handler - INFO - device_data_handler.py:282 - Device rr1 Zone 1: Robot is stationary
2025-10-21 05:56:33,086 - device_data_handler - INFO - device_data_handler.py:376 - Device rr1 Zone 1: Robot is stationary
2025-10-21 05:56:34,033 - device_data_handler - INFO - device_data_handler.py:282 - Device rr1 Zone 1: Robot is stationary
2025-10-21 05:56:34,072 - device_data_handler - INFO - device_data_handler.py:376 - Device rr1 Zone 1: Robot is stationary
2025-10-21 05:56:35,015 - device_data_handler - INFO - device_data_handler.py:282 - Device rr1 Zone 1: Robot is stationary
2025-10-21 05:56:35,047 - device_data_handler - INFO - device_data_handler.py:376 - Device rr1 Zone 1: Robot is stationary
2025-10-21 05:56:36,001 - device_data_handler - INFO - device_data_handler.py:282 - Device rr1 Zone 1: Robot is stationary
2025-10-21 05:56:36,024 - device_data_handler - INFO - device_data_handler.py:376 - Device rr1 Zone 1: Robot is stationary
2025-10-21 05:56:37,002 - device_data_handler - INFO - device_data_handler.py:282 - Device rr1 Zone 1: Robot is stationary
2025-10-21 05:56:37,030 - device_data_handler - INFO - device_data_handler.py:376 - Device rr1 Zone 1: Robot is stationary
2025-10-21 05:56:37,384 - device_data_handler - INFO - device_data_handler.py:376 - Device rr1 Zone 1: Robot is stationary
2025-10-21 05:56:37,427 - device_data_handler - INFO - device_data_handler.py:282 - Device rr1 Zone 1: Robot is stationary
2025-10-21 05:56:37,451 - device_data_handler - INFO - device_data_handler.py:376 - Device rr1 Zone 1: Robot is stationary
2025-10-21 05:56:38,010 - device_data_handler - INFO - device_data_handler.py:282 - Device rr1 Zone 1: Robot is stationary
2025-10-21 05:56:38,034 - device_data_handler - INFO - device_data_handler.py:376 - Device rr1 Zone 1: Robot is stationary
2025-10-21 05:56:39,002 - device_data_handler - INFO - device_data_handler.py:282 - Device rr1 Zone 1: Robot is stationary
2025-10-21 05:56:39,025 - device_data_handler - INFO - device_data_handler.py:376 - Device rr1 Zone 1: Robot is stationary
2025-10-21 05:56:40,005 - device_data_handler - INFO - device_data_handler.py:282 - Device rr1 Zone 1: Robot is stationary
2025-10-21 05:56:40,029 - device_data_handler - INFO - device_data_handler.py:376 - Device rr1 Zone 1: Robot is stationary
2025-10-21 05:56:41,004 - device_data_handler - INFO - device_data_handler.py:282 - Device rr1 Zone 1: Robot is stationary
2025-10-21 05:56:41,035 - device_data_handler - INFO - device_data_handler.py:376 - Device rr1 Zone 1: Robot is stationary
2025-10-21 05:56:42,045 - device_data_handler - INFO - device_data_handler.py:282 - Device rr1 Zone 1: Robot is stationary
2025-10-21 05:56:42,082 - device_data_handler - INFO - device_data_handler.py:376 - Device rr1 Zone 1: Robot is stationary
2025-10-21 05:56:42,413 - device_data_handler - INFO - device_data_handler.py:376 - Device rr1 Zone 1: Robot is stationary
2025-10-21 05:56:42,545 - device_data_handler - INFO - device_data_handler.py:282 - Device rr1 Zone 1: Robot is stationary
2025-10-21 05:56:42,601 - device_data_handler - INFO - device_data_handler.py:376 - Device rr1 Zone 1: Robot is stationary
2025-10-21 05:56:43,013 - device_data_handler - INFO - device_data_handler.py:282 - Device rr1 Zone 1: Robot is stationary
2025-10-21 05:56:43,143 - device_data_handler - INFO - device_data_handler.py:376 - Device rr1 Zone 1: Robot is stationary
2025-10-21 05:56:44,004 - device_data_handler - INFO - device_data_handler.py:282 - Device rr1 Zone 1: Robot is stationary
2025-10-21 05:56:44,035 - device_data_handler - INFO - device_data_handler.py:376 - Device rr1 Zone 1: Robot is stationary
2025-10-21 05:56:45,007 - device_data_handler - INFO - device_data_handler.py:282 - Device rr1 Zone 1: Robot is stationary
2025-10-21 05:56:45,031 - device_data_handler - INFO - device_data_handler.py:376 - Device rr1 Zone 1: Robot is stationary
2025-10-21 05:56:46,012 - device_data_handler - INFO - device_data_handler.py:282 - Device rr1 Zone 1: Robot is stationary
2025-10-21 05:56:46,045 - device_data_handler - INFO - device_data_handler.py:376 - Device rr1 Zone 1: Robot is stationary
2025-10-21 05:56:47,006 - device_data_handler - INFO - device_data_handler.py:282 - Device rr1 Zone 1: Robot is stationary
2025-10-21 05:56:47,033 - device_data_handler - INFO - device_data_handler.py:376 - Device rr1 Zone 1: Robot is stationary
2025-10-21 05:56:47,402 - device_data_handler - INFO - device_data_handler.py:376 - Device rr1 Zone 1: Robot is stationary
2025-10-21 05:56:47,463 - device_data_handler - INFO - device_data_handler.py:282 - Device rr1 Zone 1: Robot is stationary
2025-10-21 05:56:47,496 - device_data_handler - INFO - device_data_handler.py:376 - Device rr1 Zone 1: Robot is stationary
2025-10-21 05:56:48,036 - device_data_handler - INFO - device_data_handler.py:282 - Device rr1 Zone 1: Robot is stationary
2025-10-21 05:56:48,099 - device_data_handler - INFO - device_data_handler.py:376 - Device rr1 Zone 1: Robot is stationary
2025-10-21 05:56:49,011 - device_data_handler - INFO - device_data_handler.py:282 - Device rr1 Zone 1: Robot is stationary
2025-10-21 05:56:49,049 - device_data_handler - INFO - device_data_handler.py:376 - Device rr1 Zone 1: Robot is stationary
2025-10-21 05:56:50,023 - device_data_handler - INFO - device_data_handler.py:282 - Device rr1 Zone 1: Robot is stationary
2025-10-21 05:56:50,048 - device_data_handler - INFO - device_data_handler.py:376 - Device rr1 Zone 1: Robot is stationary
2025-10-21 05:56:51,007 - device_data_handler - INFO - device_data_handler.py:282 - Device rr1 Zone 1: Robot is stationary
2025-10-21 05:56:51,034 - device_data_handler - INFO - device_data_handler.py:376 - Device rr1 Zone 1: Robot is stationary
2025-10-21 05:56:52,026 - device_data_handler - INFO - device_data_handler.py:282 - Device rr1 Zone 1: Robot is stationary
2025-10-21 05:56:52,054 - device_data_handler - INFO - device_data_handler.py:376 - Device rr1 Zone 1: Robot is stationary
2025-10-21 05:56:52,384 - device_data_handler - INFO - device_data_handler.py:376 - Device rr1 Zone 1: Robot is stationary
2025-10-21 05:56:52,432 - device_data_handler - INFO - device_data_handler.py:282 - Device rr1 Zone 1: Robot is stationary
2025-10-21 05:56:52,459 - device_data_handler - INFO - device_data_handler.py:376 - Device rr1 Zone 1: Robot is stationary
2025-10-21 05:56:53,055 - device_data_handler - INFO - device_data_handler.py:282 - Device rr1 Zone 1: Robot is stationary
2025-10-21 05:56:53,100 - device_data_handler - INFO - device_data_handler.py:376 - Device rr1 Zone 1: Robot is stationary
2025-10-21 05:56:54,016 - device_data_handler - INFO - device_data_handler.py:282 - Device rr1 Zone 1: Robot is stationary
2025-10-21 05:56:54,058 - device_data_handler - INFO - device_data_handler.py:376 - Device rr1 Zone 1: Robot is stationary
2025-10-21 05:56:55,055 - device_data_handler - INFO - device_data_handler.py:282 - Device rr1 Zone 1: Robot is stationary
2025-10-21 05:56:55,109 - device_data_handler - INFO - device_data_handler.py:376 - Device rr1 Zone 1: Robot is stationary
2025-10-21 05:56:56,021 - device_data_handler - INFO - device_data_handler.py:282 - Device rr1 Zone 1: Robot is stationary
2025-10-21 05:56:56,045 - device_data_handler - INFO - device_data_handler.py:376 - Device rr1 Zone 1: Robot is stationary
2025-10-21 05:56:57,010 - device_data_handler - INFO - device_data_handler.py:282 - Device rr1 Zone 1: Robot is stationary
2025-10-21 05:56:57,047 - device_data_handler - INFO - device_data_handler.py:376 - Device rr1 Zone 1: Robot is stationary
2025-10-21 05:56:57,403 - device_data_handler - INFO - device_data_handler.py:376 - Device rr1 Zone 1: Robot is stationary
2025-10-21 05:56:57,460 - device_data_handler - INFO - device_data_handler.py:282 - Device rr1 Zone 1: Robot is stationary
2025-10-21 05:56:57,528 - device_data_handler - INFO - device_data_handler.py:376 - Device rr1 Zone 1: Robot is stationary
2025-10-21 05:56:58,003 - device_data_handler - INFO - device_data_handler.py:282 - Device rr1 Zone 1: Robot is stationary
2025-10-21 05:56:58,031 - device_data_handler - INFO - device_data_handler.py:376 - Device rr1 Zone 1: Robot is stationary
2025-10-21 05:56:59,003 - device_data_handler - INFO - device_data_handler.py:282 - Device rr1 Zone 1: Robot is stationary
2025-10-21 05:56:59,027 - device_data_handler - INFO - device_data_handler.py:376 - Device rr1 Zone 1: Robot is stationary
2025-10-21 05:57:00,015 - device_data_handler - INFO - device_data_handler.py:282 - Device rr1 Zone 1: Robot is stationary
2025-10-21 05:57:00,045 - device_data_handler - INFO - device_data_handler.py:376 - Device rr1 Zone 1: Robot is stationary
2025-10-21 05:57:00,932 - device_list - INFO - device_list.py:316 - Refreshing device data...
2025-10-21 05:57:00,974 - device_list - INFO - device_list.py:336 - Loaded 4 devices from CSV
2025-10-21 05:57:01,003 - device_data_handler - INFO - device_data_handler.py:282 - Device rr1 Zone 1: Robot is stationary
2025-10-21 05:57:01,032 - device_data_handler - INFO - device_data_handler.py:376 - Device rr1 Zone 1: Robot is stationary
2025-10-21 05:57:02,110 - device_data_handler - INFO - device_data_handler.py:282 - Device rr1 Zone 1: Robot is stationary
2025-10-21 05:57:02,185 - device_data_handler - INFO - device_data_handler.py:376 - Device rr1 Zone 1: Robot is stationary
2025-10-21 05:57:04,245 - api_client - WARNING - client.py:80 - Request attempt 1 failed: HTTPConnectionPool(host='127.0.0.1', port=8000): Max retries exceeded with url: /api/ (Caused by NewConnectionError('<urllib3.connection.HTTPConnection object at 0x000001C784A4E9C0>: Failed to establish a new connection: [WinError 10061] No connection could be made because the target machine actively refused it'))
2025-10-21 05:57:06,269 - api_client - WARNING - client.py:80 - Request attempt 2 failed: HTTPConnectionPool(host='127.0.0.1', port=8000): Max retries exceeded with url: /api/ (Caused by NewConnectionError('<urllib3.connection.HTTPConnection object at 0x000001C784A4E8B0>: Failed to establish a new connection: [WinError 10061] No connection could be made because the target machine actively refused it'))
2025-10-21 05:57:08,311 - api_client - WARNING - client.py:80 - Request attempt 3 failed: HTTPConnectionPool(host='127.0.0.1', port=8000): Max retries exceeded with url: /api/ (Caused by NewConnectionError('<urllib3.connection.HTTPConnection object at 0x000001C784A4F130>: Failed to establish a new connection: [WinError 10061] No connection could be made because the target machine actively refused it'))
2025-10-21 05:57:08,313 - device_location_syncer - INFO - sync_device_locations.py:250 - Sync completed. No location updates needed.
2025-10-21 05:57:08,348 - device_data_handler - INFO - device_data_handler.py:376 - Device rr1 Zone 1: Robot is stationary
2025-10-21 05:57:08,426 - device_data_handler - INFO - device_data_handler.py:282 - Device rr1 Zone 1: Robot is stationary
2025-10-21 05:57:08,461 - device_data_handler - INFO - device_data_handler.py:376 - Device rr1 Zone 1: Robot is stationary
2025-10-21 05:57:09,011 - device_data_handler - INFO - device_data_handler.py:282 - Device rr1 Zone 1: Robot is stationary
2025-10-21 05:57:09,046 - device_data_handler - INFO - device_data_handler.py:376 - Device rr1 Zone 1: Robot is stationary
2025-10-21 05:57:10,021 - device_data_handler - INFO - device_data_handler.py:282 - Device rr1 Zone 1: Robot is stationary
2025-10-21 05:57:10,052 - device_data_handler - INFO - device_data_handler.py:376 - Device rr1 Zone 1: Robot is stationary
2025-10-21 05:57:11,020 - device_data_handler - INFO - device_data_handler.py:282 - Device rr1 Zone 1: Robot is stationary
2025-10-21 05:57:11,047 - device_data_handler - INFO - device_data_handler.py:376 - Device rr1 Zone 1: Robot is stationary
2025-10-21 05:57:12,001 - device_data_handler - INFO - device_data_handler.py:282 - Device rr1 Zone 1: Robot is stationary
2025-10-21 05:57:12,025 - device_data_handler - INFO - device_data_handler.py:376 - Device rr1 Zone 1: Robot is stationary
2025-10-21 05:57:12,392 - device_data_handler - INFO - device_data_handler.py:376 - Device rr1 Zone 1: Robot is stationary
2025-10-21 05:57:12,438 - device_data_handler - INFO - device_data_handler.py:282 - Device rr1 Zone 1: Robot is stationary
2025-10-21 05:57:12,467 - device_data_handler - INFO - device_data_handler.py:376 - Device rr1 Zone 1: Robot is stationary
2025-10-21 05:57:13,010 - device_data_handler - INFO - device_data_handler.py:282 - Device rr1 Zone 1: Robot is stationary
2025-10-21 05:57:13,037 - device_data_handler - INFO - device_data_handler.py:376 - Device rr1 Zone 1: Robot is stationary
2025-10-21 05:57:14,004 - device_data_handler - INFO - device_data_handler.py:282 - Device rr1 Zone 1: Robot is stationary
2025-10-21 05:57:14,030 - device_data_handler - INFO - device_data_handler.py:376 - Device rr1 Zone 1: Robot is stationary
2025-10-21 05:57:15,011 - device_data_handler - INFO - device_data_handler.py:282 - Device rr1 Zone 1: Robot is stationary
2025-10-21 05:57:15,040 - device_data_handler - INFO - device_data_handler.py:376 - Device rr1 Zone 1: Robot is stationary
2025-10-21 05:57:16,018 - device_data_handler - INFO - device_data_handler.py:282 - Device rr1 Zone 1: Robot is stationary
2025-10-21 05:57:16,041 - device_data_handler - INFO - device_data_handler.py:376 - Device rr1 Zone 1: Robot is stationary
2025-10-21 05:57:17,011 - device_data_handler - INFO - device_data_handler.py:282 - Device rr1 Zone 1: Robot is stationary
2025-10-21 05:57:17,036 - device_data_handler - INFO - device_data_handler.py:376 - Device rr1 Zone 1: Robot is stationary
2025-10-21 05:57:17,394 - device_data_handler - INFO - device_data_handler.py:376 - Device rr1 Zone 1: Robot is stationary
2025-10-21 05:57:17,459 - device_data_handler - INFO - device_data_handler.py:282 - Device rr1 Zone 1: Robot is stationary
2025-10-21 05:57:17,484 - device_data_handler - INFO - device_data_handler.py:376 - Device rr1 Zone 1: Robot is stationary
2025-10-21 05:57:18,010 - device_data_handler - INFO - device_data_handler.py:282 - Device rr1 Zone 1: Robot is stationary
2025-10-21 05:57:18,035 - device_data_handler - INFO - device_data_handler.py:376 - Device rr1 Zone 1: Robot is stationary
2025-10-21 05:57:19,005 - device_data_handler - INFO - device_data_handler.py:282 - Device rr1 Zone 1: Robot is stationary
2025-10-21 05:57:19,031 - device_data_handler - INFO - device_data_handler.py:376 - Device rr1 Zone 1: Robot is stationary
2025-10-21 05:57:20,031 - device_data_handler - INFO - device_data_handler.py:282 - Device rr1 Zone 1: Robot is stationary
2025-10-21 05:57:20,069 - device_data_handler - INFO - device_data_handler.py:376 - Device rr1 Zone 1: Robot is stationary
2025-10-21 05:57:21,190 - device_data_handler - INFO - device_data_handler.py:282 - Device rr1 Zone 1: Robot is stationary
2025-10-21 05:57:21,494 - device_data_handler - INFO - device_data_handler.py:376 - Device rr1 Zone 1: Robot is stationary
2025-10-21 05:57:22,043 - device_data_handler - INFO - device_data_handler.py:282 - Device rr1 Zone 1: Robot is stationary
2025-10-21 05:57:22,073 - device_data_handler - INFO - device_data_handler.py:376 - Device rr1 Zone 1: Robot is stationary
2025-10-21 05:57:22,399 - device_data_handler - INFO - device_data_handler.py:376 - Device rr1 Zone 1: Robot is stationary
2025-10-21 05:57:22,464 - device_data_handler - INFO - device_data_handler.py:282 - Device rr1 Zone 1: Robot is stationary
2025-10-21 05:57:22,508 - device_data_handler - INFO - device_data_handler.py:376 - Device rr1 Zone 1: Robot is stationary
2025-10-21 05:57:23,010 - device_data_handler - INFO - device_data_handler.py:282 - Device rr1 Zone 1: Robot is stationary
2025-10-21 05:57:23,031 - device_data_handler - INFO - device_data_handler.py:376 - Device rr1 Zone 1: Robot is stationary
2025-10-21 05:57:24,007 - device_data_handler - INFO - device_data_handler.py:282 - Device rr1 Zone 1: Robot is stationary
2025-10-21 05:57:24,042 - device_data_handler - INFO - device_data_handler.py:376 - Device rr1 Zone 1: Robot is stationary
2025-10-21 05:57:25,015 - device_data_handler - INFO - device_data_handler.py:282 - Device rr1 Zone 1: Robot is stationary
2025-10-21 05:57:25,042 - device_data_handler - INFO - device_data_handler.py:376 - Device rr1 Zone 1: Robot is stationary
2025-10-21 05:57:26,012 - device_data_handler - INFO - device_data_handler.py:282 - Device rr1 Zone 1: Robot is stationary
2025-10-21 05:57:26,036 - device_data_handler - INFO - device_data_handler.py:376 - Device rr1 Zone 1: Robot is stationary
2025-10-21 05:57:27,006 - device_data_handler - INFO - device_data_handler.py:282 - Device rr1 Zone 1: Robot is stationary
2025-10-21 05:57:27,035 - device_data_handler - INFO - device_data_handler.py:376 - Device rr1 Zone 1: Robot is stationary
2025-10-21 05:57:27,390 - device_data_handler - INFO - device_data_handler.py:376 - Device rr1 Zone 1: Robot is stationary
2025-10-21 05:57:27,442 - device_data_handler - INFO - device_data_handler.py:282 - Device rr1 Zone 1: Robot is stationary
2025-10-21 05:57:27,467 - device_data_handler - INFO - device_data_handler.py:376 - Device rr1 Zone 1: Robot is stationary
2025-10-21 05:57:28,018 - device_data_handler - INFO - device_data_handler.py:282 - Device rr1 Zone 1: Robot is stationary
2025-10-21 05:57:28,057 - device_data_handler - INFO - device_data_handler.py:376 - Device rr1 Zone 1: Robot is stationary
2025-10-21 05:57:29,028 - device_data_handler - INFO - device_data_handler.py:282 - Device rr1 Zone 1: Robot is stationary
2025-10-21 05:57:29,056 - device_data_handler - INFO - device_data_handler.py:376 - Device rr1 Zone 1: Robot is stationary
2025-10-21 05:57:30,035 - device_data_handler - INFO - device_data_handler.py:282 - Device rr1 Zone 1: Robot is stationary
2025-10-21 05:57:30,073 - device_data_handler - INFO - device_data_handler.py:376 - Device rr1 Zone 1: Robot is stationary
2025-10-21 05:57:30,938 - device_list - INFO - device_list.py:316 - Refreshing device data...
2025-10-21 05:57:30,979 - device_list - INFO - device_list.py:336 - Loaded 4 devices from CSV
2025-10-21 05:57:31,013 - device_data_handler - INFO - device_data_handler.py:282 - Device rr1 Zone 1: Robot is stationary
2025-10-21 05:57:31,037 - device_data_handler - INFO - device_data_handler.py:376 - Device rr1 Zone 1: Robot is stationary
2025-10-21 05:57:32,023 - device_data_handler - INFO - device_data_handler.py:282 - Device rr1 Zone 1: Robot is stationary
2025-10-21 05:57:32,046 - device_data_handler - INFO - device_data_handler.py:376 - Device rr1 Zone 1: Robot is stationary
2025-10-21 05:57:32,135 - device_location_syncer - INFO - sync_device_locations.py:250 - Sync completed. No location updates needed.
2025-10-21 05:57:32,488 - device_data_handler - INFO - device_data_handler.py:376 - Device rr1 Zone 1: Robot is stationary
2025-10-21 05:57:32,571 - device_data_handler - INFO - device_data_handler.py:282 - Device rr1 Zone 1: Robot is stationary
2025-10-21 05:57:32,606 - device_data_handler - INFO - device_data_handler.py:376 - Device rr1 Zone 1: Robot is stationary
2025-10-21 05:57:33,031 - device_data_handler - INFO - device_data_handler.py:282 - Device rr1 Zone 1: Robot is stationary
2025-10-21 05:57:33,065 - device_data_handler - INFO - device_data_handler.py:376 - Device rr1 Zone 1: Robot is stationary
2025-10-21 05:57:34,020 - device_data_handler - INFO - device_data_handler.py:282 - Device rr1 Zone 1: Robot is stationary
2025-10-21 05:57:34,047 - device_data_handler - INFO - device_data_handler.py:376 - Device rr1 Zone 1: Robot is stationary
2025-10-21 05:57:35,061 - device_data_handler - INFO - device_data_handler.py:282 - Device rr1 Zone 1: Robot is stationary
2025-10-21 05:57:35,174 - device_data_handler - INFO - device_data_handler.py:376 - Device rr1 Zone 1: Robot is stationary
2025-10-21 05:57:36,024 - device_data_handler - INFO - device_data_handler.py:282 - Device rr1 Zone 1: Robot is stationary
2025-10-21 05:57:36,050 - device_data_handler - INFO - device_data_handler.py:376 - Device rr1 Zone 1: Robot is stationary
2025-10-21 05:57:37,020 - device_data_handler - INFO - device_data_handler.py:282 - Device rr1 Zone 1: Robot is stationary
2025-10-21 05:57:37,048 - device_data_handler - INFO - device_data_handler.py:376 - Device rr1 Zone 1: Robot is stationary
2025-10-21 05:57:37,423 - device_data_handler - INFO - device_data_handler.py:376 - Device rr1 Zone 1: Robot is stationary
2025-10-21 05:57:37,466 - device_data_handler - INFO - device_data_handler.py:282 - Device rr1 Zone 1: Robot is stationary
2025-10-21 05:57:37,490 - device_data_handler - INFO - device_data_handler.py:376 - Device rr1 Zone 1: Robot is stationary
2025-10-21 05:57:38,045 - device_data_handler - INFO - device_data_handler.py:282 - Device rr1 Zone 1: Robot is stationary
2025-10-21 05:57:38,075 - device_data_handler - INFO - device_data_handler.py:376 - Device rr1 Zone 1: Robot is stationary
2025-10-21 05:57:39,035 - device_data_handler - INFO - device_data_handler.py:282 - Device rr1 Zone 1: Robot is stationary
2025-10-21 05:57:39,063 - device_data_handler - INFO - device_data_handler.py:376 - Device rr1 Zone 1: Robot is stationary
2025-10-21 05:57:40,101 - device_data_handler - INFO - device_data_handler.py:282 - Device rr1 Zone 1: Robot is stationary
2025-10-21 05:57:40,140 - device_data_handler - INFO - device_data_handler.py:376 - Device rr1 Zone 1: Robot is stationary
2025-10-21 05:57:41,037 - device_data_handler - INFO - device_data_handler.py:282 - Device rr1 Zone 1: Robot is stationary
2025-10-21 05:57:41,063 - device_data_handler - INFO - device_data_handler.py:376 - Device rr1 Zone 1: Robot is stationary
2025-10-21 05:57:42,082 - device_data_handler - INFO - device_data_handler.py:282 - Device rr1 Zone 1: Robot is stationary
2025-10-21 05:57:42,115 - device_data_handler - INFO - device_data_handler.py:376 - Device rr1 Zone 1: Robot is stationary
2025-10-21 05:57:42,465 - device_data_handler - INFO - device_data_handler.py:376 - Device rr1 Zone 1: Robot is stationary
2025-10-21 05:57:42,538 - device_data_handler - INFO - device_data_handler.py:282 - Device rr1 Zone 1: Robot is stationary
2025-10-21 05:57:42,586 - device_data_handler - INFO - device_data_handler.py:376 - Device rr1 Zone 1: Robot is stationary
2025-10-21 05:57:43,058 - device_data_handler - INFO - device_data_handler.py:282 - Device rr1 Zone 1: Robot is stationary
2025-10-21 05:57:43,093 - device_data_handler - INFO - device_data_handler.py:376 - Device rr1 Zone 1: Robot is stationary
2025-10-21 05:57:44,039 - device_data_handler - INFO - device_data_handler.py:282 - Device rr1 Zone 1: Robot is stationary
2025-10-21 05:57:44,067 - device_data_handler - INFO - device_data_handler.py:376 - Device rr1 Zone 1: Robot is stationary
2025-10-21 05:57:45,043 - device_data_handler - INFO - device_data_handler.py:282 - Device rr1 Zone 1: Robot is stationary
2025-10-21 05:57:45,078 - device_data_handler - INFO - device_data_handler.py:376 - Device rr1 Zone 1: Robot is stationary
2025-10-21 05:57:46,035 - device_data_handler - INFO - device_data_handler.py:282 - Device rr1 Zone 1: Robot is stationary
2025-10-21 05:57:46,062 - device_data_handler - INFO - device_data_handler.py:376 - Device rr1 Zone 1: Robot is stationary
2025-10-21 05:57:47,036 - device_data_handler - INFO - device_data_handler.py:282 - Device rr1 Zone 1: Robot is stationary
2025-10-21 05:57:47,066 - device_data_handler - INFO - device_data_handler.py:376 - Device rr1 Zone 1: Robot is stationary
2025-10-21 05:57:47,419 - device_data_handler - INFO - device_data_handler.py:376 - Device rr1 Zone 1: Robot is stationary
2025-10-21 05:57:47,464 - device_data_handler - INFO - device_data_handler.py:282 - Device rr1 Zone 1: Robot is stationary
2025-10-21 05:57:47,490 - device_data_handler - INFO - device_data_handler.py:376 - Device rr1 Zone 1: Robot is stationary
2025-10-21 05:57:48,069 - device_data_handler - INFO - device_data_handler.py:282 - Device rr1 Zone 1: Robot is stationary
2025-10-21 05:57:48,105 - device_data_handler - INFO - device_data_handler.py:376 - Device rr1 Zone 1: Robot is stationary
2025-10-21 05:57:49,121 - device_data_handler - INFO - device_data_handler.py:282 - Device rr1 Zone 1: Robot is stationary
2025-10-21 05:57:49,217 - device_data_handler - INFO - device_data_handler.py:376 - Device rr1 Zone 1: Robot is stationary
2025-10-21 05:57:50,073 - device_data_handler - INFO - device_data_handler.py:282 - Device rr1 Zone 1: Robot is stationary
2025-10-21 05:57:50,108 - device_data_handler - INFO - device_data_handler.py:376 - Device rr1 Zone 1: Robot is stationary
2025-10-21 05:57:51,103 - device_data_handler - INFO - device_data_handler.py:282 - Device rr1 Zone 1: Robot is stationary
2025-10-21 05:57:51,128 - device_data_handler - INFO - device_data_handler.py:376 - Device rr1 Zone 1: Robot is stationary
2025-10-21 05:57:52,087 - device_data_handler - INFO - device_data_handler.py:282 - Device rr1 Zone 1: Robot is stationary
2025-10-21 05:57:52,133 - device_data_handler - INFO - device_data_handler.py:376 - Device rr1 Zone 1: Robot is stationary
2025-10-21 05:57:52,425 - device_data_handler - INFO - device_data_handler.py:376 - Device rr1 Zone 1: Robot is stationary
2025-10-21 05:57:52,471 - device_data_handler - INFO - device_data_handler.py:282 - Device rr1 Zone 1: Robot is stationary
2025-10-21 05:57:52,495 - device_data_handler - INFO - device_data_handler.py:376 - Device rr1 Zone 1: Robot is stationary
2025-10-21 05:57:53,115 - device_data_handler - INFO - device_data_handler.py:282 - Device rr1 Zone 1: Robot is stationary
2025-10-21 05:57:53,178 - device_data_handler - INFO - device_data_handler.py:376 - Device rr1 Zone 1: Robot is stationary
2025-10-21 05:57:54,066 - device_data_handler - INFO - device_data_handler.py:282 - Device rr1 Zone 1: Robot is stationary
2025-10-21 05:57:54,108 - device_data_handler - INFO - device_data_handler.py:376 - Device rr1 Zone 1: Robot is stationary
2025-10-21 05:57:55,074 - device_data_handler - INFO - device_data_handler.py:282 - Device rr1 Zone 1: Robot is stationary
2025-10-21 05:57:55,108 - device_data_handler - INFO - device_data_handler.py:376 - Device rr1 Zone 1: Robot is stationary
2025-10-21 05:57:56,055 - device_data_handler - INFO - device_data_handler.py:282 - Device rr1 Zone 1: Robot is stationary
2025-10-21 05:57:56,086 - device_data_handler - INFO - device_data_handler.py:376 - Device rr1 Zone 1: Robot is stationary
2025-10-21 05:57:57,069 - device_data_handler - INFO - device_data_handler.py:282 - Device rr1 Zone 1: Robot is stationary
2025-10-21 05:57:57,106 - device_data_handler - INFO - device_data_handler.py:376 - Device rr1 Zone 1: Robot is stationary
2025-10-21 05:57:57,428 - device_data_handler - INFO - device_data_handler.py:376 - Device rr1 Zone 1: Robot is stationary
2025-10-21 05:57:57,474 - device_data_handler - INFO - device_data_handler.py:282 - Device rr1 Zone 1: Robot is stationary
2025-10-21 05:57:57,505 - device_data_handler - INFO - device_data_handler.py:376 - Device rr1 Zone 1: Robot is stationary
2025-10-21 05:57:58,062 - device_data_handler - INFO - device_data_handler.py:282 - Device rr1 Zone 1: Robot is stationary
2025-10-21 05:57:58,087 - device_data_handler - INFO - device_data_handler.py:376 - Device rr1 Zone 1: Robot is stationary
2025-10-21 05:57:59,073 - device_data_handler - INFO - device_data_handler.py:282 - Device rr1 Zone 1: Robot is stationary
2025-10-21 05:57:59,104 - device_data_handler - INFO - device_data_handler.py:376 - Device rr1 Zone 1: Robot is stationary
2025-10-21 05:58:00,063 - device_data_handler - INFO - device_data_handler.py:282 - Device rr1 Zone 1: Robot is stationary
2025-10-21 05:58:00,097 - device_data_handler - INFO - device_data_handler.py:376 - Device rr1 Zone 1: Robot is stationary
2025-10-21 05:58:00,927 - device_list - INFO - device_list.py:316 - Refreshing device data...
2025-10-21 05:58:00,964 - device_list - INFO - device_list.py:336 - Loaded 4 devices from CSV
2025-10-21 05:58:01,058 - device_data_handler - INFO - device_data_handler.py:282 - Device rr1 Zone 1: Robot is stationary
2025-10-21 05:58:01,082 - device_data_handler - INFO - device_data_handler.py:376 - Device rr1 Zone 1: Robot is stationary
2025-10-21 05:58:02,055 - device_data_handler - INFO - device_data_handler.py:282 - Device rr1 Zone 1: Robot is stationary
2025-10-21 05:58:02,078 - device_data_handler - INFO - device_data_handler.py:376 - Device rr1 Zone 1: Robot is stationary
2025-10-21 05:58:04,138 - api_client - WARNING - client.py:80 - Request attempt 1 failed: HTTPConnectionPool(host='127.0.0.1', port=8000): Max retries exceeded with url: /api/ (Caused by NewConnectionError('<urllib3.connection.HTTPConnection object at 0x000001C784A4CAF0>: Failed to establish a new connection: [WinError 10061] No connection could be made because the target machine actively refused it'))
2025-10-21 05:58:06,173 - api_client - WARNING - client.py:80 - Request attempt 2 failed: HTTPConnectionPool(host='127.0.0.1', port=8000): Max retries exceeded with url: /api/ (Caused by NewConnectionError('<urllib3.connection.HTTPConnection object at 0x000001C784A4E8B0>: Failed to establish a new connection: [WinError 10061] No connection could be made because the target machine actively refused it'))
2025-10-21 05:58:08,210 - api_client - WARNING - client.py:80 - Request attempt 3 failed: HTTPConnectionPool(host='127.0.0.1', port=8000): Max retries exceeded with url: /api/ (Caused by NewConnectionError('<urllib3.connection.HTTPConnection object at 0x000001C784A4E9C0>: Failed to establish a new connection: [WinError 10061] No connection could be made because the target machine actively refused it'))
2025-10-21 05:58:08,213 - device_location_syncer - INFO - sync_device_locations.py:250 - Sync completed. No location updates needed.
2025-10-21 05:58:08,240 - device_data_handler - INFO - device_data_handler.py:376 - Device rr1 Zone 1: Robot is stationary
2025-10-21 05:58:08,295 - device_data_handler - INFO - device_data_handler.py:282 - Device rr1 Zone 1: Robot is stationary
2025-10-21 05:58:08,341 - device_data_handler - INFO - device_data_handler.py:376 - Device rr1 Zone 1: Robot is stationary
2025-10-21 05:58:08,428 - device_data_handler - INFO - device_data_handler.py:282 - Device rr1 Zone 1: Robot is stationary
2025-10-21 05:58:08,450 - device_data_handler - INFO - device_data_handler.py:376 - Device rr1 Zone 1: Robot is stationary
2025-10-21 05:58:09,069 - device_data_handler - INFO - device_data_handler.py:282 - Device rr1 Zone 1: Robot is stationary
2025-10-21 05:58:09,114 - device_data_handler - INFO - device_data_handler.py:376 - Device rr1 Zone 1: Robot is stationary
2025-10-21 05:58:10,084 - device_data_handler - INFO - device_data_handler.py:282 - Device rr1 Zone 1: Robot is stationary
2025-10-21 05:58:10,120 - device_data_handler - INFO - device_data_handler.py:376 - Device rr1 Zone 1: Robot is stationary
2025-10-21 05:58:11,076 - device_data_handler - INFO - device_data_handler.py:282 - Device rr1 Zone 1: Robot is stationary
2025-10-21 05:58:11,105 - device_data_handler - INFO - device_data_handler.py:376 - Device rr1 Zone 1: Robot is stationary
2025-10-21 05:58:12,071 - device_data_handler - INFO - device_data_handler.py:282 - Device rr1 Zone 1: Robot is stationary
2025-10-21 05:58:12,096 - device_data_handler - INFO - device_data_handler.py:376 - Device rr1 Zone 1: Robot is stationary
2025-10-21 05:58:12,425 - device_data_handler - INFO - device_data_handler.py:376 - Device rr1 Zone 1: Robot is stationary
2025-10-21 05:58:12,468 - device_data_handler - INFO - device_data_handler.py:282 - Device rr1 Zone 1: Robot is stationary
2025-10-21 05:58:12,492 - device_data_handler - INFO - device_data_handler.py:376 - Device rr1 Zone 1: Robot is stationary
2025-10-21 05:58:13,075 - device_data_handler - INFO - device_data_handler.py:282 - Device rr1 Zone 1: Robot is stationary
2025-10-21 05:58:13,103 - device_data_handler - INFO - device_data_handler.py:376 - Device rr1 Zone 1: Robot is stationary
2025-10-21 05:58:14,066 - device_data_handler - INFO - device_data_handler.py:282 - Device rr1 Zone 1: Robot is stationary
2025-10-21 05:58:14,089 - device_data_handler - INFO - device_data_handler.py:376 - Device rr1 Zone 1: Robot is stationary
2025-10-21 05:58:15,077 - device_data_handler - INFO - device_data_handler.py:282 - Device rr1 Zone 1: Robot is stationary
2025-10-21 05:58:15,109 - device_data_handler - INFO - device_data_handler.py:376 - Device rr1 Zone 1: Robot is stationary
2025-10-21 05:58:16,101 - device_data_handler - INFO - device_data_handler.py:282 - Device rr1 Zone 1: Robot is stationary
2025-10-21 05:58:16,132 - device_data_handler - INFO - device_data_handler.py:376 - Device rr1 Zone 1: Robot is stationary
2025-10-21 05:58:17,146 - device_data_handler - INFO - device_data_handler.py:282 - Device rr1 Zone 1: Robot is stationary
2025-10-21 05:58:17,183 - device_data_handler - INFO - device_data_handler.py:376 - Device rr1 Zone 1: Robot is stationary
2025-10-21 05:58:17,420 - device_data_handler - INFO - device_data_handler.py:376 - Device rr1 Zone 1: Robot is stationary
2025-10-21 05:58:17,465 - device_data_handler - INFO - device_data_handler.py:282 - Device rr1 Zone 1: Robot is stationary
2025-10-21 05:58:17,490 - device_data_handler - INFO - device_data_handler.py:376 - Device rr1 Zone 1: Robot is stationary
2025-10-21 05:58:18,098 - device_data_handler - INFO - device_data_handler.py:282 - Device rr1 Zone 1: Robot is stationary
2025-10-21 05:58:18,124 - device_data_handler - INFO - device_data_handler.py:376 - Device rr1 Zone 1: Robot is stationary
2025-10-21 05:58:19,101 - device_data_handler - INFO - device_data_handler.py:282 - Device rr1 Zone 1: Robot is stationary
2025-10-21 05:58:19,125 - device_data_handler - INFO - device_data_handler.py:376 - Device rr1 Zone 1: Robot is stationary
2025-10-21 05:58:20,112 - device_data_handler - INFO - device_data_handler.py:282 - Device rr1 Zone 1: Robot is stationary
2025-10-21 05:58:20,140 - device_data_handler - INFO - device_data_handler.py:376 - Device rr1 Zone 1: Robot is stationary
2025-10-21 05:58:21,152 - device_data_handler - INFO - device_data_handler.py:282 - Device rr1 Zone 1: Robot is stationary
2025-10-21 05:58:21,242 - device_data_handler - INFO - device_data_handler.py:376 - Device rr1 Zone 1: Robot is stationary
2025-10-21 05:58:22,108 - device_data_handler - INFO - device_data_handler.py:282 - Device rr1 Zone 1: Robot is stationary
2025-10-21 05:58:22,132 - device_data_handler - INFO - device_data_handler.py:376 - Device rr1 Zone 1: Robot is stationary
2025-10-21 05:58:22,420 - device_data_handler - INFO - device_data_handler.py:376 - Device rr1 Zone 1: Robot is stationary
2025-10-21 05:58:22,464 - device_data_handler - INFO - device_data_handler.py:282 - Device rr1 Zone 1: Robot is stationary
2025-10-21 05:58:22,489 - device_data_handler - INFO - device_data_handler.py:376 - Device rr1 Zone 1: Robot is stationary
2025-10-21 05:58:23,154 - device_data_handler - INFO - device_data_handler.py:282 - Device rr1 Zone 1: Robot is stationary
2025-10-21 05:58:23,198 - device_data_handler - INFO - device_data_handler.py:376 - Device rr1 Zone 1: Robot is stationary
2025-10-21 05:58:24,121 - device_data_handler - INFO - device_data_handler.py:282 - Device rr1 Zone 1: Robot is stationary
2025-10-21 05:58:24,148 - device_data_handler - INFO - device_data_handler.py:376 - Device rr1 Zone 1: Robot is stationary
2025-10-21 05:58:25,122 - device_data_handler - INFO - device_data_handler.py:282 - Device rr1 Zone 1: Robot is stationary
2025-10-21 05:58:25,153 - device_data_handler - INFO - device_data_handler.py:376 - Device rr1 Zone 1: Robot is stationary
2025-10-21 05:58:26,133 - device_data_handler - INFO - device_data_handler.py:282 - Device rr1 Zone 1: Robot is stationary
2025-10-21 05:58:26,164 - device_data_handler - INFO - device_data_handler.py:376 - Device rr1 Zone 1: Robot is stationary
2025-10-21 05:58:27,122 - device_data_handler - INFO - device_data_handler.py:282 - Device rr1 Zone 1: Robot is stationary
2025-10-21 05:58:27,147 - device_data_handler - INFO - device_data_handler.py:376 - Device rr1 Zone 1: Robot is stationary
2025-10-21 05:58:27,424 - device_data_handler - INFO - device_data_handler.py:376 - Device rr1 Zone 1: Robot is stationary
2025-10-21 05:58:27,469 - device_data_handler - INFO - device_data_handler.py:282 - Device rr1 Zone 1: Robot is stationary
2025-10-21 05:58:27,494 - device_data_handler - INFO - device_data_handler.py:376 - Device rr1 Zone 1: Robot is stationary
2025-10-21 05:58:28,116 - device_data_handler - INFO - device_data_handler.py:282 - Device rr1 Zone 1: Robot is stationary
2025-10-21 05:58:28,149 - device_data_handler - INFO - device_data_handler.py:376 - Device rr1 Zone 1: Robot is stationary
2025-10-21 05:58:29,119 - device_data_handler - INFO - device_data_handler.py:282 - Device rr1 Zone 1: Robot is stationary
2025-10-21 05:58:29,147 - device_data_handler - INFO - device_data_handler.py:376 - Device rr1 Zone 1: Robot is stationary
2025-10-21 05:58:30,109 - device_data_handler - INFO - device_data_handler.py:282 - Device rr1 Zone 1: Robot is stationary
2025-10-21 05:58:30,134 - device_data_handler - INFO - device_data_handler.py:376 - Device rr1 Zone 1: Robot is stationary
2025-10-21 05:58:30,971 - device_list - INFO - device_list.py:316 - Refreshing device data...
2025-10-21 05:58:31,019 - device_list - INFO - device_list.py:336 - Loaded 4 devices from CSV
2025-10-21 05:58:31,136 - device_data_handler - INFO - device_data_handler.py:282 - Device rr1 Zone 1: Robot is stationary
2025-10-21 05:58:31,170 - device_data_handler - INFO - device_data_handler.py:376 - Device rr1 Zone 1: Robot is stationary
2025-10-21 05:58:32,140 - device_data_handler - INFO - device_data_handler.py:282 - Device rr1 Zone 1: Robot is stationary
2025-10-21 05:58:32,166 - device_data_handler - INFO - device_data_handler.py:376 - Device rr1 Zone 1: Robot is stationary
2025-10-21 05:58:32,184 - device_location_syncer - INFO - sync_device_locations.py:250 - Sync completed. No location updates needed.
2025-10-21 05:58:32,439 - device_data_handler - INFO - device_data_handler.py:376 - Device rr1 Zone 1: Robot is stationary
2025-10-21 05:58:32,510 - device_data_handler - INFO - device_data_handler.py:282 - Device rr1 Zone 1: Robot is stationary
2025-10-21 05:58:32,633 - device_data_handler - INFO - device_data_handler.py:376 - Device rr1 Zone 1: Robot is stationary
2025-10-21 05:58:33,128 - device_data_handler - INFO - device_data_handler.py:282 - Device rr1 Zone 1: Robot is stationary
2025-10-21 05:58:33,150 - device_data_handler - INFO - device_data_handler.py:376 - Device rr1 Zone 1: Robot is stationary
2025-10-21 05:58:34,136 - device_data_handler - INFO - device_data_handler.py:282 - Device rr1 Zone 1: Robot is stationary
2025-10-21 05:58:34,164 - device_data_handler - INFO - device_data_handler.py:376 - Device rr1 Zone 1: Robot is stationary
2025-10-21 05:58:35,128 - device_data_handler - INFO - device_data_handler.py:282 - Device rr1 Zone 1: Robot is stationary
2025-10-21 05:58:35,159 - device_data_handler - INFO - device_data_handler.py:376 - Device rr1 Zone 1: Robot is stationary
2025-10-21 05:58:36,167 - device_data_handler - INFO - device_data_handler.py:282 - Device rr1 Zone 1: Robot is stationary
2025-10-21 05:58:36,203 - device_data_handler - INFO - device_data_handler.py:376 - Device rr1 Zone 1: Robot is stationary
2025-10-21 05:58:37,162 - device_data_handler - INFO - device_data_handler.py:282 - Device rr1 Zone 1: Robot is stationary
2025-10-21 05:58:37,190 - device_data_handler - INFO - device_data_handler.py:376 - Device rr1 Zone 1: Robot is stationary
2025-10-21 05:58:37,424 - device_data_handler - INFO - device_data_handler.py:376 - Device rr1 Zone 1: Robot is stationary
2025-10-21 05:58:37,474 - device_data_handler - INFO - device_data_handler.py:282 - Device rr1 Zone 1: Robot is stationary
2025-10-21 05:58:37,505 - device_data_handler - INFO - device_data_handler.py:376 - Device rr1 Zone 1: Robot is stationary
2025-10-21 05:58:38,154 - device_data_handler - INFO - device_data_handler.py:282 - Device rr1 Zone 1: Robot is stationary
2025-10-21 05:58:38,189 - device_data_handler - INFO - device_data_handler.py:376 - Device rr1 Zone 1: Robot is stationary
2025-10-21 05:58:39,143 - device_data_handler - INFO - device_data_handler.py:282 - Device rr1 Zone 1: Robot is stationary
2025-10-21 05:58:39,169 - device_data_handler - INFO - device_data_handler.py:376 - Device rr1 Zone 1: Robot is stationary
2025-10-21 05:58:40,161 - device_data_handler - INFO - device_data_handler.py:282 - Device rr1 Zone 1: Robot is stationary
2025-10-21 05:58:40,206 - device_data_handler - INFO - device_data_handler.py:376 - Device rr1 Zone 1: Robot is stationary
2025-10-21 05:58:41,171 - device_data_handler - INFO - device_data_handler.py:282 - Device rr1 Zone 1: Robot is stationary
2025-10-21 05:58:41,212 - device_data_handler - INFO - device_data_handler.py:376 - Device rr1 Zone 1: Robot is stationary
2025-10-21 05:58:42,155 - device_data_handler - INFO - device_data_handler.py:282 - Device rr1 Zone 1: Robot is stationary
2025-10-21 05:58:42,186 - device_data_handler - INFO - device_data_handler.py:376 - Device rr1 Zone 1: Robot is stationary
2025-10-21 05:58:42,421 - device_data_handler - INFO - device_data_handler.py:376 - Device rr1 Zone 1: Robot is stationary
2025-10-21 05:58:42,465 - device_data_handler - INFO - device_data_handler.py:282 - Device rr1 Zone 1: Robot is stationary
2025-10-21 05:58:42,488 - device_data_handler - INFO - device_data_handler.py:376 - Device rr1 Zone 1: Robot is stationary
2025-10-21 05:58:43,160 - device_data_handler - INFO - device_data_handler.py:282 - Device rr1 Zone 1: Robot is stationary
2025-10-21 05:58:43,191 - device_data_handler - INFO - device_data_handler.py:376 - Device rr1 Zone 1: Robot is stationary
2025-10-21 05:58:44,164 - device_data_handler - INFO - device_data_handler.py:282 - Device rr1 Zone 1: Robot is stationary
2025-10-21 05:58:44,233 - device_data_handler - INFO - device_data_handler.py:376 - Device rr1 Zone 1: Robot is stationary
2025-10-21 05:58:45,154 - device_data_handler - INFO - device_data_handler.py:282 - Device rr1 Zone 1: Robot is stationary
2025-10-21 05:58:45,184 - device_data_handler - INFO - device_data_handler.py:376 - Device rr1 Zone 1: Robot is stationary
2025-10-21 05:58:46,162 - device_data_handler - INFO - device_data_handler.py:282 - Device rr1 Zone 1: Robot is stationary
2025-10-21 05:58:46,199 - device_data_handler - INFO - device_data_handler.py:376 - Device rr1 Zone 1: Robot is stationary
2025-10-21 05:58:47,195 - device_data_handler - INFO - device_data_handler.py:282 - Device rr1 Zone 1: Robot is stationary
2025-10-21 05:58:47,239 - device_data_handler - INFO - device_data_handler.py:376 - Device rr1 Zone 1: Robot is stationary
2025-10-21 05:58:47,518 - device_data_handler - INFO - device_data_handler.py:376 - Device rr1 Zone 1: Robot is stationary
2025-10-21 05:58:47,599 - device_data_handler - INFO - device_data_handler.py:282 - Device rr1 Zone 1: Robot is stationary
2025-10-21 05:58:47,636 - device_data_handler - INFO - device_data_handler.py:376 - Device rr1 Zone 1: Robot is stationary
2025-10-21 05:58:48,281 - device_data_handler - INFO - device_data_handler.py:282 - Device rr1 Zone 1: Robot is stationary
2025-10-21 05:58:48,340 - device_data_handler - INFO - device_data_handler.py:376 - Device rr1 Zone 1: Robot is stationary
2025-10-21 05:58:49,198 - device_data_handler - INFO - device_data_handler.py:282 - Device rr1 Zone 1: Robot is stationary
2025-10-21 05:58:49,245 - device_data_handler - INFO - device_data_handler.py:376 - Device rr1 Zone 1: Robot is stationary
2025-10-21 05:58:50,198 - device_data_handler - INFO - device_data_handler.py:282 - Device rr1 Zone 1: Robot is stationary
2025-10-21 05:58:50,237 - device_data_handler - INFO - device_data_handler.py:376 - Device rr1 Zone 1: Robot is stationary
2025-10-21 05:58:51,182 - device_data_handler - INFO - device_data_handler.py:282 - Device rr1 Zone 1: Robot is stationary
2025-10-21 05:58:51,212 - device_data_handler - INFO - device_data_handler.py:376 - Device rr1 Zone 1: Robot is stationary
2025-10-21 05:58:52,211 - device_data_handler - INFO - device_data_handler.py:282 - Device rr1 Zone 1: Robot is stationary
2025-10-21 05:58:52,247 - device_data_handler - INFO - device_data_handler.py:376 - Device rr1 Zone 1: Robot is stationary
2025-10-21 05:58:52,444 - device_data_handler - INFO - device_data_handler.py:376 - Device rr1 Zone 1: Robot is stationary
2025-10-21 05:58:52,511 - device_data_handler - INFO - device_data_handler.py:282 - Device rr1 Zone 1: Robot is stationary
2025-10-21 05:58:52,544 - device_data_handler - INFO - device_data_handler.py:376 - Device rr1 Zone 1: Robot is stationary
2025-10-21 05:58:53,187 - device_data_handler - INFO - device_data_handler.py:282 - Device rr1 Zone 1: Robot is stationary
2025-10-21 05:58:53,216 - device_data_handler - INFO - device_data_handler.py:376 - Device rr1 Zone 1: Robot is stationary
2025-10-21 05:58:54,184 - device_data_handler - INFO - device_data_handler.py:282 - Device rr1 Zone 1: Robot is stationary
2025-10-21 05:58:54,218 - device_data_handler - INFO - device_data_handler.py:376 - Device rr1 Zone 1: Robot is stationary
2025-10-21 05:58:55,208 - device_data_handler - INFO - device_data_handler.py:282 - Device rr1 Zone 1: Robot is stationary
2025-10-21 05:58:55,242 - device_data_handler - INFO - device_data_handler.py:376 - Device rr1 Zone 1: Robot is stationary
2025-10-21 05:58:56,184 - device_data_handler - INFO - device_data_handler.py:282 - Device rr1 Zone 1: Robot is stationary
2025-10-21 05:58:56,213 - device_data_handler - INFO - device_data_handler.py:376 - Device rr1 Zone 1: Robot is stationary
2025-10-21 05:58:57,177 - device_data_handler - INFO - device_data_handler.py:282 - Device rr1 Zone 1: Robot is stationary
2025-10-21 05:58:57,207 - device_data_handler - INFO - device_data_handler.py:376 - Device rr1 Zone 1: Robot is stationary
2025-10-21 05:58:57,426 - device_data_handler - INFO - device_data_handler.py:376 - Device rr1 Zone 1: Robot is stationary
2025-10-21 05:58:57,472 - device_data_handler - INFO - device_data_handler.py:282 - Device rr1 Zone 1: Robot is stationary
2025-10-21 05:58:57,495 - device_data_handler - INFO - device_data_handler.py:376 - Device rr1 Zone 1: Robot is stationary
2025-10-21 05:58:58,191 - device_data_handler - INFO - device_data_handler.py:282 - Device rr1 Zone 1: Robot is stationary
2025-10-21 05:58:58,233 - device_data_handler - INFO - device_data_handler.py:376 - Device rr1 Zone 1: Robot is stationary
2025-10-21 05:58:59,187 - device_data_handler - INFO - device_data_handler.py:282 - Device rr1 Zone 1: Robot is stationary
2025-10-21 05:58:59,212 - device_data_handler - INFO - device_data_handler.py:376 - Device rr1 Zone 1: Robot is stationary
2025-10-21 05:59:00,218 - device_data_handler - INFO - device_data_handler.py:282 - Device rr1 Zone 1: Robot is stationary
2025-10-21 05:59:00,244 - device_data_handler - INFO - device_data_handler.py:376 - Device rr1 Zone 1: Robot is stationary
2025-10-21 05:59:00,957 - device_list - INFO - device_list.py:316 - Refreshing device data...
2025-10-21 05:59:01,000 - device_list - INFO - device_list.py:336 - Loaded 4 devices from CSV
2025-10-21 05:59:01,232 - device_data_handler - INFO - device_data_handler.py:282 - Device rr1 Zone 1: Robot is stationary
2025-10-21 05:59:01,269 - device_data_handler - INFO - device_data_handler.py:376 - Device rr1 Zone 1: Robot is stationary
2025-10-21 05:59:04,143 - api_client - WARNING - client.py:80 - Request attempt 1 failed: HTTPConnectionPool(host='127.0.0.1', port=8000): Max retries exceeded with url: /api/ (Caused by NewConnectionError('<urllib3.connection.HTTPConnection object at 0x000001C784A4E7A0>: Failed to establish a new connection: [WinError 10061] No connection could be made because the target machine actively refused it'))
2025-10-21 05:59:06,183 - api_client - WARNING - client.py:80 - Request attempt 2 failed: HTTPConnectionPool(host='127.0.0.1', port=8000): Max retries exceeded with url: /api/ (Caused by NewConnectionError('<urllib3.connection.HTTPConnection object at 0x000001C784A4E8B0>: Failed to establish a new connection: [WinError 10061] No connection could be made because the target machine actively refused it'))
2025-10-21 05:59:08,220 - api_client - WARNING - client.py:80 - Request attempt 3 failed: HTTPConnectionPool(host='127.0.0.1', port=8000): Max retries exceeded with url: /api/ (Caused by NewConnectionError('<urllib3.connection.HTTPConnection object at 0x000001C784A4CAF0>: Failed to establish a new connection: [WinError 10061] No connection could be made because the target machine actively refused it'))
2025-10-21 05:59:08,225 - device_location_syncer - INFO - sync_device_locations.py:250 - Sync completed. No location updates needed.
2025-10-21 05:59:08,259 - device_data_handler - INFO - device_data_handler.py:282 - Device rr1 Zone 1: Robot is stationary
2025-10-21 05:59:08,291 - device_data_handler - INFO - device_data_handler.py:376 - Device rr1 Zone 1: Robot is stationary
2025-10-21 05:59:08,342 - device_data_handler - INFO - device_data_handler.py:376 - Device rr1 Zone 1: Robot is stationary
2025-10-21 05:59:08,415 - device_data_handler - INFO - device_data_handler.py:282 - Device rr1 Zone 1: Robot is stationary
2025-10-21 05:59:08,443 - device_data_handler - INFO - device_data_handler.py:376 - Device rr1 Zone 1: Robot is stationary
2025-10-21 05:59:09,205 - device_data_handler - INFO - device_data_handler.py:282 - Device rr1 Zone 1: Robot is stationary
2025-10-21 05:59:09,233 - device_data_handler - INFO - device_data_handler.py:376 - Device rr1 Zone 1: Robot is stationary
2025-10-21 05:59:09,962 - main_window - INFO - main_window.py:413 - Application closing
2025-10-21 05:59:14,755 - warehouse_app - INFO - main.py:31 - Starting Warehouse Management System v1.0.0
2025-10-21 05:59:15,097 - devices_api - INFO - devices.py:27 - Device location syncer initialized
2025-10-21 05:59:15,393 - main_window - INFO - main_window.py:128 - Dashboard widget loaded successfully
2025-10-21 05:59:15,409 - devices_api - INFO - devices.py:27 - Device location syncer initialized
2025-10-21 05:59:15,447 - device_list - INFO - device_list.py:316 - Refreshing device data...
2025-10-21 05:59:15,480 - device_list - INFO - device_list.py:336 - Loaded 4 devices from CSV
2025-10-21 05:59:15,490 - main_window - INFO - main_window.py:138 - Device Management widget loaded successfully
2025-10-21 05:59:15,554 - product_management - INFO - product_management.py:143 - Loaded 4 products from CSV
2025-10-21 05:59:15,561 - main_window - INFO - main_window.py:148 - Product Management widget loaded successfully
2025-10-21 05:59:15,709 - main_window - INFO - main_window.py:159 - Task Creation widget loaded successfully
2025-10-21 05:59:15,757 - devices_api - INFO - devices.py:27 - Device location syncer initialized
2025-10-21 05:59:15,789 - main_window - INFO - main_window.py:170 - Task Monitor widget loaded successfully
2025-10-21 05:59:15,827 - user_management - INFO - user_management.py:581 - Refreshing user data...
2025-10-21 05:59:15,828 - user_management - INFO - user_management.py:603 - Loaded 12 users from CSV
2025-10-21 05:59:15,839 - main_window - INFO - main_window.py:180 - User Management widget loaded successfully
2025-10-21 05:59:16,893 - map_management - INFO - map_management.py:53 - Map Management widget initialized
2025-10-21 05:59:16,969 - main_window - INFO - main_window.py:192 - Map Management widget loaded successfully
2025-10-21 05:59:16,982 - devices_api - INFO - devices.py:27 - Device location syncer initialized
2025-10-21 05:59:17,199 - main_window - INFO - main_window.py:203 - Device Tracking widget loaded successfully
2025-10-21 05:59:19,258 - api_client - WARNING - client.py:80 - Request attempt 1 failed: HTTPConnectionPool(host='127.0.0.1', port=8000): Max retries exceeded with url: /api/ (Caused by NewConnectionError('<urllib3.connection.HTTPConnection object at 0x0000017D2CCBDD30>: Failed to establish a new connection: [WinError 10061] No connection could be made because the target machine actively refused it'))
2025-10-21 05:59:21,293 - api_client - WARNING - client.py:80 - Request attempt 2 failed: HTTPConnectionPool(host='127.0.0.1', port=8000): Max retries exceeded with url: /api/ (Caused by NewConnectionError('<urllib3.connection.HTTPConnection object at 0x0000017D2CCD9E50>: Failed to establish a new connection: [WinError 10061] No connection could be made because the target machine actively refused it'))
2025-10-21 05:59:23,328 - api_client - WARNING - client.py:80 - Request attempt 3 failed: HTTPConnectionPool(host='127.0.0.1', port=8000): Max retries exceeded with url: /api/ (Caused by NewConnectionError('<urllib3.connection.HTTPConnection object at 0x0000017D2CCDA210>: Failed to establish a new connection: [WinError 10061] No connection could be made because the target machine actively refused it'))
2025-10-21 05:59:23,328 - warehouse_app - INFO - main.py:47 - Main window created successfully
2025-10-21 05:59:23,386 - warehouse_app - INFO - main.py:155 - Application started successfully
2025-10-21 05:59:45,439 - device_list - INFO - device_list.py:316 - Refreshing device data...
2025-10-21 05:59:45,488 - device_list - INFO - device_list.py:336 - Loaded 4 devices from CSV
2025-10-21 05:59:47,219 - device_location_syncer - INFO - sync_device_locations.py:250 - Sync completed. No location updates needed.
2025-10-21 06:00:15,442 - device_list - INFO - device_list.py:316 - Refreshing device data...
2025-10-21 06:00:15,484 - device_list - INFO - device_list.py:336 - Loaded 4 devices from CSV
2025-10-21 06:00:19,273 - api_client - WARNING - client.py:80 - Request attempt 1 failed: HTTPConnectionPool(host='127.0.0.1', port=8000): Max retries exceeded with url: /api/ (Caused by NewConnectionError('<urllib3.connection.HTTPConnection object at 0x0000017D298F3CE0>: Failed to establish a new connection: [WinError 10061] No connection could be made because the target machine actively refused it'))
2025-10-21 06:00:21,312 - api_client - WARNING - client.py:80 - Request attempt 2 failed: HTTPConnectionPool(host='127.0.0.1', port=8000): Max retries exceeded with url: /api/ (Caused by NewConnectionError('<urllib3.connection.HTTPConnection object at 0x0000017D298F3A80>: Failed to establish a new connection: [WinError 10061] No connection could be made because the target machine actively refused it'))
2025-10-21 06:00:23,345 - api_client - WARNING - client.py:80 - Request attempt 3 failed: HTTPConnectionPool(host='127.0.0.1', port=8000): Max retries exceeded with url: /api/ (Caused by NewConnectionError('<urllib3.connection.HTTPConnection object at 0x0000017D2990B0B0>: Failed to establish a new connection: [WinError 10061] No connection could be made because the target machine actively refused it'))
2025-10-21 06:00:23,355 - device_location_syncer - INFO - sync_device_locations.py:250 - Sync completed. No location updates needed.
2025-10-21 06:00:45,442 - device_list - INFO - device_list.py:316 - Refreshing device data...
2025-10-21 06:00:45,495 - device_list - INFO - device_list.py:336 - Loaded 4 devices from CSV
2025-10-21 06:00:47,239 - device_location_syncer - INFO - sync_device_locations.py:250 - Sync completed. No location updates needed.
2025-10-21 06:01:15,440 - device_list - INFO - device_list.py:316 - Refreshing device data...
2025-10-21 06:01:15,476 - device_list - INFO - device_list.py:336 - Loaded 4 devices from CSV
2025-10-21 06:01:19,263 - api_client - WARNING - client.py:80 - Request attempt 1 failed: HTTPConnectionPool(host='127.0.0.1', port=8000): Max retries exceeded with url: /api/ (Caused by NewConnectionError('<urllib3.connection.HTTPConnection object at 0x0000017D2CCD6F10>: Failed to establish a new connection: [WinError 10061] No connection could be made because the target machine actively refused it'))
2025-10-21 06:01:21,303 - api_client - WARNING - client.py:80 - Request attempt 2 failed: HTTPConnectionPool(host='127.0.0.1', port=8000): Max retries exceeded with url: /api/ (Caused by NewConnectionError('<urllib3.connection.HTTPConnection object at 0x0000017D2CCD6AD0>: Failed to establish a new connection: [WinError 10061] No connection could be made because the target machine actively refused it'))
2025-10-21 06:01:23,335 - api_client - WARNING - client.py:80 - Request attempt 3 failed: HTTPConnectionPool(host='127.0.0.1', port=8000): Max retries exceeded with url: /api/ (Caused by NewConnectionError('<urllib3.connection.HTTPConnection object at 0x0000017D2CCD4E20>: Failed to establish a new connection: [WinError 10061] No connection could be made because the target machine actively refused it'))
2025-10-21 06:01:23,337 - device_location_syncer - INFO - sync_device_locations.py:250 - Sync completed. No location updates needed.
2025-10-21 06:01:45,477 - device_list - INFO - device_list.py:316 - Refreshing device data...
2025-10-21 06:01:45,530 - device_list - INFO - device_list.py:336 - Loaded 4 devices from CSV
2025-10-21 06:01:47,276 - device_location_syncer - INFO - sync_device_locations.py:250 - Sync completed. No location updates needed.
2025-10-21 06:02:15,473 - device_list - INFO - device_list.py:316 - Refreshing device data...
2025-10-21 06:02:15,520 - device_list - INFO - device_list.py:336 - Loaded 4 devices from CSV
2025-10-21 06:02:19,264 - api_client - WARNING - client.py:80 - Request attempt 1 failed: HTTPConnectionPool(host='127.0.0.1', port=8000): Max retries exceeded with url: /api/ (Caused by NewConnectionError('<urllib3.connection.HTTPConnection object at 0x0000017D2CCD7570>: Failed to establish a new connection: [WinError 10061] No connection could be made because the target machine actively refused it'))
2025-10-21 06:02:21,299 - api_client - WARNING - client.py:80 - Request attempt 2 failed: HTTPConnectionPool(host='127.0.0.1', port=8000): Max retries exceeded with url: /api/ (Caused by NewConnectionError('<urllib3.connection.HTTPConnection object at 0x0000017D2CCD7240>: Failed to establish a new connection: [WinError 10061] No connection could be made because the target machine actively refused it'))
2025-10-21 06:02:23,329 - api_client - WARNING - client.py:80 - Request attempt 3 failed: HTTPConnectionPool(host='127.0.0.1', port=8000): Max retries exceeded with url: /api/ (Caused by NewConnectionError('<urllib3.connection.HTTPConnection object at 0x0000017D2CCD68B0>: Failed to establish a new connection: [WinError 10061] No connection could be made because the target machine actively refused it'))
2025-10-21 06:02:23,332 - device_location_syncer - INFO - sync_device_locations.py:250 - Sync completed. No location updates needed.
2025-10-21 06:02:45,471 - device_list - INFO - device_list.py:316 - Refreshing device data...
2025-10-21 06:02:45,527 - device_list - INFO - device_list.py:336 - Loaded 4 devices from CSV
2025-10-21 06:02:47,310 - device_location_syncer - INFO - sync_device_locations.py:250 - Sync completed. No location updates needed.
2025-10-21 06:03:15,494 - device_list - INFO - device_list.py:316 - Refreshing device data...
2025-10-21 06:03:15,530 - device_list - INFO - device_list.py:336 - Loaded 4 devices from CSV
2025-10-21 06:03:19,281 - api_client - WARNING - client.py:80 - Request attempt 1 failed: HTTPConnectionPool(host='127.0.0.1', port=8000): Max retries exceeded with url: /api/ (Caused by NewConnectionError('<urllib3.connection.HTTPConnection object at 0x0000017D2CCD69C0>: Failed to establish a new connection: [WinError 10061] No connection could be made because the target machine actively refused it'))
2025-10-21 06:03:21,316 - api_client - WARNING - client.py:80 - Request attempt 2 failed: HTTPConnectionPool(host='127.0.0.1', port=8000): Max retries exceeded with url: /api/ (Caused by NewConnectionError('<urllib3.connection.HTTPConnection object at 0x0000017D2CCD7240>: Failed to establish a new connection: [WinError 10061] No connection could be made because the target machine actively refused it'))
2025-10-21 06:03:23,356 - api_client - WARNING - client.py:80 - Request attempt 3 failed: HTTPConnectionPool(host='127.0.0.1', port=8000): Max retries exceeded with url: /api/ (Caused by NewConnectionError('<urllib3.connection.HTTPConnection object at 0x0000017D2CCD7570>: Failed to establish a new connection: [WinError 10061] No connection could be made because the target machine actively refused it'))
2025-10-21 06:03:23,361 - device_location_syncer - INFO - sync_device_locations.py:250 - Sync completed. No location updates needed.
2025-10-21 06:03:45,515 - device_list - INFO - device_list.py:316 - Refreshing device data...
2025-10-21 06:03:45,554 - device_list - INFO - device_list.py:336 - Loaded 4 devices from CSV
2025-10-21 06:03:47,316 - device_location_syncer - INFO - sync_device_locations.py:250 - Sync completed. No location updates needed.
2025-10-21 06:04:15,509 - device_list - INFO - device_list.py:316 - Refreshing device data...
2025-10-21 06:04:15,551 - device_list - INFO - device_list.py:336 - Loaded 4 devices from CSV
2025-10-21 06:04:19,291 - api_client - WARNING - client.py:80 - Request attempt 1 failed: HTTPConnectionPool(host='127.0.0.1', port=8000): Max retries exceeded with url: /api/ (Caused by NewConnectionError('<urllib3.connection.HTTPConnection object at 0x0000017D2CCD4E20>: Failed to establish a new connection: [WinError 10061] No connection could be made because the target machine actively refused it'))
2025-10-21 06:04:21,325 - api_client - WARNING - client.py:80 - Request attempt 2 failed: HTTPConnectionPool(host='127.0.0.1', port=8000): Max retries exceeded with url: /api/ (Caused by NewConnectionError('<urllib3.connection.HTTPConnection object at 0x0000017D2CCD7240>: Failed to establish a new connection: [WinError 10061] No connection could be made because the target machine actively refused it'))
2025-10-21 06:04:23,363 - api_client - WARNING - client.py:80 - Request attempt 3 failed: HTTPConnectionPool(host='127.0.0.1', port=8000): Max retries exceeded with url: /api/ (Caused by NewConnectionError('<urllib3.connection.HTTPConnection object at 0x0000017D2CCD69C0>: Failed to establish a new connection: [WinError 10061] No connection could be made because the target machine actively refused it'))
2025-10-21 06:04:23,365 - device_location_syncer - INFO - sync_device_locations.py:250 - Sync completed. No location updates needed.
2025-10-21 06:04:45,502 - device_list - INFO - device_list.py:316 - Refreshing device data...
2025-10-21 06:04:45,588 - device_list - INFO - device_list.py:336 - Loaded 4 devices from CSV
2025-10-21 06:04:47,319 - device_location_syncer - INFO - sync_device_locations.py:250 - Sync completed. No location updates needed.
2025-10-21 06:05:15,527 - device_list - INFO - device_list.py:316 - Refreshing device data...
2025-10-21 06:05:15,575 - device_list - INFO - device_list.py:336 - Loaded 4 devices from CSV
2025-10-21 06:05:19,293 - api_client - WARNING - client.py:80 - Request attempt 1 failed: HTTPConnectionPool(host='127.0.0.1', port=8000): Max retries exceeded with url: /api/ (Caused by NewConnectionError('<urllib3.connection.HTTPConnection object at 0x0000017D2CCD68B0>: Failed to establish a new connection: [WinError 10061] No connection could be made because the target machine actively refused it'))
2025-10-21 06:05:21,335 - api_client - WARNING - client.py:80 - Request attempt 2 failed: HTTPConnectionPool(host='127.0.0.1', port=8000): Max retries exceeded with url: /api/ (Caused by NewConnectionError('<urllib3.connection.HTTPConnection object at 0x0000017D2CCD7240>: Failed to establish a new connection: [WinError 10061] No connection could be made because the target machine actively refused it'))
2025-10-21 06:05:23,368 - api_client - WARNING - client.py:80 - Request attempt 3 failed: HTTPConnectionPool(host='127.0.0.1', port=8000): Max retries exceeded with url: /api/ (Caused by NewConnectionError('<urllib3.connection.HTTPConnection object at 0x0000017D2CCD4E20>: Failed to establish a new connection: [WinError 10061] No connection could be made because the target machine actively refused it'))
2025-10-21 06:05:23,371 - device_location_syncer - INFO - sync_device_locations.py:250 - Sync completed. No location updates needed.
2025-10-21 06:05:45,523 - device_list - INFO - device_list.py:316 - Refreshing device data...
2025-10-21 06:05:45,560 - device_list - INFO - device_list.py:336 - Loaded 4 devices from CSV
2025-10-21 06:05:47,344 - device_location_syncer - INFO - sync_device_locations.py:250 - Sync completed. No location updates needed.
2025-10-21 06:06:15,532 - device_list - INFO - device_list.py:316 - Refreshing device data...
2025-10-21 06:06:15,585 - device_list - INFO - device_list.py:336 - Loaded 4 devices from CSV
2025-10-21 06:06:19,293 - api_client - WARNING - client.py:80 - Request attempt 1 failed: HTTPConnectionPool(host='127.0.0.1', port=8000): Max retries exceeded with url: /api/ (Caused by NewConnectionError('<urllib3.connection.HTTPConnection object at 0x0000017D2CCD7570>: Failed to establish a new connection: [WinError 10061] No connection could be made because the target machine actively refused it'))
2025-10-21 06:06:21,324 - api_client - WARNING - client.py:80 - Request attempt 2 failed: HTTPConnectionPool(host='127.0.0.1', port=8000): Max retries exceeded with url: /api/ (Caused by NewConnectionError('<urllib3.connection.HTTPConnection object at 0x0000017D2CCD7240>: Failed to establish a new connection: [WinError 10061] No connection could be made because the target machine actively refused it'))
2025-10-21 06:06:23,363 - api_client - WARNING - client.py:80 - Request attempt 3 failed: HTTPConnectionPool(host='127.0.0.1', port=8000): Max retries exceeded with url: /api/ (Caused by NewConnectionError('<urllib3.connection.HTTPConnection object at 0x0000017D2CCD68B0>: Failed to establish a new connection: [WinError 10061] No connection could be made because the target machine actively refused it'))
2025-10-21 06:06:23,366 - device_location_syncer - INFO - sync_device_locations.py:250 - Sync completed. No location updates needed.
2025-10-21 06:06:45,520 - device_list - INFO - device_list.py:316 - Refreshing device data...
2025-10-21 06:06:45,560 - device_list - INFO - device_list.py:336 - Loaded 4 devices from CSV
2025-10-21 06:06:47,348 - device_location_syncer - INFO - sync_device_locations.py:250 - Sync completed. No location updates needed.
2025-10-21 06:07:15,518 - device_list - INFO - device_list.py:316 - Refreshing device data...
2025-10-21 06:07:15,577 - device_list - INFO - device_list.py:336 - Loaded 4 devices from CSV
2025-10-21 06:07:19,320 - api_client - WARNING - client.py:80 - Request attempt 1 failed: HTTPConnectionPool(host='127.0.0.1', port=8000): Max retries exceeded with url: /api/ (Caused by NewConnectionError('<urllib3.connection.HTTPConnection object at 0x0000017D2CCD69C0>: Failed to establish a new connection: [WinError 10061] No connection could be made because the target machine actively refused it'))
2025-10-21 06:07:21,357 - api_client - WARNING - client.py:80 - Request attempt 2 failed: HTTPConnectionPool(host='127.0.0.1', port=8000): Max retries exceeded with url: /api/ (Caused by NewConnectionError('<urllib3.connection.HTTPConnection object at 0x0000017D2CCD7240>: Failed to establish a new connection: [WinError 10061] No connection could be made because the target machine actively refused it'))
2025-10-21 06:07:23,385 - api_client - WARNING - client.py:80 - Request attempt 3 failed: HTTPConnectionPool(host='127.0.0.1', port=8000): Max retries exceeded with url: /api/ (Caused by NewConnectionError('<urllib3.connection.HTTPConnection object at 0x0000017D2CCD7570>: Failed to establish a new connection: [WinError 10061] No connection could be made because the target machine actively refused it'))
2025-10-21 06:07:23,389 - device_location_syncer - INFO - sync_device_locations.py:250 - Sync completed. No location updates needed.
2025-10-21 06:07:45,529 - device_list - INFO - device_list.py:316 - Refreshing device data...
2025-10-21 06:07:45,564 - device_list - INFO - device_list.py:336 - Loaded 4 devices from CSV
2025-10-21 06:07:47,360 - device_location_syncer - INFO - sync_device_locations.py:250 - Sync completed. No location updates needed.
2025-10-21 06:08:15,532 - device_list - INFO - device_list.py:316 - Refreshing device data...
2025-10-21 06:08:15,565 - device_list - INFO - device_list.py:336 - Loaded 4 devices from CSV
2025-10-21 06:08:19,342 - api_client - WARNING - client.py:80 - Request attempt 1 failed: HTTPConnectionPool(host='127.0.0.1', port=8000): Max retries exceeded with url: /api/ (Caused by NewConnectionError('<urllib3.connection.HTTPConnection object at 0x0000017D2CCD4E20>: Failed to establish a new connection: [WinError 10061] No connection could be made because the target machine actively refused it'))
2025-10-21 06:08:21,381 - api_client - WARNING - client.py:80 - Request attempt 2 failed: HTTPConnectionPool(host='127.0.0.1', port=8000): Max retries exceeded with url: /api/ (Caused by NewConnectionError('<urllib3.connection.HTTPConnection object at 0x0000017D2CCD7240>: Failed to establish a new connection: [WinError 10061] No connection could be made because the target machine actively refused it'))
2025-10-21 06:08:23,418 - api_client - WARNING - client.py:80 - Request attempt 3 failed: HTTPConnectionPool(host='127.0.0.1', port=8000): Max retries exceeded with url: /api/ (Caused by NewConnectionError('<urllib3.connection.HTTPConnection object at 0x0000017D2CCD69C0>: Failed to establish a new connection: [WinError 10061] No connection could be made because the target machine actively refused it'))
2025-10-21 06:08:23,457 - device_location_syncer - INFO - sync_device_locations.py:250 - Sync completed. No location updates needed.
2025-10-21 06:08:45,535 - device_list - INFO - device_list.py:316 - Refreshing device data...
2025-10-21 06:08:45,570 - device_list - INFO - device_list.py:336 - Loaded 4 devices from CSV
2025-10-21 06:08:47,351 - device_location_syncer - INFO - sync_device_locations.py:250 - Sync completed. No location updates needed.
2025-10-21 06:09:15,525 - device_list - INFO - device_list.py:316 - Refreshing device data...
2025-10-21 06:09:15,559 - device_list - INFO - device_list.py:336 - Loaded 4 devices from CSV
2025-10-21 06:09:19,359 - api_client - WARNING - client.py:80 - Request attempt 1 failed: HTTPConnectionPool(host='127.0.0.1', port=8000): Max retries exceeded with url: /api/ (Caused by NewConnectionError('<urllib3.connection.HTTPConnection object at 0x0000017D2CCD68B0>: Failed to establish a new connection: [WinError 10061] No connection could be made because the target machine actively refused it'))
2025-10-21 06:09:21,400 - api_client - WARNING - client.py:80 - Request attempt 2 failed: HTTPConnectionPool(host='127.0.0.1', port=8000): Max retries exceeded with url: /api/ (Caused by NewConnectionError('<urllib3.connection.HTTPConnection object at 0x0000017D2CCD7240>: Failed to establish a new connection: [WinError 10061] No connection could be made because the target machine actively refused it'))
2025-10-21 06:09:23,427 - api_client - WARNING - client.py:80 - Request attempt 3 failed: HTTPConnectionPool(host='127.0.0.1', port=8000): Max retries exceeded with url: /api/ (Caused by NewConnectionError('<urllib3.connection.HTTPConnection object at 0x0000017D2CCD4E20>: Failed to establish a new connection: [WinError 10061] No connection could be made because the target machine actively refused it'))
2025-10-21 06:09:23,431 - device_location_syncer - INFO - sync_device_locations.py:250 - Sync completed. No location updates needed.
2025-10-21 06:09:45,550 - device_list - INFO - device_list.py:316 - Refreshing device data...
2025-10-21 06:09:45,584 - device_list - INFO - device_list.py:336 - Loaded 4 devices from CSV
2025-10-21 06:09:47,351 - device_location_syncer - INFO - sync_device_locations.py:250 - Sync completed. No location updates needed.
2025-10-21 06:10:15,556 - device_list - INFO - device_list.py:316 - Refreshing device data...
2025-10-21 06:10:15,590 - device_list - INFO - device_list.py:336 - Loaded 4 devices from CSV
2025-10-21 06:10:19,380 - api_client - WARNING - client.py:80 - Request attempt 1 failed: HTTPConnectionPool(host='127.0.0.1', port=8000): Max retries exceeded with url: /api/ (Caused by NewConnectionError('<urllib3.connection.HTTPConnection object at 0x0000017D2CCD7570>: Failed to establish a new connection: [WinError 10061] No connection could be made because the target machine actively refused it'))
2025-10-21 06:10:21,417 - api_client - WARNING - client.py:80 - Request attempt 2 failed: HTTPConnectionPool(host='127.0.0.1', port=8000): Max retries exceeded with url: /api/ (Caused by NewConnectionError('<urllib3.connection.HTTPConnection object at 0x0000017D2CCD7240>: Failed to establish a new connection: [WinError 10061] No connection could be made because the target machine actively refused it'))
2025-10-21 06:10:23,448 - api_client - WARNING - client.py:80 - Request attempt 3 failed: HTTPConnectionPool(host='127.0.0.1', port=8000): Max retries exceeded with url: /api/ (Caused by NewConnectionError('<urllib3.connection.HTTPConnection object at 0x0000017D2CCD68B0>: Failed to establish a new connection: [WinError 10061] No connection could be made because the target machine actively refused it'))
2025-10-21 06:10:23,450 - device_location_syncer - INFO - sync_device_locations.py:250 - Sync completed. No location updates needed.
2025-10-21 06:10:45,580 - device_list - INFO - device_list.py:316 - Refreshing device data...
2025-10-21 06:10:45,614 - device_list - INFO - device_list.py:336 - Loaded 4 devices from CSV
2025-10-21 06:10:47,366 - device_location_syncer - INFO - sync_device_locations.py:250 - Sync completed. No location updates needed.
2025-10-21 06:11:15,569 - device_list - INFO - device_list.py:316 - Refreshing device data...
2025-10-21 06:11:15,602 - device_list - INFO - device_list.py:336 - Loaded 4 devices from CSV
2025-10-21 06:11:19,370 - api_client - WARNING - client.py:80 - Request attempt 1 failed: HTTPConnectionPool(host='127.0.0.1', port=8000): Max retries exceeded with url: /api/ (Caused by NewConnectionError('<urllib3.connection.HTTPConnection object at 0x0000017D2CCD69C0>: Failed to establish a new connection: [WinError 10061] No connection could be made because the target machine actively refused it'))
2025-10-21 06:11:21,402 - api_client - WARNING - client.py:80 - Request attempt 2 failed: HTTPConnectionPool(host='127.0.0.1', port=8000): Max retries exceeded with url: /api/ (Caused by NewConnectionError('<urllib3.connection.HTTPConnection object at 0x0000017D2CCD7240>: Failed to establish a new connection: [WinError 10061] No connection could be made because the target machine actively refused it'))
2025-10-21 06:11:23,439 - api_client - WARNING - client.py:80 - Request attempt 3 failed: HTTPConnectionPool(host='127.0.0.1', port=8000): Max retries exceeded with url: /api/ (Caused by NewConnectionError('<urllib3.connection.HTTPConnection object at 0x0000017D2CCD7570>: Failed to establish a new connection: [WinError 10061] No connection could be made because the target machine actively refused it'))
2025-10-21 06:11:23,448 - device_location_syncer - INFO - sync_device_locations.py:250 - Sync completed. No location updates needed.
2025-10-21 06:11:45,578 - device_list - INFO - device_list.py:316 - Refreshing device data...
2025-10-21 06:11:45,613 - device_list - INFO - device_list.py:336 - Loaded 4 devices from CSV
2025-10-21 06:11:47,390 - device_location_syncer - INFO - sync_device_locations.py:250 - Sync completed. No location updates needed.
2025-10-21 06:12:15,576 - device_list - INFO - device_list.py:316 - Refreshing device data...
2025-10-21 06:12:15,620 - device_list - INFO - device_list.py:336 - Loaded 4 devices from CSV
2025-10-21 06:12:19,382 - api_client - WARNING - client.py:80 - Request attempt 1 failed: HTTPConnectionPool(host='127.0.0.1', port=8000): Max retries exceeded with url: /api/ (Caused by NewConnectionError('<urllib3.connection.HTTPConnection object at 0x0000017D2CCD4E20>: Failed to establish a new connection: [WinError 10061] No connection could be made because the target machine actively refused it'))
2025-10-21 06:12:21,419 - api_client - WARNING - client.py:80 - Request attempt 2 failed: HTTPConnectionPool(host='127.0.0.1', port=8000): Max retries exceeded with url: /api/ (Caused by NewConnectionError('<urllib3.connection.HTTPConnection object at 0x0000017D2CCD7240>: Failed to establish a new connection: [WinError 10061] No connection could be made because the target machine actively refused it'))
2025-10-21 06:12:23,451 - api_client - WARNING - client.py:80 - Request attempt 3 failed: HTTPConnectionPool(host='127.0.0.1', port=8000): Max retries exceeded with url: /api/ (Caused by NewConnectionError('<urllib3.connection.HTTPConnection object at 0x0000017D2CCD69C0>: Failed to establish a new connection: [WinError 10061] No connection could be made because the target machine actively refused it'))
2025-10-21 06:12:23,455 - device_location_syncer - INFO - sync_device_locations.py:250 - Sync completed. No location updates needed.
2025-10-21 06:12:45,592 - device_list - INFO - device_list.py:316 - Refreshing device data...
2025-10-21 06:12:45,624 - device_list - INFO - device_list.py:336 - Loaded 4 devices from CSV
2025-10-21 06:12:47,408 - device_location_syncer - INFO - sync_device_locations.py:250 - Sync completed. No location updates needed.
2025-10-21 06:13:15,598 - device_list - INFO - device_list.py:316 - Refreshing device data...
2025-10-21 06:13:15,630 - device_list - INFO - device_list.py:336 - Loaded 4 devices from CSV
2025-10-21 06:13:19,381 - api_client - WARNING - client.py:80 - Request attempt 1 failed: HTTPConnectionPool(host='127.0.0.1', port=8000): Max retries exceeded with url: /api/ (Caused by NewConnectionError('<urllib3.connection.HTTPConnection object at 0x0000017D2CCD6AD0>: Failed to establish a new connection: [WinError 10061] No connection could be made because the target machine actively refused it'))
2025-10-21 06:13:21,418 - api_client - WARNING - client.py:80 - Request attempt 2 failed: HTTPConnectionPool(host='127.0.0.1', port=8000): Max retries exceeded with url: /api/ (Caused by NewConnectionError('<urllib3.connection.HTTPConnection object at 0x0000017D2CCD4E20>: Failed to establish a new connection: [WinError 10061] No connection could be made because the target machine actively refused it'))
2025-10-21 06:13:23,451 - api_client - WARNING - client.py:80 - Request attempt 3 failed: HTTPConnectionPool(host='127.0.0.1', port=8000): Max retries exceeded with url: /api/ (Caused by NewConnectionError('<urllib3.connection.HTTPConnection object at 0x0000017D2CCD7570>: Failed to establish a new connection: [WinError 10061] No connection could be made because the target machine actively refused it'))
2025-10-21 06:13:23,453 - device_location_syncer - INFO - sync_device_locations.py:250 - Sync completed. No location updates needed.
2025-10-21 06:13:45,593 - device_list - INFO - device_list.py:316 - Refreshing device data...
2025-10-21 06:13:45,664 - device_list - INFO - device_list.py:336 - Loaded 4 devices from CSV
2025-10-21 06:13:47,427 - device_location_syncer - INFO - sync_device_locations.py:250 - Sync completed. No location updates needed.
2025-10-21 06:14:15,592 - device_list - INFO - device_list.py:316 - Refreshing device data...
2025-10-21 06:14:15,630 - device_list - INFO - device_list.py:336 - Loaded 4 devices from CSV
2025-10-21 06:14:19,372 - api_client - WARNING - client.py:80 - Request attempt 1 failed: HTTPConnectionPool(host='127.0.0.1', port=8000): Max retries exceeded with url: /api/ (Caused by NewConnectionError('<urllib3.connection.HTTPConnection object at 0x0000017D2CCD68B0>: Failed to establish a new connection: [WinError 10061] No connection could be made because the target machine actively refused it'))
2025-10-21 06:14:21,407 - api_client - WARNING - client.py:80 - Request attempt 2 failed: HTTPConnectionPool(host='127.0.0.1', port=8000): Max retries exceeded with url: /api/ (Caused by NewConnectionError('<urllib3.connection.HTTPConnection object at 0x0000017D2CCD4E20>: Failed to establish a new connection: [WinError 10061] No connection could be made because the target machine actively refused it'))
2025-10-21 06:14:23,439 - api_client - WARNING - client.py:80 - Request attempt 3 failed: HTTPConnectionPool(host='127.0.0.1', port=8000): Max retries exceeded with url: /api/ (Caused by NewConnectionError('<urllib3.connection.HTTPConnection object at 0x0000017D2CCD6AD0>: Failed to establish a new connection: [WinError 10061] No connection could be made because the target machine actively refused it'))
2025-10-21 06:14:23,441 - device_location_syncer - INFO - sync_device_locations.py:250 - Sync completed. No location updates needed.
2025-10-21 06:14:45,582 - device_list - INFO - device_list.py:316 - Refreshing device data...
2025-10-21 06:14:45,614 - device_list - INFO - device_list.py:336 - Loaded 4 devices from CSV
2025-10-21 06:14:47,447 - device_location_syncer - INFO - sync_device_locations.py:250 - Sync completed. No location updates needed.
2025-10-21 06:14:58,652 - main_window - INFO - main_window.py:413 - Application closing
2025-10-21 06:19:04,938 - warehouse_app - INFO - main.py:31 - Starting Warehouse Management System v1.0.0
2025-10-21 06:19:05,199 - devices_api - INFO - devices.py:27 - Device location syncer initialized
2025-10-21 06:19:05,474 - main_window - INFO - main_window.py:128 - Dashboard widget loaded successfully
2025-10-21 06:19:05,479 - devices_api - INFO - devices.py:27 - Device location syncer initialized
2025-10-21 06:19:05,512 - device_list - INFO - device_list.py:316 - Refreshing device data...
2025-10-21 06:19:05,546 - device_list - INFO - device_list.py:336 - Loaded 4 devices from CSV
2025-10-21 06:19:05,558 - main_window - INFO - main_window.py:138 - Device Management widget loaded successfully
2025-10-21 06:19:05,586 - product_management - INFO - product_management.py:143 - Loaded 4 products from CSV
2025-10-21 06:19:05,593 - main_window - INFO - main_window.py:148 - Product Management widget loaded successfully
2025-10-21 06:19:05,828 - main_window - INFO - main_window.py:159 - Task Creation widget loaded successfully
2025-10-21 06:19:05,893 - devices_api - INFO - devices.py:27 - Device location syncer initialized
2025-10-21 06:19:05,926 - main_window - INFO - main_window.py:170 - Task Monitor widget loaded successfully
2025-10-21 06:19:05,959 - user_management - INFO - user_management.py:581 - Refreshing user data...
2025-10-21 06:19:05,961 - user_management - INFO - user_management.py:603 - Loaded 12 users from CSV
2025-10-21 06:19:05,972 - main_window - INFO - main_window.py:180 - User Management widget loaded successfully
2025-10-21 06:19:06,472 - map_management - INFO - map_management.py:53 - Map Management widget initialized
2025-10-21 06:19:06,548 - main_window - INFO - main_window.py:192 - Map Management widget loaded successfully
2025-10-21 06:19:06,550 - devices_api - INFO - devices.py:27 - Device location syncer initialized
2025-10-21 06:19:06,727 - main_window - INFO - main_window.py:203 - Device Tracking widget loaded successfully
2025-10-21 06:19:08,775 - api_client - WARNING - client.py:80 - Request attempt 1 failed: HTTPConnectionPool(host='127.0.0.1', port=8000): Max retries exceeded with url: /api/ (Caused by NewConnectionError('<urllib3.connection.HTTPConnection object at 0x000002C62B905BE0>: Failed to establish a new connection: [WinError 10061] No connection could be made because the target machine actively refused it'))
2025-10-21 06:19:10,811 - api_client - WARNING - client.py:80 - Request attempt 2 failed: HTTPConnectionPool(host='127.0.0.1', port=8000): Max retries exceeded with url: /api/ (Caused by NewConnectionError('<urllib3.connection.HTTPConnection object at 0x000002C62B855BD0>: Failed to establish a new connection: [WinError 10061] No connection could be made because the target machine actively refused it'))
2025-10-21 06:19:12,848 - api_client - WARNING - client.py:80 - Request attempt 3 failed: HTTPConnectionPool(host='127.0.0.1', port=8000): Max retries exceeded with url: /api/ (Caused by NewConnectionError('<urllib3.connection.HTTPConnection object at 0x000002C62B855F90>: Failed to establish a new connection: [WinError 10061] No connection could be made because the target machine actively refused it'))
2025-10-21 06:19:12,849 - warehouse_app - INFO - main.py:47 - Main window created successfully
2025-10-21 06:19:12,905 - warehouse_app - INFO - main.py:155 - Application started successfully
2025-10-21 06:19:18,337 - device_list - INFO - device_list.py:316 - Refreshing device data...
2025-10-21 06:19:18,369 - device_list - INFO - device_list.py:336 - Loaded 4 devices from CSV
2025-10-21 06:19:18,369 - main_window - INFO - main_window.py:317 - Refreshed data for Device Management
2025-10-21 06:19:19,250 - product_management - INFO - product_management.py:143 - Loaded 4 products from CSV
2025-10-21 06:19:19,250 - main_window - INFO - main_window.py:317 - Refreshed data for Product Management
2025-10-21 06:19:20,642 - main_window - INFO - main_window.py:317 - Refreshed data for Task Monitor
2025-10-21 06:19:21,475 - user_management - INFO - user_management.py:581 - Refreshing user data...
2025-10-21 06:19:21,477 - user_management - INFO - user_management.py:603 - Loaded 12 users from CSV
2025-10-21 06:19:21,477 - main_window - INFO - main_window.py:317 - Refreshed data for User Management
2025-10-21 06:19:22,214 - main_window - INFO - main_window.py:317 - Refreshed data for Map Management
2025-10-21 06:19:25,000 - device_list - INFO - device_list.py:316 - Refreshing device data...
2025-10-21 06:19:25,033 - device_list - INFO - device_list.py:336 - Loaded 4 devices from CSV
2025-10-21 06:19:25,033 - main_window - INFO - main_window.py:317 - Refreshed data for Device Management
2025-10-21 06:19:35,513 - device_list - INFO - device_list.py:316 - Refreshing device data...
2025-10-21 06:19:35,549 - device_list - INFO - device_list.py:336 - Loaded 4 devices from CSV
2025-10-21 06:19:36,734 - device_location_syncer - INFO - sync_device_locations.py:250 - Sync completed. No location updates needed.
2025-10-21 06:19:36,874 - device_list - INFO - device_list.py:316 - Refreshing device data...
2025-10-21 06:19:36,958 - device_list - INFO - device_list.py:336 - Loaded 4 devices from CSV
2025-10-21 06:19:48,321 - main_window - INFO - main_window.py:413 - Application closing
